1,13,504.23,134.74,51.33,176.83,0.3702,-1,-1,-1
1,12,273.15,379.07,52.48,212.37,0.3729,-1,-1,-1
1,11,1047.12,133.11,62.93,182.86,0.4453,-1,-1,-1
1,10,789.25,145.30,64.25,178.76,0.4616,-1,-1,-1
1,9,225.79,399.56,64.29,198.92,0.5119,-1,-1,-1
1,8,546.15,146.37,57.89,183.42,0.5195,-1,-1,-1
1,7,1103.63,210.05,56.22,179.71,0.5271,-1,-1,-1
1,6,0.22,880.54,41.50,199.46,0.5314,-1,-1,-1
1,5,1355.87,569.75,82.09,221.09,0.5496,-1,-1,-1
1,4,1732.44,452.88,73.78,221.09,0.6226,-1,-1,-1
1,3,1095.29,980.86,73.74,99.14,0.6921,-1,-1,-1
1,2,104.37,546.38,73.26,245.36,0.7259,-1,-1,-1
1,1,371.74,408.29,79.69,239.71,0.7909,-1,-1,-1
2,13,503.49,134.33,51.09,176.81,0.3703,-1,-1,-1
2,12,267.79,379.29,55.13,210.44,0.4315,-1,-1,-1
2,11,1046.10,132.98,63.96,181.96,0.4658,-1,-1,-1
2,10,789.65,145.30,64.44,178.93,0.4608,-1,-1,-1
2,9,225.15,398.11,65.26,199.36,0.4910,-1,-1,-1
2,8,545.59,146.86,57.54,184.04,0.5065,-1,-1,-1
2,7,1098.11,211.84,58.34,178.30,0.4732,-1,-1,-1
2,6,0.21,877.97,39.84,201.48,0.3833,-1,-1,-1
2,5,1355.90,570.13,81.72,217.39,0.5679,-1,-1,-1
2,4,1730.49,455.07,75.26,215.37,0.6078,-1,-1,-1
2,3,1101.04,981.21,71.40,98.79,0.6893,-1,-1,-1
2,2,104.29,546.54,72.95,245.64,0.7254,-1,-1,-1
2,1,372.25,408.13,80.23,239.83,0.7974,-1,-1,-1
3,13,504.09,133.74,49.71,168.80,0.3931,-1,-1,-1
3,12,259.66,365.54,66.11,227.43,0.3912,-1,-1,-1
3,11,1045.33,132.75,64.48,179.37,0.4990,-1,-1,-1
3,10,788.77,145.14,64.98,178.56,0.4537,-1,-1,-1
3,9,223.03,396.57,67.79,202.33,0.4720,-1,-1,-1
3,8,544.83,147.53,58.27,183.53,0.4872,-1,-1,-1
3,7,1092.11,213.75,61.99,177.20,0.5649,-1,-1,-1
3,6,0.23,877.51,39.69,201.50,0.3536,-1,-1,-1
3,5,1356.47,570.00,81.15,216.77,0.5667,-1,-1,-1
3,4,1731.06,452.79,73.86,220.27,0.6006,-1,-1,-1
3,3,1105.43,980.86,71.89,99.14,0.6967,-1,-1,-1
3,2,104.65,546.07,73.46,246.88,0.7315,-1,-1,-1
3,1,373.52,407.77,78.76,241.44,0.7818,-1,-1,-1
4,13,500.41,135.63,53.39,174.27,0.4402,-1,-1,-1
4,12,265.55,384.62,56.68,209.35,0.4014,-1,-1,-1
4,11,1045.42,133.69,63.02,179.71,0.4595,-1,-1,-1
4,10,789.57,144.62,64.02,178.16,0.4695,-1,-1,-1
4,9,221.53,396.86,69.83,202.35,0.4800,-1,-1,-1
4,8,546.47,145.14,55.86,183.75,0.4666,-1,-1,-1
4,7,1087.08,210.83,64.03,180.49,0.5528,-1,-1,-1
4,6,0.30,876.14,43.69,203.37,0.5373,-1,-1,-1
4,5,1356.13,570.22,82.91,217.41,0.5755,-1,-1,-1
4,4,1729.40,452.61,74.00,216.62,0.6207,-1,-1,-1
4,3,1108.33,978.74,72.31,101.26,0.6953,-1,-1,-1
4,2,104.13,545.73,73.17,247.20,0.7234,-1,-1,-1
4,1,372.59,407.24,80.10,241.01,0.7958,-1,-1,-1
5,13,501.54,135.44,50.78,167.76,0.4852,-1,-1,-1
5,12,267.88,380.43,50.89,208.59,0.3869,-1,-1,-1
5,11,1044.06,134.18,65.43,161.00,0.3775,-1,-1,-1
5,10,789.05,145.93,65.08,176.61,0.4968,-1,-1,-1
5,9,221.01,396.94,72.10,200.14,0.3740,-1,-1,-1
5,8,545.83,145.07,56.39,186.78,0.5042,-1,-1,-1
5,7,1072.28,210.40,79.09,178.53,0.5398,-1,-1,-1
5,6,0.34,874.13,45.27,204.94,0.5594,-1,-1,-1
5,5,1355.81,570.07,82.33,213.75,0.6076,-1,-1,-1
5,4,1728.62,452.20,74.17,218.68,0.6545,-1,-1,-1
5,3,1112.75,975.86,72.24,104.14,0.6966,-1,-1,-1
5,2,104.16,545.92,72.45,246.94,0.7244,-1,-1,-1
5,1,374.76,406.77,78.78,241.19,0.7978,-1,-1,-1
6,13,502.43,136.94,49.22,167.24,0.5139,-1,-1,-1
6,12,267.92,379.66,48.24,208.58,0.3931,-1,-1,-1
6,11,1043.64,135.21,64.39,154.15,0.3078,-1,-1,-1
6,10,787.79,145.22,65.12,178.26,0.5061,-1,-1,-1
6,9,218.99,392.36,75.34,204.16,0.3017,-1,-1,-1
6,8,545.21,148.12,55.43,186.13,0.5160,-1,-1,-1
6,7,1062.84,208.98,89.00,179.77,0.5803,-1,-1,-1
6,6,0.37,871.82,46.10,207.61,0.6049,-1,-1,-1
6,5,1356.91,570.12,81.34,213.45,0.6189,-1,-1,-1
6,4,1726.79,455.07,75.15,215.66,0.6518,-1,-1,-1
6,3,1114.36,975.83,72.92,104.17,0.6916,-1,-1,-1
6,2,104.38,546.13,72.64,246.63,0.7308,-1,-1,-1
6,1,374.99,405.92,79.37,239.89,0.7853,-1,-1,-1
7,13,501.85,139.33,48.83,165.62,0.4796,-1,-1,-1
7,12,266.26,380.39,48.86,197.41,0.3571,-1,-1,-1
7,10,788.45,145.42,65.59,177.96,0.5157,-1,-1,-1
7,8,544.20,148.74,54.16,186.96,0.5403,-1,-1,-1
7,7,1054.30,208.03,98.88,181.35,0.5518,-1,-1,-1
7,6,0.35,870.96,47.05,208.49,0.5962,-1,-1,-1
7,5,1356.30,570.35,82.19,212.93,0.6333,-1,-1,-1
7,4,1726.49,454.36,74.54,212.36,0.6321,-1,-1,-1
7,3,1116.54,973.95,70.91,106.05,0.7063,-1,-1,-1
7,2,104.12,545.98,72.65,245.82,0.7313,-1,-1,-1
7,1,375.75,404.67,80.52,240.00,0.7800,-1,-1,-1
8,13,499.35,141.56,52.90,174.80,0.4572,-1,-1,-1
8,12,264.51,381.25,49.50,188.23,0.3171,-1,-1,-1
8,10,788.01,146.02,65.59,176.74,0.5034,-1,-1,-1
8,8,544.69,146.58,53.00,188.94,0.5504,-1,-1,-1
8,7,1053.40,211.84,100.62,177.06,0.5416,-1,-1,-1
8,6,0.25,871.73,46.37,206.81,0.5821,-1,-1,-1
8,5,1356.58,569.89,81.49,214.93,0.6130,-1,-1,-1
8,4,1724.08,454.80,75.87,208.57,0.6457,-1,-1,-1
8,3,1119.06,973.45,70.23,106.55,0.7076,-1,-1,-1
8,2,104.89,546.15,72.93,246.68,0.7357,-1,-1,-1
8,1,376.74,402.02,80.01,238.82,0.7696,-1,-1,-1
9,14,1799.39,208.19,62.01,186.67,0.3261,-1,-1,-1
9,13,500.73,141.81,49.62,174.04,0.4446,-1,-1,-1
9,10,787.95,145.71,65.38,175.64,0.4784,-1,-1,-1
9,8,544.79,147.87,51.78,189.62,0.4972,-1,-1,-1
9,7,1049.56,210.75,105.35,175.10,0.5094,-1,-1,-1
9,6,0.27,869.62,46.48,209.50,0.5589,-1,-1,-1
9,5,1356.71,570.48,81.17,214.29,0.6148,-1,-1,-1
9,4,1723.74,454.32,75.39,210.55,0.6356,-1,-1,-1
9,3,1124.61,973.79,67.51,106.21,0.6692,-1,-1,-1
9,2,104.66,546.07,73.72,246.84,0.7444,-1,-1,-1
9,1,376.86,401.73,81.45,237.10,0.7679,-1,-1,-1
10,14,1799.56,212.00,64.64,187.54,0.3421,-1,-1,-1
10,13,498.35,142.15,52.14,174.97,0.4333,-1,-1,-1
10,12,265.16,384.45,45.77,171.82,0.3150,-1,-1,-1
10,10,788.14,145.79,65.13,177.36,0.4863,-1,-1,-1
10,8,543.44,148.81,52.08,192.07,0.4774,-1,-1,-1
10,7,1046.33,211.71,107.50,172.69,0.4668,-1,-1,-1
10,6,0.27,864.37,46.95,214.18,0.5658,-1,-1,-1
10,5,1356.16,569.37,82.47,216.38,0.6154,-1,-1,-1
10,4,1724.34,454.68,74.36,210.08,0.6110,-1,-1,-1
10,3,1127.94,973.37,67.04,106.63,0.6880,-1,-1,-1
10,2,104.84,545.86,74.01,246.64,0.7400,-1,-1,-1
10,1,377.34,400.26,81.33,236.03,0.7580,-1,-1,-1
11,14,1802.52,218.37,62.49,177.29,0.3487,-1,-1,-1
11,13,498.59,142.67,51.08,175.86,0.4249,-1,-1,-1
11,10,788.05,145.65,65.52,177.41,0.4868,-1,-1,-1
11,9,261.15,385.08,49.45,194.41,0.3795,-1,-1,-1
11,8,542.08,148.69,52.56,192.96,0.4811,-1,-1,-1
11,7,1044.95,209.63,102.36,174.56,0.4531,-1,-1,-1
11,6,0.25,862.00,46.08,216.36,0.5583,-1,-1,-1
11,5,1356.34,569.73,82.40,216.04,0.6409,-1,-1,-1
11,4,1723.82,459.66,75.02,205.46,0.6070,-1,-1,-1
11,3,1130.36,974.03,67.74,105.97,0.6691,-1,-1,-1
11,2,104.52,546.21,74.09,246.76,0.7415,-1,-1,-1
11,1,378.65,397.91,80.71,233.78,0.7550,-1,-1,-1
12,14,1802.25,219.74,64.24,175.07,0.3368,-1,-1,-1
12,13,497.10,144.17,52.89,174.27,0.4128,-1,-1,-1
12,10,788.07,145.85,65.28,177.82,0.4825,-1,-1,-1
12,8,541.82,149.31,53.16,191.46,0.5003,-1,-1,-1
12,7,1046.15,207.34,95.16,176.92,0.3603,-1,-1,-1
12,6,0.50,855.27,46.97,222.15,0.5761,-1,-1,-1
12,5,1357.04,569.58,80.38,215.27,0.6333,-1,-1,-1
12,4,1723.60,459.64,75.15,205.45,0.6358,-1,-1,-1
12,3,1133.89,973.46,67.31,106.54,0.6725,-1,-1,-1
12,2,104.23,546.13,75.12,247.13,0.7370,-1,-1,-1
12,1,378.12,396.63,81.70,233.94,0.7531,-1,-1,-1
13,14,1802.06,221.69,68.08,177.96,0.3709,-1,-1,-1
13,13,496.70,144.86,52.86,175.00,0.3767,-1,-1,-1
13,10,788.29,146.39,65.19,177.45,0.5108,-1,-1,-1
13,8,539.61,149.60,55.70,191.88,0.5199,-1,-1,-1
13,6,0.22,850.71,46.04,226.49,0.5893,-1,-1,-1
13,5,1356.60,570.17,81.18,213.32,0.6361,-1,-1,-1
13,4,1724.42,457.78,73.74,207.68,0.6626,-1,-1,-1
13,3,1135.84,973.00,66.31,107.00,0.6344,-1,-1,-1
13,2,104.23,545.89,75.73,247.94,0.7421,-1,-1,-1
13,1,378.37,395.28,81.90,232.05,0.7611,-1,-1,-1
14,16,209.59,396.97,64.14,178.30,0.3804,-1,-1,-1
14,15,880.61,130.06,87.14,177.91,0.4139,-1,-1,-1
14,14,1802.95,222.46,66.67,177.12,0.3743,-1,-1,-1
14,13,494.38,143.80,54.54,176.55,0.4111,-1,-1,-1
14,10,788.67,146.11,64.12,177.54,0.5247,-1,-1,-1
14,8,538.37,151.08,55.81,191.30,0.5042,-1,-1,-1
14,6,0.22,849.20,46.86,228.56,0.6079,-1,-1,-1
14,5,1357.29,569.93,80.45,214.54,0.6137,-1,-1,-1
14,4,1722.95,459.68,76.41,206.73,0.6571,-1,-1,-1
14,3,1139.15,972.75,64.22,107.25,0.6311,-1,-1,-1
14,2,104.05,545.91,75.96,248.49,0.7474,-1,-1,-1
14,1,379.22,394.81,81.16,231.23,0.7605,-1,-1,-1
15,16,208.81,390.35,62.83,184.46,0.3153,-1,-1,-1
15,15,879.71,130.60,86.48,177.63,0.3804,-1,-1,-1
15,14,1804.20,223.34,67.14,185.46,0.3943,-1,-1,-1
15,13,494.14,143.35,53.88,177.90,0.3868,-1,-1,-1
15,10,787.88,147.02,65.51,175.49,0.5363,-1,-1,-1
15,8,537.17,152.07,55.71,191.43,0.5036,-1,-1,-1
15,6,0.22,849.32,47.37,229.48,0.5863,-1,-1,-1
15,5,1356.77,570.62,80.51,212.78,0.6056,-1,-1,-1
15,4,1724.37,454.70,74.24,211.75,0.6513,-1,-1,-1
15,3,1140.55,973.37,64.38,106.06,0.6001,-1,-1,-1
15,2,104.39,546.02,75.66,247.99,0.7548,-1,-1,-1
15,1,379.85,393.56,81.25,231.74,0.7612,-1,-1,-1
16,16,208.12,382.36,58.82,193.83,0.3674,-1,-1,-1
16,15,880.05,131.82,86.09,179.21,0.3342,-1,-1,-1
16,14,1804.60,224.28,69.26,188.89,0.3867,-1,-1,-1
16,13,493.41,143.09,54.59,178.59,0.3327,-1,-1,-1
16,10,788.99,146.98,64.19,175.51,0.5039,-1,-1,-1
16,9,249.64,386.18,55.48,184.20,0.3555,-1,-1,-1
16,8,534.11,153.92,57.34,188.07,0.5243,-1,-1,-1
16,6,0.20,849.53,48.70,229.10,0.5056,-1,-1,-1
16,5,1356.74,570.17,80.25,213.84,0.6198,-1,-1,-1
16,4,1725.16,455.04,72.96,210.56,0.6562,-1,-1,-1
16,3,1145.08,972.95,62.86,105.98,0.5671,-1,-1,-1
16,2,104.51,546.33,75.25,246.84,0.7502,-1,-1,-1
16,1,380.21,393.05,80.71,232.55,0.7659,-1,-1,-1
17,16,207.37,379.95,58.64,197.37,0.3346,-1,-1,-1
17,15,880.86,132.27,84.78,177.28,0.3206,-1,-1,-1
17,14,1806.38,225.70,66.73,191.46,0.3617,-1,-1,-1
17,13,493.39,145.03,54.15,177.01,0.3620,-1,-1,-1
17,10,788.70,147.11,64.41,174.59,0.4927,-1,-1,-1
17,9,247.27,381.53,57.56,189.64,0.3618,-1,-1,-1
17,8,533.13,156.39,58.47,187.31,0.6088,-1,-1,-1
17,6,0.26,848.54,50.88,231.44,0.5543,-1,-1,-1
17,5,1356.59,569.93,81.84,215.17,0.6046,-1,-1,-1
17,4,1722.96,458.66,76.41,208.76,0.6398,-1,-1,-1
17,3,1148.84,973.14,59.70,106.86,0.5344,-1,-1,-1
17,2,104.04,546.93,76.82,245.81,0.7452,-1,-1,-1
17,1,380.64,391.63,81.43,234.83,0.7513,-1,-1,-1
18,16,207.64,382.96,56.01,192.75,0.3617,-1,-1,-1
18,15,880.46,132.76,84.70,178.25,0.3422,-1,-1,-1
18,14,1806.36,226.33,69.08,191.39,0.3823,-1,-1,-1
18,13,493.18,143.23,53.64,179.15,0.3682,-1,-1,-1
18,10,789.19,147.25,63.96,174.40,0.5331,-1,-1,-1
18,9,246.73,383.67,56.73,187.53,0.4087,-1,-1,-1
18,8,531.60,156.03,57.67,186.63,0.6043,-1,-1,-1
18,7,1031.68,143.99,60.33,183.59,0.3237,-1,-1,-1
18,6,0.25,847.88,52.19,232.02,0.5066,-1,-1,-1
18,5,1356.66,569.89,80.80,214.55,0.6188,-1,-1,-1
18,4,1723.39,458.02,76.14,208.48,0.6454,-1,-1,-1
18,3,1151.98,973.30,57.48,106.70,0.5310,-1,-1,-1
18,2,104.22,546.52,76.36,245.84,0.7479,-1,-1,-1
18,1,380.59,389.82,81.89,237.57,0.7522,-1,-1,-1
19,16,206.44,382.06,56.80,195.84,0.4007,-1,-1,-1
19,14,1808.79,227.09,69.12,190.39,0.3604,-1,-1,-1
19,10,789.06,146.83,63.74,174.56,0.4810,-1,-1,-1
19,9,246.31,379.93,55.53,191.67,0.4174,-1,-1,-1
19,8,530.06,159.52,58.07,182.89,0.5468,-1,-1,-1
19,7,1030.44,143.82,61.04,185.58,0.4154,-1,-1,-1
19,6,0.26,845.79,52.48,234.05,0.5329,-1,-1,-1
19,5,1357.01,569.98,80.17,215.01,0.6410,-1,-1,-1
19,4,1723.73,454.89,74.94,211.46,0.6473,-1,-1,-1
19,3,1154.01,972.76,57.68,107.24,0.5204,-1,-1,-1
19,2,104.41,546.57,76.06,246.21,0.7459,-1,-1,-1
19,1,380.76,388.50,82.77,238.79,0.7553,-1,-1,-1
20,16,204.72,389.60,58.08,185.37,0.4160,-1,-1,-1
20,14,1809.84,227.39,69.97,189.42,0.3431,-1,-1,-1
20,10,789.14,147.87,64.17,173.95,0.4956,-1,-1,-1
20,9,245.11,375.22,54.25,193.68,0.3150,-1,-1,-1
20,8,530.53,158.62,55.23,184.03,0.5434,-1,-1,-1
20,7,1027.41,144.51,63.41,234.26,0.4036,-1,-1,-1
20,6,0.25,845.97,52.44,234.03,0.4766,-1,-1,-1
20,5,1357.06,570.67,80.06,214.02,0.6496,-1,-1,-1
20,4,1723.66,458.93,75.83,207.01,0.6298,-1,-1,-1
20,3,1157.15,972.95,55.67,107.05,0.5110,-1,-1,-1
20,2,104.31,546.57,75.87,245.95,0.7456,-1,-1,-1
20,1,380.64,387.07,82.82,240.29,0.7478,-1,-1,-1
21,16,203.58,376.42,57.87,197.84,0.4012,-1,-1,-1
21,10,788.63,147.63,64.81,174.44,0.4874,-1,-1,-1
21,9,245.28,375.74,51.53,189.37,0.3458,-1,-1,-1
21,8,530.75,158.78,54.21,183.79,0.5890,-1,-1,-1
21,6,0.34,838.97,53.61,238.69,0.5221,-1,-1,-1
21,5,1357.71,570.39,79.21,216.30,0.6141,-1,-1,-1
21,4,1723.50,458.13,75.80,208.41,0.6343,-1,-1,-1
21,3,1157.48,973.56,57.25,106.44,0.5024,-1,-1,-1
21,2,104.28,546.41,75.89,246.45,0.7431,-1,-1,-1
21,1,380.45,386.34,83.33,240.30,0.7589,-1,-1,-1
22,16,203.86,370.79,61.73,202.60,0.3310,-1,-1,-1
22,10,789.32,147.73,64.36,175.31,0.4621,-1,-1,-1
22,8,528.92,155.47,54.40,187.68,0.5033,-1,-1,-1
22,7,1002.28,144.79,88.46,234.88,0.3489,-1,-1,-1
22,6,0.26,842.26,53.38,237.74,0.5436,-1,-1,-1
22,5,1357.41,570.09,79.55,214.97,0.6389,-1,-1,-1
22,4,1724.16,458.50,74.50,207.42,0.6684,-1,-1,-1
22,3,1156.32,974.82,58.92,105.18,0.5593,-1,-1,-1
22,2,104.10,546.86,76.17,245.46,0.7384,-1,-1,-1
22,1,380.84,386.39,83.00,239.40,0.7578,-1,-1,-1
23,10,790.47,148.63,61.24,174.16,0.4309,-1,-1,-1
23,8,527.86,157.57,51.93,187.02,0.4696,-1,-1,-1
23,7,1025.07,146.17,64.60,179.99,0.3869,-1,-1,-1
23,6,0.27,842.95,53.32,235.82,0.5670,-1,-1,-1
23,5,1356.79,569.91,80.75,215.23,0.6144,-1,-1,-1
23,4,1724.53,457.39,74.07,207.81,0.6397,-1,-1,-1
23,3,1158.40,973.84,61.25,106.16,0.5508,-1,-1,-1
23,2,104.27,546.46,75.91,245.63,0.7396,-1,-1,-1
23,1,381.76,385.49,81.67,238.36,0.7572,-1,-1,-1
24,16,202.36,353.97,66.56,218.16,0.3058,-1,-1,-1
24,14,1821.10,230.56,68.34,189.49,0.3506,-1,-1,-1
24,10,789.42,148.29,64.61,173.63,0.4294,-1,-1,-1
24,8,524.62,157.15,55.24,187.83,0.4249,-1,-1,-1
24,7,1022.84,147.40,66.31,178.68,0.3214,-1,-1,-1
24,6,0.27,839.72,54.51,235.93,0.5358,-1,-1,-1
24,5,1356.59,569.69,80.97,217.82,0.5896,-1,-1,-1
24,4,1723.96,455.14,74.34,211.33,0.6437,-1,-1,-1
24,3,1159.22,974.98,61.45,105.02,0.5499,-1,-1,-1
24,2,104.29,546.56,76.29,245.72,0.7382,-1,-1,-1
24,1,381.54,385.17,81.58,237.54,0.7575,-1,-1,-1
25,14,1822.42,233.37,68.34,193.61,0.3875,-1,-1,-1
25,10,789.22,147.37,64.86,175.40,0.4321,-1,-1,-1
25,8,524.80,159.28,54.45,184.35,0.4361,-1,-1,-1
25,6,0.33,835.30,54.98,238.80,0.5028,-1,-1,-1
25,5,1357.15,570.37,79.10,212.57,0.6130,-1,-1,-1
25,4,1722.35,458.21,76.17,208.81,0.6549,-1,-1,-1
25,3,1159.84,974.81,62.09,105.19,0.5635,-1,-1,-1
25,2,103.90,546.90,76.71,246.02,0.7384,-1,-1,-1
25,1,381.64,384.17,80.62,236.86,0.7575,-1,-1,-1
26,14,1826.36,236.56,66.21,192.47,0.3702,-1,-1,-1
26,10,788.65,147.90,66.27,175.38,0.4473,-1,-1,-1
26,8,525.66,160.99,52.70,183.27,0.4209,-1,-1,-1
26,6,0.26,833.65,55.82,231.36,0.5680,-1,-1,-1
26,5,1356.77,570.60,80.57,213.18,0.6091,-1,-1,-1
26,4,1723.25,453.23,73.92,214.48,0.6372,-1,-1,-1
26,3,1161.26,975.13,61.93,104.87,0.5970,-1,-1,-1
26,2,103.36,546.11,77.42,247.48,0.7373,-1,-1,-1
26,1,382.34,382.90,79.68,237.23,0.7685,-1,-1,-1
27,16,198.95,348.27,72.77,223.03,0.3696,-1,-1,-1
27,14,1827.94,238.15,65.39,191.25,0.3467,-1,-1,-1
27,10,789.62,147.89,64.86,174.79,0.4485,-1,-1,-1
27,8,526.14,160.80,51.98,185.45,0.3655,-1,-1,-1
27,7,978.22,206.42,104.80,170.74,0.4321,-1,-1,-1
27,6,0.33,829.98,56.78,234.97,0.6076,-1,-1,-1
27,5,1356.55,569.98,80.42,214.86,0.5872,-1,-1,-1
27,4,1723.13,455.98,73.91,212.07,0.6524,-1,-1,-1
27,3,1162.96,975.04,62.59,104.96,0.6072,-1,-1,-1
27,2,103.38,546.10,76.86,247.23,0.7380,-1,-1,-1
27,1,381.57,381.19,81.05,237.47,0.7791,-1,-1,-1
28,16,197.81,351.66,71.87,222.74,0.3998,-1,-1,-1
28,10,790.71,148.75,60.06,173.45,0.4499,-1,-1,-1
28,6,0.03,827.61,58.88,232.51,0.6338,-1,-1,-1
28,5,1356.75,569.37,80.86,216.43,0.5884,-1,-1,-1
28,4,1723.23,455.40,73.73,211.64,0.6406,-1,-1,-1
28,3,1164.46,975.86,63.23,104.14,0.6166,-1,-1,-1
28,2,103.00,546.84,77.21,245.94,0.7391,-1,-1,-1
28,1,381.77,379.26,82.38,238.12,0.7726,-1,-1,-1
29,17,1593.32,241.53,64.12,182.00,0.3308,-1,-1,-1
29,16,197.30,354.46,70.54,217.27,0.3255,-1,-1,-1
29,11,1025.96,151.38,60.56,169.46,0.3197,-1,-1,-1
29,10,791.07,148.59,59.46,174.36,0.4578,-1,-1,-1
29,6,0.19,826.22,59.63,228.03,0.6979,-1,-1,-1
29,5,1356.62,569.82,81.36,215.24,0.6251,-1,-1,-1
29,4,1723.13,457.53,74.29,208.47,0.6506,-1,-1,-1
29,3,1165.14,975.87,65.33,104.13,0.6356,-1,-1,-1
29,2,102.78,546.29,77.60,246.52,0.7457,-1,-1,-1
29,1,382.81,377.70,81.88,238.10,0.7811,-1,-1,-1
30,17,1593.94,240.28,61.49,183.45,0.3562,-1,-1,-1
30,16,196.19,356.76,68.93,213.11,0.3172,-1,-1,-1
30,10,790.65,148.29,59.51,174.36,0.4580,-1,-1,-1
30,8,523.37,163.70,53.44,187.23,0.3050,-1,-1,-1
30,6,0.01,822.91,60.10,228.23,0.6765,-1,-1,-1
30,5,1356.84,569.89,79.79,215.80,0.6176,-1,-1,-1
30,4,1723.08,457.51,75.15,208.48,0.6637,-1,-1,-1
30,3,1167.13,977.04,65.16,102.90,0.6212,-1,-1,-1
30,2,103.11,547.24,77.42,245.28,0.7383,-1,-1,-1
30,1,382.99,376.29,83.77,236.77,0.7848,-1,-1,-1
31,17,1589.86,238.46,62.07,181.37,0.3100,-1,-1,-1
31,16,194.78,357.68,68.60,209.55,0.3469,-1,-1,-1
31,11,1021.87,154.90,68.10,183.89,0.3516,-1,-1,-1
31,10,790.44,148.07,60.23,175.62,0.4279,-1,-1,-1
31,6,0.33,817.17,59.62,238.91,0.6495,-1,-1,-1
31,5,1356.66,569.73,80.37,213.80,0.5916,-1,-1,-1
31,4,1723.28,455.01,73.38,212.44,0.6547,-1,-1,-1
31,3,1168.25,977.37,66.03,102.63,0.6159,-1,-1,-1
31,2,103.10,546.81,76.78,246.44,0.7404,-1,-1,-1
31,1,383.77,374.73,87.18,232.94,0.7518,-1,-1,-1
32,17,1589.36,236.39,59.50,183.37,0.3031,-1,-1,-1
32,16,192.86,348.76,70.24,215.33,0.3981,-1,-1,-1
32,10,791.69,148.88,58.94,174.76,0.4567,-1,-1,-1
32,6,0.42,815.19,59.83,243.78,0.6163,-1,-1,-1
32,5,1356.47,569.80,80.07,214.36,0.6041,-1,-1,-1
32,4,1722.68,457.49,75.32,209.03,0.6537,-1,-1,-1
32,3,1169.11,978.23,66.69,101.77,0.6750,-1,-1,-1
32,2,103.10,546.67,76.38,246.52,0.7474,-1,-1,-1
32,1,383.72,373.17,91.28,232.26,0.7459,-1,-1,-1
33,16,190.09,348.71,70.66,217.47,0.4238,-1,-1,-1
33,14,1834.81,250.15,71.60,191.27,0.3136,-1,-1,-1
33,11,1019.47,157.04,67.36,183.93,0.3645,-1,-1,-1
33,10,790.75,149.10,59.63,174.04,0.4377,-1,-1,-1
33,8,492.89,159.45,84.18,196.52,0.3923,-1,-1,-1
33,6,0.38,813.50,60.86,248.86,0.6218,-1,-1,-1
33,5,1356.11,569.35,81.36,217.80,0.6024,-1,-1,-1
33,4,1722.37,457.35,75.12,210.32,0.6574,-1,-1,-1
33,3,1170.88,979.19,66.94,100.81,0.6783,-1,-1,-1
33,2,102.75,546.74,78.10,246.59,0.7487,-1,-1,-1
33,1,384.19,370.80,93.04,232.83,0.7504,-1,-1,-1
34,16,188.70,353.60,69.27,208.67,0.4164,-1,-1,-1
34,14,1835.88,250.55,68.42,190.08,0.3191,-1,-1,-1
34,11,1021.60,154.96,61.44,187.77,0.4161,-1,-1,-1
34,10,790.49,148.57,59.20,175.32,0.4321,-1,-1,-1
34,8,493.05,160.64,81.91,195.03,0.3900,-1,-1,-1
34,6,0.45,811.60,61.20,249.19,0.6133,-1,-1,-1
34,5,1356.91,569.29,80.93,216.64,0.5996,-1,-1,-1
34,4,1722.77,458.30,74.11,207.84,0.6501,-1,-1,-1
34,3,1173.90,981.24,66.44,98.76,0.6761,-1,-1,-1
34,2,102.74,546.84,77.73,246.54,0.7391,-1,-1,-1
34,1,384.98,370.47,92.32,231.59,0.7516,-1,-1,-1
35,16,186.82,344.11,64.95,212.86,0.4550,-1,-1,-1
35,14,1837.35,251.17,68.40,187.62,0.3250,-1,-1,-1
35,11,1022.13,156.20,60.57,184.25,0.4627,-1,-1,-1
35,10,791.11,148.54,59.04,175.15,0.4426,-1,-1,-1
35,8,494.15,160.79,79.90,194.70,0.3999,-1,-1,-1
35,7,960.65,200.96,61.33,173.52,0.3349,-1,-1,-1
35,6,0.45,811.03,63.34,253.30,0.5751,-1,-1,-1
35,5,1355.83,569.42,81.81,215.59,0.6012,-1,-1,-1
35,4,1722.49,457.47,73.93,208.66,0.6611,-1,-1,-1
35,3,1177.76,982.53,64.10,97.47,0.6625,-1,-1,-1
35,2,102.48,546.86,78.56,247.10,0.7344,-1,-1,-1
35,1,384.78,369.50,93.15,233.02,0.7411,-1,-1,-1
36,18,384.64,994.96,90.56,85.04,0.4541,-1,-1,-1
36,16,188.79,367.13,61.35,192.05,0.3999,-1,-1,-1
36,14,1839.89,249.37,66.89,189.12,0.3539,-1,-1,-1
36,11,1021.90,156.83,61.74,181.65,0.5129,-1,-1,-1
36,10,790.97,149.19,59.02,173.89,0.4404,-1,-1,-1
36,8,494.92,160.84,77.06,193.76,0.4170,-1,-1,-1
36,7,954.36,200.80,64.45,174.13,0.3273,-1,-1,-1
36,6,0.54,810.34,63.18,248.38,0.5423,-1,-1,-1
36,5,1355.94,569.44,82.26,216.77,0.5770,-1,-1,-1
36,4,1722.94,458.83,74.17,207.68,0.6163,-1,-1,-1
36,3,1179.86,984.34,64.32,95.66,0.6416,-1,-1,-1
36,2,102.88,547.11,77.32,246.34,0.7387,-1,-1,-1
36,1,385.25,369.03,91.97,233.20,0.7011,-1,-1,-1
37,18,384.27,993.93,92.28,86.07,0.5156,-1,-1,-1
37,16,187.20,362.06,62.32,194.99,0.4087,-1,-1,-1
37,14,1839.98,252.44,63.39,184.03,0.3775,-1,-1,-1
37,11,1021.82,158.12,61.71,183.74,0.5343,-1,-1,-1
37,10,790.27,148.72,59.94,174.99,0.4362,-1,-1,-1
37,8,494.97,162.38,75.73,192.71,0.4230,-1,-1,-1
37,7,946.17,200.79,69.18,173.43,0.4382,-1,-1,-1
37,6,0.53,809.13,65.52,248.27,0.6284,-1,-1,-1
37,5,1356.26,569.06,82.11,219.29,0.5682,-1,-1,-1
37,4,1723.08,457.33,73.97,209.57,0.6400,-1,-1,-1
37,3,1182.54,984.48,64.80,95.52,0.6852,-1,-1,-1
37,2,103.02,547.28,76.63,245.57,0.7345,-1,-1,-1
37,1,386.13,367.83,88.92,234.09,0.6906,-1,-1,-1
38,18,384.47,992.80,93.44,87.20,0.5474,-1,-1,-1
38,16,185.83,364.94,61.54,191.32,0.4325,-1,-1,-1
38,14,1840.53,252.39,63.03,185.45,0.3217,-1,-1,-1
38,11,1023.72,158.63,60.32,184.29,0.5449,-1,-1,-1
38,10,791.10,149.13,58.90,175.20,0.4242,-1,-1,-1
38,8,494.28,162.73,75.77,192.65,0.4188,-1,-1,-1
38,7,935.69,202.07,75.84,172.75,0.3846,-1,-1,-1
38,6,0.54,808.86,66.10,245.23,0.6402,-1,-1,-1
38,5,1355.86,569.45,81.74,213.65,0.6055,-1,-1,-1
38,4,1722.62,458.46,74.59,207.28,0.6421,-1,-1,-1
38,3,1184.17,984.23,66.97,95.77,0.6928,-1,-1,-1
38,2,102.77,546.87,76.43,245.40,0.7329,-1,-1,-1
38,1,387.46,366.63,85.18,235.43,0.6940,-1,-1,-1
39,18,384.57,991.54,92.83,88.46,0.5275,-1,-1,-1
39,16,183.20,361.82,63.59,195.41,0.4943,-1,-1,-1
39,14,1840.37,252.80,64.33,184.74,0.3540,-1,-1,-1
39,11,1022.07,158.85,62.11,182.80,0.5213,-1,-1,-1
39,10,790.87,148.78,58.91,175.12,0.4157,-1,-1,-1
39,8,494.61,163.37,74.60,191.41,0.4239,-1,-1,-1
39,7,923.73,200.99,86.75,172.69,0.5016,-1,-1,-1
39,6,0.52,807.55,65.90,244.30,0.6525,-1,-1,-1
39,5,1357.08,567.85,81.06,217.81,0.5819,-1,-1,-1
39,4,1722.55,456.70,73.49,210.03,0.6229,-1,-1,-1
39,3,1186.91,983.51,68.72,96.49,0.6789,-1,-1,-1
39,2,102.35,547.26,77.59,244.83,0.7308,-1,-1,-1
39,1,387.52,365.36,84.45,237.15,0.6896,-1,-1,-1
40,18,385.16,989.86,92.82,90.14,0.5283,-1,-1,-1
40,16,181.02,363.49,62.76,192.55,0.4312,-1,-1,-1
40,14,1837.88,252.73,68.06,187.62,0.3341,-1,-1,-1
40,11,1021.73,159.11,62.55,182.37,0.5092,-1,-1,-1
40,10,791.11,148.97,58.12,176.21,0.4049,-1,-1,-1
40,8,494.28,167.59,72.90,191.49,0.4407,-1,-1,-1
40,7,914.78,197.04,96.53,176.63,0.5109,-1,-1,-1
40,6,0.68,806.54,65.65,241.80,0.6070,-1,-1,-1
40,5,1357.58,569.74,80.01,212.05,0.6156,-1,-1,-1
40,4,1722.71,456.19,73.52,211.12,0.6280,-1,-1,-1
40,3,1190.80,983.64,69.31,96.36,0.6549,-1,-1,-1
40,2,102.19,547.00,77.52,244.89,0.7339,-1,-1,-1
40,1,387.90,367.06,86.59,234.99,0.6972,-1,-1,-1
41,18,385.22,989.24,93.41,90.76,0.4930,-1,-1,-1
41,16,179.52,360.64,62.37,195.58,0.3640,-1,-1,-1
41,11,1021.40,159.10,62.68,180.81,0.4772,-1,-1,-1
41,10,791.40,149.20,57.26,174.93,0.4076,-1,-1,-1
41,8,495.85,165.68,75.23,190.86,0.3632,-1,-1,-1
41,7,911.65,203.37,99.93,169.81,0.5446,-1,-1,-1
41,6,0.47,805.42,66.52,242.97,0.5998,-1,-1,-1
41,5,1356.78,568.63,81.07,215.97,0.6074,-1,-1,-1
41,4,1722.49,455.81,73.86,211.11,0.6403,-1,-1,-1
41,3,1193.20,985.00,67.51,95.00,0.6803,-1,-1,-1
41,2,102.31,546.65,77.69,245.78,0.7314,-1,-1,-1
41,1,389.54,366.15,85.24,235.40,0.6911,-1,-1,-1
42,18,384.21,987.72,94.61,92.28,0.5333,-1,-1,-1
42,16,179.82,370.89,59.26,186.98,0.3299,-1,-1,-1
42,11,1021.11,159.47,62.78,182.23,0.4725,-1,-1,-1
42,10,791.08,148.73,57.46,177.39,0.4201,-1,-1,-1
42,8,495.39,167.25,75.18,192.18,0.3716,-1,-1,-1
42,7,908.31,200.01,102.89,173.65,0.5450,-1,-1,-1
42,6,0.27,802.61,66.70,242.97,0.6311,-1,-1,-1
42,5,1356.92,569.42,80.31,214.25,0.6148,-1,-1,-1
42,4,1721.95,454.91,74.08,211.53,0.6467,-1,-1,-1
42,3,1195.64,984.78,69.10,95.22,0.6919,-1,-1,-1
42,2,102.25,546.70,78.41,245.76,0.7400,-1,-1,-1
42,1,390.43,364.55,84.91,235.52,0.7107,-1,-1,-1
43,18,383.21,987.78,95.32,92.22,0.5404,-1,-1,-1
43,11,1021.45,159.77,62.18,183.58,0.4669,-1,-1,-1
43,10,790.39,149.38,58.95,175.94,0.4041,-1,-1,-1
43,8,493.89,167.92,77.01,195.18,0.3852,-1,-1,-1
43,7,904.24,195.76,105.07,177.20,0.4986,-1,-1,-1
43,6,0.20,797.95,66.92,231.74,0.6609,-1,-1,-1
43,5,1356.75,569.12,80.54,214.54,0.6094,-1,-1,-1
43,4,1722.36,454.64,73.58,212.26,0.6166,-1,-1,-1
43,3,1198.45,985.04,70.77,94.95,0.6621,-1,-1,-1
43,2,101.82,546.83,78.43,245.91,0.7339,-1,-1,-1
43,1,391.26,365.13,85.08,233.15,0.7373,-1,-1,-1
44,18,382.53,985.23,96.11,94.77,0.5968,-1,-1,-1
44,16,175.16,364.51,58.36,191.39,0.3525,-1,-1,-1
44,14,1840.72,255.18,78.61,195.40,0.3255,-1,-1,-1
44,11,1021.56,160.21,61.36,184.63,0.4377,-1,-1,-1
44,10,790.97,149.09,58.07,176.08,0.4001,-1,-1,-1
44,8,494.28,169.13,76.25,195.86,0.3768,-1,-1,-1
44,7,902.67,193.02,100.94,180.40,0.3171,-1,-1,-1
44,6,0.18,794.65,67.33,229.14,0.6726,-1,-1,-1
44,5,1356.80,568.88,81.18,216.99,0.6237,-1,-1,-1
44,4,1721.00,457.79,75.25,208.95,0.6474,-1,-1,-1
44,3,1198.96,985.37,71.72,94.63,0.6687,-1,-1,-1
44,2,101.99,547.20,77.83,245.34,0.7334,-1,-1,-1
44,1,391.56,364.73,85.94,231.43,0.7342,-1,-1,-1
45,18,381.19,984.84,95.64,95.16,0.5961,-1,-1,-1
45,16,173.62,357.47,55.84,196.90,0.3645,-1,-1,-1
45,14,1842.14,256.76,73.14,197.58,0.3492,-1,-1,-1
45,11,1019.47,161.89,65.56,182.10,0.3995,-1,-1,-1
45,10,790.49,149.16,58.84,175.58,0.4244,-1,-1,-1
45,8,495.66,173.07,73.97,193.48,0.3117,-1,-1,-1
45,6,0.29,792.60,67.44,229.07,0.6679,-1,-1,-1
45,5,1356.35,568.80,81.01,216.31,0.6345,-1,-1,-1
45,4,1721.66,458.85,74.32,207.50,0.6320,-1,-1,-1
45,3,1200.19,985.71,72.57,94.29,0.6707,-1,-1,-1
45,2,101.73,546.71,77.49,245.84,0.7425,-1,-1,-1
45,1,393.14,361.75,85.06,232.37,0.7372,-1,-1,-1
46,18,379.75,978.00,97.14,102.00,0.6036,-1,-1,-1
46,16,172.21,352.36,54.99,201.81,0.3624,-1,-1,-1
46,14,1843.19,257.02,74.46,201.74,0.3302,-1,-1,-1
46,11,1019.13,161.97,65.60,182.20,0.4094,-1,-1,-1
46,10,790.70,149.32,58.22,174.97,0.3889,-1,-1,-1
46,8,491.90,174.09,78.41,193.60,0.3318,-1,-1,-1
46,6,0.45,790.47,68.23,229.74,0.6716,-1,-1,-1
46,5,1356.15,569.42,82.47,216.99,0.6046,-1,-1,-1
46,4,1720.77,459.25,75.04,206.46,0.6157,-1,-1,-1
46,3,1200.56,986.23,71.77,93.77,0.6852,-1,-1,-1
46,2,101.69,546.33,77.87,246.29,0.7447,-1,-1,-1
46,1,395.21,360.61,82.60,231.89,0.7423,-1,-1,-1
47,18,379.71,971.90,97.78,108.10,0.5911,-1,-1,-1
47,16,169.57,343.24,59.25,210.80,0.3913,-1,-1,-1
47,14,1844.56,259.23,73.59,202.37,0.3466,-1,-1,-1
47,11,1018.94,162.83,63.80,183.98,0.3962,-1,-1,-1
47,10,789.95,149.40,60.35,174.74,0.4296,-1,-1,-1
47,8,508.62,181.27,56.22,184.43,0.3158,-1,-1,-1
47,7,903.60,171.62,75.95,201.69,0.3145,-1,-1,-1
47,6,0.67,789.29,68.99,232.48,0.6178,-1,-1,-1
47,5,1356.63,569.56,81.38,215.63,0.5937,-1,-1,-1
47,4,1721.34,458.87,74.80,208.25,0.6312,-1,-1,-1
47,3,1201.39,986.19,73.13,93.81,0.6667,-1,-1,-1
47,2,101.43,546.29,78.04,246.24,0.7292,-1,-1,-1
47,1,395.51,358.30,83.45,232.22,0.7462,-1,-1,-1
48,18,378.57,964.72,99.53,115.28,0.6094,-1,-1,-1
48,16,168.97,344.65,57.24,211.54,0.3361,-1,-1,-1
48,14,1847.94,263.48,66.64,199.82,0.3705,-1,-1,-1
48,11,1018.67,163.13,63.13,182.86,0.3319,-1,-1,-1
48,10,790.60,149.48,59.81,175.78,0.4553,-1,-1,-1
48,8,507.36,183.57,56.77,182.12,0.3325,-1,-1,-1
48,6,0.94,788.87,70.44,234.81,0.5853,-1,-1,-1
48,5,1356.47,568.99,83.01,217.07,0.6140,-1,-1,-1
48,4,1721.53,459.65,74.27,205.91,0.6353,-1,-1,-1
48,3,1203.13,984.41,76.77,95.53,0.6329,-1,-1,-1
48,2,101.66,546.05,77.82,247.03,0.7354,-1,-1,-1
48,1,396.34,356.92,83.62,229.65,0.7650,-1,-1,-1
49,18,378.44,963.75,99.72,116.25,0.5887,-1,-1,-1
49,16,167.33,354.67,58.11,201.28,0.3556,-1,-1,-1
49,15,862.89,153.01,54.94,174.32,0.3162,-1,-1,-1
49,14,1849.64,264.52,64.49,200.59,0.3340,-1,-1,-1
49,11,1016.42,164.83,65.38,182.93,0.3716,-1,-1,-1
49,10,790.40,149.12,60.43,176.17,0.4312,-1,-1,-1
49,8,491.76,179.06,76.49,190.14,0.3706,-1,-1,-1
49,6,0.75,785.01,72.65,247.70,0.6183,-1,-1,-1
49,5,1356.50,569.50,82.54,218.19,0.6017,-1,-1,-1
49,4,1720.88,458.65,74.81,207.55,0.6578,-1,-1,-1
49,3,1203.39,983.37,77.72,96.63,0.6518,-1,-1,-1
49,2,101.55,546.07,77.86,246.98,0.7391,-1,-1,-1
49,1,396.25,356.43,84.52,226.46,0.7610,-1,-1,-1
50,18,380.95,961.46,97.57,117.28,0.5869,-1,-1,-1
50,14,1852.62,266.32,65.99,199.64,0.3915,-1,-1,-1
50,11,1017.18,164.91,61.34,175.55,0.3846,-1,-1,-1
50,10,790.38,148.95,59.70,177.26,0.4068,-1,-1,-1
50,8,491.98,178.82,77.18,192.24,0.3776,-1,-1,-1
50,6,1.07,785.22,74.07,249.18,0.6056,-1,-1,-1
50,5,1357.15,569.90,81.36,215.26,0.6122,-1,-1,-1
50,4,1721.07,459.14,74.30,206.65,0.6391,-1,-1,-1
50,3,1203.54,982.69,78.48,97.31,0.6284,-1,-1,-1
50,2,101.65,546.13,77.88,246.48,0.7480,-1,-1,-1
50,1,395.85,355.00,85.81,225.97,0.7546,-1,-1,-1
51,18,380.94,956.60,98.05,123.32,0.5511,-1,-1,-1
51,14,1854.41,267.25,62.41,195.22,0.3628,-1,-1,-1
51,11,1016.80,166.93,61.64,173.95,0.4440,-1,-1,-1
51,10,790.52,148.61,59.76,177.82,0.4132,-1,-1,-1
51,8,493.40,180.07,76.13,191.64,0.3684,-1,-1,-1
51,6,1.22,783.35,73.76,247.04,0.6416,-1,-1,-1
51,5,1357.10,569.20,81.29,214.70,0.6199,-1,-1,-1
51,4,1720.59,460.24,74.64,205.07,0.6229,-1,-1,-1
51,3,1204.30,981.50,78.94,98.50,0.6113,-1,-1,-1
51,2,101.85,545.47,77.58,247.41,0.7504,-1,-1,-1
51,1,395.92,354.37,86.63,223.13,0.7540,-1,-1,-1
52,18,381.97,952.44,98.70,127.56,0.5461,-1,-1,-1
52,11,1016.00,168.14,63.49,180.58,0.4715,-1,-1,-1
52,10,789.66,149.17,60.76,178.19,0.3948,-1,-1,-1
52,8,489.41,179.82,81.00,191.14,0.3823,-1,-1,-1
52,6,2.25,782.44,74.64,244.44,0.6111,-1,-1,-1
52,5,1356.87,569.10,81.34,215.54,0.6235,-1,-1,-1
52,4,1722.16,455.67,73.25,211.00,0.6271,-1,-1,-1
52,3,1203.85,981.71,79.19,98.29,0.6302,-1,-1,-1
52,2,102.19,545.43,76.86,247.00,0.7522,-1,-1,-1
52,1,396.92,353.08,86.63,224.24,0.7678,-1,-1,-1
53,18,382.00,950.00,101.31,129.56,0.6936,-1,-1,-1
53,14,1860.00,264.74,59.48,197.89,0.3207,-1,-1,-1
53,11,1015.86,168.95,62.76,182.25,0.4510,-1,-1,-1
53,10,789.20,148.39,61.49,177.70,0.4121,-1,-1,-1
53,8,488.63,180.29,82.98,190.70,0.4038,-1,-1,-1
53,6,3.56,781.17,72.47,241.48,0.6510,-1,-1,-1
53,5,1357.17,569.61,81.64,213.45,0.6403,-1,-1,-1
53,4,1722.19,456.01,73.39,209.32,0.6266,-1,-1,-1
53,3,1203.82,979.92,79.18,100.08,0.6528,-1,-1,-1
53,2,102.56,545.15,75.63,247.53,0.7456,-1,-1,-1
53,1,398.54,351.37,85.13,226.22,0.7698,-1,-1,-1
54,18,383.02,948.96,103.43,129.22,0.7183,-1,-1,-1
54,14,1861.73,261.89,57.79,205.32,0.3116,-1,-1,-1
54,11,1013.86,171.42,62.22,181.80,0.4282,-1,-1,-1
54,10,789.62,148.92,61.54,176.68,0.3980,-1,-1,-1
54,8,488.26,180.19,84.32,190.65,0.3870,-1,-1,-1
54,6,6.60,778.41,70.19,236.70,0.6452,-1,-1,-1
54,5,1356.93,569.08,82.18,214.14,0.6413,-1,-1,-1
54,4,1722.01,456.02,73.51,209.99,0.6245,-1,-1,-1
54,3,1202.88,979.78,80.49,100.22,0.6577,-1,-1,-1
54,2,102.52,544.86,75.71,248.19,0.7482,-1,-1,-1
54,1,398.48,350.92,85.60,226.72,0.7710,-1,-1,-1
55,18,383.10,947.20,106.49,131.64,0.6926,-1,-1,-1
55,14,1864.39,261.70,55.23,208.26,0.3415,-1,-1,-1
55,11,1012.25,173.62,62.93,181.60,0.4562,-1,-1,-1
55,10,790.06,149.04,60.93,176.72,0.4251,-1,-1,-1
55,8,488.48,179.78,84.08,191.56,0.4238,-1,-1,-1
55,6,8.31,774.22,69.49,237.44,0.6804,-1,-1,-1
55,5,1357.61,568.94,80.95,215.66,0.6090,-1,-1,-1
55,4,1722.22,456.91,74.20,210.80,0.6381,-1,-1,-1
55,3,1203.18,978.96,80.69,101.04,0.6653,-1,-1,-1
55,2,102.51,545.17,75.79,248.61,0.7366,-1,-1,-1
55,1,399.55,349.65,84.73,228.71,0.7785,-1,-1,-1
56,18,384.00,946.77,106.02,132.88,0.6986,-1,-1,-1
56,11,1014.15,175.14,60.04,179.98,0.4682,-1,-1,-1
56,10,790.05,148.69,61.54,177.97,0.4099,-1,-1,-1
56,8,488.67,179.93,81.77,191.44,0.4787,-1,-1,-1
56,6,8.13,772.00,70.21,235.00,0.6939,-1,-1,-1
56,5,1357.06,569.18,80.74,216.47,0.6103,-1,-1,-1
56,4,1721.93,455.79,73.48,210.63,0.6449,-1,-1,-1
56,3,1202.85,977.26,80.95,102.74,0.6747,-1,-1,-1
56,2,102.52,544.37,76.00,249.34,0.7376,-1,-1,-1
56,1,400.06,349.35,84.25,229.87,0.7881,-1,-1,-1
57,19,1470.91,215.78,64.72,189.99,0.3344,-1,-1,-1
57,18,385.75,946.00,105.47,133.32,0.7176,-1,-1,-1
57,11,1011.33,176.51,61.06,179.65,0.4635,-1,-1,-1
57,10,789.81,148.63,62.18,178.96,0.4007,-1,-1,-1
57,8,488.00,180.97,81.34,190.74,0.4591,-1,-1,-1
57,7,832.64,162.30,105.81,208.74,0.3017,-1,-1,-1
57,6,5.61,771.14,71.95,230.39,0.7199,-1,-1,-1
57,5,1356.91,569.23,81.53,213.12,0.6178,-1,-1,-1
57,4,1721.81,458.87,73.34,206.82,0.6510,-1,-1,-1
57,3,1202.05,976.13,81.74,103.87,0.6852,-1,-1,-1
57,2,102.35,544.92,76.07,249.50,0.7328,-1,-1,-1
57,1,400.00,348.11,83.77,230.91,0.7942,-1,-1,-1
58,19,1469.42,214.40,64.35,188.79,0.3103,-1,-1,-1
58,18,387.46,944.87,104.01,135.08,0.6724,-1,-1,-1
58,11,1011.14,179.48,59.80,178.95,0.4571,-1,-1,-1
58,10,790.26,149.05,61.49,178.44,0.3949,-1,-1,-1
58,8,488.41,181.46,80.10,191.12,0.4488,-1,-1,-1
58,6,7.14,767.34,74.15,229.05,0.7118,-1,-1,-1
58,5,1357.12,569.39,81.18,215.08,0.6248,-1,-1,-1
58,4,1722.18,455.43,72.90,210.02,0.6404,-1,-1,-1
58,3,1201.24,976.27,83.15,103.73,0.6693,-1,-1,-1
58,2,102.75,545.31,75.42,249.05,0.7289,-1,-1,-1
58,1,399.75,347.19,84.58,231.56,0.7873,-1,-1,-1
59,18,388.24,943.60,103.08,136.02,0.7142,-1,-1,-1
59,11,1009.93,180.36,60.71,178.24,0.3753,-1,-1,-1
59,10,789.50,148.84,60.78,178.47,0.3891,-1,-1,-1
59,8,488.38,181.89,81.64,191.63,0.4379,-1,-1,-1
59,6,6.42,765.34,75.84,224.80,0.7218,-1,-1,-1
59,5,1357.01,568.70,81.41,212.99,0.6416,-1,-1,-1
59,4,1722.98,455.95,72.99,211.03,0.6382,-1,-1,-1
59,3,1199.31,975.71,85.20,104.29,0.6720,-1,-1,-1
59,2,102.70,545.10,75.30,249.48,0.7327,-1,-1,-1
59,1,401.30,345.58,83.53,233.33,0.7850,-1,-1,-1
60,19,1466.58,211.74,64.30,192.92,0.3106,-1,-1,-1
60,18,387.68,940.33,105.46,138.69,0.7108,-1,-1,-1
60,11,1006.70,181.23,63.24,177.98,0.3412,-1,-1,-1
60,10,789.55,148.39,61.84,185.36,0.4233,-1,-1,-1
60,8,488.90,183.24,80.17,191.06,0.4531,-1,-1,-1
60,6,9.31,760.23,70.26,225.33,0.7342,-1,-1,-1
60,5,1356.79,568.93,81.35,215.56,0.6261,-1,-1,-1
60,4,1722.03,458.95,73.52,207.08,0.6273,-1,-1,-1
60,3,1198.98,974.70,85.20,105.30,0.6703,-1,-1,-1
60,2,102.16,545.16,75.88,250.61,0.7259,-1,-1,-1
60,1,402.07,346.04,82.15,231.48,0.7928,-1,-1,-1
61,18,386.93,938.95,107.78,140.56,0.6158,-1,-1,-1
61,11,1007.23,181.91,61.72,176.51,0.3035,-1,-1,-1
61,10,788.69,148.42,63.15,188.14,0.3661,-1,-1,-1
61,8,493.64,190.37,72.00,186.25,0.4808,-1,-1,-1
61,6,9.93,758.04,68.95,225.88,0.7309,-1,-1,-1
61,5,1357.33,569.35,80.82,214.00,0.6303,-1,-1,-1
61,4,1722.72,457.65,72.06,207.61,0.6117,-1,-1,-1
61,3,1196.38,971.98,86.24,108.02,0.6313,-1,-1,-1
61,2,103.06,546.41,74.07,247.51,0.7279,-1,-1,-1
61,1,401.70,344.36,82.46,230.91,0.7976,-1,-1,-1
62,18,385.60,936.66,108.48,141.92,0.5706,-1,-1,-1
62,11,1008.30,184.19,60.56,174.73,0.3035,-1,-1,-1
62,10,790.35,148.20,60.80,186.46,0.3201,-1,-1,-1
62,8,492.84,190.13,73.04,189.26,0.4971,-1,-1,-1
62,6,11.08,756.35,68.89,225.97,0.7305,-1,-1,-1
62,5,1357.68,569.23,80.47,214.80,0.6173,-1,-1,-1
62,4,1722.47,456.37,73.35,209.44,0.6007,-1,-1,-1
62,3,1195.83,972.43,86.43,107.57,0.6222,-1,-1,-1
62,2,103.06,546.83,74.24,247.44,0.7288,-1,-1,-1
62,1,402.14,343.03,81.71,230.92,0.7908,-1,-1,-1
63,18,385.84,934.62,106.93,144.33,0.6610,-1,-1,-1
63,8,491.09,188.01,74.89,196.60,0.5337,-1,-1,-1
63,6,10.38,755.36,71.42,229.94,0.7190,-1,-1,-1
63,5,1356.95,568.92,81.15,213.46,0.6025,-1,-1,-1
63,4,1721.53,458.75,74.28,207.30,0.5911,-1,-1,-1
63,3,1194.17,971.94,87.50,108.06,0.6579,-1,-1,-1
63,2,103.22,546.69,73.87,247.39,0.7297,-1,-1,-1
63,1,402.05,341.00,82.25,232.20,0.7964,-1,-1,-1
64,18,384.97,930.46,109.05,148.94,0.6719,-1,-1,-1
64,11,1003.87,186.46,62.27,170.97,0.3628,-1,-1,-1
64,8,493.35,191.82,72.40,193.98,0.4913,-1,-1,-1
64,6,11.01,753.70,70.88,229.86,0.7205,-1,-1,-1
64,5,1356.03,569.41,81.71,216.17,0.5981,-1,-1,-1
64,4,1721.92,456.24,73.83,209.83,0.6062,-1,-1,-1
64,3,1192.88,973.46,86.83,106.54,0.6861,-1,-1,-1
64,2,102.41,546.37,74.82,248.78,0.7195,-1,-1,-1
64,1,402.30,338.41,82.41,232.18,0.7907,-1,-1,-1
65,18,385.22,923.08,107.90,156.71,0.5637,-1,-1,-1
65,11,1003.55,187.06,62.54,171.89,0.3134,-1,-1,-1
65,8,494.05,191.70,72.07,194.93,0.5078,-1,-1,-1
65,6,10.60,752.70,71.07,233.27,0.7141,-1,-1,-1
65,5,1356.07,569.19,82.96,214.12,0.6286,-1,-1,-1
65,4,1720.52,459.88,75.31,206.36,0.6131,-1,-1,-1
65,3,1192.23,973.43,85.07,106.57,0.6853,-1,-1,-1
65,2,102.77,547.13,74.57,246.77,0.7282,-1,-1,-1
65,1,402.01,336.79,82.77,232.20,0.7934,-1,-1,-1
66,18,387.06,917.03,104.47,162.97,0.5606,-1,-1,-1
66,11,1004.13,187.68,60.29,175.38,0.3624,-1,-1,-1
66,8,496.25,190.58,68.89,196.16,0.5285,-1,-1,-1
66,6,10.55,751.33,71.37,234.42,0.7135,-1,-1,-1
66,5,1355.79,568.46,83.44,216.54,0.6048,-1,-1,-1
66,4,1719.73,459.29,75.89,207.86,0.6264,-1,-1,-1
66,3,1189.98,971.65,84.88,108.35,0.7066,-1,-1,-1
66,2,102.78,546.27,75.69,248.04,0.7212,-1,-1,-1
66,1,402.23,334.90,83.23,231.94,0.7931,-1,-1,-1
67,18,385.57,913.45,105.66,164.87,0.6561,-1,-1,-1
67,11,1002.46,187.39,59.55,175.60,0.4070,-1,-1,-1
67,8,495.28,190.81,70.02,200.02,0.5660,-1,-1,-1
67,6,9.97,749.12,71.77,237.43,0.7032,-1,-1,-1
67,5,1356.95,569.20,81.45,214.04,0.5984,-1,-1,-1
67,4,1720.63,458.99,74.85,206.71,0.5968,-1,-1,-1
67,3,1188.56,971.81,86.45,108.19,0.6939,-1,-1,-1
67,2,102.78,546.80,75.81,247.49,0.7253,-1,-1,-1
67,1,402.10,333.99,84.68,228.87,0.7945,-1,-1,-1
68,18,384.88,912.01,106.49,165.92,0.7054,-1,-1,-1
68,11,1001.00,187.97,61.44,176.97,0.4879,-1,-1,-1
68,8,495.27,192.57,69.07,196.94,0.5748,-1,-1,-1
68,6,10.10,746.62,72.03,241.37,0.7078,-1,-1,-1
68,5,1356.50,568.02,82.31,216.35,0.5958,-1,-1,-1
68,4,1721.53,459.46,74.11,207.01,0.6085,-1,-1,-1
68,3,1185.10,969.74,86.14,110.26,0.6961,-1,-1,-1
68,2,102.64,546.60,75.95,247.87,0.7295,-1,-1,-1
68,1,403.01,333.62,84.17,226.69,0.7904,-1,-1,-1
69,18,384.56,910.55,106.96,168.19,0.6859,-1,-1,-1
69,11,1000.71,187.70,62.12,177.31,0.5343,-1,-1,-1
69,8,492.34,193.45,74.95,195.30,0.5869,-1,-1,-1
69,6,10.37,744.82,71.98,241.92,0.7101,-1,-1,-1
69,5,1356.78,568.69,81.83,217.39,0.5966,-1,-1,-1
69,4,1722.59,456.79,74.68,212.96,0.5952,-1,-1,-1
69,3,1183.77,969.65,86.05,110.30,0.6802,-1,-1,-1
69,2,102.79,546.60,75.21,248.27,0.7309,-1,-1,-1
69,1,402.61,332.30,85.55,225.69,0.7835,-1,-1,-1
70,18,384.05,907.35,107.28,172.27,0.6792,-1,-1,-1
70,11,1000.37,187.60,61.39,178.17,0.5585,-1,-1,-1
70,8,490.41,195.52,78.10,193.32,0.5919,-1,-1,-1
70,6,10.92,743.34,71.74,237.34,0.7152,-1,-1,-1
70,5,1356.24,568.36,83.21,217.76,0.6088,-1,-1,-1
70,4,1722.96,455.29,74.29,212.50,0.6160,-1,-1,-1
70,3,1182.35,969.20,85.72,110.80,0.6651,-1,-1,-1
70,2,103.17,546.26,74.70,248.46,0.7321,-1,-1,-1
70,1,402.67,331.47,86.07,223.95,0.7905,-1,-1,-1
71,18,380.48,905.19,111.15,174.81,0.7095,-1,-1,-1
71,15,846.78,168.12,50.45,174.68,0.3345,-1,-1,-1
71,11,998.52,188.05,60.14,178.22,0.5620,-1,-1,-1
71,8,492.28,193.04,77.69,196.14,0.6135,-1,-1,-1
71,7,786.52,150.81,76.69,219.41,0.3599,-1,-1,-1
71,6,11.53,741.63,72.24,230.52,0.7212,-1,-1,-1
71,5,1357.02,568.83,82.09,218.79,0.5629,-1,-1,-1
71,4,1722.33,456.66,74.82,210.92,0.6233,-1,-1,-1
71,3,1181.28,968.20,86.01,111.80,0.6684,-1,-1,-1
71,2,102.19,545.04,76.12,250.58,0.7293,-1,-1,-1
71,1,403.07,329.94,85.45,223.73,0.7911,-1,-1,-1
72,18,379.86,903.77,111.21,176.23,0.7217,-1,-1,-1
72,15,843.85,169.51,52.94,176.21,0.3500,-1,-1,-1
72,11,998.26,188.39,58.29,179.02,0.5729,-1,-1,-1
72,8,487.30,193.26,84.20,196.39,0.5974,-1,-1,-1
72,7,780.07,146.89,85.09,223.04,0.3816,-1,-1,-1
72,6,10.67,737.68,73.62,228.29,0.7274,-1,-1,-1
72,5,1357.23,569.17,82.20,218.11,0.6065,-1,-1,-1
72,4,1722.42,457.12,74.43,210.21,0.6198,-1,-1,-1
72,3,1180.13,965.74,85.23,114.26,0.5938,-1,-1,-1
72,2,102.13,544.47,76.04,250.77,0.7258,-1,-1,-1
72,1,403.37,328.34,85.61,225.77,0.7883,-1,-1,-1
73,18,378.53,902.91,112.42,177.09,0.7156,-1,-1,-1
73,15,845.29,170.51,51.62,178.06,0.3478,-1,-1,-1
73,11,996.86,189.58,57.31,178.92,0.5499,-1,-1,-1
73,8,485.05,193.02,87.91,196.86,0.5930,-1,-1,-1
73,7,776.07,149.10,88.35,219.60,0.3053,-1,-1,-1
73,6,10.61,734.29,74.27,229.21,0.7478,-1,-1,-1
73,5,1356.85,569.51,83.07,215.81,0.6164,-1,-1,-1
73,4,1722.81,456.05,74.57,213.39,0.6135,-1,-1,-1
73,3,1179.25,965.12,86.19,114.88,0.6098,-1,-1,-1
73,2,101.86,545.20,76.32,249.98,0.7320,-1,-1,-1
73,1,404.49,327.81,84.83,227.32,0.7872,-1,-1,-1
74,18,378.87,900.76,111.85,179.24,0.6890,-1,-1,-1
74,15,844.84,171.28,53.45,179.87,0.3061,-1,-1,-1
74,11,998.12,190.00,54.63,181.33,0.5587,-1,-1,-1
74,8,484.74,195.05,88.77,194.71,0.5599,-1,-1,-1
74,6,10.80,732.18,74.82,225.35,0.7515,-1,-1,-1
74,5,1356.48,569.58,82.89,214.92,0.6196,-1,-1,-1
74,4,1721.94,460.35,74.22,206.43,0.5964,-1,-1,-1
74,3,1178.16,965.06,87.37,114.94,0.6242,-1,-1,-1
74,2,102.35,545.62,75.32,248.60,0.7218,-1,-1,-1
74,1,405.30,327.77,84.05,226.36,0.7841,-1,-1,-1
75,18,379.47,898.32,110.84,181.68,0.6782,-1,-1,-1
75,15,842.93,171.91,55.07,186.06,0.3022,-1,-1,-1
75,11,994.49,188.91,57.83,184.21,0.6145,-1,-1,-1
75,8,482.89,196.64,89.42,193.50,0.5709,-1,-1,-1
75,6,10.54,731.23,74.68,227.64,0.7487,-1,-1,-1
75,5,1356.85,570.06,82.39,211.67,0.6552,-1,-1,-1
75,4,1722.19,456.90,74.43,212.35,0.6191,-1,-1,-1
75,3,1176.96,964.57,88.54,115.43,0.6370,-1,-1,-1
75,2,101.79,545.07,75.44,249.58,0.7283,-1,-1,-1
75,1,405.12,326.92,84.34,227.01,0.7785,-1,-1,-1
76,19,1436.73,205.81,65.56,190.96,0.3227,-1,-1,-1
76,18,381.01,895.15,108.23,184.85,0.6908,-1,-1,-1
76,11,994.07,189.02,57.63,181.90,0.5748,-1,-1,-1
76,8,486.46,200.42,86.49,190.93,0.5543,-1,-1,-1
76,6,10.79,729.39,74.13,231.18,0.7470,-1,-1,-1
76,5,1356.13,570.57,83.23,212.53,0.6479,-1,-1,-1
76,4,1721.12,459.76,74.64,206.18,0.6306,-1,-1,-1
76,3,1176.80,963.96,88.65,116.04,0.6887,-1,-1,-1
76,2,102.00,544.11,74.83,250.56,0.7221,-1,-1,-1
76,1,406.71,326.61,82.99,227.69,0.7723,-1,-1,-1
77,19,1436.24,205.66,64.71,188.99,0.3564,-1,-1,-1
77,18,382.73,893.23,106.09,186.77,0.7469,-1,-1,-1
77,11,993.36,190.21,58.34,180.33,0.5927,-1,-1,-1
77,8,494.39,201.84,77.48,188.35,0.5689,-1,-1,-1
77,6,10.99,728.04,74.11,231.28,0.7511,-1,-1,-1
77,5,1355.80,569.76,84.89,215.20,0.6325,-1,-1,-1
77,4,1721.17,458.78,74.70,206.21,0.6228,-1,-1,-1
77,3,1176.73,963.95,88.20,116.05,0.6976,-1,-1,-1
77,2,102.18,544.26,73.85,250.36,0.7222,-1,-1,-1
77,1,407.04,325.20,83.42,229.62,0.7668,-1,-1,-1
78,19,1434.30,205.13,65.08,190.14,0.3357,-1,-1,-1
78,18,382.91,890.80,104.93,189.20,0.7541,-1,-1,-1
78,11,994.37,188.74,56.40,181.21,0.5647,-1,-1,-1
78,8,490.65,205.32,78.32,186.18,0.6006,-1,-1,-1
78,6,10.73,726.95,75.97,234.13,0.7460,-1,-1,-1
78,5,1355.41,571.58,85.29,214.53,0.6387,-1,-1,-1
78,4,1720.87,459.89,75.37,205.64,0.6377,-1,-1,-1
78,3,1176.35,963.09,88.32,116.91,0.7210,-1,-1,-1
78,2,101.78,544.24,73.74,249.87,0.7232,-1,-1,-1
78,1,406.79,324.78,83.51,229.49,0.7695,-1,-1,-1
79,18,385.90,887.10,101.71,192.90,0.7679,-1,-1,-1
79,11,992.17,190.59,58.28,178.26,0.5757,-1,-1,-1
79,8,489.52,202.25,81.12,192.96,0.5844,-1,-1,-1
79,6,11.87,726.73,75.80,232.95,0.7471,-1,-1,-1
79,5,1355.22,572.52,85.24,213.43,0.6077,-1,-1,-1
79,4,1720.90,458.47,74.77,206.91,0.6471,-1,-1,-1
79,3,1176.29,963.20,88.02,116.80,0.7243,-1,-1,-1
79,2,102.08,545.37,73.40,248.24,0.7258,-1,-1,-1
79,1,408.10,324.58,82.23,230.51,0.7799,-1,-1,-1
80,18,387.08,881.94,100.32,198.06,0.7885,-1,-1,-1
80,11,990.79,190.40,58.56,184.54,0.6079,-1,-1,-1
80,8,491.58,203.39,79.48,194.72,0.5728,-1,-1,-1
80,6,12.63,725.45,76.87,234.07,0.7279,-1,-1,-1
80,5,1356.40,572.13,85.81,217.17,0.5753,-1,-1,-1
80,4,1721.07,460.01,75.12,206.02,0.6350,-1,-1,-1
80,3,1175.34,962.42,88.31,117.58,0.7370,-1,-1,-1
80,2,102.25,545.65,72.97,248.19,0.7275,-1,-1,-1
80,1,409.67,324.43,80.79,229.34,0.7781,-1,-1,-1
81,19,1427.37,202.38,60.23,187.52,0.3168,-1,-1,-1
81,18,387.93,878.90,99.71,201.10,0.7854,-1,-1,-1
81,11,989.86,191.29,58.36,182.72,0.6105,-1,-1,-1
81,8,492.15,204.12,78.59,196.90,0.5470,-1,-1,-1
81,6,13.13,724.93,75.29,233.65,0.7205,-1,-1,-1
81,5,1355.58,571.64,86.00,217.85,0.5510,-1,-1,-1
81,4,1721.59,459.16,74.80,206.52,0.6201,-1,-1,-1
81,3,1176.76,961.90,86.32,118.10,0.7443,-1,-1,-1
81,2,102.71,544.79,72.08,248.56,0.7276,-1,-1,-1
81,1,410.10,323.79,80.36,227.30,0.7617,-1,-1,-1
82,19,1426.03,199.46,60.57,188.99,0.3005,-1,-1,-1
82,18,386.81,875.40,101.87,204.60,0.7834,-1,-1,-1
82,11,988.67,190.94,57.60,183.24,0.6097,-1,-1,-1
82,8,494.79,207.36,76.45,194.66,0.5545,-1,-1,-1
82,6,13.65,721.77,77.30,236.67,0.7266,-1,-1,-1
82,5,1355.86,571.93,85.74,217.62,0.5456,-1,-1,-1
82,4,1721.47,459.36,74.49,206.76,0.6203,-1,-1,-1
82,3,1176.21,961.41,85.42,118.59,0.7317,-1,-1,-1
82,2,102.38,545.96,72.26,246.70,0.7279,-1,-1,-1
82,1,412.54,323.62,79.68,226.35,0.7530,-1,-1,-1
83,19,1424.43,201.54,60.52,186.83,0.3058,-1,-1,-1
83,18,388.09,873.42,101.61,206.58,0.7795,-1,-1,-1
83,11,987.03,191.56,57.69,182.33,0.5998,-1,-1,-1
83,8,494.26,207.08,78.73,194.92,0.5794,-1,-1,-1
83,6,15.07,720.46,75.62,237.90,0.7180,-1,-1,-1
83,5,1356.21,571.17,85.72,219.15,0.5504,-1,-1,-1
83,4,1722.17,459.69,73.62,204.76,0.6164,-1,-1,-1
83,3,1175.54,961.91,84.63,118.09,0.7059,-1,-1,-1
83,2,102.21,546.53,72.23,246.27,0.7279,-1,-1,-1
83,1,411.92,321.81,81.53,226.18,0.7642,-1,-1,-1
84,18,388.26,871.14,102.53,208.86,0.7701,-1,-1,-1
84,11,985.95,191.86,57.47,182.17,0.6093,-1,-1,-1
84,10,794.01,149.22,55.39,170.88,0.3684,-1,-1,-1
84,8,496.06,208.35,77.13,196.74,0.5983,-1,-1,-1
84,6,14.41,718.64,75.39,239.85,0.7202,-1,-1,-1
84,5,1356.33,572.09,85.26,216.40,0.5441,-1,-1,-1
84,4,1721.58,459.50,74.57,206.02,0.5942,-1,-1,-1
84,3,1174.81,961.54,84.48,118.46,0.7227,-1,-1,-1
84,2,102.20,545.95,72.49,247.45,0.7183,-1,-1,-1
84,1,413.66,320.00,79.88,225.96,0.7628,-1,-1,-1
85,18,388.76,869.28,102.75,210.72,0.7791,-1,-1,-1
85,11,983.01,190.39,59.67,185.26,0.5494,-1,-1,-1
85,10,793.32,149.36,54.96,170.88,0.3155,-1,-1,-1
85,8,496.06,209.26,77.44,194.85,0.5917,-1,-1,-1
85,6,16.31,717.85,76.60,240.33,0.7214,-1,-1,-1
85,5,1356.68,572.88,86.15,222.24,0.4910,-1,-1,-1
85,4,1721.02,460.59,75.18,205.76,0.5999,-1,-1,-1
85,3,1174.61,961.56,83.88,118.44,0.7156,-1,-1,-1
85,2,101.76,544.89,73.14,249.41,0.7191,-1,-1,-1
85,1,413.46,318.42,81.92,224.44,0.7576,-1,-1,-1
86,19,1419.60,198.14,60.62,190.26,0.3144,-1,-1,-1
86,18,389.50,866.53,102.83,213.47,0.7884,-1,-1,-1
86,11,980.58,191.43,60.75,185.03,0.4833,-1,-1,-1
86,10,792.94,149.40,56.32,172.91,0.3061,-1,-1,-1
86,8,496.19,208.87,78.46,198.07,0.6105,-1,-1,-1
86,7,748.44,186.72,51.26,178.12,0.3362,-1,-1,-1
86,6,17.58,716.05,75.69,234.77,0.7461,-1,-1,-1
86,5,1357.46,574.03,84.85,213.19,0.5338,-1,-1,-1
86,4,1722.03,457.24,75.08,210.15,0.6085,-1,-1,-1
86,3,1172.55,961.16,85.46,118.84,0.7082,-1,-1,-1
86,2,102.08,546.12,73.38,247.23,0.7209,-1,-1,-1
86,1,414.55,317.37,81.55,221.28,0.7633,-1,-1,-1
87,18,389.77,864.77,103.92,215.23,0.7885,-1,-1,-1
87,15,835.16,179.46,61.37,189.20,0.3397,-1,-1,-1
87,11,978.72,191.90,62.30,180.66,0.4585,-1,-1,-1
87,10,791.94,149.10,57.29,173.71,0.3229,-1,-1,-1
87,8,495.75,209.91,80.46,195.63,0.6206,-1,-1,-1
87,7,747.50,186.88,51.99,178.15,0.4066,-1,-1,-1
87,6,19.17,713.75,74.02,224.77,0.7605,-1,-1,-1
87,5,1357.04,573.65,84.07,215.21,0.5170,-1,-1,-1
87,4,1721.18,460.45,74.46,206.35,0.6341,-1,-1,-1
87,3,1173.41,960.69,83.31,119.31,0.7057,-1,-1,-1
87,2,102.01,545.65,73.61,247.17,0.7339,-1,-1,-1
87,1,413.98,316.69,84.17,220.30,0.7753,-1,-1,-1
88,18,390.18,862.29,105.67,217.71,0.8055,-1,-1,-1
88,11,976.53,190.93,63.59,187.08,0.4217,-1,-1,-1
88,10,791.88,150.54,56.68,170.00,0.3241,-1,-1,-1
88,8,497.19,209.27,81.42,198.04,0.6171,-1,-1,-1
88,7,742.56,187.12,56.01,176.93,0.3610,-1,-1,-1
88,6,18.29,710.10,75.09,226.02,0.7289,-1,-1,-1
88,5,1357.26,572.68,84.16,216.23,0.5502,-1,-1,-1
88,4,1720.67,460.20,74.91,206.25,0.6467,-1,-1,-1
88,3,1170.85,960.27,84.24,119.73,0.7424,-1,-1,-1
88,2,101.98,546.31,73.59,246.27,0.7178,-1,-1,-1
88,1,413.71,315.41,85.07,220.11,0.7855,-1,-1,-1
89,18,391.61,861.74,103.76,218.26,0.8133,-1,-1,-1
89,11,975.57,193.65,64.01,184.83,0.4934,-1,-1,-1
89,8,497.46,207.97,83.19,199.65,0.6147,-1,-1,-1
89,6,17.84,705.35,76.94,227.86,0.7358,-1,-1,-1
89,5,1357.11,573.79,84.57,218.26,0.5398,-1,-1,-1
89,4,1720.08,458.92,74.98,207.52,0.6366,-1,-1,-1
89,3,1171.28,959.80,81.33,120.12,0.7523,-1,-1,-1
89,2,101.94,546.35,73.55,245.52,0.7234,-1,-1,-1
89,1,413.97,313.76,84.70,220.16,0.7764,-1,-1,-1
90,18,392.60,860.25,102.76,219.75,0.8173,-1,-1,-1
90,11,974.26,195.50,64.94,184.57,0.4130,-1,-1,-1
90,8,499.11,207.23,84.17,198.89,0.5988,-1,-1,-1
90,6,20.50,703.92,74.21,227.99,0.7339,-1,-1,-1
90,5,1356.81,573.04,82.91,216.39,0.5375,-1,-1,-1
90,4,1720.43,459.45,74.41,206.63,0.6229,-1,-1,-1
90,3,1170.62,958.51,80.90,121.49,0.7640,-1,-1,-1
90,2,101.73,546.68,73.81,245.18,0.7134,-1,-1,-1
90,1,414.99,312.42,84.21,220.56,0.7464,-1,-1,-1
91,18,391.94,857.82,104.32,222.18,0.8022,-1,-1,-1
91,11,974.14,193.28,62.94,183.80,0.3698,-1,-1,-1
91,8,501.98,208.53,78.69,199.18,0.5637,-1,-1,-1
91,6,21.33,700.76,73.81,226.93,0.7231,-1,-1,-1
91,5,1356.77,571.86,83.87,220.27,0.5261,-1,-1,-1
91,4,1720.18,460.32,74.64,206.57,0.6291,-1,-1,-1
91,3,1169.32,957.26,80.82,122.74,0.7739,-1,-1,-1
91,2,102.18,546.93,73.60,244.70,0.7044,-1,-1,-1
91,1,416.36,311.00,82.09,223.25,0.7442,-1,-1,-1
92,18,392.74,854.18,102.55,225.82,0.7953,-1,-1,-1
92,11,972.42,195.92,63.01,182.84,0.3985,-1,-1,-1
92,8,500.12,212.44,79.58,195.08,0.5907,-1,-1,-1
92,6,22.39,696.61,72.11,229.75,0.7174,-1,-1,-1
92,5,1357.29,572.30,82.90,215.79,0.5333,-1,-1,-1
92,4,1720.82,459.96,74.50,206.87,0.6313,-1,-1,-1
92,3,1169.10,956.92,78.99,123.08,0.7607,-1,-1,-1
92,2,102.20,546.65,73.38,245.12,0.7007,-1,-1,-1
92,1,416.73,310.92,82.52,224.02,0.7396,-1,-1,-1
93,18,393.82,850.89,102.76,229.11,0.8024,-1,-1,-1
93,11,973.02,195.26,61.90,186.71,0.3528,-1,-1,-1
93,8,501.60,208.97,78.90,198.77,0.5532,-1,-1,-1
93,6,23.59,698.36,71.14,225.30,0.7093,-1,-1,-1
93,5,1356.89,571.89,82.76,216.49,0.5189,-1,-1,-1
93,4,1720.71,460.00,74.74,206.36,0.6206,-1,-1,-1
93,3,1168.12,956.72,78.35,123.28,0.7793,-1,-1,-1
93,2,102.22,547.04,72.88,244.77,0.6920,-1,-1,-1
93,1,417.13,309.77,82.43,225.08,0.7307,-1,-1,-1
94,18,394.28,849.00,102.69,231.00,0.7916,-1,-1,-1
94,11,972.00,197.22,61.93,186.09,0.3339,-1,-1,-1
94,8,501.34,211.06,77.61,199.19,0.5256,-1,-1,-1
94,6,23.59,697.38,70.80,224.69,0.7144,-1,-1,-1
94,5,1356.89,572.41,83.59,217.45,0.4739,-1,-1,-1
94,4,1721.63,460.19,74.37,207.09,0.6236,-1,-1,-1
94,3,1167.29,955.50,76.76,124.50,0.7915,-1,-1,-1
94,2,102.17,547.13,73.66,244.60,0.6883,-1,-1,-1
94,1,417.10,309.21,82.45,225.03,0.7310,-1,-1,-1
95,18,395.23,843.61,101.00,236.39,0.7975,-1,-1,-1
95,11,971.05,197.32,61.63,188.66,0.3205,-1,-1,-1
95,8,503.57,213.33,76.11,199.28,0.4967,-1,-1,-1
95,6,25.48,696.36,68.94,226.40,0.7152,-1,-1,-1
95,5,1356.83,573.79,83.38,216.24,0.4463,-1,-1,-1
95,4,1721.77,460.01,73.30,206.96,0.6121,-1,-1,-1
95,3,1165.52,953.64,77.71,126.36,0.7871,-1,-1,-1
95,2,101.91,547.10,73.77,244.36,0.6853,-1,-1,-1
95,1,416.42,307.95,82.89,226.96,0.7426,-1,-1,-1
96,20,1170.27,155.97,89.21,167.17,0.3007,-1,-1,-1
96,18,395.22,841.37,100.59,238.63,0.8078,-1,-1,-1
96,11,968.46,199.74,61.11,190.25,0.4082,-1,-1,-1
96,8,507.83,211.68,78.65,204.47,0.5506,-1,-1,-1
96,6,26.11,694.04,68.34,229.61,0.7193,-1,-1,-1
96,5,1356.86,573.33,84.73,221.71,0.4982,-1,-1,-1
96,4,1721.55,458.95,73.70,207.09,0.6222,-1,-1,-1
96,3,1164.86,953.17,75.90,126.83,0.7956,-1,-1,-1
96,2,101.76,546.88,73.61,243.91,0.6779,-1,-1,-1
96,1,417.76,307.28,84.01,227.12,0.7601,-1,-1,-1
97,18,395.47,841.31,98.20,238.69,0.8020,-1,-1,-1
97,11,966.42,199.34,61.16,190.93,0.3791,-1,-1,-1
97,8,509.99,213.49,74.80,204.50,0.5290,-1,-1,-1
97,6,25.39,693.24,69.15,228.82,0.7185,-1,-1,-1
97,5,1356.52,572.36,83.80,221.60,0.5215,-1,-1,-1
97,4,1721.80,459.47,74.12,207.81,0.6387,-1,-1,-1
97,3,1163.28,951.47,74.93,128.53,0.7831,-1,-1,-1
97,2,101.97,546.97,73.43,245.03,0.6834,-1,-1,-1
97,1,417.51,306.78,83.24,227.44,0.7584,-1,-1,-1
98,18,395.08,839.08,97.14,240.92,0.8026,-1,-1,-1
98,11,964.51,199.71,62.19,190.15,0.4795,-1,-1,-1
98,8,511.14,214.33,73.18,204.57,0.5617,-1,-1,-1
98,6,25.83,692.83,69.03,229.34,0.7198,-1,-1,-1
98,5,1357.20,573.21,81.68,217.94,0.5181,-1,-1,-1
98,4,1721.98,455.55,73.93,211.85,0.6374,-1,-1,-1
98,3,1160.97,949.23,76.28,130.77,0.7767,-1,-1,-1
98,2,101.74,546.74,73.51,244.77,0.6733,-1,-1,-1
98,1,418.34,305.10,82.63,229.28,0.7629,-1,-1,-1
99,20,1165.42,159.85,89.88,163.61,0.3319,-1,-1,-1
99,18,394.71,833.92,97.09,246.08,0.8041,-1,-1,-1
99,11,962.71,200.40,61.61,189.57,0.4273,-1,-1,-1
99,8,512.77,214.49,70.78,204.42,0.5246,-1,-1,-1
99,6,26.58,692.12,69.15,228.99,0.7223,-1,-1,-1
99,5,1357.10,573.60,81.90,212.86,0.5441,-1,-1,-1
99,4,1722.21,459.48,73.56,208.05,0.6245,-1,-1,-1
99,3,1159.59,946.31,76.83,133.69,0.7662,-1,-1,-1
99,2,101.68,546.40,73.58,245.25,0.6742,-1,-1,-1
99,1,418.64,305.10,83.33,228.75,0.7623,-1,-1,-1
100,20,1167.03,161.52,88.71,161.81,0.3745,-1,-1,-1
100,18,393.55,831.83,97.18,248.17,0.7948,-1,-1,-1
100,11,961.49,201.58,60.45,188.08,0.4509,-1,-1,-1
100,8,511.24,213.68,70.60,207.10,0.4420,-1,-1,-1
100,6,26.61,690.04,70.37,230.03,0.7321,-1,-1,-1
100,5,1356.85,574.18,82.31,214.39,0.5223,-1,-1,-1
100,4,1721.84,459.53,73.77,207.84,0.6099,-1,-1,-1
100,3,1158.88,946.12,74.76,133.88,0.7549,-1,-1,-1
100,2,101.96,545.04,72.98,248.73,0.6641,-1,-1,-1
100,1,419.80,303.18,82.98,229.38,0.7520,-1,-1,-1
101,21,477.68,133.39,57.84,199.74,0.3146,-1,-1,-1
101,20,1167.74,163.23,84.06,160.32,0.3465,-1,-1,-1
101,18,391.68,830.40,98.02,249.60,0.7903,-1,-1,-1
101,11,960.30,202.06,60.18,183.24,0.4396,-1,-1,-1
101,8,511.79,217.00,71.88,207.47,0.5113,-1,-1,-1
101,6,28.34,687.72,69.67,226.11,0.7362,-1,-1,-1
101,5,1356.85,574.49,82.47,214.70,0.5136,-1,-1,-1
101,4,1721.71,459.75,74.22,207.87,0.6194,-1,-1,-1
101,3,1157.14,945.54,74.70,133.75,0.7603,-1,-1,-1
101,2,102.13,545.01,73.17,248.64,0.6694,-1,-1,-1
101,1,419.90,302.23,83.52,229.52,0.7663,-1,-1,-1
102,21,477.82,135.92,58.23,194.73,0.3720,-1,-1,-1
102,18,390.22,827.13,99.37,252.87,0.7982,-1,-1,-1
102,11,957.26,203.49,60.78,183.39,0.4927,-1,-1,-1
102,8,512.19,217.43,72.35,207.32,0.5145,-1,-1,-1
102,6,28.22,685.05,70.16,223.62,0.7535,-1,-1,-1
102,5,1356.91,574.25,82.63,217.63,0.5026,-1,-1,-1
102,4,1721.98,460.12,73.37,206.99,0.6226,-1,-1,-1
102,3,1156.16,944.03,72.97,134.60,0.7412,-1,-1,-1
102,2,102.41,544.65,73.30,248.73,0.6748,-1,-1,-1
102,1,420.74,299.90,82.49,229.74,0.7646,-1,-1,-1
103,18,388.35,825.72,101.14,254.28,0.7945,-1,-1,-1
103,11,954.22,200.35,61.17,185.23,0.4967,-1,-1,-1
103,8,511.14,216.49,74.44,210.34,0.5130,-1,-1,-1
103,6,30.93,684.31,68.93,219.22,0.7643,-1,-1,-1
103,5,1357.39,573.76,83.00,218.57,0.4889,-1,-1,-1
103,4,1721.04,459.89,74.54,206.51,0.6110,-1,-1,-1
103,3,1154.52,941.01,72.12,137.64,0.7411,-1,-1,-1
103,2,102.40,544.71,73.08,249.28,0.6722,-1,-1,-1
103,1,420.41,299.06,82.64,227.72,0.7478,-1,-1,-1
104,18,386.87,822.73,102.20,257.27,0.8051,-1,-1,-1
104,11,952.67,201.49,60.90,184.95,0.4645,-1,-1,-1
104,8,512.58,216.46,76.91,209.73,0.5277,-1,-1,-1
104,6,32.68,682.00,68.14,220.01,0.7645,-1,-1,-1
104,5,1357.28,574.32,83.22,219.24,0.4485,-1,-1,-1
104,4,1721.66,459.10,73.04,206.83,0.6167,-1,-1,-1
104,3,1151.97,941.68,70.96,137.07,0.7273,-1,-1,-1
104,2,102.75,543.93,72.96,250.27,0.6567,-1,-1,-1
104,1,421.13,299.36,81.29,224.09,0.7411,-1,-1,-1
105,21,477.34,143.19,56.65,185.22,0.3209,-1,-1,-1
105,18,386.65,821.42,102.18,258.58,0.8104,-1,-1,-1
105,11,950.63,200.85,60.57,187.49,0.4987,-1,-1,-1
105,8,514.53,221.73,73.42,204.11,0.5062,-1,-1,-1
105,6,35.42,681.11,67.89,222.35,0.7764,-1,-1,-1
105,5,1356.99,574.19,85.61,226.70,0.4631,-1,-1,-1
105,4,1721.11,458.77,74.73,207.03,0.6145,-1,-1,-1
105,3,1150.92,940.65,69.49,137.43,0.7223,-1,-1,-1
105,2,102.76,544.44,73.22,249.62,0.6827,-1,-1,-1
105,1,420.52,298.25,82.54,218.72,0.7368,-1,-1,-1
106,18,385.45,819.27,102.53,260.73,0.8043,-1,-1,-1
106,11,949.07,201.37,59.69,186.22,0.5159,-1,-1,-1
106,8,513.91,219.66,73.53,205.53,0.4995,-1,-1,-1
106,6,35.84,679.87,71.10,222.95,0.7829,-1,-1,-1
106,5,1357.14,574.42,82.14,218.41,0.4969,-1,-1,-1
106,4,1721.32,459.87,73.85,206.71,0.6225,-1,-1,-1
106,3,1149.86,939.86,68.79,138.87,0.7099,-1,-1,-1
106,2,103.00,545.99,73.20,248.30,0.6617,-1,-1,-1
106,1,421.41,296.96,81.56,215.41,0.7389,-1,-1,-1
107,18,385.64,818.10,100.99,261.90,0.8077,-1,-1,-1
107,11,949.45,204.78,58.38,186.60,0.5243,-1,-1,-1
107,8,514.08,224.09,72.29,201.33,0.5117,-1,-1,-1
107,6,36.01,679.17,76.85,222.50,0.7872,-1,-1,-1
107,5,1356.82,574.30,85.11,223.85,0.4665,-1,-1,-1
107,4,1720.93,459.60,74.45,206.81,0.6310,-1,-1,-1
107,3,1147.49,938.26,70.75,140.57,0.7249,-1,-1,-1
107,2,103.22,546.26,73.27,248.98,0.6637,-1,-1,-1
107,1,420.82,295.64,81.73,215.68,0.7491,-1,-1,-1
108,20,1162.63,153.16,56.91,169.51,0.3970,-1,-1,-1
108,18,385.81,816.40,100.40,263.60,0.8064,-1,-1,-1
108,11,946.06,205.60,60.55,189.69,0.5483,-1,-1,-1
108,8,515.51,223.85,67.57,202.08,0.4525,-1,-1,-1
108,6,36.97,676.86,81.22,225.27,0.8081,-1,-1,-1
108,5,1356.84,575.25,85.42,221.40,0.4996,-1,-1,-1
108,4,1720.83,459.08,74.36,207.18,0.6405,-1,-1,-1
108,3,1145.56,938.10,71.10,140.22,0.7300,-1,-1,-1
108,2,102.98,545.88,73.93,250.72,0.6421,-1,-1,-1
108,1,420.77,294.26,82.01,216.71,0.7386,-1,-1,-1
109,20,1160.95,153.23,56.79,167.27,0.3702,-1,-1,-1
109,18,385.74,810.97,99.66,269.03,0.8131,-1,-1,-1
109,11,945.57,204.55,59.12,188.14,0.6071,-1,-1,-1
109,8,515.72,225.32,67.34,200.66,0.4468,-1,-1,-1
109,6,38.15,676.29,78.63,225.66,0.8146,-1,-1,-1
109,5,1356.53,575.64,82.76,216.03,0.5251,-1,-1,-1
109,4,1721.91,458.64,72.78,206.25,0.6148,-1,-1,-1
109,3,1143.59,937.10,71.35,142.16,0.7534,-1,-1,-1
109,2,102.97,545.45,73.40,251.80,0.6552,-1,-1,-1
109,1,419.37,294.00,83.97,216.54,0.7416,-1,-1,-1
110,20,1158.12,149.78,58.39,174.12,0.3680,-1,-1,-1
110,18,386.41,805.43,98.14,274.57,0.8170,-1,-1,-1
110,11,944.85,206.03,57.42,186.53,0.6179,-1,-1,-1
110,8,513.95,227.66,64.24,197.89,0.4356,-1,-1,-1
110,6,38.98,673.44,89.02,226.49,0.7996,-1,-1,-1
110,5,1356.70,576.26,84.44,218.23,0.5030,-1,-1,-1
110,4,1721.43,459.47,73.76,208.02,0.6224,-1,-1,-1
110,3,1140.56,936.91,72.74,142.86,0.7567,-1,-1,-1
110,2,102.99,544.85,73.64,254.98,0.6555,-1,-1,-1
110,1,419.29,291.32,84.77,219.15,0.7470,-1,-1,-1
111,20,1154.13,149.79,56.26,169.99,0.3394,-1,-1,-1
111,18,387.92,801.34,97.24,278.66,0.8207,-1,-1,-1
111,11,942.66,207.05,59.30,187.01,0.6482,-1,-1,-1
111,8,516.36,227.57,73.76,199.42,0.5177,-1,-1,-1
111,6,41.41,671.43,90.72,226.21,0.7704,-1,-1,-1
111,5,1356.85,575.83,81.56,212.68,0.5087,-1,-1,-1
111,4,1721.96,456.03,73.48,210.80,0.5941,-1,-1,-1
111,3,1138.29,936.03,73.27,143.97,0.7609,-1,-1,-1
111,2,102.70,544.70,73.39,255.40,0.6585,-1,-1,-1
111,1,419.98,288.78,84.93,222.64,0.7340,-1,-1,-1
112,20,1151.25,149.73,59.44,168.63,0.4267,-1,-1,-1
112,18,388.71,799.88,96.01,275.89,0.8149,-1,-1,-1
112,11,940.72,209.67,59.48,185.04,0.6368,-1,-1,-1
112,8,517.55,231.26,73.91,198.02,0.5551,-1,-1,-1
112,6,43.87,670.38,89.87,225.96,0.7176,-1,-1,-1
112,5,1357.35,574.96,81.14,211.72,0.5609,-1,-1,-1
112,4,1721.99,456.47,73.79,210.74,0.6133,-1,-1,-1
112,3,1138.15,934.71,72.36,145.29,0.7562,-1,-1,-1
112,2,103.15,544.73,72.61,254.86,0.6418,-1,-1,-1
112,1,419.19,287.83,84.95,223.16,0.7351,-1,-1,-1
113,20,1146.36,150.62,63.50,166.77,0.4300,-1,-1,-1
113,18,388.46,797.68,95.88,271.43,0.8058,-1,-1,-1
113,11,940.38,210.13,57.95,185.25,0.6521,-1,-1,-1
113,8,518.04,233.48,73.44,198.31,0.5482,-1,-1,-1
113,6,46.10,670.37,79.68,224.99,0.6614,-1,-1,-1
113,5,1356.63,575.36,83.75,217.05,0.5361,-1,-1,-1
113,4,1721.68,460.41,73.83,205.23,0.6322,-1,-1,-1
113,3,1134.97,934.44,73.89,145.56,0.7563,-1,-1,-1
113,2,103.76,545.65,71.94,251.57,0.6696,-1,-1,-1
113,1,420.23,287.17,85.12,224.18,0.7437,-1,-1,-1
114,21,475.63,154.52,60.17,178.27,0.3251,-1,-1,-1
114,20,1132.88,149.87,75.63,167.38,0.3079,-1,-1,-1
114,18,389.16,794.10,95.83,270.50,0.8079,-1,-1,-1
114,11,937.06,209.45,58.65,185.70,0.6030,-1,-1,-1
114,8,519.62,235.27,74.35,201.43,0.5680,-1,-1,-1
114,6,48.46,667.98,82.05,226.27,0.6567,-1,-1,-1
114,5,1356.97,575.28,81.98,215.33,0.5368,-1,-1,-1
114,4,1721.75,456.24,73.71,210.89,0.6203,-1,-1,-1
114,3,1133.13,933.47,73.29,146.53,0.7549,-1,-1,-1
114,2,103.66,545.46,72.09,251.20,0.6596,-1,-1,-1
114,1,419.64,286.21,87.23,223.19,0.7350,-1,-1,-1
115,21,476.32,154.88,58.79,175.60,0.3443,-1,-1,-1
115,18,389.28,790.66,98.13,269.53,0.8049,-1,-1,-1
115,11,937.33,210.52,57.04,183.78,0.6124,-1,-1,-1
115,8,521.58,236.38,74.99,201.58,0.6076,-1,-1,-1
115,6,53.61,665.82,81.46,227.43,0.6843,-1,-1,-1
115,5,1357.01,574.84,82.91,214.01,0.5498,-1,-1,-1
115,4,1721.55,456.79,74.53,210.86,0.6519,-1,-1,-1
115,3,1128.94,933.96,75.81,146.04,0.7634,-1,-1,-1
115,2,103.94,545.33,71.35,253.27,0.6315,-1,-1,-1
115,1,420.15,286.88,86.93,222.39,0.7588,-1,-1,-1
116,21,474.88,153.27,60.86,178.02,0.3678,-1,-1,-1
116,20,1116.77,149.87,85.84,169.24,0.3423,-1,-1,-1
116,18,390.69,788.30,98.78,272.54,0.8109,-1,-1,-1
116,11,934.95,211.04,58.58,182.32,0.5613,-1,-1,-1
116,8,519.98,235.21,74.55,203.22,0.5903,-1,-1,-1
116,6,59.55,664.81,76.09,220.71,0.6926,-1,-1,-1
116,5,1356.42,574.90,84.01,218.43,0.5441,-1,-1,-1
116,4,1721.67,460.71,73.78,206.23,0.6300,-1,-1,-1
116,3,1126.62,934.37,75.19,145.56,0.7661,-1,-1,-1
116,2,103.34,546.49,70.81,247.06,0.5931,-1,-1,-1
116,1,419.40,285.65,87.18,223.74,0.7555,-1,-1,-1
117,20,1108.67,146.61,90.76,173.80,0.3497,-1,-1,-1
117,18,390.20,787.17,100.09,272.09,0.8088,-1,-1,-1
117,11,934.43,210.80,56.22,180.45,0.5324,-1,-1,-1
117,8,520.27,236.03,74.11,203.69,0.5522,-1,-1,-1
117,6,67.90,664.89,73.45,216.24,0.7186,-1,-1,-1
117,5,1356.00,576.00,84.95,221.78,0.5569,-1,-1,-1
117,4,1721.24,459.63,74.26,206.63,0.6436,-1,-1,-1
117,3,1124.26,934.32,75.99,145.04,0.7593,-1,-1,-1
117,2,103.27,545.88,70.82,244.75,0.5551,-1,-1,-1
117,1,419.81,285.28,86.83,223.94,0.7546,-1,-1,-1
118,20,1107.81,146.79,89.27,173.32,0.3869,-1,-1,-1
118,18,390.20,785.33,101.59,276.08,0.7997,-1,-1,-1
118,11,929.99,211.28,59.36,183.81,0.5604,-1,-1,-1
118,8,519.90,235.06,74.52,207.61,0.5836,-1,-1,-1
118,6,72.26,666.74,70.70,211.19,0.6110,-1,-1,-1
118,5,1356.64,576.07,83.56,213.77,0.5144,-1,-1,-1
118,4,1721.53,459.89,73.86,206.46,0.6526,-1,-1,-1
118,3,1121.02,934.18,77.86,145.60,0.7777,-1,-1,-1
118,2,98.79,545.02,75.36,246.83,0.5337,-1,-1,-1
118,1,420.85,284.95,85.43,223.77,0.7446,-1,-1,-1
119,21,478.51,160.81,56.05,170.76,0.3112,-1,-1,-1
119,20,1104.62,145.77,91.38,175.22,0.4332,-1,-1,-1
119,18,392.47,784.16,100.35,274.46,0.8012,-1,-1,-1
119,11,930.87,210.40,55.95,186.23,0.5356,-1,-1,-1
119,8,520.10,237.22,72.50,207.28,0.6034,-1,-1,-1
119,6,77.13,669.53,72.23,208.38,0.5397,-1,-1,-1
119,5,1356.87,575.68,83.29,217.95,0.4833,-1,-1,-1
119,4,1720.62,459.55,75.19,206.90,0.6543,-1,-1,-1
119,3,1117.72,934.24,78.32,145.76,0.7951,-1,-1,-1
119,2,99.06,546.36,75.42,256.26,0.5135,-1,-1,-1
119,1,420.69,284.65,85.30,223.69,0.7466,-1,-1,-1
120,20,1102.82,146.25,92.43,174.16,0.4384,-1,-1,-1
120,18,392.68,782.93,100.59,274.81,0.8034,-1,-1,-1
120,11,929.24,211.12,56.82,186.67,0.5361,-1,-1,-1
120,8,521.04,240.79,71.11,202.08,0.5785,-1,-1,-1
120,6,81.84,666.27,68.97,207.62,0.5922,-1,-1,-1
120,5,1356.38,577.51,83.13,211.67,0.4815,-1,-1,-1
120,4,1720.85,459.89,75.12,206.96,0.6277,-1,-1,-1
120,3,1114.10,933.54,78.84,146.46,0.7978,-1,-1,-1
120,2,99.19,545.37,75.10,257.37,0.5083,-1,-1,-1
120,1,420.97,284.00,84.88,224.58,0.7472,-1,-1,-1
121,22,625.40,750.18,57.09,170.53,0.3402,-1,-1,-1
121,21,479.09,166.03,54.40,163.26,0.3191,-1,-1,-1
121,20,1104.53,145.85,85.80,173.41,0.4006,-1,-1,-1
121,18,392.83,780.32,101.07,276.75,0.8023,-1,-1,-1
121,11,926.78,211.29,57.71,186.94,0.4905,-1,-1,-1
121,8,521.97,242.99,67.43,199.16,0.5765,-1,-1,-1
121,6,80.84,663.81,72.97,212.04,0.6929,-1,-1,-1
121,5,1356.48,575.86,82.67,212.96,0.5530,-1,-1,-1
121,4,1721.82,455.60,73.86,211.55,0.6360,-1,-1,-1
121,3,1110.24,932.74,80.03,147.26,0.7765,-1,-1,-1
121,2,100.34,544.56,74.19,244.93,0.4923,-1,-1,-1
121,1,421.15,281.81,83.93,225.30,0.7510,-1,-1,-1
122,22,625.81,751.22,57.38,168.45,0.3510,-1,-1,-1
122,20,1105.66,145.33,82.48,172.74,0.3583,-1,-1,-1
122,18,392.41,779.97,102.07,276.79,0.7995,-1,-1,-1
122,11,926.14,211.23,55.81,187.11,0.4257,-1,-1,-1
122,8,520.94,242.31,66.44,199.56,0.5995,-1,-1,-1
122,6,83.81,660.96,76.67,214.34,0.6641,-1,-1,-1
122,5,1356.69,576.03,84.26,217.18,0.4784,-1,-1,-1
122,4,1720.25,459.82,75.71,206.85,0.6482,-1,-1,-1
122,3,1106.34,932.40,80.59,147.60,0.7838,-1,-1,-1
122,2,102.46,546.63,70.67,207.91,0.4584,-1,-1,-1
122,1,421.33,281.19,84.09,223.26,0.7522,-1,-1,-1
123,22,625.48,752.36,57.03,167.41,0.3282,-1,-1,-1
123,20,1107.25,144.75,75.56,172.71,0.3436,-1,-1,-1
123,18,392.23,778.48,102.14,276.79,0.7931,-1,-1,-1
123,11,925.66,209.56,56.02,189.14,0.4610,-1,-1,-1
123,8,521.57,244.67,66.36,196.41,0.5734,-1,-1,-1
123,6,84.35,658.89,77.02,215.06,0.6611,-1,-1,-1
123,5,1356.50,576.48,84.02,212.45,0.5546,-1,-1,-1
123,4,1720.90,458.94,75.56,207.84,0.6470,-1,-1,-1
123,3,1104.64,931.50,79.45,148.03,0.7826,-1,-1,-1
123,2,102.75,546.26,70.41,207.13,0.4800,-1,-1,-1
123,1,422.32,280.28,82.79,220.52,0.7332,-1,-1,-1
124,20,1105.37,143.20,72.31,171.93,0.3048,-1,-1,-1
124,18,393.35,778.16,102.80,273.53,0.7935,-1,-1,-1
124,11,922.62,209.97,57.13,188.57,0.4643,-1,-1,-1
124,8,522.62,244.65,69.33,197.82,0.5244,-1,-1,-1
124,6,92.14,656.67,70.76,217.50,0.5101,-1,-1,-1
124,5,1356.82,576.29,83.51,214.78,0.5145,-1,-1,-1
124,4,1720.74,459.63,75.34,206.69,0.6139,-1,-1,-1
124,3,1101.02,929.85,79.58,149.57,0.7834,-1,-1,-1
124,2,102.02,544.96,71.20,214.91,0.3545,-1,-1,-1
124,1,422.28,278.99,82.47,217.31,0.7286,-1,-1,-1
125,20,1106.04,141.44,68.87,173.75,0.3246,-1,-1,-1
125,18,393.27,775.00,101.82,276.32,0.7895,-1,-1,-1
125,11,920.99,210.50,56.13,188.77,0.4721,-1,-1,-1
125,8,522.76,247.58,67.27,190.42,0.5242,-1,-1,-1
125,6,97.32,653.15,64.90,221.11,0.4101,-1,-1,-1
125,5,1357.09,575.77,83.02,215.06,0.4870,-1,-1,-1
125,4,1720.93,457.95,74.69,208.93,0.6331,-1,-1,-1
125,3,1097.23,929.75,80.22,150.11,0.7886,-1,-1,-1
125,2,102.39,545.20,70.60,210.40,0.3389,-1,-1,-1
125,1,422.83,278.35,81.66,213.31,0.7081,-1,-1,-1
126,20,1104.98,140.83,62.67,172.19,0.3633,-1,-1,-1
126,18,393.42,770.00,98.87,279.16,0.8007,-1,-1,-1
126,11,919.90,211.08,53.49,189.15,0.4828,-1,-1,-1
126,8,523.14,248.67,67.82,192.11,0.5489,-1,-1,-1
126,5,1357.58,575.93,82.03,212.43,0.5262,-1,-1,-1
126,4,1720.37,458.54,74.98,208.85,0.6345,-1,-1,-1
126,3,1093.75,929.10,80.97,150.44,0.8042,-1,-1,-1
126,2,102.58,543.51,70.13,163.41,0.3040,-1,-1,-1
126,1,421.70,277.40,82.46,213.67,0.7059,-1,-1,-1
127,20,1105.43,141.04,57.11,172.77,0.3620,-1,-1,-1
127,18,393.35,765.77,97.60,275.89,0.7939,-1,-1,-1
127,11,918.61,210.81,53.55,189.12,0.4227,-1,-1,-1
127,8,523.94,252.03,67.08,188.50,0.5626,-1,-1,-1
127,6,103.20,544.31,72.95,321.23,0.3020,-1,-1,-1
127,5,1357.55,576.68,82.68,213.76,0.5202,-1,-1,-1
127,4,1721.00,459.08,74.78,207.41,0.6578,-1,-1,-1
127,3,1090.55,929.08,82.57,150.92,0.8078,-1,-1,-1
127,1,422.77,276.98,80.52,213.57,0.6879,-1,-1,-1
128,20,1100.69,140.74,59.33,172.28,0.3967,-1,-1,-1
128,18,393.46,760.88,97.88,276.12,0.7917,-1,-1,-1
128,11,914.40,212.41,55.31,189.69,0.4351,-1,-1,-1
128,8,524.80,254.47,65.49,188.55,0.5357,-1,-1,-1
128,5,1357.19,576.69,83.05,215.09,0.5057,-1,-1,-1
128,4,1720.95,459.24,75.38,206.99,0.6282,-1,-1,-1
128,3,1087.74,928.10,81.29,151.53,0.7923,-1,-1,-1
128,2,102.60,543.62,70.62,155.39,0.3951,-1,-1,-1
128,1,422.48,276.45,80.05,213.20,0.6690,-1,-1,-1
129,18,395.78,756.29,94.88,270.70,0.7938,-1,-1,-1
129,11,911.54,213.24,56.57,187.17,0.4731,-1,-1,-1
129,8,525.46,255.14,64.07,192.44,0.5919,-1,-1,-1
129,6,102.56,540.73,72.39,249.28,0.3545,-1,-1,-1
129,5,1365.00,575.69,78.10,221.53,0.4780,-1,-1,-1
129,4,1720.76,458.30,74.93,206.43,0.6353,-1,-1,-1
129,3,1085.82,927.66,80.90,151.76,0.7888,-1,-1,-1
129,1,419.00,275.71,81.13,216.80,0.6901,-1,-1,-1
130,22,624.91,752.04,57.25,165.86,0.3091,-1,-1,-1
130,18,397.11,754.31,93.23,264.57,0.7507,-1,-1,-1
130,11,904.26,214.47,63.28,186.50,0.4836,-1,-1,-1
130,8,527.37,257.61,61.33,193.31,0.5547,-1,-1,-1
130,6,102.85,544.10,71.60,244.81,0.5560,-1,-1,-1
130,5,1358.80,575.49,83.22,217.58,0.4892,-1,-1,-1
130,4,1721.41,458.38,74.45,207.88,0.6122,-1,-1,-1
130,3,1082.02,926.88,82.04,152.23,0.7804,-1,-1,-1
130,1,418.87,273.88,81.21,218.67,0.7041,-1,-1,-1
131,18,395.99,752.40,93.21,263.25,0.7423,-1,-1,-1
131,11,900.82,214.15,64.49,186.41,0.4997,-1,-1,-1
131,8,528.10,257.20,60.94,200.49,0.5048,-1,-1,-1
131,6,103.03,543.38,71.63,244.25,0.6453,-1,-1,-1
131,5,1360.64,576.84,81.33,214.16,0.5046,-1,-1,-1
131,4,1721.31,459.13,74.23,207.01,0.6175,-1,-1,-1
131,3,1080.89,926.90,80.43,151.18,0.7589,-1,-1,-1
131,1,420.39,272.86,79.72,219.16,0.6632,-1,-1,-1
132,20,1090.13,139.92,57.93,169.31,0.3919,-1,-1,-1
132,18,393.49,750.11,94.37,265.96,0.7532,-1,-1,-1
132,11,900.13,212.89,67.21,187.91,0.4840,-1,-1,-1
132,8,529.61,252.23,62.56,205.90,0.5009,-1,-1,-1
132,6,102.57,544.52,73.55,246.04,0.5847,-1,-1,-1
132,5,1359.34,576.16,81.64,215.16,0.5143,-1,-1,-1
132,4,1721.35,459.31,74.26,207.00,0.6177,-1,-1,-1
132,3,1079.86,927.62,80.77,150.70,0.7714,-1,-1,-1
132,1,419.24,273.09,81.09,219.39,0.6497,-1,-1,-1
133,25,574.52,247.79,55.58,181.98,0.3167,-1,-1,-1
133,20,1082.60,140.07,59.73,169.56,0.3848,-1,-1,-1
133,18,389.95,749.04,98.23,265.54,0.7545,-1,-1,-1
133,11,900.14,210.44,67.54,192.13,0.4771,-1,-1,-1
133,8,530.92,252.73,60.35,207.37,0.5161,-1,-1,-1
133,6,102.30,544.77,74.55,245.60,0.5380,-1,-1,-1
133,5,1357.66,576.78,83.86,213.92,0.4925,-1,-1,-1
133,4,1720.84,458.74,74.69,206.62,0.6033,-1,-1,-1
133,3,1078.17,927.66,80.79,150.90,0.7792,-1,-1,-1
133,1,418.56,271.99,81.46,219.84,0.6423,-1,-1,-1
134,25,575.11,246.11,54.48,184.28,0.4139,-1,-1,-1
134,20,1074.02,139.44,68.53,171.88,0.4329,-1,-1,-1
134,18,388.78,748.13,98.93,266.02,0.7701,-1,-1,-1
134,11,899.03,211.89,66.35,190.06,0.4619,-1,-1,-1
134,8,531.54,255.50,57.21,203.04,0.5155,-1,-1,-1
134,6,102.26,545.34,76.15,233.91,0.5150,-1,-1,-1
134,5,1358.55,575.62,83.66,217.11,0.4828,-1,-1,-1
134,4,1721.10,459.67,74.09,206.94,0.5936,-1,-1,-1
134,3,1076.26,927.14,78.77,150.70,0.7849,-1,-1,-1
134,1,418.11,273.02,81.41,218.50,0.6427,-1,-1,-1
135,25,575.94,247.01,54.12,184.86,0.4341,-1,-1,-1
135,20,1057.41,140.47,82.81,172.64,0.4572,-1,-1,-1
135,18,388.98,745.69,98.35,268.70,0.7789,-1,-1,-1
135,11,898.92,210.77,66.18,191.62,0.4351,-1,-1,-1
135,8,530.32,259.13,57.93,202.76,0.5557,-1,-1,-1
135,6,101.34,542.62,77.86,241.88,0.6187,-1,-1,-1
135,5,1358.06,575.92,84.41,217.31,0.5087,-1,-1,-1
135,4,1720.17,458.38,75.21,207.82,0.5992,-1,-1,-1
135,3,1074.87,926.38,79.12,151.77,0.7816,-1,-1,-1
135,1,415.72,271.16,83.64,219.34,0.6423,-1,-1,-1
136,25,576.17,250.06,53.01,185.66,0.5032,-1,-1,-1
136,20,1045.60,140.66,91.83,170.61,0.5634,-1,-1,-1
136,18,385.28,745.32,102.14,268.40,0.7918,-1,-1,-1
136,11,897.82,212.21,63.11,189.08,0.4135,-1,-1,-1
136,8,530.08,258.69,57.29,202.56,0.5585,-1,-1,-1
136,6,101.73,544.05,75.16,238.59,0.6224,-1,-1,-1
136,5,1362.11,577.00,83.14,221.16,0.4839,-1,-1,-1
136,4,1721.23,458.81,74.38,208.23,0.6122,-1,-1,-1
136,3,1073.40,926.87,76.90,150.55,0.7887,-1,-1,-1
136,1,417.34,270.78,81.42,218.50,0.6726,-1,-1,-1
137,25,574.64,250.64,55.17,185.47,0.4586,-1,-1,-1
137,20,1043.21,138.82,92.05,171.58,0.5819,-1,-1,-1
137,18,384.02,744.93,102.65,268.38,0.7901,-1,-1,-1
137,11,896.51,210.86,61.22,191.66,0.4164,-1,-1,-1
137,8,531.85,255.44,56.00,205.28,0.5880,-1,-1,-1
137,6,101.29,545.12,71.14,236.47,0.5725,-1,-1,-1
137,5,1365.84,577.74,78.77,218.76,0.4574,-1,-1,-1
137,4,1721.16,457.32,74.86,209.07,0.6084,-1,-1,-1
137,3,1071.49,927.35,77.14,149.82,0.7950,-1,-1,-1
137,1,415.91,268.80,82.45,219.25,0.6640,-1,-1,-1
138,26,134.55,638.18,82.48,208.84,0.4316,-1,-1,-1
138,25,574.59,250.97,55.57,184.56,0.4443,-1,-1,-1
138,20,1039.82,140.65,94.46,169.88,0.6010,-1,-1,-1
138,18,383.12,744.83,103.18,267.77,0.7894,-1,-1,-1
138,11,894.92,212.32,53.70,178.83,0.4602,-1,-1,-1
138,8,532.64,255.83,54.48,202.70,0.5918,-1,-1,-1
138,6,101.82,545.38,67.21,236.52,0.5981,-1,-1,-1
138,5,1364.96,577.05,79.78,222.20,0.4475,-1,-1,-1
138,4,1721.00,457.77,74.93,209.11,0.6056,-1,-1,-1
138,3,1070.13,927.66,76.43,149.64,0.7898,-1,-1,-1
138,1,416.14,267.64,81.89,219.50,0.6926,-1,-1,-1
139,26,139.66,636.15,88.76,207.80,0.4483,-1,-1,-1
139,25,574.24,250.84,56.22,183.78,0.4392,-1,-1,-1
139,20,1040.86,140.63,92.20,171.03,0.5912,-1,-1,-1
139,18,382.79,744.54,102.58,267.00,0.7960,-1,-1,-1
139,11,893.14,209.92,60.05,191.16,0.5243,-1,-1,-1
139,8,532.34,259.15,54.85,200.10,0.5749,-1,-1,-1
139,6,101.72,545.43,67.10,238.31,0.6170,-1,-1,-1
139,5,1361.67,576.19,84.28,224.35,0.4686,-1,-1,-1
139,4,1720.64,457.75,75.36,209.16,0.6237,-1,-1,-1
139,3,1068.79,927.35,75.83,149.19,0.7878,-1,-1,-1
139,1,415.70,265.97,81.27,220.98,0.6410,-1,-1,-1
140,27,818.53,249.21,59.17,168.40,0.3104,-1,-1,-1
140,26,143.81,633.67,89.45,206.42,0.4226,-1,-1,-1
140,25,578.26,251.93,53.82,180.03,0.4521,-1,-1,-1
140,20,1039.94,140.78,91.45,171.23,0.5772,-1,-1,-1
140,18,383.99,741.56,101.76,267.35,0.7962,-1,-1,-1
140,11,889.29,210.11,52.63,182.12,0.4701,-1,-1,-1
140,8,531.88,258.00,56.23,202.96,0.6028,-1,-1,-1
140,6,102.13,545.25,65.57,239.39,0.6187,-1,-1,-1
140,5,1358.57,577.03,84.18,212.93,0.5495,-1,-1,-1
140,4,1720.84,458.40,75.16,208.64,0.6356,-1,-1,-1
140,3,1066.90,926.33,76.33,149.73,0.7917,-1,-1,-1
140,1,417.57,267.62,79.30,216.82,0.6147,-1,-1,-1
141,27,818.17,248.37,57.98,169.37,0.3827,-1,-1,-1
141,26,145.08,629.03,88.69,208.06,0.5918,-1,-1,-1
141,25,579.89,249.15,51.53,184.46,0.4785,-1,-1,-1
141,20,1042.21,140.36,85.93,170.17,0.5574,-1,-1,-1
141,18,384.85,739.40,99.95,267.40,0.7965,-1,-1,-1
141,11,886.15,209.53,55.03,187.79,0.5439,-1,-1,-1
141,8,531.75,257.92,55.93,201.88,0.6029,-1,-1,-1
141,6,102.58,545.89,66.20,240.56,0.6446,-1,-1,-1
141,5,1357.52,575.51,86.31,216.70,0.4985,-1,-1,-1
141,4,1721.07,458.33,74.99,207.91,0.6222,-1,-1,-1
141,3,1064.87,924.94,75.90,151.68,0.7871,-1,-1,-1
141,1,416.69,265.04,79.79,216.89,0.6323,-1,-1,-1
142,26,148.95,628.94,83.65,204.75,0.5437,-1,-1,-1
142,25,581.06,249.97,52.37,182.41,0.4965,-1,-1,-1
142,22,624.02,752.00,58.94,168.59,0.3333,-1,-1,-1
142,20,1039.93,140.60,86.56,168.95,0.5953,-1,-1,-1
142,18,387.22,737.17,96.56,268.32,0.7913,-1,-1,-1
142,11,883.06,208.33,54.64,187.39,0.5165,-1,-1,-1
142,8,531.74,257.01,55.92,203.20,0.5990,-1,-1,-1
142,6,103.59,545.95,66.52,241.76,0.6583,-1,-1,-1
142,5,1357.21,575.83,87.04,218.18,0.4818,-1,-1,-1
142,4,1721.44,459.19,74.92,206.87,0.6238,-1,-1,-1
142,3,1064.97,924.63,72.94,152.88,0.7777,-1,-1,-1
142,1,417.08,264.22,78.49,216.59,0.6334,-1,-1,-1
143,26,149.13,629.55,86.22,208.41,0.6521,-1,-1,-1
143,25,581.35,247.27,53.65,187.39,0.4531,-1,-1,-1
143,20,1041.96,137.67,81.94,171.92,0.5709,-1,-1,-1
143,18,388.56,734.30,94.71,265.55,0.8026,-1,-1,-1
143,11,881.43,206.68,53.65,189.28,0.4780,-1,-1,-1
143,8,530.76,257.42,56.28,202.96,0.5950,-1,-1,-1
143,6,103.71,545.36,67.09,241.06,0.6747,-1,-1,-1
143,5,1357.83,575.80,85.98,217.79,0.4819,-1,-1,-1
143,4,1721.26,459.17,74.88,206.97,0.6335,-1,-1,-1
143,3,1063.41,923.46,72.22,153.15,0.7624,-1,-1,-1
143,1,414.96,258.84,78.82,222.01,0.6330,-1,-1,-1
144,26,153.40,630.81,81.59,207.19,0.6816,-1,-1,-1
144,25,581.99,252.79,55.85,182.93,0.4934,-1,-1,-1
144,21,479.59,184.28,57.90,176.67,0.3211,-1,-1,-1
144,20,1041.42,136.53,78.71,171.96,0.4550,-1,-1,-1
144,18,389.51,730.96,93.46,261.75,0.7949,-1,-1,-1
144,11,877.58,206.85,57.36,188.67,0.4741,-1,-1,-1
144,8,530.37,259.79,57.70,202.72,0.6042,-1,-1,-1
144,6,103.38,545.79,68.15,240.93,0.6865,-1,-1,-1
144,5,1358.46,575.99,85.63,217.09,0.4984,-1,-1,-1
144,4,1721.62,459.77,74.58,207.00,0.6215,-1,-1,-1
144,3,1062.28,923.06,70.45,153.60,0.7572,-1,-1,-1
144,1,414.61,259.44,80.13,217.29,0.6328,-1,-1,-1
145,26,157.71,627.33,76.53,212.33,0.7010,-1,-1,-1
145,25,583.19,252.48,55.02,184.03,0.5292,-1,-1,-1
145,20,1041.34,136.36,69.43,171.84,0.4229,-1,-1,-1
145,18,392.83,729.52,90.79,255.98,0.7986,-1,-1,-1
145,11,872.23,207.36,61.91,185.74,0.5444,-1,-1,-1
145,8,529.54,259.26,56.75,202.56,0.5950,-1,-1,-1
145,6,103.81,545.73,69.12,242.76,0.7090,-1,-1,-1
145,5,1358.08,576.05,84.61,213.81,0.5400,-1,-1,-1
145,4,1721.57,459.26,74.19,206.59,0.6103,-1,-1,-1
145,3,1060.90,922.83,67.97,153.82,0.7582,-1,-1,-1
145,1,416.57,259.83,77.68,210.55,0.6202,-1,-1,-1
146,26,158.94,624.33,76.36,214.51,0.7110,-1,-1,-1
146,25,584.96,254.22,53.17,187.21,0.5112,-1,-1,-1
146,20,1041.25,136.41,63.93,171.03,0.4844,-1,-1,-1
146,18,393.56,726.29,91.05,251.54,0.7771,-1,-1,-1
146,11,872.56,206.44,59.74,185.42,0.4903,-1,-1,-1
146,8,530.32,259.18,57.62,205.01,0.5935,-1,-1,-1
146,6,103.69,546.02,69.64,242.39,0.7156,-1,-1,-1
146,5,1357.73,575.31,85.29,218.51,0.5128,-1,-1,-1
146,4,1721.88,459.56,74.20,207.63,0.6143,-1,-1,-1
146,3,1058.58,921.68,66.43,156.94,0.7415,-1,-1,-1
146,1,414.63,252.82,76.83,219.19,0.6398,-1,-1,-1
147,26,160.72,619.90,75.42,216.32,0.6897,-1,-1,-1
147,25,584.81,254.91,54.38,188.60,0.5381,-1,-1,-1
147,20,1040.42,135.23,60.95,171.14,0.4767,-1,-1,-1
147,18,394.34,718.66,91.36,256.33,0.7797,-1,-1,-1
147,11,869.56,205.73,62.06,185.15,0.4784,-1,-1,-1
147,8,530.34,260.16,56.71,206.53,0.6092,-1,-1,-1
147,6,104.04,546.21,69.64,240.90,0.7135,-1,-1,-1
147,5,1358.43,574.39,84.52,217.59,0.5410,-1,-1,-1
147,4,1721.45,458.82,74.94,207.33,0.6273,-1,-1,-1
147,3,1057.08,921.09,63.08,157.59,0.7264,-1,-1,-1
147,1,414.44,253.15,77.67,219.41,0.6469,-1,-1,-1
148,26,163.88,616.55,75.53,215.23,0.7079,-1,-1,-1
148,25,585.63,255.53,54.24,188.96,0.4953,-1,-1,-1
148,20,1038.51,134.81,56.23,171.33,0.4429,-1,-1,-1
148,18,394.54,717.00,92.39,255.56,0.7778,-1,-1,-1
148,11,866.79,204.49,63.48,193.30,0.4454,-1,-1,-1
148,8,530.30,261.60,59.33,206.99,0.5949,-1,-1,-1
148,6,103.70,545.47,70.55,241.80,0.7138,-1,-1,-1
148,5,1357.81,575.42,83.69,216.07,0.5598,-1,-1,-1
148,4,1721.44,458.33,74.90,208.84,0.6468,-1,-1,-1
148,3,1055.16,919.40,62.74,157.28,0.7274,-1,-1,-1
148,1,413.92,252.84,78.32,219.26,0.6343,-1,-1,-1
149,26,168.47,614.70,72.42,214.49,0.6961,-1,-1,-1
149,25,586.31,256.23,54.85,190.08,0.4509,-1,-1,-1
149,22,624.25,751.44,59.13,167.19,0.3256,-1,-1,-1
149,20,1037.05,135.75,53.88,168.77,0.3614,-1,-1,-1
149,18,396.17,712.48,93.40,260.57,0.7880,-1,-1,-1
149,11,865.95,204.45,61.86,192.91,0.4440,-1,-1,-1
149,8,531.14,263.42,59.30,205.93,0.6301,-1,-1,-1
149,6,103.89,545.76,70.32,241.29,0.7152,-1,-1,-1
149,5,1357.91,575.41,84.75,215.26,0.5453,-1,-1,-1
149,4,1721.05,458.99,74.37,207.37,0.6216,-1,-1,-1
149,3,1054.26,918.09,62.46,159.05,0.7266,-1,-1,-1
149,1,416.30,257.48,76.98,212.97,0.6251,-1,-1,-1
150,26,175.98,613.84,65.24,213.33,0.6568,-1,-1,-1
150,25,586.92,256.91,55.39,190.73,0.4354,-1,-1,-1
150,22,625.68,751.66,56.72,166.95,0.3237,-1,-1,-1
150,20,1033.44,134.25,56.47,172.60,0.4902,-1,-1,-1
150,18,394.58,710.74,97.07,263.36,0.7855,-1,-1,-1
150,11,865.94,205.69,63.14,192.54,0.4056,-1,-1,-1
150,8,531.37,265.40,57.55,207.72,0.6154,-1,-1,-1
150,6,103.49,545.57,70.76,243.00,0.7133,-1,-1,-1
150,5,1356.88,574.83,85.70,217.50,0.5402,-1,-1,-1
150,4,1721.19,458.46,74.65,208.26,0.6390,-1,-1,-1
150,3,1052.18,916.20,61.39,161.84,0.7370,-1,-1,-1
150,1,416.49,256.85,76.94,213.25,0.6202,-1,-1,-1
151,26,181.03,611.73,68.88,215.15,0.6708,-1,-1,-1
151,25,587.92,260.21,55.07,190.63,0.4180,-1,-1,-1
151,22,625.37,751.16,57.19,167.22,0.3583,-1,-1,-1
151,20,1030.08,132.12,57.15,173.82,0.4879,-1,-1,-1
151,18,396.23,710.48,95.84,263.37,0.7810,-1,-1,-1
151,11,864.53,205.24,62.70,190.73,0.4594,-1,-1,-1
151,8,531.35,266.22,56.24,209.53,0.6116,-1,-1,-1
151,6,103.28,546.80,71.42,243.33,0.7219,-1,-1,-1
151,5,1367.22,573.95,75.89,224.96,0.4861,-1,-1,-1
151,4,1722.12,458.34,72.99,207.42,0.6250,-1,-1,-1
151,3,1051.38,913.38,60.97,164.09,0.7373,-1,-1,-1
151,1,417.11,255.84,75.33,214.61,0.6164,-1,-1,-1
152,26,182.66,610.34,67.42,216.45,0.6901,-1,-1,-1
152,25,588.58,260.86,55.53,191.14,0.4121,-1,-1,-1
152,22,624.68,751.79,56.59,166.34,0.4330,-1,-1,-1
152,20,1024.81,129.98,60.00,172.28,0.4076,-1,-1,-1
152,18,396.62,708.16,97.82,264.85,0.7669,-1,-1,-1
152,11,863.66,205.93,62.63,190.00,0.5193,-1,-1,-1
152,8,532.02,272.41,54.12,205.06,0.5925,-1,-1,-1
152,6,102.65,546.98,72.51,242.66,0.7178,-1,-1,-1
152,5,1360.19,576.99,81.65,212.74,0.5307,-1,-1,-1
152,4,1721.83,458.02,73.72,208.59,0.6152,-1,-1,-1
152,3,1049.56,913.44,60.40,164.58,0.7422,-1,-1,-1
152,1,417.46,255.08,75.42,215.44,0.6067,-1,-1,-1
153,26,184.77,610.73,69.51,215.19,0.7365,-1,-1,-1
153,25,591.80,268.42,52.91,181.88,0.3230,-1,-1,-1
153,22,625.95,751.18,54.55,166.90,0.4106,-1,-1,-1
153,20,1022.83,132.21,60.16,170.56,0.4123,-1,-1,-1
153,18,396.44,709.20,99.51,264.15,0.7591,-1,-1,-1
153,11,862.11,204.70,63.60,191.63,0.4965,-1,-1,-1
153,8,531.74,275.53,54.63,201.41,0.5866,-1,-1,-1
153,6,103.66,547.98,71.22,245.34,0.7267,-1,-1,-1
153,5,1360.38,575.36,80.72,215.69,0.5163,-1,-1,-1
153,4,1721.53,457.41,73.95,209.08,0.6100,-1,-1,-1
153,3,1047.64,912.17,60.44,166.76,0.7306,-1,-1,-1
153,1,417.45,254.16,74.39,215.81,0.5835,-1,-1,-1
154,26,187.76,611.01,68.87,213.54,0.7533,-1,-1,-1
154,22,624.82,751.95,57.94,167.55,0.3308,-1,-1,-1
154,20,1016.41,131.71,63.11,171.86,0.3508,-1,-1,-1
154,18,396.80,709.18,100.63,263.15,0.7637,-1,-1,-1
154,11,860.18,205.31,64.39,191.27,0.5084,-1,-1,-1
154,8,532.72,277.21,54.44,199.87,0.5637,-1,-1,-1
154,6,103.96,547.06,71.20,246.07,0.7199,-1,-1,-1
154,5,1359.86,576.53,81.88,215.46,0.5209,-1,-1,-1
154,4,1721.57,459.97,73.62,206.09,0.5873,-1,-1,-1
154,3,1046.85,911.67,59.39,167.56,0.7148,-1,-1,-1
154,1,415.02,253.01,75.70,216.96,0.6005,-1,-1,-1
155,26,192.86,610.96,67.01,213.05,0.7615,-1,-1,-1
155,22,625.92,751.41,55.48,166.47,0.3380,-1,-1,-1
155,20,999.70,133.00,76.65,172.87,0.3941,-1,-1,-1
155,18,397.88,705.95,101.97,266.14,0.7628,-1,-1,-1
155,11,857.34,205.24,66.27,189.00,0.5122,-1,-1,-1
155,8,532.65,278.86,55.80,197.82,0.5146,-1,-1,-1
155,6,102.93,545.58,71.59,247.79,0.6970,-1,-1,-1
155,5,1359.40,576.32,82.65,212.91,0.5696,-1,-1,-1
155,4,1722.67,459.12,72.68,206.73,0.5964,-1,-1,-1
155,3,1044.91,911.18,59.67,167.70,0.7281,-1,-1,-1
155,1,415.96,251.60,74.36,218.65,0.6031,-1,-1,-1
156,26,194.84,608.95,67.44,214.00,0.7527,-1,-1,-1
156,20,992.12,133.92,80.62,171.49,0.4384,-1,-1,-1
156,18,398.46,702.52,100.65,267.01,0.7609,-1,-1,-1
156,11,855.83,204.16,67.30,187.60,0.5454,-1,-1,-1
156,8,532.54,274.10,56.97,201.68,0.4660,-1,-1,-1
156,6,102.55,545.41,72.12,247.22,0.6977,-1,-1,-1
156,5,1357.41,578.98,82.54,211.69,0.5203,-1,-1,-1
156,4,1722.34,459.70,73.16,205.63,0.5864,-1,-1,-1
156,3,1042.93,910.58,60.29,169.42,0.7073,-1,-1,-1
156,1,416.84,251.59,74.75,214.34,0.6183,-1,-1,-1
157,26,197.34,608.37,66.54,214.69,0.7422,-1,-1,-1
157,22,624.96,747.57,56.99,171.18,0.3375,-1,-1,-1
157,20,987.59,133.88,82.79,171.50,0.4659,-1,-1,-1
157,18,399.58,705.07,100.01,263.97,0.7722,-1,-1,-1
157,11,855.98,203.01,66.71,184.48,0.5672,-1,-1,-1
157,8,532.46,273.87,57.21,199.20,0.4368,-1,-1,-1
157,6,102.75,545.76,72.22,246.94,0.6958,-1,-1,-1
157,5,1356.88,578.72,83.30,210.56,0.5220,-1,-1,-1
157,4,1722.76,460.10,72.58,205.52,0.5931,-1,-1,-1
157,3,1041.84,910.07,59.68,169.36,0.7016,-1,-1,-1
157,1,416.61,251.85,74.28,212.85,0.6184,-1,-1,-1
158,26,198.12,606.88,65.57,212.74,0.7152,-1,-1,-1
158,20,987.93,132.39,81.64,172.35,0.3917,-1,-1,-1
158,18,398.89,704.64,98.37,261.61,0.7846,-1,-1,-1
158,11,853.20,201.18,68.57,184.44,0.5557,-1,-1,-1
158,8,529.95,271.93,60.88,200.52,0.4538,-1,-1,-1
158,6,102.46,546.34,72.19,246.11,0.6987,-1,-1,-1
158,5,1357.03,577.23,83.31,210.80,0.5365,-1,-1,-1
158,4,1722.04,459.89,73.70,206.67,0.6100,-1,-1,-1
158,3,1039.07,909.73,62.50,170.27,0.7159,-1,-1,-1
158,1,417.00,249.20,76.27,215.68,0.6448,-1,-1,-1
159,26,199.60,604.29,65.78,212.70,0.6953,-1,-1,-1
159,20,984.84,133.23,82.61,171.25,0.4135,-1,-1,-1
159,18,402.51,703.22,91.10,260.07,0.7614,-1,-1,-1
159,11,851.18,200.18,69.96,189.68,0.5479,-1,-1,-1
159,8,527.00,280.68,64.09,193.77,0.4319,-1,-1,-1
159,6,102.64,546.27,72.02,246.53,0.6949,-1,-1,-1
159,5,1356.50,578.45,84.72,212.83,0.5146,-1,-1,-1
159,4,1722.28,461.66,73.52,204.50,0.6000,-1,-1,-1
159,3,1037.59,908.64,61.70,170.50,0.6988,-1,-1,-1
159,1,417.99,250.11,75.81,211.89,0.6107,-1,-1,-1
160,26,201.10,602.31,65.51,215.74,0.7002,-1,-1,-1
160,20,981.51,132.47,83.98,169.83,0.4722,-1,-1,-1
160,18,401.83,697.52,92.22,256.71,0.7658,-1,-1,-1
160,11,851.52,198.57,68.90,192.70,0.5135,-1,-1,-1
160,8,526.41,286.35,65.09,189.57,0.4712,-1,-1,-1
160,6,102.50,546.87,71.78,246.19,0.6984,-1,-1,-1
160,5,1357.24,579.38,86.29,218.41,0.4779,-1,-1,-1
160,4,1721.42,461.25,73.76,204.78,0.5707,-1,-1,-1
160,3,1037.24,908.92,60.82,171.08,0.6805,-1,-1,-1
160,1,418.66,247.59,74.41,214.47,0.6447,-1,-1,-1
161,26,207.02,598.78,60.50,213.14,0.6674,-1,-1,-1
161,20,982.27,132.54,82.08,170.47,0.4901,-1,-1,-1
161,18,402.47,691.82,91.06,252.64,0.7744,-1,-1,-1
161,11,850.43,196.23,69.67,191.12,0.4848,-1,-1,-1
161,8,525.72,287.41,68.65,190.86,0.4182,-1,-1,-1
161,6,102.35,546.63,72.03,247.30,0.6864,-1,-1,-1
161,5,1357.23,579.84,84.80,216.43,0.5270,-1,-1,-1
161,4,1721.87,460.84,73.48,205.99,0.5776,-1,-1,-1
161,3,1033.61,908.19,63.08,171.81,0.6930,-1,-1,-1
161,1,417.73,246.86,76.71,211.55,0.6233,-1,-1,-1
162,26,211.20,598.28,61.47,206.85,0.6742,-1,-1,-1
162,20,982.20,133.88,79.48,169.69,0.3945,-1,-1,-1
162,18,403.19,687.51,91.40,253.77,0.7652,-1,-1,-1
162,11,849.78,195.79,69.17,190.84,0.4879,-1,-1,-1
162,6,102.05,546.25,71.72,247.90,0.6726,-1,-1,-1
162,5,1357.39,579.67,85.13,219.54,0.4901,-1,-1,-1
162,4,1721.97,461.76,73.37,205.60,0.5776,-1,-1,-1
162,3,1033.14,907.31,61.77,172.69,0.7117,-1,-1,-1
162,1,418.87,246.19,75.97,210.12,0.6237,-1,-1,-1
163,26,212.70,595.51,62.49,207.61,0.6719,-1,-1,-1
163,25,598.07,272.58,64.08,180.77,0.3023,-1,-1,-1
163,20,983.01,129.85,75.50,174.03,0.3600,-1,-1,-1
163,18,403.35,683.75,90.49,255.93,0.7711,-1,-1,-1
163,11,850.38,194.36,68.49,187.64,0.4673,-1,-1,-1
163,8,519.68,289.64,71.43,195.22,0.3768,-1,-1,-1
163,6,102.30,546.39,72.22,247.72,0.6629,-1,-1,-1
163,5,1356.92,579.86,88.88,225.28,0.5060,-1,-1,-1
163,4,1721.65,460.61,73.79,206.92,0.5794,-1,-1,-1
163,3,1031.43,906.34,62.59,173.66,0.6841,-1,-1,-1
163,1,418.61,244.74,77.76,209.59,0.6180,-1,-1,-1
164,26,214.98,593.92,63.27,209.59,0.7061,-1,-1,-1
164,20,984.09,128.47,69.35,172.59,0.3062,-1,-1,-1
164,18,402.34,682.26,91.85,254.77,0.7738,-1,-1,-1
164,11,852.81,191.90,68.83,195.35,0.4602,-1,-1,-1
164,8,519.25,290.82,72.97,194.87,0.3103,-1,-1,-1
164,6,102.06,546.58,71.81,246.79,0.6803,-1,-1,-1
164,5,1357.12,580.00,88.04,222.40,0.4791,-1,-1,-1
164,4,1721.61,460.55,73.99,206.76,0.5992,-1,-1,-1
164,3,1030.29,907.46,60.76,171.94,0.7308,-1,-1,-1
164,1,417.96,244.35,78.69,208.26,0.6267,-1,-1,-1
165,26,212.68,592.09,65.55,209.71,0.7326,-1,-1,-1
165,18,400.45,680.54,94.14,256.89,0.7915,-1,-1,-1
165,11,853.66,191.55,68.30,194.57,0.4854,-1,-1,-1
165,6,102.21,546.33,71.58,246.60,0.6769,-1,-1,-1
165,5,1357.69,581.08,85.94,217.82,0.5019,-1,-1,-1
165,4,1721.72,460.26,74.34,206.44,0.5943,-1,-1,-1
165,3,1028.57,908.00,60.98,171.48,0.7267,-1,-1,-1
165,1,418.46,242.26,79.13,210.42,0.6172,-1,-1,-1
166,26,213.88,591.24,71.20,210.83,0.7025,-1,-1,-1
166,25,601.49,274.66,55.98,181.40,0.3009,-1,-1,-1
166,18,399.43,679.02,94.61,259.62,0.7916,-1,-1,-1
166,11,853.04,191.18,69.21,190.93,0.4906,-1,-1,-1
166,6,102.03,546.13,71.46,246.79,0.6849,-1,-1,-1
166,5,1357.27,580.00,84.29,214.50,0.5035,-1,-1,-1
166,4,1722.18,460.76,73.18,207.15,0.6246,-1,-1,-1
166,3,1026.53,907.52,61.82,171.91,0.6857,-1,-1,-1
166,1,418.94,241.55,76.12,210.69,0.5916,-1,-1,-1
167,26,214.62,589.65,75.05,214.60,0.7077,-1,-1,-1
167,25,602.40,276.82,56.96,179.01,0.3135,-1,-1,-1
167,18,399.88,675.44,93.42,261.35,0.7968,-1,-1,-1
167,11,853.35,190.96,69.46,187.89,0.4848,-1,-1,-1
167,6,101.78,546.35,72.07,247.30,0.6870,-1,-1,-1
167,5,1356.68,579.35,84.89,218.22,0.4919,-1,-1,-1
167,4,1722.36,460.39,72.69,207.05,0.6082,-1,-1,-1
167,3,1023.45,906.61,64.54,173.11,0.6851,-1,-1,-1
167,1,418.59,240.44,76.19,212.71,0.5756,-1,-1,-1
168,26,217.74,589.73,79.15,212.06,0.7158,-1,-1,-1
168,25,601.86,276.64,59.39,177.81,0.3064,-1,-1,-1
168,20,979.05,123.18,55.95,170.11,0.3002,-1,-1,-1
168,18,398.46,675.86,94.63,261.14,0.7842,-1,-1,-1
168,11,853.46,191.17,70.05,190.53,0.5113,-1,-1,-1
168,6,101.82,546.62,72.28,246.84,0.6859,-1,-1,-1
168,5,1357.55,578.61,82.34,217.33,0.4982,-1,-1,-1
168,4,1721.64,458.62,73.75,209.60,0.6116,-1,-1,-1
168,3,1020.95,907.24,65.16,171.94,0.7041,-1,-1,-1
168,1,417.61,239.46,77.03,213.74,0.5945,-1,-1,-1
169,26,220.63,589.17,77.76,213.51,0.6903,-1,-1,-1
169,25,601.82,277.28,60.68,177.14,0.3116,-1,-1,-1
169,18,399.17,674.81,94.68,260.80,0.7770,-1,-1,-1
169,11,852.68,190.79,71.15,188.66,0.5301,-1,-1,-1
169,6,101.44,545.54,73.27,248.88,0.6515,-1,-1,-1
169,5,1357.22,578.81,85.68,218.22,0.4623,-1,-1,-1
169,4,1721.55,460.08,73.89,207.82,0.6101,-1,-1,-1
169,3,1020.50,908.54,64.96,170.48,0.7079,-1,-1,-1
169,1,418.22,238.68,78.33,214.22,0.6116,-1,-1,-1
170,26,220.82,588.86,74.96,213.85,0.6627,-1,-1,-1
170,18,400.19,673.72,92.65,260.87,0.7750,-1,-1,-1
170,11,856.39,189.81,67.61,188.19,0.5097,-1,-1,-1
170,8,523.92,290.45,66.16,203.43,0.3571,-1,-1,-1
170,6,101.47,546.65,73.75,246.33,0.6540,-1,-1,-1
170,5,1368.70,577.30,74.58,221.67,0.4462,-1,-1,-1
170,4,1720.99,460.83,74.49,207.28,0.6199,-1,-1,-1
170,3,1018.66,908.79,62.61,171.02,0.7221,-1,-1,-1
170,1,417.97,237.90,78.52,215.54,0.6155,-1,-1,-1
171,29,753.21,260.17,57.95,192.69,0.3138,-1,-1,-1
171,26,219.35,588.69,76.28,212.79,0.6913,-1,-1,-1
171,18,400.11,672.83,92.44,259.86,0.7749,-1,-1,-1
171,11,860.42,192.80,61.70,182.50,0.4116,-1,-1,-1
171,8,526.28,296.25,61.76,197.49,0.4481,-1,-1,-1
171,6,101.22,546.42,74.92,247.43,0.6603,-1,-1,-1
171,5,1365.91,577.01,76.52,222.51,0.4549,-1,-1,-1
171,4,1721.66,459.74,74.07,208.30,0.6037,-1,-1,-1
171,3,1017.96,909.27,61.30,170.73,0.7230,-1,-1,-1
171,1,417.57,238.19,78.70,215.12,0.6224,-1,-1,-1
172,26,218.58,586.90,77.58,213.87,0.6430,-1,-1,-1
172,18,400.87,670.49,91.40,259.35,0.7814,-1,-1,-1
172,11,860.32,190.01,65.67,185.69,0.5029,-1,-1,-1
172,8,526.13,291.01,61.42,202.93,0.4285,-1,-1,-1
172,6,100.43,546.72,74.26,245.87,0.6628,-1,-1,-1
172,5,1357.30,578.68,83.99,215.23,0.4748,-1,-1,-1
172,4,1721.89,460.44,73.80,207.24,0.5990,-1,-1,-1
172,3,1015.97,910.07,61.39,169.40,0.7435,-1,-1,-1
172,1,417.63,237.85,78.38,216.97,0.6275,-1,-1,-1
173,29,753.19,260.18,56.74,194.06,0.3908,-1,-1,-1
173,26,219.09,583.38,76.39,215.83,0.6589,-1,-1,-1
173,18,403.30,668.66,88.21,259.00,0.7745,-1,-1,-1
173,11,860.70,188.66,66.25,187.35,0.4487,-1,-1,-1
173,8,520.97,295.97,66.42,198.43,0.3303,-1,-1,-1
173,6,100.97,546.14,73.87,247.17,0.6575,-1,-1,-1
173,5,1357.36,578.81,83.14,214.14,0.5030,-1,-1,-1
173,4,1721.02,461.00,74.54,206.24,0.5929,-1,-1,-1
173,3,1012.55,910.21,62.73,169.43,0.7340,-1,-1,-1
173,1,417.77,237.29,78.17,216.52,0.6149,-1,-1,-1
174,29,752.81,261.92,55.67,191.92,0.3571,-1,-1,-1
174,26,222.73,583.15,75.11,213.32,0.6753,-1,-1,-1
174,18,405.95,666.61,85.57,259.91,0.7821,-1,-1,-1
174,11,861.75,185.93,65.24,186.73,0.4379,-1,-1,-1
174,8,522.66,293.55,66.80,201.22,0.4236,-1,-1,-1
174,6,100.31,546.88,74.15,246.51,0.6519,-1,-1,-1
174,5,1357.33,579.18,82.82,211.20,0.4984,-1,-1,-1
174,4,1721.20,459.40,74.33,208.19,0.5971,-1,-1,-1
174,3,1009.94,911.88,63.56,168.12,0.7399,-1,-1,-1
174,1,417.55,236.61,77.32,217.36,0.6206,-1,-1,-1
175,29,752.55,261.03,57.08,195.53,0.4073,-1,-1,-1
175,26,225.70,578.78,70.16,214.47,0.6876,-1,-1,-1
175,20,945.46,123.25,73.19,174.41,0.3178,-1,-1,-1
175,18,406.42,663.41,85.47,261.50,0.8047,-1,-1,-1
175,11,863.24,185.86,65.82,182.23,0.4607,-1,-1,-1
175,8,521.75,293.14,66.78,200.83,0.3846,-1,-1,-1
175,6,100.03,546.60,73.88,246.21,0.6573,-1,-1,-1
175,5,1357.48,578.79,83.38,208.53,0.5184,-1,-1,-1
175,4,1721.80,459.93,73.46,207.96,0.5925,-1,-1,-1
175,3,1006.64,913.38,64.05,166.62,0.7264,-1,-1,-1
175,1,416.83,235.69,77.11,216.38,0.6516,-1,-1,-1
176,29,753.17,262.09,55.78,196.29,0.4108,-1,-1,-1
176,26,227.32,576.64,67.94,213.08,0.6687,-1,-1,-1
176,20,939.33,123.08,77.39,175.21,0.3973,-1,-1,-1
176,18,407.25,658.37,83.53,258.91,0.7915,-1,-1,-1
176,11,863.09,184.07,66.37,185.98,0.5038,-1,-1,-1
176,8,510.44,231.28,81.30,264.19,0.3242,-1,-1,-1
176,6,100.28,546.85,73.06,246.48,0.6579,-1,-1,-1
176,5,1357.46,578.91,82.35,207.02,0.5156,-1,-1,-1
176,4,1721.41,459.56,73.41,208.32,0.5885,-1,-1,-1
176,3,1006.10,913.20,62.33,166.80,0.7293,-1,-1,-1
176,1,417.17,232.58,75.62,218.17,0.6330,-1,-1,-1
177,30,0.29,621.57,101.43,221.72,0.4418,-1,-1,-1
177,29,752.38,261.23,56.69,198.95,0.3578,-1,-1,-1
177,26,227.21,575.11,67.98,211.02,0.6767,-1,-1,-1
177,20,936.91,124.05,78.03,172.66,0.3626,-1,-1,-1
177,18,408.27,653.45,82.44,252.89,0.7857,-1,-1,-1
177,11,864.14,181.68,66.88,185.24,0.5227,-1,-1,-1
177,8,517.42,250.50,72.73,243.82,0.3786,-1,-1,-1
177,6,100.20,546.91,73.09,245.90,0.6569,-1,-1,-1
177,5,1357.15,578.95,83.23,210.58,0.4841,-1,-1,-1
177,4,1721.06,459.76,74.17,208.00,0.5826,-1,-1,-1
177,3,1004.89,913.03,63.18,164.68,0.7308,-1,-1,-1
177,1,416.82,232.90,74.96,217.82,0.6371,-1,-1,-1
178,30,0.00,614.26,88.56,230.32,0.3776,-1,-1,-1
178,29,751.94,268.10,57.20,194.56,0.4086,-1,-1,-1
178,26,227.69,573.37,67.45,206.38,0.6068,-1,-1,-1
178,18,406.52,650.13,84.96,250.42,0.7859,-1,-1,-1
178,11,864.98,180.83,66.89,184.73,0.4979,-1,-1,-1
178,8,522.71,291.76,65.16,202.73,0.4450,-1,-1,-1
178,6,100.20,547.09,71.73,244.58,0.6538,-1,-1,-1
178,5,1356.84,577.55,83.42,212.96,0.4805,-1,-1,-1
178,4,1721.40,460.32,73.77,207.51,0.5632,-1,-1,-1
178,3,1004.28,913.26,62.11,164.63,0.7209,-1,-1,-1
178,1,416.31,230.69,74.52,214.69,0.6176,-1,-1,-1
179,30,0.00,618.55,96.89,230.15,0.5222,-1,-1,-1
179,29,750.77,271.48,58.81,193.40,0.4048,-1,-1,-1
179,26,227.11,571.31,68.64,207.42,0.6183,-1,-1,-1
179,25,606.84,278.55,58.28,192.08,0.3477,-1,-1,-1
179,20,936.61,125.83,72.99,168.82,0.3149,-1,-1,-1
179,18,407.54,648.77,85.28,249.50,0.7861,-1,-1,-1
179,11,866.12,180.55,67.07,183.78,0.4843,-1,-1,-1
179,8,522.89,297.13,63.94,196.41,0.4342,-1,-1,-1
179,6,101.10,545.71,70.47,247.16,0.6508,-1,-1,-1
179,5,1357.20,577.42,84.00,220.00,0.5059,-1,-1,-1
179,4,1721.38,460.68,73.25,206.95,0.5476,-1,-1,-1
179,3,1003.01,913.51,59.94,164.88,0.7162,-1,-1,-1
179,1,415.67,227.78,73.31,215.91,0.5935,-1,-1,-1
180,30,0.76,617.88,81.42,221.19,0.5044,-1,-1,-1
180,29,750.46,273.20,59.33,192.42,0.4178,-1,-1,-1
180,26,228.99,570.10,68.08,207.13,0.5861,-1,-1,-1
180,25,607.07,278.36,57.62,194.33,0.3532,-1,-1,-1
180,18,409.30,648.48,86.15,248.66,0.7905,-1,-1,-1
180,11,867.22,181.53,67.76,184.57,0.5045,-1,-1,-1
180,8,526.14,294.94,60.72,202.37,0.5220,-1,-1,-1
180,6,100.93,545.89,69.87,246.24,0.6560,-1,-1,-1
180,5,1357.72,577.00,81.54,210.46,0.5129,-1,-1,-1
180,4,1721.92,460.07,73.15,208.28,0.5274,-1,-1,-1
180,3,1000.93,913.09,59.78,165.64,0.7212,-1,-1,-1
180,1,414.43,227.54,74.87,211.89,0.6236,-1,-1,-1
181,30,0.85,617.41,79.29,224.74,0.4740,-1,-1,-1
181,29,751.25,273.55,57.19,192.83,0.4253,-1,-1,-1
181,26,229.66,569.29,68.80,205.51,0.5738,-1,-1,-1
181,25,606.81,278.98,58.85,203.11,0.3082,-1,-1,-1
181,18,409.67,646.77,88.23,249.45,0.7886,-1,-1,-1
181,11,868.95,178.75,67.09,184.12,0.5018,-1,-1,-1
181,8,527.72,301.28,58.83,198.87,0.5465,-1,-1,-1
181,6,100.88,545.18,69.83,248.57,0.6546,-1,-1,-1
181,5,1357.39,577.50,84.01,216.16,0.4999,-1,-1,-1
181,4,1721.72,458.67,74.06,210.06,0.5130,-1,-1,-1
181,3,998.46,914.64,59.74,164.58,0.7211,-1,-1,-1
181,1,414.76,227.39,74.01,209.53,0.5965,-1,-1,-1
182,30,1.39,618.94,105.14,239.72,0.6078,-1,-1,-1
182,29,751.39,275.11,57.50,193.77,0.3594,-1,-1,-1
182,26,231.55,567.72,64.25,203.30,0.5870,-1,-1,-1
182,18,408.47,645.68,90.82,250.96,0.7847,-1,-1,-1
182,11,867.02,177.49,73.09,186.68,0.5383,-1,-1,-1
182,8,525.80,296.10,61.04,200.83,0.4855,-1,-1,-1
182,6,101.14,545.87,69.50,246.98,0.6712,-1,-1,-1
182,5,1357.42,576.37,84.36,226.31,0.4789,-1,-1,-1
182,4,1722.33,459.32,72.63,209.02,0.5288,-1,-1,-1
182,3,996.90,916.28,58.07,162.39,0.7358,-1,-1,-1
182,1,415.16,226.89,74.17,207.76,0.5813,-1,-1,-1
183,30,3.79,622.17,102.74,237.82,0.6553,-1,-1,-1
183,29,749.46,276.49,61.16,194.55,0.3662,-1,-1,-1
183,26,230.50,566.18,66.50,205.74,0.5518,-1,-1,-1
183,25,607.11,280.13,58.94,211.51,0.3251,-1,-1,-1
183,18,408.06,643.83,93.37,252.43,0.7980,-1,-1,-1
183,11,867.88,176.75,72.70,187.55,0.5569,-1,-1,-1
183,8,522.87,294.67,65.66,208.11,0.4056,-1,-1,-1
183,6,101.24,545.87,69.28,247.95,0.6815,-1,-1,-1
183,5,1357.40,577.02,84.76,223.26,0.4900,-1,-1,-1
183,4,1722.39,459.49,72.56,208.45,0.5235,-1,-1,-1
183,3,995.84,916.15,58.20,162.04,0.7283,-1,-1,-1
183,1,416.91,229.13,72.38,205.84,0.5795,-1,-1,-1
184,30,7.82,622.47,96.31,233.40,0.6217,-1,-1,-1
184,29,750.33,278.78,60.45,192.26,0.3489,-1,-1,-1
184,26,231.89,565.66,65.28,209.97,0.5350,-1,-1,-1
184,25,607.59,279.03,60.87,212.44,0.3338,-1,-1,-1
184,18,408.96,642.57,93.66,253.25,0.7737,-1,-1,-1
184,11,867.86,176.99,72.60,187.36,0.5423,-1,-1,-1
184,8,520.28,230.67,68.78,275.58,0.3995,-1,-1,-1
184,6,100.68,545.85,68.88,248.13,0.6703,-1,-1,-1
184,5,1357.63,576.45,84.80,224.86,0.4656,-1,-1,-1
184,4,1721.20,459.21,73.30,209.03,0.5334,-1,-1,-1
184,3,994.98,918.20,57.83,161.40,0.7236,-1,-1,-1
184,1,417.01,227.75,73.44,207.33,0.5799,-1,-1,-1
185,30,14.36,621.58,92.03,233.28,0.6220,-1,-1,-1
185,29,750.77,280.34,62.55,191.50,0.3303,-1,-1,-1
185,26,231.83,565.54,66.39,210.20,0.5679,-1,-1,-1
185,25,607.23,288.91,59.28,205.04,0.3302,-1,-1,-1
185,18,408.29,643.35,95.34,252.51,0.7858,-1,-1,-1
185,11,867.55,178.22,75.03,188.87,0.5882,-1,-1,-1
185,8,521.53,293.07,65.72,212.88,0.4299,-1,-1,-1
185,6,100.09,546.24,68.66,246.88,0.6466,-1,-1,-1
185,5,1357.88,575.72,83.74,218.76,0.4798,-1,-1,-1
185,4,1721.70,459.47,72.79,208.33,0.5024,-1,-1,-1
185,3,993.30,918.37,58.69,159.58,0.7176,-1,-1,-1
185,1,415.72,227.32,74.20,207.62,0.5881,-1,-1,-1
186,31,1194.81,150.20,56.25,180.59,0.3231,-1,-1,-1
186,30,16.58,618.89,93.85,236.12,0.6578,-1,-1,-1
186,26,229.80,565.33,67.09,207.98,0.5837,-1,-1,-1
186,25,607.78,284.40,59.30,206.85,0.3594,-1,-1,-1
186,18,408.70,641.11,94.41,255.31,0.7945,-1,-1,-1
186,11,867.51,175.90,74.22,191.35,0.5613,-1,-1,-1
186,8,524.26,303.38,60.31,199.30,0.4261,-1,-1,-1
186,6,99.50,546.63,69.30,246.13,0.6454,-1,-1,-1
186,5,1357.23,574.33,84.23,225.52,0.4939,-1,-1,-1
186,4,1721.91,459.06,72.61,208.77,0.5036,-1,-1,-1
186,3,992.21,918.29,57.85,160.59,0.7341,-1,-1,-1
186,1,415.57,226.72,74.40,207.62,0.5967,-1,-1,-1
187,31,1192.38,149.31,58.05,181.49,0.3554,-1,-1,-1
187,30,22.90,619.87,97.23,240.18,0.6874,-1,-1,-1
187,26,228.88,564.14,67.54,209.74,0.6350,-1,-1,-1
187,25,607.22,287.64,60.11,200.64,0.3471,-1,-1,-1
187,18,408.54,639.14,94.53,256.38,0.7812,-1,-1,-1
187,11,867.22,176.57,74.96,191.50,0.5619,-1,-1,-1
187,8,526.02,301.83,59.29,205.42,0.5406,-1,-1,-1
187,6,97.71,546.53,71.16,243.00,0.6378,-1,-1,-1
187,5,1357.63,573.28,84.01,224.86,0.5046,-1,-1,-1
187,4,1721.80,459.76,72.51,207.82,0.4956,-1,-1,-1
187,3,989.43,918.88,60.44,159.51,0.7348,-1,-1,-1
187,1,416.03,224.95,74.35,210.24,0.6016,-1,-1,-1
188,30,23.06,618.50,104.78,240.64,0.7143,-1,-1,-1
188,29,752.33,280.73,62.02,192.01,0.3163,-1,-1,-1
188,26,227.87,561.67,68.69,211.75,0.6184,-1,-1,-1
188,25,606.10,289.29,59.73,199.83,0.3344,-1,-1,-1
188,18,410.60,637.48,92.18,256.37,0.7685,-1,-1,-1
188,11,868.28,177.79,74.43,184.69,0.4320,-1,-1,-1
188,8,523.71,300.20,62.54,207.59,0.5395,-1,-1,-1
188,6,96.68,546.16,71.78,241.56,0.5920,-1,-1,-1
188,5,1357.82,572.42,83.97,226.18,0.4597,-1,-1,-1
188,4,1721.25,460.37,73.54,207.15,0.5075,-1,-1,-1
188,3,988.91,919.21,60.53,159.36,0.7220,-1,-1,-1
188,1,416.00,226.22,74.63,207.19,0.5945,-1,-1,-1
189,30,23.79,619.81,110.23,242.03,0.6900,-1,-1,-1
189,26,229.42,557.30,64.77,209.07,0.5549,-1,-1,-1
189,25,605.33,300.92,59.35,189.55,0.3510,-1,-1,-1
189,18,409.65,633.70,92.25,259.03,0.7985,-1,-1,-1
189,11,866.75,177.34,79.16,186.13,0.4618,-1,-1,-1
189,8,523.09,304.95,63.14,206.34,0.5641,-1,-1,-1
189,6,94.90,546.64,70.62,237.62,0.5352,-1,-1,-1
189,5,1357.99,572.82,81.68,217.81,0.4584,-1,-1,-1
189,4,1720.85,460.76,73.79,207.32,0.4814,-1,-1,-1
189,3,987.64,919.83,59.65,158.95,0.7125,-1,-1,-1
189,1,416.01,224.41,74.27,207.83,0.5823,-1,-1,-1
190,30,27.36,621.91,112.95,245.86,0.6738,-1,-1,-1
190,26,229.59,554.81,64.33,206.97,0.5735,-1,-1,-1
190,25,605.05,296.52,60.17,195.64,0.3472,-1,-1,-1
190,18,412.03,634.01,87.67,255.78,0.7854,-1,-1,-1
190,11,867.23,179.21,82.18,184.34,0.5119,-1,-1,-1
190,8,522.13,302.81,65.50,209.98,0.5934,-1,-1,-1
190,6,93.59,546.49,71.54,230.44,0.4933,-1,-1,-1
190,5,1357.77,572.29,81.60,218.04,0.4500,-1,-1,-1
190,4,1721.50,458.57,73.37,209.24,0.4641,-1,-1,-1
190,3,986.59,920.91,59.34,157.30,0.7265,-1,-1,-1
190,1,417.06,224.43,73.60,207.57,0.5688,-1,-1,-1
191,30,29.53,622.65,121.12,250.24,0.6091,-1,-1,-1
191,26,229.39,551.37,63.20,205.59,0.5920,-1,-1,-1
191,25,604.36,304.49,60.36,188.51,0.3196,-1,-1,-1
191,18,411.94,630.32,86.20,255.13,0.7834,-1,-1,-1
191,11,870.25,174.44,78.23,185.75,0.4826,-1,-1,-1
191,8,522.06,303.08,66.46,210.68,0.5485,-1,-1,-1
191,6,96.13,545.54,68.07,184.01,0.5739,-1,-1,-1
191,5,1357.93,571.48,87.19,232.36,0.4822,-1,-1,-1
191,4,1720.26,459.68,74.69,208.36,0.4926,-1,-1,-1
191,3,985.48,922.00,59.23,155.24,0.7426,-1,-1,-1
191,1,417.64,222.88,73.75,207.79,0.5662,-1,-1,-1
192,30,33.01,626.03,120.94,251.52,0.5948,-1,-1,-1
192,26,227.96,550.36,65.61,204.44,0.6329,-1,-1,-1
192,25,603.48,306.14,60.15,186.38,0.3870,-1,-1,-1
192,18,412.36,624.89,84.86,251.68,0.7717,-1,-1,-1
192,11,872.26,172.50,76.92,185.94,0.5073,-1,-1,-1
192,8,522.52,305.14,66.35,208.30,0.5990,-1,-1,-1
192,6,95.67,544.99,68.82,182.94,0.5979,-1,-1,-1
192,5,1357.34,570.94,85.58,223.31,0.4986,-1,-1,-1
192,4,1720.44,459.98,74.37,207.47,0.5387,-1,-1,-1
192,3,984.80,922.68,58.29,154.55,0.7446,-1,-1,-1
192,1,418.64,223.01,73.69,207.88,0.5442,-1,-1,-1
193,30,37.72,629.87,112.78,245.24,0.5102,-1,-1,-1
193,26,228.40,546.73,64.89,207.26,0.6400,-1,-1,-1
193,25,602.38,307.76,60.83,185.86,0.3522,-1,-1,-1
193,18,412.47,621.83,83.63,247.95,0.7897,-1,-1,-1
193,11,875.34,172.93,73.99,184.61,0.4299,-1,-1,-1
193,8,521.11,308.85,67.77,204.56,0.5522,-1,-1,-1
193,6,94.75,545.09,68.71,180.11,0.5864,-1,-1,-1
193,5,1357.56,570.76,85.63,229.70,0.4934,-1,-1,-1
193,4,1720.76,459.40,73.87,207.49,0.5198,-1,-1,-1
193,3,984.33,921.98,57.28,155.88,0.7165,-1,-1,-1
193,1,417.74,220.84,74.77,208.85,0.5238,-1,-1,-1
194,30,41.14,632.17,111.12,240.96,0.5888,-1,-1,-1
194,26,228.13,545.85,64.77,205.59,0.6429,-1,-1,-1
194,25,601.71,307.88,60.16,186.87,0.3648,-1,-1,-1
194,18,413.52,618.65,79.64,247.92,0.7743,-1,-1,-1
194,11,875.67,173.08,74.31,181.69,0.3927,-1,-1,-1
194,8,519.62,308.93,68.76,205.21,0.5767,-1,-1,-1
194,6,93.06,544.77,70.60,176.38,0.6227,-1,-1,-1
194,5,1356.78,570.59,85.43,231.03,0.4714,-1,-1,-1
194,4,1720.81,459.99,73.93,207.59,0.5017,-1,-1,-1
194,3,981.71,921.60,60.26,156.74,0.7388,-1,-1,-1
194,1,418.67,222.09,74.77,207.27,0.5099,-1,-1,-1
195,30,42.64,633.86,109.97,233.76,0.6656,-1,-1,-1
195,26,228.43,544.58,63.24,208.15,0.6473,-1,-1,-1
195,25,601.11,308.88,60.70,184.64,0.4302,-1,-1,-1
195,18,412.86,617.58,80.63,247.14,0.7849,-1,-1,-1
195,11,878.32,169.69,72.05,178.13,0.3672,-1,-1,-1
195,8,516.74,308.41,72.10,207.32,0.6709,-1,-1,-1
195,6,93.15,544.48,70.06,176.60,0.6013,-1,-1,-1
195,5,1356.90,570.22,84.00,217.96,0.5592,-1,-1,-1
195,4,1721.10,459.39,73.69,208.43,0.5218,-1,-1,-1
195,3,982.39,922.14,58.58,155.90,0.7301,-1,-1,-1
195,1,418.76,218.85,75.09,211.04,0.5588,-1,-1,-1
196,30,46.49,636.37,106.98,244.10,0.6669,-1,-1,-1
196,29,752.80,291.31,62.73,190.75,0.3695,-1,-1,-1
196,26,226.75,544.52,63.82,207.26,0.6478,-1,-1,-1
196,25,601.50,311.09,61.02,182.28,0.4009,-1,-1,-1
196,18,408.33,613.89,85.03,248.93,0.7516,-1,-1,-1
196,11,881.64,169.18,67.60,176.10,0.4262,-1,-1,-1
196,8,517.95,310.85,71.35,207.12,0.6013,-1,-1,-1
196,6,93.44,544.21,68.86,177.40,0.5412,-1,-1,-1
196,5,1356.47,571.99,84.31,219.24,0.5212,-1,-1,-1
196,4,1720.71,458.28,73.24,210.20,0.5043,-1,-1,-1
196,3,980.12,921.49,61.52,157.08,0.7316,-1,-1,-1
196,1,420.00,217.54,73.19,209.82,0.5387,-1,-1,-1
197,31,1163.23,143.76,57.63,181.57,0.3172,-1,-1,-1
197,30,51.50,639.79,108.18,249.01,0.6742,-1,-1,-1
197,29,753.44,293.63,60.77,187.90,0.3259,-1,-1,-1
197,26,226.16,543.82,64.24,209.63,0.6861,-1,-1,-1
197,25,601.05,311.25,61.01,182.76,0.4321,-1,-1,-1
197,18,404.33,610.89,88.01,250.20,0.7414,-1,-1,-1
197,11,882.44,168.24,66.21,176.49,0.4549,-1,-1,-1
197,8,514.97,306.81,74.49,212.67,0.6745,-1,-1,-1
197,6,94.48,544.04,66.77,171.38,0.5276,-1,-1,-1
197,5,1356.52,571.58,84.04,218.01,0.5401,-1,-1,-1
197,4,1721.45,458.85,73.36,209.40,0.5009,-1,-1,-1
197,3,977.34,921.90,63.77,156.66,0.7375,-1,-1,-1
197,1,419.20,216.26,76.49,209.24,0.5740,-1,-1,-1
198,30,55.14,642.32,107.25,247.44,0.6954,-1,-1,-1
198,29,754.49,294.69,63.33,189.98,0.3060,-1,-1,-1
198,26,225.96,542.82,64.93,210.03,0.6939,-1,-1,-1
198,25,600.87,312.40,60.60,182.61,0.4362,-1,-1,-1
198,18,400.46,611.48,90.80,251.65,0.7491,-1,-1,-1
198,11,885.73,158.45,63.61,186.41,0.4299,-1,-1,-1
198,8,515.64,312.91,72.93,210.22,0.6255,-1,-1,-1
198,6,96.27,543.96,64.32,171.11,0.5197,-1,-1,-1
198,5,1356.54,571.94,85.01,219.36,0.5588,-1,-1,-1
198,4,1720.92,459.09,73.58,208.41,0.4966,-1,-1,-1
198,3,976.38,921.07,61.90,157.80,0.7016,-1,-1,-1
198,1,420.69,215.29,75.72,208.38,0.5655,-1,-1,-1
199,31,1159.88,141.94,57.92,182.76,0.3187,-1,-1,-1
199,30,57.07,644.25,106.93,247.79,0.7227,-1,-1,-1
199,26,226.37,543.28,64.45,208.86,0.7029,-1,-1,-1
199,25,601.51,313.48,59.78,179.66,0.4473,-1,-1,-1
199,18,398.13,610.70,93.17,253.51,0.7424,-1,-1,-1
199,11,885.38,156.97,66.41,187.85,0.3958,-1,-1,-1
199,8,516.42,315.33,71.70,209.77,0.6022,-1,-1,-1
199,6,95.77,544.45,64.49,171.60,0.5182,-1,-1,-1
199,5,1354.93,570.82,86.17,223.04,0.5207,-1,-1,-1
199,4,1720.76,458.68,73.15,209.16,0.5291,-1,-1,-1
199,3,973.45,921.18,64.59,157.64,0.7288,-1,-1,-1
199,1,418.98,214.15,77.28,205.28,0.5660,-1,-1,-1
200,31,1157.66,141.23,58.75,182.15,0.3476,-1,-1,-1
200,30,60.27,649.13,102.29,243.04,0.7124,-1,-1,-1
200,29,751.56,295.60,63.44,195.22,0.3105,-1,-1,-1
200,26,225.99,542.29,63.29,208.38,0.7169,-1,-1,-1
200,25,601.76,315.16,59.86,178.44,0.4227,-1,-1,-1
200,18,397.58,610.14,92.25,252.13,0.7473,-1,-1,-1
200,11,884.49,160.00,68.90,187.06,0.4005,-1,-1,-1
200,8,518.27,318.91,67.87,209.00,0.5840,-1,-1,-1
200,6,95.71,543.67,64.37,166.58,0.5376,-1,-1,-1
200,5,1356.10,571.44,81.95,216.60,0.5403,-1,-1,-1
200,4,1720.99,458.72,72.64,208.57,0.5346,-1,-1,-1
200,3,972.50,920.07,63.62,157.86,0.7145,-1,-1,-1
200,1,418.92,212.13,77.66,205.46,0.5739,-1,-1,-1
201,31,1156.75,139.77,57.65,181.89,0.3180,-1,-1,-1
201,30,64.94,654.69,97.12,238.09,0.7343,-1,-1,-1
201,26,226.17,541.39,62.76,209.20,0.7042,-1,-1,-1
201,25,602.07,318.79,58.10,171.96,0.4308,-1,-1,-1
201,18,395.46,609.66,93.52,252.19,0.7430,-1,-1,-1
201,11,886.04,158.86,70.50,187.20,0.4227,-1,-1,-1
201,8,516.13,318.72,70.65,213.28,0.5941,-1,-1,-1
201,6,94.49,543.99,64.75,166.88,0.4988,-1,-1,-1
201,5,1355.73,571.00,81.76,219.97,0.5456,-1,-1,-1
201,4,1720.95,458.12,72.68,209.15,0.5536,-1,-1,-1
201,3,971.98,919.76,62.78,158.23,0.7214,-1,-1,-1
201,1,419.31,211.33,79.15,206.35,0.5672,-1,-1,-1
202,31,1155.21,139.31,57.68,182.69,0.3836,-1,-1,-1
202,30,66.76,656.18,95.17,236.35,0.7430,-1,-1,-1
202,26,225.20,539.92,63.98,210.91,0.7061,-1,-1,-1
202,25,602.06,322.98,57.42,167.34,0.4481,-1,-1,-1
202,18,396.61,608.89,92.06,250.12,0.7352,-1,-1,-1
202,11,888.15,158.08,70.86,185.19,0.4324,-1,-1,-1
202,8,516.22,317.50,72.34,215.96,0.6119,-1,-1,-1
202,6,97.28,542.73,62.26,154.06,0.4447,-1,-1,-1
202,5,1355.16,571.11,81.21,215.45,0.5175,-1,-1,-1
202,4,1721.50,458.41,72.65,209.67,0.5819,-1,-1,-1
202,3,971.24,919.20,61.87,159.10,0.7278,-1,-1,-1
202,1,419.56,210.16,79.91,205.43,0.5615,-1,-1,-1
203,31,1154.07,138.24,55.90,183.86,0.3754,-1,-1,-1
203,30,68.66,657.17,95.07,234.44,0.6969,-1,-1,-1
203,26,223.01,537.17,65.61,212.21,0.6998,-1,-1,-1
203,25,602.10,322.25,57.38,167.53,0.4459,-1,-1,-1
203,18,395.02,607.02,91.75,248.44,0.7338,-1,-1,-1
203,11,887.13,156.65,71.00,186.40,0.4730,-1,-1,-1
203,8,515.92,317.79,72.28,216.24,0.5678,-1,-1,-1
203,6,97.32,542.90,60.87,151.82,0.3296,-1,-1,-1
203,5,1356.59,572.45,81.21,210.57,0.5463,-1,-1,-1
203,4,1720.83,458.38,73.18,209.60,0.5913,-1,-1,-1
203,3,970.56,918.71,63.11,159.18,0.7357,-1,-1,-1
203,1,421.44,208.75,78.15,207.07,0.4909,-1,-1,-1
204,31,1153.25,141.21,54.06,179.14,0.3813,-1,-1,-1
204,30,69.83,658.07,95.67,232.87,0.6858,-1,-1,-1
204,26,222.88,534.98,64.60,210.95,0.6732,-1,-1,-1
204,25,602.72,324.53,56.89,167.48,0.3987,-1,-1,-1
204,18,397.31,602.15,88.90,250.46,0.7217,-1,-1,-1
204,11,887.11,157.15,71.89,186.04,0.5038,-1,-1,-1
204,8,512.44,317.61,74.51,218.66,0.5875,-1,-1,-1
204,6,97.41,543.31,60.51,149.58,0.3512,-1,-1,-1
204,5,1356.81,571.44,83.06,214.46,0.5605,-1,-1,-1
204,4,1721.02,459.10,73.22,208.98,0.5787,-1,-1,-1
204,3,968.12,915.73,63.10,162.08,0.7309,-1,-1,-1
204,1,423.83,208.69,76.71,206.92,0.4486,-1,-1,-1
205,37,0.37,598.69,65.73,241.30,0.3526,-1,-1,-1
205,31,1151.61,138.96,55.28,181.65,0.3931,-1,-1,-1
205,30,70.60,656.22,99.05,235.17,0.7377,-1,-1,-1
205,29,756.34,299.39,59.47,195.80,0.3388,-1,-1,-1
205,26,219.99,530.70,66.41,209.85,0.6653,-1,-1,-1
205,25,604.05,324.31,55.91,167.99,0.3883,-1,-1,-1
205,18,394.28,599.58,91.07,251.94,0.7196,-1,-1,-1
205,11,888.85,155.31,68.87,187.66,0.4668,-1,-1,-1
205,8,514.63,317.95,73.69,218.10,0.5046,-1,-1,-1
205,6,97.19,542.60,60.30,146.62,0.3398,-1,-1,-1
205,5,1356.21,571.65,82.74,215.12,0.5321,-1,-1,-1
205,4,1720.18,458.74,74.22,210.04,0.5665,-1,-1,-1
205,3,967.20,915.28,62.19,162.92,0.7307,-1,-1,-1
205,1,424.28,208.52,77.37,207.17,0.4668,-1,-1,-1
206,37,0.45,601.55,79.49,237.14,0.4631,-1,-1,-1
206,31,1149.90,137.81,55.36,182.68,0.4035,-1,-1,-1
206,30,75.48,656.30,98.28,234.85,0.7626,-1,-1,-1
206,29,758.54,299.15,58.01,195.78,0.3776,-1,-1,-1
206,26,221.28,528.79,63.46,202.18,0.6695,-1,-1,-1
206,25,604.15,324.52,55.89,167.24,0.4106,-1,-1,-1
206,18,396.01,597.74,88.17,252.41,0.7337,-1,-1,-1
206,11,890.67,156.35,68.32,183.85,0.5184,-1,-1,-1
206,8,512.73,319.68,75.08,217.59,0.5083,-1,-1,-1
206,6,97.22,542.97,61.56,146.96,0.3885,-1,-1,-1
206,5,1355.35,571.35,82.11,215.92,0.5385,-1,-1,-1
206,4,1720.32,459.08,74.62,209.49,0.5678,-1,-1,-1
206,3,965.28,914.82,63.00,163.06,0.7458,-1,-1,-1
206,1,422.85,205.18,79.32,208.60,0.5124,-1,-1,-1
207,31,1147.04,137.41,55.47,183.57,0.3706,-1,-1,-1
207,30,80.77,659.06,104.48,236.23,0.7237,-1,-1,-1
207,29,759.12,298.27,58.18,195.28,0.3299,-1,-1,-1
207,26,221.94,526.60,62.51,201.54,0.6497,-1,-1,-1
207,25,604.02,324.97,56.17,168.13,0.4115,-1,-1,-1
207,18,396.49,596.53,86.93,246.56,0.7458,-1,-1,-1
207,11,890.74,154.39,71.74,190.48,0.5103,-1,-1,-1
207,8,510.90,319.61,75.59,216.72,0.5337,-1,-1,-1
207,6,98.11,543.45,61.06,148.08,0.4420,-1,-1,-1
207,5,1357.51,570.67,79.97,213.38,0.4981,-1,-1,-1
207,4,1720.76,458.89,73.64,208.65,0.5738,-1,-1,-1
207,3,964.27,913.14,62.31,165.00,0.7474,-1,-1,-1
207,1,422.98,205.24,79.72,207.10,0.4886,-1,-1,-1
208,37,0.93,605.79,85.87,234.48,0.3641,-1,-1,-1
208,31,1144.45,136.85,56.21,183.97,0.3942,-1,-1,-1
208,30,84.76,660.16,108.88,241.59,0.7351,-1,-1,-1
208,29,758.27,298.42,59.17,195.87,0.3511,-1,-1,-1
208,26,220.03,524.72,64.60,202.70,0.6132,-1,-1,-1
208,25,602.97,323.90,57.14,167.50,0.4063,-1,-1,-1
208,18,398.50,593.25,84.36,244.26,0.7481,-1,-1,-1
208,11,892.98,152.65,68.29,191.61,0.4738,-1,-1,-1
208,8,508.31,323.73,76.08,211.80,0.5139,-1,-1,-1
208,6,98.26,543.59,61.51,148.21,0.3909,-1,-1,-1
208,5,1357.45,570.41,79.98,214.33,0.5154,-1,-1,-1
208,4,1721.50,458.79,73.11,209.85,0.5810,-1,-1,-1
208,3,961.43,912.60,63.80,165.92,0.7409,-1,-1,-1
208,1,424.47,206.43,77.78,207.87,0.4776,-1,-1,-1
209,37,0.91,606.17,84.20,236.31,0.5770,-1,-1,-1
209,31,1142.10,137.96,57.07,181.74,0.3426,-1,-1,-1
209,30,86.33,665.49,115.06,239.93,0.7620,-1,-1,-1
209,29,758.64,301.54,59.49,194.85,0.3532,-1,-1,-1
209,26,220.47,523.21,63.50,202.55,0.6260,-1,-1,-1
209,25,601.71,323.69,57.35,168.98,0.3731,-1,-1,-1
209,18,399.37,590.91,82.00,240.17,0.7523,-1,-1,-1
209,11,893.75,151.55,68.48,189.47,0.4536,-1,-1,-1
209,8,508.58,323.40,74.55,212.60,0.5570,-1,-1,-1
209,6,98.91,545.45,61.58,150.28,0.3749,-1,-1,-1
209,5,1357.35,570.85,77.41,215.63,0.4958,-1,-1,-1
209,4,1721.61,457.47,72.86,210.64,0.5553,-1,-1,-1
209,3,961.09,912.50,61.52,166.15,0.7306,-1,-1,-1
209,1,425.43,206.24,77.10,209.12,0.4398,-1,-1,-1
210,37,1.48,607.21,86.22,233.83,0.5912,-1,-1,-1
210,33,817.67,318.75,58.52,184.79,0.3467,-1,-1,-1
210,31,1141.24,137.77,56.29,181.56,0.3405,-1,-1,-1
210,30,84.94,666.98,120.58,240.55,0.7544,-1,-1,-1
210,29,759.84,304.72,61.15,196.19,0.3200,-1,-1,-1
210,26,219.00,522.46,65.36,203.91,0.6208,-1,-1,-1
210,25,602.00,322.79,57.58,179.40,0.3332,-1,-1,-1
210,18,400.79,590.11,80.49,237.60,0.7550,-1,-1,-1
210,11,894.21,151.15,67.48,189.32,0.4767,-1,-1,-1
210,8,508.44,323.69,73.41,213.33,0.5969,-1,-1,-1
210,6,99.97,543.04,61.02,152.29,0.3841,-1,-1,-1
210,5,1356.96,570.99,78.55,215.18,0.5191,-1,-1,-1
210,4,1721.14,458.29,73.30,210.36,0.5698,-1,-1,-1
210,3,957.86,912.14,63.41,167.07,0.7292,-1,-1,-1
210,1,425.35,205.47,76.38,210.23,0.4221,-1,-1,-1
211,37,0.66,612.49,89.05,228.58,0.5875,-1,-1,-1
211,31,1138.74,137.73,56.64,182.72,0.3331,-1,-1,-1
211,30,92.22,668.88,113.71,241.41,0.7519,-1,-1,-1
211,29,758.47,305.87,64.77,198.28,0.3099,-1,-1,-1
211,26,217.57,520.97,65.79,205.23,0.5995,-1,-1,-1
211,18,401.09,586.98,79.73,238.57,0.7518,-1,-1,-1
211,11,894.87,150.51,69.20,185.36,0.4972,-1,-1,-1
211,8,508.39,323.84,72.68,211.38,0.5997,-1,-1,-1
211,6,100.13,543.65,63.07,153.49,0.3775,-1,-1,-1
211,5,1356.18,570.22,78.43,220.01,0.5126,-1,-1,-1
211,4,1720.83,459.29,73.62,207.65,0.5502,-1,-1,-1
211,3,955.63,912.41,64.46,166.19,0.7377,-1,-1,-1
211,1,427.01,205.07,76.05,209.61,0.4369,-1,-1,-1
212,37,17.62,609.59,83.12,234.66,0.5597,-1,-1,-1
212,33,813.93,321.82,63.61,186.22,0.3805,-1,-1,-1
212,30,98.08,669.86,108.27,244.84,0.7423,-1,-1,-1
212,26,216.49,519.66,66.05,206.17,0.6214,-1,-1,-1
212,18,399.90,585.20,81.75,239.40,0.7137,-1,-1,-1
212,11,898.30,147.50,67.74,183.27,0.4894,-1,-1,-1
212,8,507.54,325.56,72.30,210.30,0.5918,-1,-1,-1
212,6,101.42,543.85,63.28,158.69,0.4589,-1,-1,-1
212,5,1356.42,571.11,78.21,219.74,0.5013,-1,-1,-1
212,4,1720.58,459.51,74.22,209.80,0.5751,-1,-1,-1
212,3,953.98,910.83,64.76,169.17,0.7330,-1,-1,-1
212,1,425.91,203.14,77.40,210.16,0.4029,-1,-1,-1
213,37,25.70,609.97,76.54,234.39,0.5295,-1,-1,-1
213,33,808.36,321.09,71.97,188.39,0.3333,-1,-1,-1
213,30,100.61,668.91,106.37,250.13,0.7478,-1,-1,-1
213,26,215.82,519.35,65.63,204.33,0.6151,-1,-1,-1
213,25,600.61,327.77,60.31,187.26,0.3033,-1,-1,-1
213,18,400.13,582.70,82.31,242.73,0.7107,-1,-1,-1
213,11,899.26,144.84,67.20,183.76,0.5013,-1,-1,-1
213,8,507.79,325.90,70.86,211.52,0.6295,-1,-1,-1
213,6,101.66,544.04,63.85,173.72,0.4888,-1,-1,-1
213,5,1355.86,570.51,78.81,221.50,0.5399,-1,-1,-1
213,4,1720.57,458.99,74.69,209.94,0.5662,-1,-1,-1
213,3,951.71,909.88,65.13,170.12,0.7465,-1,-1,-1
213,1,425.69,201.78,77.35,210.17,0.4079,-1,-1,-1
214,37,35.78,613.83,66.91,232.50,0.5564,-1,-1,-1
214,33,819.44,325.11,61.80,186.90,0.3318,-1,-1,-1
214,30,106.10,665.63,101.92,254.70,0.7559,-1,-1,-1
214,26,215.93,518.94,65.88,203.16,0.5915,-1,-1,-1
214,25,600.79,331.44,59.05,195.37,0.3600,-1,-1,-1
214,18,398.88,579.97,85.73,245.09,0.6938,-1,-1,-1
214,11,901.02,141.69,66.14,185.97,0.4666,-1,-1,-1
214,8,508.81,324.31,71.69,211.36,0.7046,-1,-1,-1
214,6,101.34,546.99,66.25,174.04,0.4909,-1,-1,-1
214,5,1355.22,571.36,78.68,217.48,0.5271,-1,-1,-1
214,4,1721.57,459.54,73.48,207.05,0.5647,-1,-1,-1
214,3,951.31,908.94,64.36,171.06,0.7356,-1,-1,-1
214,1,425.54,201.30,75.90,210.45,0.3947,-1,-1,-1
215,37,42.33,612.35,71.33,235.88,0.5214,-1,-1,-1
215,33,811.38,323.29,71.36,187.66,0.3432,-1,-1,-1
215,30,111.31,664.44,96.17,257.56,0.7663,-1,-1,-1
215,29,759.19,312.47,70.44,191.61,0.3762,-1,-1,-1
215,26,216.14,517.83,65.17,203.88,0.5844,-1,-1,-1
215,25,600.75,332.98,61.58,199.91,0.3781,-1,-1,-1
215,18,398.40,578.94,87.66,245.76,0.7152,-1,-1,-1
215,11,901.63,142.20,66.34,185.75,0.4445,-1,-1,-1
215,8,509.17,325.15,70.82,214.27,0.6749,-1,-1,-1
215,6,101.84,548.18,68.52,170.92,0.4500,-1,-1,-1
215,5,1356.38,571.72,78.41,214.69,0.5406,-1,-1,-1
215,4,1721.45,459.70,73.64,207.60,0.5783,-1,-1,-1
215,3,949.94,909.14,63.05,170.86,0.7453,-1,-1,-1
215,1,427.13,200.64,74.76,209.20,0.3772,-1,-1,-1
216,37,45.07,610.70,71.43,240.94,0.6183,-1,-1,-1
216,33,811.84,322.26,75.87,190.68,0.3307,-1,-1,-1
216,31,1128.77,132.58,56.83,185.22,0.3452,-1,-1,-1
216,30,114.99,662.65,92.20,259.77,0.7806,-1,-1,-1
216,29,755.77,313.64,73.50,192.15,0.3828,-1,-1,-1
216,26,214.83,516.95,65.17,201.23,0.5842,-1,-1,-1
216,25,599.39,333.04,63.53,200.19,0.3832,-1,-1,-1
216,18,399.45,578.71,87.64,246.46,0.7188,-1,-1,-1
216,11,901.41,140.98,66.35,186.60,0.5110,-1,-1,-1
216,8,508.26,327.34,70.52,216.77,0.6220,-1,-1,-1
216,6,102.20,547.87,70.23,173.04,0.4641,-1,-1,-1
216,5,1355.79,571.00,79.92,218.33,0.5405,-1,-1,-1
216,4,1721.70,458.77,72.92,209.12,0.5415,-1,-1,-1
216,3,949.89,909.22,62.20,170.78,0.7379,-1,-1,-1
216,1,426.77,201.74,73.96,203.11,0.3517,-1,-1,-1
217,37,49.25,613.85,74.38,239.53,0.6282,-1,-1,-1
217,30,114.16,662.71,94.17,259.47,0.7910,-1,-1,-1
217,29,756.32,315.38,75.56,189.96,0.3675,-1,-1,-1
217,26,218.71,515.90,60.27,204.42,0.5800,-1,-1,-1
217,25,601.06,337.06,58.50,199.92,0.3862,-1,-1,-1
217,18,398.86,577.12,89.30,246.90,0.7099,-1,-1,-1
217,11,901.04,141.11,67.78,185.09,0.4604,-1,-1,-1
217,8,509.10,329.65,69.58,217.96,0.5989,-1,-1,-1
217,6,101.93,549.13,67.87,171.19,0.3977,-1,-1,-1
217,5,1354.88,571.73,82.12,218.58,0.5268,-1,-1,-1
217,4,1721.07,459.06,73.64,209.01,0.5313,-1,-1,-1
217,3,949.79,908.84,60.85,171.16,0.7376,-1,-1,-1
217,1,426.86,199.26,72.91,202.99,0.3478,-1,-1,-1
218,37,52.99,618.18,84.02,236.58,0.4968,-1,-1,-1
218,30,118.52,664.11,92.47,257.66,0.7805,-1,-1,-1
218,29,761.28,314.58,69.07,192.93,0.3128,-1,-1,-1
218,26,219.50,514.06,57.64,206.40,0.5484,-1,-1,-1
218,25,598.77,340.16,60.05,197.49,0.4312,-1,-1,-1
218,18,398.25,576.82,90.29,246.37,0.7192,-1,-1,-1
218,11,901.47,141.49,67.07,183.08,0.3771,-1,-1,-1
218,8,510.19,330.28,67.53,220.40,0.6172,-1,-1,-1
218,6,102.72,548.25,68.40,136.09,0.3213,-1,-1,-1
218,5,1354.92,571.29,80.95,218.95,0.4937,-1,-1,-1
218,4,1721.50,459.35,73.09,209.60,0.5222,-1,-1,-1
218,3,946.45,908.31,63.98,171.69,0.7344,-1,-1,-1
218,1,426.46,198.63,74.89,201.04,0.3753,-1,-1,-1
219,37,56.10,626.42,82.88,223.58,0.5828,-1,-1,-1
219,31,1125.26,128.10,56.29,189.69,0.3214,-1,-1,-1
219,30,121.80,662.56,90.81,257.70,0.7717,-1,-1,-1
219,26,216.67,511.56,58.55,202.55,0.5355,-1,-1,-1
219,25,597.82,341.72,59.60,198.94,0.4977,-1,-1,-1
219,18,399.70,575.45,88.05,245.35,0.6950,-1,-1,-1
219,11,899.78,140.75,70.12,187.88,0.4738,-1,-1,-1
219,8,510.77,331.99,66.50,220.03,0.6279,-1,-1,-1
219,6,100.26,549.20,72.16,132.66,0.3711,-1,-1,-1
219,5,1354.95,572.00,81.43,216.74,0.5043,-1,-1,-1
219,4,1721.26,458.77,73.24,210.09,0.5482,-1,-1,-1
219,3,942.72,907.37,66.80,172.63,0.7539,-1,-1,-1
219,1,427.90,196.77,73.32,198.75,0.3548,-1,-1,-1
220,37,57.76,631.23,87.03,220.93,0.6056,-1,-1,-1
220,30,122.76,666.15,96.50,249.68,0.7425,-1,-1,-1
220,29,758.48,317.49,75.64,189.02,0.3112,-1,-1,-1
220,26,214.14,507.10,59.05,201.75,0.5504,-1,-1,-1
220,25,598.22,341.93,58.21,200.17,0.5145,-1,-1,-1
220,18,398.09,571.98,88.44,247.47,0.7159,-1,-1,-1
220,11,898.48,141.55,72.83,187.88,0.5144,-1,-1,-1
220,8,510.50,334.64,65.27,217.22,0.6366,-1,-1,-1
220,6,94.24,549.77,78.36,134.67,0.3995,-1,-1,-1
220,5,1354.49,570.73,83.30,218.82,0.5129,-1,-1,-1
220,4,1721.30,459.07,73.54,209.10,0.5647,-1,-1,-1
220,3,941.00,905.46,68.15,174.54,0.7483,-1,-1,-1
220,1,428.23,196.65,71.98,198.55,0.3743,-1,-1,-1
221,37,62.01,634.93,88.14,219.15,0.6306,-1,-1,-1
221,31,1122.42,126.71,56.92,185.75,0.3120,-1,-1,-1
221,30,126.71,667.73,98.08,251.58,0.7301,-1,-1,-1
221,29,762.03,314.08,70.81,192.58,0.3337,-1,-1,-1
221,26,212.52,504.04,60.67,201.28,0.5994,-1,-1,-1
221,25,597.73,344.20,57.96,199.90,0.5800,-1,-1,-1
221,18,399.70,569.07,85.60,248.55,0.6929,-1,-1,-1
221,11,901.14,141.64,69.87,188.18,0.5416,-1,-1,-1
221,8,510.47,336.73,67.04,218.56,0.6037,-1,-1,-1
221,6,89.47,550.79,84.76,138.08,0.4770,-1,-1,-1
221,5,1354.49,571.54,82.87,218.02,0.5159,-1,-1,-1
221,4,1720.86,458.42,73.54,209.27,0.5859,-1,-1,-1
221,3,937.74,904.79,69.36,175.21,0.7481,-1,-1,-1
221,1,429.01,195.08,71.63,199.78,0.3791,-1,-1,-1
222,37,65.53,630.75,94.26,226.75,0.5134,-1,-1,-1
222,30,130.12,669.24,108.67,251.44,0.7159,-1,-1,-1
222,26,208.32,503.57,65.83,200.69,0.5618,-1,-1,-1
222,25,596.50,345.46,59.11,198.98,0.5701,-1,-1,-1
222,18,399.34,565.10,84.54,250.79,0.7098,-1,-1,-1
222,11,901.75,140.82,68.21,186.69,0.4977,-1,-1,-1
222,8,511.68,336.54,65.14,218.89,0.5871,-1,-1,-1
222,6,94.00,550.95,80.55,157.84,0.3798,-1,-1,-1
222,5,1354.64,571.65,84.08,220.25,0.4861,-1,-1,-1
222,4,1721.50,458.54,73.67,208.75,0.5638,-1,-1,-1
222,3,935.67,905.12,72.27,174.88,0.7536,-1,-1,-1
222,1,429.49,193.78,71.46,200.40,0.3578,-1,-1,-1
223,37,68.51,633.69,89.24,225.69,0.5791,-1,-1,-1
223,31,1119.39,128.60,54.16,178.55,0.3347,-1,-1,-1
223,30,131.52,670.80,113.90,257.95,0.6904,-1,-1,-1
223,29,770.87,315.25,66.32,194.67,0.3005,-1,-1,-1
223,26,208.72,502.65,65.40,200.22,0.5642,-1,-1,-1
223,25,595.44,346.19,59.30,198.22,0.5596,-1,-1,-1
223,18,399.07,564.16,83.74,244.97,0.7259,-1,-1,-1
223,11,900.26,140.83,68.88,185.18,0.4484,-1,-1,-1
223,8,511.19,337.15,66.68,218.35,0.5836,-1,-1,-1
223,6,94.82,552.20,80.16,140.07,0.4597,-1,-1,-1
223,5,1354.76,571.70,84.75,221.50,0.4531,-1,-1,-1
223,4,1722.34,457.75,72.04,209.37,0.5426,-1,-1,-1
223,3,935.07,904.76,72.26,175.24,0.7455,-1,-1,-1
223,1,431.77,193.96,69.78,202.23,0.3376,-1,-1,-1
224,37,72.92,634.96,83.52,222.44,0.5424,-1,-1,-1
224,31,1117.96,127.96,53.71,179.32,0.3194,-1,-1,-1
224,30,133.75,675.99,119.03,259.79,0.7252,-1,-1,-1
224,26,212.93,500.89,58.15,202.14,0.5535,-1,-1,-1
224,25,594.66,346.46,59.73,197.94,0.5604,-1,-1,-1
224,18,398.54,560.40,82.20,239.05,0.7173,-1,-1,-1
224,11,902.51,137.21,70.98,186.53,0.4201,-1,-1,-1
224,8,511.61,337.99,67.99,218.07,0.5861,-1,-1,-1
224,6,96.32,552.58,78.73,142.87,0.3627,-1,-1,-1
224,5,1354.74,571.59,88.77,229.41,0.4358,-1,-1,-1
224,4,1721.47,459.14,73.47,208.83,0.5479,-1,-1,-1
224,3,935.29,904.45,71.09,175.55,0.7161,-1,-1,-1
224,1,432.68,193.60,70.01,202.58,0.3574,-1,-1,-1
225,37,80.02,638.88,76.94,227.44,0.5939,-1,-1,-1
225,31,1115.13,127.25,55.49,179.41,0.3694,-1,-1,-1
225,30,136.00,678.26,118.26,264.50,0.7731,-1,-1,-1
225,29,772.19,316.70,71.91,195.67,0.3961,-1,-1,-1
225,26,212.13,499.62,59.26,200.83,0.6082,-1,-1,-1
225,25,594.08,347.99,59.31,195.59,0.5709,-1,-1,-1
225,18,397.57,557.58,80.62,236.49,0.7173,-1,-1,-1
225,11,903.76,137.21,71.66,185.40,0.3907,-1,-1,-1
225,8,511.94,338.53,69.57,217.39,0.5866,-1,-1,-1
225,6,97.63,553.15,77.13,149.83,0.3707,-1,-1,-1
225,5,1354.97,572.31,89.56,232.13,0.4105,-1,-1,-1
225,4,1721.06,458.74,74.19,209.68,0.5842,-1,-1,-1
225,3,934.95,903.20,71.29,176.71,0.7279,-1,-1,-1
225,1,430.31,191.84,72.14,204.80,0.3692,-1,-1,-1
226,37,84.67,640.12,77.68,227.74,0.6081,-1,-1,-1
226,33,842.46,327.51,55.54,186.11,0.3180,-1,-1,-1
226,31,1113.44,126.81,55.54,175.42,0.3613,-1,-1,-1
226,30,138.56,680.83,116.51,265.07,0.7539,-1,-1,-1
226,29,776.47,316.07,67.45,198.10,0.3805,-1,-1,-1
226,26,205.90,499.70,67.26,201.92,0.6061,-1,-1,-1
226,25,591.99,347.38,60.82,196.24,0.5807,-1,-1,-1
226,18,392.41,555.41,85.92,238.36,0.7252,-1,-1,-1
226,11,906.81,135.24,66.11,184.53,0.3660,-1,-1,-1
226,8,508.97,339.48,73.35,216.97,0.6160,-1,-1,-1
226,6,99.05,554.44,78.27,154.30,0.4252,-1,-1,-1
226,5,1354.88,574.06,91.41,224.66,0.4497,-1,-1,-1
226,4,1721.24,458.03,74.37,210.70,0.5771,-1,-1,-1
226,3,932.42,902.06,73.91,177.94,0.7229,-1,-1,-1
226,1,431.23,190.22,72.01,205.51,0.3921,-1,-1,-1
227,37,92.63,638.23,75.47,228.75,0.5924,-1,-1,-1
227,31,1112.34,125.33,55.37,178.74,0.3726,-1,-1,-1
227,30,143.53,683.09,113.47,269.28,0.7642,-1,-1,-1
227,29,777.10,317.96,76.47,201.30,0.3031,-1,-1,-1
227,26,207.63,498.27,66.03,204.21,0.6050,-1,-1,-1
227,25,589.73,347.32,63.06,197.56,0.5900,-1,-1,-1
227,18,390.92,553.09,85.90,239.53,0.7344,-1,-1,-1
227,11,909.46,133.61,62.98,187.50,0.3488,-1,-1,-1
227,8,509.20,343.31,73.50,212.12,0.6183,-1,-1,-1
227,6,100.47,554.47,78.81,156.93,0.4691,-1,-1,-1
227,5,1354.92,574.03,89.77,225.56,0.4634,-1,-1,-1
227,4,1721.49,458.26,73.45,209.84,0.5956,-1,-1,-1
227,3,932.67,902.07,72.69,177.93,0.7081,-1,-1,-1
227,1,432.14,188.36,72.18,208.26,0.4145,-1,-1,-1
228,37,96.13,639.50,78.01,231.98,0.6016,-1,-1,-1
228,31,1108.67,125.34,57.53,180.11,0.3307,-1,-1,-1
228,30,148.32,687.77,103.66,265.54,0.7345,-1,-1,-1
228,29,777.59,318.92,74.35,205.06,0.3931,-1,-1,-1
228,26,208.16,497.07,66.18,203.94,0.6214,-1,-1,-1
228,25,588.81,349.01,63.28,195.17,0.5726,-1,-1,-1
228,18,386.42,552.28,89.98,240.08,0.7357,-1,-1,-1
228,11,910.10,132.79,66.19,180.09,0.3556,-1,-1,-1
228,8,509.43,341.29,71.29,213.96,0.6387,-1,-1,-1
228,6,101.36,554.95,78.98,145.11,0.4601,-1,-1,-1
228,5,1354.47,575.82,95.94,230.64,0.4481,-1,-1,-1
228,4,1721.53,459.66,73.76,207.90,0.5956,-1,-1,-1
228,3,932.84,901.01,72.33,178.96,0.6957,-1,-1,-1
228,1,433.04,188.44,71.91,207.62,0.4359,-1,-1,-1
229,38,791.05,108.98,73.87,217.67,0.3257,-1,-1,-1
229,37,103.52,643.28,75.18,224.16,0.5915,-1,-1,-1
229,31,1103.83,125.07,61.32,180.53,0.3416,-1,-1,-1
229,30,148.83,690.38,100.77,264.72,0.7292,-1,-1,-1
229,29,776.30,317.74,71.39,210.76,0.3435,-1,-1,-1
229,26,206.87,496.00,66.99,205.50,0.5913,-1,-1,-1
229,25,588.50,349.65,63.15,194.46,0.5614,-1,-1,-1
229,18,383.89,549.60,92.39,243.08,0.7259,-1,-1,-1
229,11,913.11,132.07,65.90,176.81,0.3883,-1,-1,-1
229,8,509.16,343.97,72.84,211.91,0.6498,-1,-1,-1
229,6,102.40,556.14,80.13,140.15,0.4675,-1,-1,-1
229,5,1354.35,576.17,91.91,220.46,0.4909,-1,-1,-1
229,4,1720.64,459.37,74.39,208.98,0.6029,-1,-1,-1
229,3,931.91,900.27,73.01,179.73,0.7157,-1,-1,-1
229,1,434.15,188.10,70.31,208.91,0.4217,-1,-1,-1
230,38,791.85,110.28,69.49,216.70,0.3006,-1,-1,-1
230,37,108.33,645.34,73.19,214.98,0.5601,-1,-1,-1
230,31,1094.14,126.23,70.49,179.07,0.3481,-1,-1,-1
230,30,147.27,693.64,107.35,263.63,0.7490,-1,-1,-1
230,29,779.64,319.04,73.17,211.83,0.3200,-1,-1,-1
230,26,205.57,494.66,68.34,204.59,0.5885,-1,-1,-1
230,25,587.56,351.38,64.26,193.37,0.5280,-1,-1,-1
230,18,382.16,546.27,94.11,247.99,0.7326,-1,-1,-1
230,11,916.33,130.43,65.46,173.98,0.3402,-1,-1,-1
230,8,509.81,344.26,72.39,213.79,0.6389,-1,-1,-1
230,6,102.39,556.46,82.80,128.85,0.4542,-1,-1,-1
230,5,1354.39,574.95,96.64,229.56,0.4597,-1,-1,-1
230,4,1720.94,459.63,74.17,208.33,0.5849,-1,-1,-1
230,3,932.61,899.67,72.18,180.33,0.7131,-1,-1,-1
230,1,435.52,187.69,69.92,205.49,0.4561,-1,-1,-1
231,37,112.95,643.55,70.76,147.51,0.4761,-1,-1,-1
231,33,844.80,335.09,56.81,191.56,0.3367,-1,-1,-1
231,31,1093.41,126.33,69.68,178.47,0.3567,-1,-1,-1
231,30,153.17,695.43,101.28,262.13,0.7690,-1,-1,-1
231,29,780.45,329.10,58.16,199.87,0.3285,-1,-1,-1
231,26,211.45,493.34,64.13,204.28,0.5612,-1,-1,-1
231,25,586.30,349.85,66.22,193.54,0.5487,-1,-1,-1
231,18,380.05,545.50,95.39,248.63,0.7378,-1,-1,-1
231,11,917.76,129.55,67.58,178.69,0.3072,-1,-1,-1
231,8,508.03,345.39,73.81,213.08,0.6585,-1,-1,-1
231,6,102.21,556.68,82.61,127.62,0.4815,-1,-1,-1
231,5,1354.91,578.11,95.64,222.81,0.4702,-1,-1,-1
231,4,1721.35,458.40,74.03,210.06,0.6107,-1,-1,-1
231,3,931.60,899.41,73.23,180.52,0.7280,-1,-1,-1
231,1,436.09,187.05,70.78,203.76,0.4369,-1,-1,-1
232,39,1176.38,125.87,59.11,161.67,0.3469,-1,-1,-1
232,37,117.86,647.78,67.37,229.89,0.5345,-1,-1,-1
232,33,844.35,335.54,59.75,190.75,0.3288,-1,-1,-1
232,31,1094.99,125.85,65.91,178.17,0.4096,-1,-1,-1
232,30,162.88,697.73,93.34,258.85,0.7635,-1,-1,-1
232,26,216.88,492.36,59.56,202.93,0.5231,-1,-1,-1
232,25,587.71,352.15,63.95,190.31,0.5235,-1,-1,-1
232,18,376.43,545.39,97.97,248.35,0.7135,-1,-1,-1
232,11,918.83,126.52,68.50,181.31,0.3081,-1,-1,-1
232,8,508.30,345.70,71.25,216.23,0.6665,-1,-1,-1
232,6,103.08,557.10,81.46,129.61,0.4504,-1,-1,-1
232,5,1356.08,578.61,96.50,229.90,0.4686,-1,-1,-1
232,4,1721.93,457.72,73.17,210.54,0.6172,-1,-1,-1
232,3,931.79,899.55,73.21,180.45,0.7215,-1,-1,-1
232,1,437.55,186.66,70.00,205.62,0.4457,-1,-1,-1
233,39,1173.79,123.79,59.85,162.84,0.3514,-1,-1,-1
233,37,117.56,648.16,67.21,226.87,0.5448,-1,-1,-1
233,33,844.14,337.60,63.05,189.51,0.3759,-1,-1,-1
233,31,1094.46,126.03,64.72,175.80,0.4659,-1,-1,-1
233,30,166.58,699.86,91.62,256.67,0.7784,-1,-1,-1
233,26,211.94,490.55,66.04,203.64,0.5892,-1,-1,-1
233,25,587.52,353.85,63.77,190.97,0.5167,-1,-1,-1
233,18,375.18,545.04,97.76,246.29,0.6920,-1,-1,-1
233,8,507.73,346.81,71.59,219.77,0.6779,-1,-1,-1
233,6,104.25,557.91,81.80,133.86,0.4179,-1,-1,-1
233,5,1355.68,577.21,98.98,236.07,0.4539,-1,-1,-1
233,4,1721.68,458.53,73.68,209.11,0.5951,-1,-1,-1
233,3,933.02,899.10,71.51,180.90,0.7090,-1,-1,-1
233,1,439.16,184.28,69.29,207.99,0.4116,-1,-1,-1
234,39,1171.57,123.96,61.14,160.84,0.3479,-1,-1,-1
234,37,115.50,650.59,71.09,224.14,0.4353,-1,-1,-1
234,33,844.52,339.43,62.71,188.37,0.3167,-1,-1,-1
234,31,1092.95,127.06,65.24,176.99,0.4584,-1,-1,-1
234,30,167.70,700.83,92.02,256.73,0.7944,-1,-1,-1
234,26,215.33,488.36,63.12,198.71,0.5976,-1,-1,-1
234,25,587.24,354.42,63.90,194.35,0.5442,-1,-1,-1
234,18,373.96,542.91,98.18,244.09,0.7137,-1,-1,-1
234,11,921.01,123.59,68.30,181.73,0.3615,-1,-1,-1
234,8,507.11,347.76,70.48,221.24,0.6879,-1,-1,-1
234,6,108.51,558.96,74.26,232.11,0.3861,-1,-1,-1
234,5,1354.63,575.30,101.91,240.01,0.5111,-1,-1,-1
234,4,1722.27,458.24,73.43,209.75,0.6138,-1,-1,-1
234,3,935.55,900.50,68.10,179.50,0.6986,-1,-1,-1
234,1,440.34,183.44,69.87,208.78,0.4272,-1,-1,-1
235,39,1170.01,122.85,61.76,162.47,0.3525,-1,-1,-1
235,37,118.67,653.38,69.14,219.70,0.5011,-1,-1,-1
235,33,844.70,345.67,54.94,185.03,0.3319,-1,-1,-1
235,31,1092.87,126.65,63.52,176.24,0.4531,-1,-1,-1
235,30,172.65,702.25,86.99,253.27,0.7769,-1,-1,-1
235,29,781.29,338.40,64.86,198.90,0.3725,-1,-1,-1
235,26,216.75,485.67,61.44,197.70,0.5966,-1,-1,-1
235,25,588.30,356.93,62.75,192.43,0.5308,-1,-1,-1
235,18,373.49,541.83,96.24,245.32,0.7202,-1,-1,-1
235,11,922.61,123.26,66.69,186.66,0.3723,-1,-1,-1
235,8,506.52,350.76,70.16,220.83,0.6857,-1,-1,-1
235,6,105.99,559.37,80.91,135.70,0.4371,-1,-1,-1
235,5,1356.52,576.45,103.11,237.81,0.4408,-1,-1,-1
235,4,1722.33,458.96,72.74,209.11,0.5928,-1,-1,-1
235,3,935.23,900.84,67.06,179.16,0.6795,-1,-1,-1
235,1,442.54,182.25,68.82,207.13,0.4526,-1,-1,-1
236,39,1167.45,123.05,62.16,160.75,0.3316,-1,-1,-1
236,37,122.45,657.59,69.48,218.92,0.5671,-1,-1,-1
236,33,843.24,348.28,58.19,183.81,0.3305,-1,-1,-1
236,31,1091.70,125.77,65.13,176.61,0.4154,-1,-1,-1
236,30,176.02,702.39,85.56,253.87,0.7783,-1,-1,-1
236,29,782.57,339.50,62.16,197.18,0.4096,-1,-1,-1
236,26,216.46,483.63,63.19,196.57,0.5819,-1,-1,-1
236,25,587.69,359.02,61.20,187.01,0.5089,-1,-1,-1
236,18,373.61,541.28,94.95,243.68,0.7205,-1,-1,-1
236,11,923.04,122.15,68.45,187.26,0.3633,-1,-1,-1
236,8,506.29,353.53,68.78,217.83,0.6845,-1,-1,-1
236,6,106.58,560.23,82.78,141.99,0.5189,-1,-1,-1
236,5,1358.24,576.57,103.01,238.31,0.4510,-1,-1,-1
236,4,1722.28,459.32,72.37,208.88,0.6045,-1,-1,-1
236,3,936.04,900.51,66.08,179.49,0.6708,-1,-1,-1
236,1,444.03,182.81,67.92,202.17,0.4483,-1,-1,-1
237,37,126.94,653.78,68.99,222.42,0.6012,-1,-1,-1
237,31,1091.09,124.35,63.28,178.19,0.3749,-1,-1,-1
237,30,178.21,703.18,85.78,250.91,0.7907,-1,-1,-1
237,29,783.40,338.17,62.87,198.82,0.4108,-1,-1,-1
237,26,218.02,482.50,62.66,196.40,0.5575,-1,-1,-1
237,25,587.53,361.18,61.49,188.99,0.5131,-1,-1,-1
237,18,374.91,537.42,92.45,245.21,0.7039,-1,-1,-1
237,11,925.73,123.44,65.93,186.58,0.3095,-1,-1,-1
237,8,503.94,356.10,70.16,216.35,0.6775,-1,-1,-1
237,6,107.43,560.12,81.92,143.12,0.5161,-1,-1,-1
237,5,1361.82,577.75,101.85,238.32,0.4264,-1,-1,-1
237,4,1721.68,458.20,73.13,209.76,0.5919,-1,-1,-1
237,3,936.64,900.50,64.76,179.50,0.6756,-1,-1,-1
237,1,443.14,181.49,69.83,200.26,0.3805,-1,-1,-1
238,37,136.29,658.93,63.98,213.87,0.4655,-1,-1,-1
238,31,1090.74,124.38,57.94,181.75,0.4178,-1,-1,-1
238,30,182.28,703.18,85.78,253.38,0.7752,-1,-1,-1
238,29,784.23,339.52,63.89,198.27,0.4493,-1,-1,-1
238,26,217.42,480.10,63.19,197.58,0.5441,-1,-1,-1
238,25,587.39,362.10,62.00,187.99,0.5445,-1,-1,-1
238,18,377.06,535.28,90.02,243.35,0.7077,-1,-1,-1
238,11,925.89,120.10,67.95,188.43,0.3603,-1,-1,-1
238,8,502.91,357.02,70.40,218.43,0.6981,-1,-1,-1
238,6,110.78,561.00,81.87,230.97,0.4707,-1,-1,-1
238,5,1365.44,579.03,102.52,239.58,0.4171,-1,-1,-1
238,4,1721.40,460.07,73.10,207.69,0.6049,-1,-1,-1
238,3,936.29,900.48,63.68,179.52,0.6806,-1,-1,-1
238,1,442.96,180.35,70.66,200.42,0.3880,-1,-1,-1
239,39,1160.11,120.34,63.43,166.12,0.3049,-1,-1,-1
239,37,138.49,656.71,66.61,219.16,0.5325,-1,-1,-1
239,31,1089.76,122.25,57.53,182.72,0.4249,-1,-1,-1
239,30,185.35,705.65,86.31,251.07,0.7563,-1,-1,-1
239,29,783.18,339.58,64.70,198.54,0.4080,-1,-1,-1
239,26,218.33,479.98,62.94,197.97,0.5839,-1,-1,-1
239,25,587.78,362.19,63.00,187.81,0.5603,-1,-1,-1
239,18,381.21,530.49,85.29,239.20,0.7623,-1,-1,-1
239,11,925.86,120.74,67.31,182.25,0.4368,-1,-1,-1
239,8,501.33,357.77,70.96,215.85,0.6806,-1,-1,-1
239,6,110.97,561.73,81.60,239.27,0.4801,-1,-1,-1
239,5,1357.58,576.48,111.70,240.50,0.4688,-1,-1,-1
239,4,1722.04,458.49,72.94,209.58,0.6241,-1,-1,-1
239,3,936.54,900.15,62.50,179.85,0.7090,-1,-1,-1
239,1,443.73,178.91,71.66,200.51,0.4007,-1,-1,-1
240,38,780.64,147.19,74.10,175.79,0.3152,-1,-1,-1
240,37,142.79,654.08,69.59,222.06,0.5603,-1,-1,-1
240,31,1088.30,122.18,57.22,180.20,0.3913,-1,-1,-1
240,30,186.74,707.01,95.20,255.41,0.7575,-1,-1,-1
240,29,783.79,340.07,65.74,197.36,0.4286,-1,-1,-1
240,26,217.93,478.39,63.53,200.09,0.5945,-1,-1,-1
240,25,589.38,363.99,57.81,184.64,0.5471,-1,-1,-1
240,18,385.59,528.17,80.64,235.12,0.7470,-1,-1,-1
240,11,924.74,118.79,66.33,185.46,0.4097,-1,-1,-1
240,8,498.79,358.29,73.68,218.59,0.6509,-1,-1,-1
240,6,108.87,562.24,85.37,147.15,0.4937,-1,-1,-1
240,5,1357.45,576.18,113.35,239.79,0.4581,-1,-1,-1
240,4,1721.04,459.25,74.57,208.85,0.5965,-1,-1,-1
240,3,937.00,900.45,61.50,178.96,0.7059,-1,-1,-1
240,1,443.17,177.30,74.05,201.78,0.3620,-1,-1,-1
241,38,783.90,147.01,70.94,176.60,0.3239,-1,-1,-1
241,37,149.45,651.51,66.99,140.03,0.4024,-1,-1,-1
241,31,1086.03,121.40,57.71,177.40,0.4316,-1,-1,-1
241,30,188.94,709.77,100.59,257.64,0.7772,-1,-1,-1
241,29,784.24,340.31,69.08,197.25,0.4431,-1,-1,-1
241,26,217.77,476.65,63.85,202.72,0.6211,-1,-1,-1
241,25,588.98,365.81,59.09,182.12,0.5624,-1,-1,-1
241,18,388.07,525.81,78.36,233.58,0.7309,-1,-1,-1
241,11,923.96,118.49,67.34,182.61,0.4466,-1,-1,-1
241,8,497.21,358.72,73.81,219.22,0.6604,-1,-1,-1
241,6,110.53,562.86,83.06,149.52,0.5321,-1,-1,-1
241,5,1356.23,571.97,120.45,242.33,0.5079,-1,-1,-1
241,4,1721.94,458.62,72.72,208.87,0.6294,-1,-1,-1
241,3,936.42,900.32,61.16,179.68,0.7163,-1,-1,-1
241,1,444.45,178.77,74.39,200.66,0.3660,-1,-1,-1
242,39,1155.97,119.36,62.21,159.83,0.3192,-1,-1,-1
242,38,783.08,151.69,72.02,170.87,0.3250,-1,-1,-1
242,37,153.43,649.73,68.64,170.45,0.4306,-1,-1,-1
242,33,853.39,347.84,63.10,187.64,0.3640,-1,-1,-1
242,31,1083.69,118.43,59.59,179.06,0.4112,-1,-1,-1
242,30,194.42,712.23,98.16,256.54,0.7484,-1,-1,-1
242,29,785.29,342.46,68.04,196.53,0.4309,-1,-1,-1
242,26,217.89,475.16,63.82,201.95,0.5968,-1,-1,-1
242,25,587.43,364.95,61.44,189.19,0.5494,-1,-1,-1
242,18,387.37,522.71,79.64,234.03,0.6996,-1,-1,-1
242,11,930.80,121.61,60.93,180.12,0.4574,-1,-1,-1
242,8,495.46,361.03,74.15,217.38,0.6502,-1,-1,-1
242,6,110.63,563.01,84.34,180.32,0.4396,-1,-1,-1
242,5,1356.53,569.85,121.35,243.94,0.5359,-1,-1,-1
242,4,1721.59,459.50,72.61,208.30,0.6142,-1,-1,-1
242,3,936.35,900.88,62.07,179.12,0.7262,-1,-1,-1
242,1,446.26,177.13,72.39,203.80,0.3644,-1,-1,-1
243,39,1155.43,118.16,63.77,158.24,0.3104,-1,-1,-1
243,38,787.89,152.08,65.47,168.89,0.3724,-1,-1,-1
243,37,155.60,651.00,74.00,163.13,0.4759,-1,-1,-1
243,31,1082.17,118.09,59.65,179.76,0.4661,-1,-1,-1
243,30,197.60,717.84,99.89,255.59,0.6952,-1,-1,-1
243,29,786.15,341.08,67.90,198.29,0.4231,-1,-1,-1
243,26,217.46,474.70,64.68,202.68,0.6051,-1,-1,-1
243,25,587.11,365.12,62.26,195.15,0.5775,-1,-1,-1
243,18,389.06,519.90,77.81,236.45,0.6892,-1,-1,-1
243,11,931.62,119.95,60.91,178.94,0.5043,-1,-1,-1
243,8,493.90,360.50,73.39,218.53,0.6478,-1,-1,-1
243,6,112.79,560.25,82.08,233.28,0.5388,-1,-1,-1
243,5,1356.85,567.85,119.07,246.64,0.5390,-1,-1,-1
243,4,1721.18,458.78,73.78,207.43,0.6316,-1,-1,-1
243,3,935.74,900.38,61.38,179.62,0.7105,-1,-1,-1
243,1,448.10,176.28,70.55,204.92,0.3476,-1,-1,-1
244,39,1155.16,113.95,57.14,159.69,0.3158,-1,-1,-1
244,38,786.71,152.07,69.24,170.51,0.3410,-1,-1,-1
244,37,158.60,653.85,84.21,158.32,0.5564,-1,-1,-1
244,33,852.61,353.03,66.82,182.23,0.3912,-1,-1,-1
244,31,1080.62,118.12,60.32,179.77,0.4479,-1,-1,-1
244,30,199.46,728.92,98.81,248.40,0.7044,-1,-1,-1
244,29,789.79,342.48,62.84,196.50,0.3878,-1,-1,-1
244,26,216.99,472.59,64.17,198.72,0.5752,-1,-1,-1
244,25,585.80,366.94,60.98,198.38,0.5808,-1,-1,-1
244,18,389.19,518.07,78.44,237.68,0.6920,-1,-1,-1
244,11,932.80,117.97,60.02,179.12,0.4404,-1,-1,-1
244,8,492.10,361.55,72.85,215.13,0.6434,-1,-1,-1
244,6,113.67,562.35,83.40,245.99,0.5668,-1,-1,-1
244,5,1356.84,570.37,117.69,243.50,0.5083,-1,-1,-1
244,4,1720.96,458.85,73.37,207.80,0.6063,-1,-1,-1
244,3,935.43,901.36,62.59,178.64,0.7833,-1,-1,-1
244,1,446.65,175.93,75.72,204.50,0.3518,-1,-1,-1
245,38,786.98,152.55,69.15,169.97,0.3183,-1,-1,-1
245,37,163.94,655.43,78.58,151.48,0.5933,-1,-1,-1
245,33,855.19,353.09,66.49,185.85,0.3910,-1,-1,-1
245,31,1080.46,117.48,58.37,179.17,0.4501,-1,-1,-1
245,30,197.27,729.51,99.97,250.79,0.7022,-1,-1,-1
245,29,790.09,343.47,63.94,196.70,0.3796,-1,-1,-1
245,26,216.87,471.39,64.23,201.32,0.5675,-1,-1,-1
245,25,586.02,369.58,59.84,199.55,0.5898,-1,-1,-1
245,18,388.82,518.61,79.73,238.07,0.6789,-1,-1,-1
245,11,934.60,116.10,58.81,178.99,0.4543,-1,-1,-1
245,8,491.79,361.66,72.54,219.55,0.6679,-1,-1,-1
245,6,116.61,566.31,81.60,245.84,0.6236,-1,-1,-1
245,5,1360.36,570.23,114.85,244.10,0.4329,-1,-1,-1
245,4,1720.68,459.04,73.65,208.08,0.5892,-1,-1,-1
245,3,934.93,902.88,63.69,177.12,0.7905,-1,-1,-1
245,1,447.51,176.01,74.15,203.63,0.3197,-1,-1,-1
246,38,784.20,152.68,72.32,170.26,0.3272,-1,-1,-1
246,37,171.73,655.09,75.32,152.81,0.6020,-1,-1,-1
246,33,861.27,351.84,63.45,187.84,0.3861,-1,-1,-1
246,31,1079.72,117.93,58.99,178.32,0.4121,-1,-1,-1
246,30,202.49,730.75,94.84,256.97,0.6849,-1,-1,-1
246,29,791.23,345.10,63.34,195.75,0.3974,-1,-1,-1
246,26,220.10,470.50,62.39,204.83,0.5839,-1,-1,-1
246,25,584.84,370.99,60.98,200.55,0.6291,-1,-1,-1
246,18,388.89,517.88,80.81,239.84,0.6972,-1,-1,-1
246,11,936.32,115.79,57.02,179.80,0.4114,-1,-1,-1
246,8,488.55,363.55,73.93,214.30,0.6927,-1,-1,-1
246,6,119.05,564.05,80.51,247.87,0.6377,-1,-1,-1
246,5,1369.84,572.23,104.96,241.61,0.4674,-1,-1,-1
246,4,1720.88,458.27,74.10,210.15,0.6071,-1,-1,-1
246,3,935.39,903.67,64.16,176.33,0.7803,-1,-1,-1
246,1,447.84,176.60,74.59,204.38,0.3246,-1,-1,-1
247,39,1150.71,113.05,56.40,162.89,0.3185,-1,-1,-1
247,38,787.78,152.87,68.65,168.73,0.3057,-1,-1,-1
247,37,175.47,656.69,81.13,145.19,0.4370,-1,-1,-1
247,33,863.42,352.41,58.57,188.35,0.3758,-1,-1,-1
247,31,1078.03,116.36,58.03,179.45,0.4382,-1,-1,-1
247,30,204.16,732.91,95.74,256.84,0.6712,-1,-1,-1
247,29,788.75,345.31,65.68,195.79,0.4095,-1,-1,-1
247,26,219.27,468.98,62.42,206.12,0.5816,-1,-1,-1
247,25,584.28,372.49,62.02,204.59,0.6804,-1,-1,-1
247,18,389.29,517.64,81.04,240.94,0.7042,-1,-1,-1
247,11,936.56,114.27,57.47,177.03,0.4336,-1,-1,-1
247,8,487.46,364.41,73.94,214.83,0.7433,-1,-1,-1
247,6,119.86,563.22,84.29,251.51,0.6226,-1,-1,-1
247,5,1371.22,567.47,105.98,249.16,0.5726,-1,-1,-1
247,4,1719.97,458.43,74.70,208.68,0.6211,-1,-1,-1
247,3,935.94,903.90,63.62,176.10,0.7680,-1,-1,-1
247,1,447.83,175.63,76.84,204.91,0.3374,-1,-1,-1
248,39,1149.90,113.53,56.61,164.70,0.3309,-1,-1,-1
248,37,179.38,663.51,81.46,146.62,0.3690,-1,-1,-1
248,33,862.74,353.13,64.57,190.40,0.4163,-1,-1,-1
248,31,1077.18,116.45,57.32,181.15,0.4955,-1,-1,-1
248,30,203.06,734.55,94.42,257.97,0.5894,-1,-1,-1
248,29,791.47,345.50,65.33,200.57,0.4242,-1,-1,-1
248,26,220.83,467.64,59.85,202.95,0.5748,-1,-1,-1
248,25,584.38,374.82,60.22,206.76,0.6462,-1,-1,-1
248,18,389.31,517.18,81.15,240.72,0.6932,-1,-1,-1
248,11,938.39,113.62,56.98,175.69,0.4609,-1,-1,-1
248,8,487.43,366.04,72.08,214.90,0.7421,-1,-1,-1
248,6,123.56,563.35,82.67,247.92,0.6804,-1,-1,-1
248,5,1375.28,570.09,102.57,245.39,0.5483,-1,-1,-1
248,4,1718.99,459.62,75.63,208.24,0.6289,-1,-1,-1
248,3,936.15,905.30,64.77,174.59,0.7523,-1,-1,-1
248,1,448.25,173.31,77.33,210.80,0.3513,-1,-1,-1
249,39,1148.84,111.21,56.47,166.63,0.3426,-1,-1,-1
249,37,180.77,666.34,88.47,239.46,0.4980,-1,-1,-1
249,33,860.97,352.81,68.63,190.26,0.3786,-1,-1,-1
249,31,1075.90,116.15,57.24,183.09,0.4614,-1,-1,-1
249,30,205.77,741.98,88.75,250.52,0.4892,-1,-1,-1
249,29,790.73,346.01,64.07,193.82,0.3842,-1,-1,-1
249,26,220.78,467.09,59.27,193.87,0.5554,-1,-1,-1
249,25,583.60,378.89,59.79,204.38,0.6027,-1,-1,-1
249,18,388.21,516.18,83.55,240.24,0.6858,-1,-1,-1
249,11,939.24,110.83,58.49,179.65,0.5147,-1,-1,-1
249,8,486.83,367.34,72.05,216.14,0.7136,-1,-1,-1
249,6,125.81,564.14,80.42,250.25,0.6686,-1,-1,-1
249,5,1382.33,570.35,92.81,247.48,0.5263,-1,-1,-1
249,4,1720.47,459.65,73.52,207.50,0.5910,-1,-1,-1
249,3,936.33,905.35,65.70,174.65,0.7497,-1,-1,-1
249,1,449.25,171.64,77.13,210.85,0.3886,-1,-1,-1
250,39,1147.53,110.79,56.97,166.06,0.3420,-1,-1,-1
250,37,182.62,669.92,90.55,148.25,0.4673,-1,-1,-1
250,33,854.36,355.80,72.67,191.08,0.3945,-1,-1,-1
250,31,1073.88,115.29,57.87,183.43,0.4141,-1,-1,-1
250,30,211.30,746.76,89.84,243.24,0.4594,-1,-1,-1
250,29,792.17,348.49,66.29,194.56,0.3417,-1,-1,-1
250,26,222.26,464.83,59.31,195.34,0.5543,-1,-1,-1
250,25,582.24,381.47,60.51,202.14,0.6333,-1,-1,-1
250,18,388.50,516.17,84.52,238.76,0.6796,-1,-1,-1
250,11,937.19,109.59,60.79,180.93,0.4967,-1,-1,-1
250,8,486.79,369.21,72.22,218.94,0.6864,-1,-1,-1
250,6,128.49,566.27,81.01,245.93,0.6767,-1,-1,-1
250,5,1386.26,569.67,88.50,246.22,0.5922,-1,-1,-1
250,4,1721.09,458.12,73.60,209.19,0.5977,-1,-1,-1
250,3,936.46,905.77,66.91,174.23,0.7305,-1,-1,-1
250,1,449.59,170.04,76.42,211.44,0.3730,-1,-1,-1
251,37,184.96,674.27,91.29,139.32,0.5088,-1,-1,-1
251,33,861.27,355.59,67.84,193.56,0.3479,-1,-1,-1
251,31,1073.06,114.94,57.76,183.84,0.3951,-1,-1,-1
251,30,211.17,743.89,89.12,248.48,0.5576,-1,-1,-1
251,29,791.73,351.47,65.91,191.29,0.3650,-1,-1,-1
251,26,222.17,461.06,59.53,197.40,0.5622,-1,-1,-1
251,25,581.70,383.19,60.26,203.08,0.6521,-1,-1,-1
251,18,388.17,512.48,85.29,239.87,0.6658,-1,-1,-1
251,11,935.28,110.41,65.12,180.95,0.4687,-1,-1,-1
251,8,490.49,368.99,68.33,226.69,0.6535,-1,-1,-1
251,6,132.00,565.12,80.78,249.53,0.6997,-1,-1,-1
251,5,1387.76,568.61,88.93,247.22,0.6264,-1,-1,-1
251,4,1719.78,459.32,75.48,207.69,0.6042,-1,-1,-1
251,3,938.20,907.71,66.28,172.29,0.7400,-1,-1,-1
251,1,450.27,168.12,74.15,211.29,0.3775,-1,-1,-1
252,39,1145.81,108.84,57.49,172.06,0.3293,-1,-1,-1
252,37,185.88,676.16,91.16,140.13,0.4688,-1,-1,-1
252,33,863.85,359.99,60.65,188.91,0.3579,-1,-1,-1
252,31,1072.16,114.29,57.85,184.16,0.3636,-1,-1,-1
252,30,209.46,740.70,97.76,250.47,0.6637,-1,-1,-1
252,26,221.19,455.68,59.65,202.54,0.5741,-1,-1,-1
252,25,580.64,383.57,61.53,205.17,0.6669,-1,-1,-1
252,18,389.87,509.72,83.30,241.16,0.6645,-1,-1,-1
252,11,936.28,106.78,64.68,182.86,0.4820,-1,-1,-1
252,8,489.90,372.52,68.50,227.34,0.6545,-1,-1,-1
252,6,133.94,566.19,82.98,246.91,0.7028,-1,-1,-1
252,5,1387.08,570.06,88.62,242.55,0.5678,-1,-1,-1
252,4,1720.59,459.70,74.03,207.13,0.5844,-1,-1,-1
252,3,938.49,908.09,66.94,171.91,0.7129,-1,-1,-1
252,1,450.03,167.30,74.24,207.65,0.3788,-1,-1,-1
253,39,1145.21,108.31,55.98,170.80,0.3579,-1,-1,-1
253,37,194.58,677.20,80.09,135.54,0.4555,-1,-1,-1
253,31,1069.58,114.68,59.30,182.30,0.3580,-1,-1,-1
253,30,217.24,737.46,91.54,251.90,0.7348,-1,-1,-1
253,26,221.18,457.23,62.05,198.36,0.6017,-1,-1,-1
253,25,578.77,383.37,62.18,208.12,0.6810,-1,-1,-1
253,18,389.20,507.07,83.40,239.74,0.6694,-1,-1,-1
253,11,934.80,109.32,66.72,181.37,0.4961,-1,-1,-1
253,8,489.17,374.57,69.59,225.72,0.6619,-1,-1,-1
253,6,136.17,565.85,84.44,245.40,0.6956,-1,-1,-1
253,5,1388.36,570.65,88.12,246.88,0.6156,-1,-1,-1
253,4,1721.33,457.92,73.62,209.39,0.5709,-1,-1,-1
253,3,938.64,908.15,68.44,171.85,0.7337,-1,-1,-1
253,1,452.30,166.78,71.17,207.70,0.3850,-1,-1,-1
254,39,1144.27,108.17,54.62,169.17,0.3490,-1,-1,-1
254,37,193.86,677.88,82.46,137.28,0.4659,-1,-1,-1
254,33,866.68,361.62,59.51,190.32,0.3537,-1,-1,-1
254,31,1069.32,114.17,56.38,183.19,0.3861,-1,-1,-1
254,30,222.16,736.56,87.78,254.48,0.7769,-1,-1,-1
254,29,795.06,350.49,68.56,193.62,0.3487,-1,-1,-1
254,26,220.89,456.23,62.29,198.70,0.5803,-1,-1,-1
254,25,577.57,385.93,62.75,207.14,0.6926,-1,-1,-1
254,18,390.50,504.51,80.23,238.11,0.6371,-1,-1,-1
254,11,934.87,109.23,68.50,181.71,0.4884,-1,-1,-1
254,8,488.90,373.58,69.11,230.71,0.6528,-1,-1,-1
254,6,137.40,565.66,85.37,243.54,0.6678,-1,-1,-1
254,5,1389.57,570.05,87.51,245.71,0.6195,-1,-1,-1
254,4,1720.65,458.83,73.67,208.64,0.5816,-1,-1,-1
254,3,939.77,909.62,68.26,170.38,0.7323,-1,-1,-1
254,1,452.59,166.13,70.65,203.98,0.3667,-1,-1,-1
255,39,1142.14,106.94,55.41,171.68,0.3297,-1,-1,-1
255,37,198.30,680.18,81.88,136.67,0.4719,-1,-1,-1
255,33,865.37,359.70,71.01,194.30,0.3665,-1,-1,-1
255,31,1066.97,113.26,57.04,183.45,0.4088,-1,-1,-1
255,30,221.16,735.16,92.15,262.14,0.7279,-1,-1,-1
255,29,797.88,351.04,69.51,201.49,0.3314,-1,-1,-1
255,26,220.68,455.81,63.22,197.76,0.6192,-1,-1,-1
255,25,576.63,385.74,62.47,207.83,0.7300,-1,-1,-1
255,18,391.53,502.03,80.53,232.24,0.6716,-1,-1,-1
255,11,933.64,108.92,70.48,180.07,0.4829,-1,-1,-1
255,8,488.34,374.65,69.63,230.52,0.6679,-1,-1,-1
255,6,139.69,563.62,84.72,243.69,0.6899,-1,-1,-1
255,5,1390.44,569.39,87.27,249.21,0.6548,-1,-1,-1
255,4,1721.22,459.36,72.67,207.32,0.6053,-1,-1,-1
255,3,939.30,909.61,70.47,169.55,0.7318,-1,-1,-1
255,1,455.65,165.53,64.80,200.62,0.3488,-1,-1,-1
256,39,1140.16,106.12,56.16,171.49,0.3384,-1,-1,-1
256,37,202.71,677.45,89.45,148.25,0.5372,-1,-1,-1
256,33,870.13,362.62,64.32,191.96,0.3307,-1,-1,-1
256,31,1066.30,113.22,56.34,183.05,0.3976,-1,-1,-1
256,30,228.06,736.30,87.81,267.87,0.7178,-1,-1,-1
256,26,220.95,455.08,62.82,196.31,0.5985,-1,-1,-1
256,25,576.00,386.80,62.44,207.09,0.7456,-1,-1,-1
256,18,391.73,498.27,79.36,230.83,0.6535,-1,-1,-1
256,11,934.59,107.76,69.95,180.54,0.4859,-1,-1,-1
256,8,490.03,375.37,67.68,229.74,0.6660,-1,-1,-1
256,6,140.68,564.61,85.49,242.66,0.6532,-1,-1,-1
256,5,1392.18,568.57,87.92,245.92,0.6376,-1,-1,-1
256,4,1720.01,459.02,74.33,208.74,0.5661,-1,-1,-1
256,3,939.18,909.82,71.70,170.18,0.7425,-1,-1,-1
256,1,454.62,164.53,67.38,198.54,0.3204,-1,-1,-1
257,39,1138.46,105.99,57.97,169.95,0.3213,-1,-1,-1
257,37,203.63,678.24,88.64,153.75,0.5770,-1,-1,-1
257,33,870.29,363.83,56.67,185.55,0.3795,-1,-1,-1
257,31,1063.86,112.57,57.15,184.34,0.3662,-1,-1,-1
257,30,234.32,746.22,85.12,267.34,0.7339,-1,-1,-1
257,29,799.18,350.82,74.78,201.43,0.3217,-1,-1,-1
257,26,220.29,454.32,64.90,198.03,0.5733,-1,-1,-1
257,25,575.13,387.04,62.33,205.73,0.7586,-1,-1,-1
257,18,392.15,494.13,80.16,232.52,0.6821,-1,-1,-1
257,11,934.96,106.91,69.23,181.47,0.4315,-1,-1,-1
257,8,487.96,378.82,70.04,226.89,0.6774,-1,-1,-1
257,6,140.67,564.44,89.61,242.99,0.6212,-1,-1,-1
257,5,1394.27,567.36,86.70,244.48,0.6269,-1,-1,-1
257,4,1719.99,460.04,73.78,207.11,0.5789,-1,-1,-1
257,3,938.95,911.20,73.77,168.52,0.7511,-1,-1,-1
257,1,455.39,163.25,67.03,196.39,0.3066,-1,-1,-1
258,37,212.30,679.72,81.57,156.84,0.5353,-1,-1,-1
258,33,871.91,363.09,55.20,185.12,0.3487,-1,-1,-1
258,31,1064.59,112.99,58.58,181.70,0.3175,-1,-1,-1
258,30,233.35,749.06,86.75,270.04,0.7665,-1,-1,-1
258,29,802.11,352.45,74.56,202.50,0.3339,-1,-1,-1
258,26,221.55,453.16,64.27,197.62,0.5341,-1,-1,-1
258,25,575.45,387.76,61.41,204.22,0.7467,-1,-1,-1
258,18,390.16,492.61,80.83,233.95,0.6810,-1,-1,-1
258,11,937.49,105.49,68.12,179.51,0.4242,-1,-1,-1
258,8,489.63,376.75,68.00,228.86,0.6615,-1,-1,-1
258,6,142.70,564.40,90.83,246.42,0.5904,-1,-1,-1
258,5,1395.57,566.53,85.99,240.37,0.6222,-1,-1,-1
258,4,1720.52,459.38,73.82,207.67,0.5674,-1,-1,-1
258,3,938.75,912.86,74.21,165.82,0.7498,-1,-1,-1
258,1,455.84,163.35,68.14,196.13,0.3236,-1,-1,-1
259,37,211.15,681.78,87.65,125.75,0.4738,-1,-1,-1
259,33,872.32,368.11,51.42,179.78,0.3350,-1,-1,-1
259,31,1062.69,112.09,58.32,181.42,0.3250,-1,-1,-1
259,30,234.22,754.88,87.25,263.38,0.7465,-1,-1,-1
259,29,803.55,353.03,71.49,202.43,0.4114,-1,-1,-1
259,26,222.93,452.41,62.29,196.43,0.5074,-1,-1,-1
259,25,574.24,389.69,62.93,201.89,0.7490,-1,-1,-1
259,18,387.95,491.91,83.05,233.97,0.6569,-1,-1,-1
259,11,939.74,103.21,64.68,179.08,0.4181,-1,-1,-1
259,8,486.87,381.86,70.17,223.35,0.6669,-1,-1,-1
259,6,144.26,565.91,93.26,243.94,0.6286,-1,-1,-1
259,5,1400.81,566.58,81.58,236.80,0.5875,-1,-1,-1
259,4,1719.83,459.29,74.99,208.67,0.5630,-1,-1,-1
259,3,938.64,914.22,76.42,164.35,0.7305,-1,-1,-1
259,1,459.22,162.46,67.67,197.86,0.3508,-1,-1,-1
260,37,215.78,682.51,86.19,123.68,0.5330,-1,-1,-1
260,33,869.17,366.08,64.56,184.20,0.3002,-1,-1,-1
260,31,1061.09,110.59,56.13,184.42,0.3460,-1,-1,-1
260,30,237.21,757.76,85.50,266.92,0.7300,-1,-1,-1
260,29,806.53,355.10,66.00,199.42,0.3905,-1,-1,-1
260,26,222.43,451.54,62.97,194.53,0.5083,-1,-1,-1
260,25,573.67,390.89,62.12,199.35,0.7531,-1,-1,-1
260,18,383.11,490.67,87.71,235.70,0.6638,-1,-1,-1
260,11,939.50,100.98,65.48,174.02,0.4325,-1,-1,-1
260,8,490.21,380.01,67.71,226.17,0.6627,-1,-1,-1
260,6,151.72,564.69,87.62,245.69,0.6316,-1,-1,-1
260,5,1403.45,565.75,79.10,240.01,0.5579,-1,-1,-1
260,4,1719.62,459.34,74.55,208.55,0.5877,-1,-1,-1
260,3,939.55,914.87,78.56,162.27,0.7220,-1,-1,-1
260,1,457.71,162.50,69.56,198.18,0.3747,-1,-1,-1
261,37,217.55,684.51,86.27,126.89,0.6278,-1,-1,-1
261,30,239.60,763.90,83.01,256.53,0.6982,-1,-1,-1
261,29,803.85,353.91,71.98,202.70,0.3714,-1,-1,-1
261,26,222.24,450.17,62.97,193.77,0.4820,-1,-1,-1
261,25,573.76,392.83,61.50,196.72,0.7492,-1,-1,-1
261,18,377.64,488.33,92.58,238.13,0.6511,-1,-1,-1
261,11,938.92,98.81,65.51,173.58,0.4450,-1,-1,-1
261,8,487.03,384.23,69.77,220.42,0.6899,-1,-1,-1
261,6,159.52,564.98,79.93,247.68,0.6513,-1,-1,-1
261,5,1409.60,565.76,74.24,240.04,0.5531,-1,-1,-1
261,4,1720.77,459.62,73.58,208.82,0.5986,-1,-1,-1
261,3,939.37,914.96,80.76,163.67,0.7264,-1,-1,-1
261,1,451.65,160.87,77.54,202.64,0.3854,-1,-1,-1
262,37,222.58,687.48,81.75,125.84,0.5635,-1,-1,-1
262,31,1058.31,107.99,57.24,184.17,0.3765,-1,-1,-1
262,30,241.22,764.31,86.06,264.71,0.6923,-1,-1,-1
262,29,806.35,355.39,67.80,201.65,0.4091,-1,-1,-1
262,26,222.18,448.95,63.24,193.11,0.5126,-1,-1,-1
262,25,573.27,395.41,61.42,196.34,0.7368,-1,-1,-1
262,18,376.23,487.36,93.64,237.83,0.6313,-1,-1,-1
262,11,937.53,98.12,66.57,171.14,0.4971,-1,-1,-1
262,8,488.06,384.73,68.61,220.11,0.7160,-1,-1,-1
262,6,162.60,565.41,83.01,250.44,0.6475,-1,-1,-1
262,5,1410.11,563.60,77.88,240.46,0.5665,-1,-1,-1
262,4,1720.26,460.05,74.29,208.19,0.5949,-1,-1,-1
262,3,937.50,917.46,82.96,159.53,0.7269,-1,-1,-1
262,1,458.94,162.29,68.94,198.51,0.3844,-1,-1,-1
263,37,224.28,688.80,83.99,124.61,0.4594,-1,-1,-1
263,31,1056.75,106.79,58.00,184.56,0.3890,-1,-1,-1
263,30,242.82,768.35,86.12,262.62,0.6712,-1,-1,-1
263,29,803.77,355.15,74.59,205.99,0.4036,-1,-1,-1
263,26,224.01,446.08,62.06,190.97,0.5248,-1,-1,-1
263,25,572.47,396.63,62.51,199.14,0.7086,-1,-1,-1
263,18,375.75,485.82,93.30,238.96,0.6104,-1,-1,-1
263,11,938.70,96.04,65.39,175.50,0.4808,-1,-1,-1
263,8,487.63,384.82,68.97,219.83,0.6996,-1,-1,-1
263,6,166.52,565.35,79.16,251.05,0.6835,-1,-1,-1
263,5,1410.42,565.45,76.68,236.35,0.5936,-1,-1,-1
263,4,1719.80,460.03,74.99,208.08,0.5729,-1,-1,-1
263,3,936.37,918.35,85.24,158.43,0.7391,-1,-1,-1
263,1,454.76,160.20,70.42,202.60,0.3648,-1,-1,-1
264,37,233.77,692.31,75.12,119.61,0.6107,-1,-1,-1
264,31,1054.62,107.10,57.58,176.61,0.3535,-1,-1,-1
264,30,245.94,772.07,86.86,260.29,0.7473,-1,-1,-1
264,29,802.19,358.30,69.57,204.72,0.3905,-1,-1,-1
264,26,226.06,448.09,60.74,186.74,0.5596,-1,-1,-1
264,25,570.72,397.26,62.67,200.40,0.6842,-1,-1,-1
264,18,374.26,485.32,94.07,238.33,0.6067,-1,-1,-1
264,11,937.61,94.22,66.66,178.14,0.4409,-1,-1,-1
264,8,486.14,385.02,70.57,218.03,0.6896,-1,-1,-1
264,6,169.74,564.30,77.70,252.58,0.6904,-1,-1,-1
264,5,1410.54,565.43,80.65,237.04,0.6160,-1,-1,-1
264,4,1720.86,459.69,74.05,208.62,0.5838,-1,-1,-1
264,3,937.26,919.75,84.69,156.23,0.7565,-1,-1,-1
264,1,459.48,160.66,66.25,199.62,0.3311,-1,-1,-1
265,39,1126.92,96.37,56.03,163.23,0.3310,-1,-1,-1
265,37,239.20,695.35,70.08,120.33,0.5713,-1,-1,-1
265,31,1054.26,106.09,56.24,175.62,0.3827,-1,-1,-1
265,30,246.76,771.48,86.13,261.34,0.7682,-1,-1,-1
265,29,802.49,358.27,73.89,208.53,0.3666,-1,-1,-1
265,26,227.12,443.94,60.63,189.08,0.5297,-1,-1,-1
265,25,569.95,399.01,63.31,198.78,0.7244,-1,-1,-1
265,18,373.63,484.51,94.13,238.50,0.6555,-1,-1,-1
265,11,939.33,93.11,64.18,180.10,0.4707,-1,-1,-1
265,8,486.03,385.24,69.58,218.45,0.6719,-1,-1,-1
265,6,173.38,565.64,75.49,254.10,0.6913,-1,-1,-1
265,5,1410.86,565.76,79.58,240.31,0.5877,-1,-1,-1
265,4,1720.66,460.09,73.93,208.24,0.6012,-1,-1,-1
265,3,938.45,919.86,84.79,156.66,0.7552,-1,-1,-1
265,1,460.12,161.65,63.73,199.18,0.3729,-1,-1,-1
266,39,1126.36,96.35,55.11,165.46,0.3525,-1,-1,-1
266,37,246.95,698.88,64.74,117.79,0.5296,-1,-1,-1
266,31,1053.65,104.95,56.39,178.50,0.4409,-1,-1,-1
266,30,249.99,774.16,92.59,258.45,0.7714,-1,-1,-1
266,29,801.47,359.82,78.15,209.92,0.3998,-1,-1,-1
266,26,225.31,444.27,62.00,182.63,0.4921,-1,-1,-1
266,25,567.74,401.07,64.62,202.86,0.6703,-1,-1,-1
266,18,373.86,484.11,93.94,237.19,0.6411,-1,-1,-1
266,11,939.70,92.72,64.98,178.87,0.4586,-1,-1,-1
266,8,484.50,384.81,69.24,220.84,0.6289,-1,-1,-1
266,6,176.03,566.35,77.92,255.87,0.6938,-1,-1,-1
266,5,1411.28,565.62,79.90,245.08,0.5713,-1,-1,-1
266,4,1720.36,460.43,74.14,208.04,0.5901,-1,-1,-1
266,3,938.08,920.36,85.91,156.25,0.7624,-1,-1,-1
266,1,460.81,160.07,63.96,201.97,0.3283,-1,-1,-1
267,39,1124.06,96.26,57.22,167.37,0.3902,-1,-1,-1
267,37,248.92,701.94,67.01,114.19,0.5141,-1,-1,-1
267,31,1051.00,104.24,58.53,179.40,0.4614,-1,-1,-1
267,30,248.21,771.71,94.27,261.83,0.7583,-1,-1,-1
267,29,802.38,362.04,72.47,212.24,0.3828,-1,-1,-1
267,26,223.63,441.00,64.42,185.71,0.4859,-1,-1,-1
267,25,567.00,402.27,64.94,205.38,0.6509,-1,-1,-1
267,18,373.53,481.07,93.02,238.50,0.6065,-1,-1,-1
267,11,939.84,91.80,65.45,180.02,0.4570,-1,-1,-1
267,8,481.23,385.85,70.81,222.14,0.6258,-1,-1,-1
267,6,178.83,567.43,77.91,260.57,0.6876,-1,-1,-1
267,5,1412.03,565.29,78.87,244.92,0.5657,-1,-1,-1
267,4,1720.17,459.93,75.23,208.18,0.5667,-1,-1,-1
267,3,939.29,920.11,85.22,156.80,0.7637,-1,-1,-1
267,1,461.55,159.63,64.52,201.32,0.3722,-1,-1,-1
268,39,1122.59,96.65,57.64,167.69,0.4124,-1,-1,-1
268,37,253.75,704.27,65.68,112.62,0.5484,-1,-1,-1
268,31,1049.87,105.24,59.18,177.83,0.4542,-1,-1,-1
268,30,251.22,768.81,88.28,264.65,0.7429,-1,-1,-1
268,29,803.81,362.59,70.86,215.76,0.3779,-1,-1,-1
268,26,223.75,439.57,64.01,187.39,0.5369,-1,-1,-1
268,25,565.65,403.12,66.30,206.14,0.6219,-1,-1,-1
268,18,373.77,479.45,91.02,239.04,0.6352,-1,-1,-1
268,11,940.97,92.16,67.11,179.25,0.4518,-1,-1,-1
268,8,478.90,388.51,72.97,223.68,0.6270,-1,-1,-1
268,6,182.17,569.22,76.03,258.19,0.7073,-1,-1,-1
268,5,1412.58,564.56,78.19,245.30,0.5942,-1,-1,-1
268,4,1720.45,460.00,73.79,208.13,0.5802,-1,-1,-1
268,3,941.51,919.90,83.16,157.15,0.7585,-1,-1,-1
268,1,461.92,156.88,65.28,203.68,0.3735,-1,-1,-1
269,39,1121.60,96.01,57.75,167.73,0.3743,-1,-1,-1
269,37,256.68,705.62,67.24,113.63,0.5752,-1,-1,-1
269,31,1048.66,104.77,59.07,175.62,0.4450,-1,-1,-1
269,30,251.89,773.85,90.22,259.83,0.7192,-1,-1,-1
269,29,806.37,366.41,64.12,211.81,0.4107,-1,-1,-1
269,26,224.78,437.27,64.02,190.35,0.5005,-1,-1,-1
269,25,565.59,399.57,67.17,209.67,0.6025,-1,-1,-1
269,18,374.91,477.74,90.00,239.30,0.6511,-1,-1,-1
269,11,942.57,92.35,64.59,178.34,0.4960,-1,-1,-1
269,8,475.60,389.76,75.42,221.67,0.6337,-1,-1,-1
269,6,183.52,571.80,79.88,251.84,0.7134,-1,-1,-1
269,5,1413.77,566.79,78.83,243.48,0.5823,-1,-1,-1
269,4,1720.75,460.70,73.83,206.74,0.5949,-1,-1,-1
269,3,943.67,920.27,82.16,157.18,0.7535,-1,-1,-1
269,1,461.85,159.44,65.70,198.26,0.4035,-1,-1,-1
270,39,1120.50,96.17,57.66,167.99,0.3591,-1,-1,-1
270,37,259.07,706.11,70.11,108.42,0.5492,-1,-1,-1
270,31,1047.37,102.64,58.71,177.92,0.4334,-1,-1,-1
270,30,257.04,768.50,86.15,264.19,0.7719,-1,-1,-1
270,29,806.10,367.73,64.77,210.80,0.3780,-1,-1,-1
270,26,225.51,436.65,62.99,190.93,0.4792,-1,-1,-1
270,25,564.37,401.37,68.44,212.60,0.6105,-1,-1,-1
270,18,375.71,475.33,88.61,235.33,0.6329,-1,-1,-1
270,11,941.41,91.93,67.16,178.70,0.4803,-1,-1,-1
270,8,474.72,392.66,75.33,221.29,0.6354,-1,-1,-1
270,6,185.01,572.50,83.32,246.26,0.6871,-1,-1,-1
270,5,1416.58,570.63,80.56,240.04,0.5703,-1,-1,-1
270,4,1720.62,461.16,73.96,206.46,0.5595,-1,-1,-1
270,3,944.60,920.71,81.49,157.75,0.7538,-1,-1,-1
270,1,462.56,154.23,61.85,202.66,0.3784,-1,-1,-1
271,39,1117.93,95.60,58.42,167.54,0.3164,-1,-1,-1
271,37,261.75,707.68,72.31,114.77,0.4871,-1,-1,-1
271,33,879.35,379.19,53.24,186.92,0.3124,-1,-1,-1
271,31,1044.86,103.86,59.96,178.78,0.4223,-1,-1,-1
271,30,259.23,771.89,85.28,260.92,0.7426,-1,-1,-1
271,29,811.65,370.68,60.32,213.35,0.4085,-1,-1,-1
271,26,226.77,435.60,61.32,185.67,0.4748,-1,-1,-1
271,25,565.14,402.35,66.13,208.79,0.6055,-1,-1,-1
271,18,379.72,471.87,84.39,228.65,0.6258,-1,-1,-1
271,11,942.13,91.10,66.57,177.46,0.5074,-1,-1,-1
271,8,473.52,393.85,76.05,219.43,0.6235,-1,-1,-1
271,6,186.72,574.65,85.41,245.08,0.6550,-1,-1,-1
271,5,1420.24,574.08,79.78,238.15,0.5325,-1,-1,-1
271,4,1719.68,460.11,75.18,208.61,0.5716,-1,-1,-1
271,3,945.74,921.54,80.94,156.68,0.7323,-1,-1,-1
271,1,462.75,156.41,64.31,200.66,0.3586,-1,-1,-1
272,39,1116.29,96.74,55.51,165.30,0.3194,-1,-1,-1
272,37,268.09,707.65,72.09,119.50,0.5235,-1,-1,-1
272,33,877.51,380.09,60.34,186.08,0.3477,-1,-1,-1
272,31,1041.98,103.63,61.01,179.05,0.3882,-1,-1,-1
272,30,259.21,781.62,88.61,257.33,0.7315,-1,-1,-1
272,29,810.09,371.80,61.76,214.76,0.3823,-1,-1,-1
272,26,228.34,433.60,59.65,186.79,0.4513,-1,-1,-1
272,25,564.55,402.66,65.89,213.22,0.5546,-1,-1,-1
272,18,386.51,468.16,79.79,226.15,0.5992,-1,-1,-1
272,11,941.33,90.52,68.67,178.72,0.4845,-1,-1,-1
272,8,472.06,395.29,76.38,219.41,0.5958,-1,-1,-1
272,6,188.60,574.28,87.30,246.06,0.6723,-1,-1,-1
272,5,1422.18,575.52,80.11,241.24,0.5207,-1,-1,-1
272,4,1720.04,460.17,74.32,206.99,0.5512,-1,-1,-1
272,3,945.89,921.64,80.84,156.57,0.7199,-1,-1,-1
272,1,463.11,154.03,66.18,201.24,0.3687,-1,-1,-1
273,39,1113.75,95.04,63.59,167.06,0.3033,-1,-1,-1
273,37,273.27,707.85,74.06,127.93,0.5728,-1,-1,-1
273,33,882.53,378.69,55.95,190.77,0.3404,-1,-1,-1
273,31,1039.45,102.50,63.17,177.96,0.3634,-1,-1,-1
273,30,257.13,781.59,93.21,262.36,0.7243,-1,-1,-1
273,29,808.44,373.01,64.15,210.18,0.3559,-1,-1,-1
273,26,229.43,432.87,58.46,183.64,0.4706,-1,-1,-1
273,25,562.21,404.29,67.33,212.19,0.5506,-1,-1,-1
273,18,388.49,464.90,77.43,226.17,0.5866,-1,-1,-1
273,11,942.18,89.17,66.09,178.86,0.4865,-1,-1,-1
273,8,471.34,396.35,74.83,218.52,0.6029,-1,-1,-1
273,6,190.20,575.35,90.75,245.62,0.6834,-1,-1,-1
273,5,1423.90,580.95,77.63,235.37,0.4946,-1,-1,-1
273,4,1720.00,460.57,73.88,207.38,0.5612,-1,-1,-1
273,3,945.49,921.97,81.55,156.45,0.7231,-1,-1,-1
273,1,463.63,152.45,64.27,199.39,0.4016,-1,-1,-1
274,39,1112.68,94.63,64.19,165.80,0.3424,-1,-1,-1
274,37,276.23,708.16,75.70,142.55,0.6445,-1,-1,-1
274,33,884.37,382.53,54.72,188.55,0.3510,-1,-1,-1
274,31,1034.88,102.19,68.33,178.66,0.3905,-1,-1,-1
274,30,262.27,786.45,94.12,262.68,0.7131,-1,-1,-1
274,29,806.19,373.42,63.46,212.27,0.3455,-1,-1,-1
274,26,228.83,431.87,58.67,183.05,0.4639,-1,-1,-1
274,25,560.01,404.93,66.88,211.08,0.5342,-1,-1,-1
274,18,387.28,461.66,78.89,228.75,0.6231,-1,-1,-1
274,11,942.49,88.15,65.28,179.93,0.5136,-1,-1,-1
274,8,470.70,397.31,74.04,218.77,0.6236,-1,-1,-1
274,6,192.83,576.42,91.39,247.56,0.6955,-1,-1,-1
274,5,1425.09,578.91,78.71,240.44,0.5281,-1,-1,-1
274,4,1720.60,460.28,73.54,207.63,0.5940,-1,-1,-1
274,3,945.78,922.16,81.19,156.65,0.7053,-1,-1,-1
274,1,463.08,152.12,63.54,195.20,0.4000,-1,-1,-1
275,39,1111.02,94.45,64.32,169.13,0.3068,-1,-1,-1
275,37,276.37,711.88,84.15,141.71,0.4180,-1,-1,-1
275,33,886.24,379.99,54.47,192.15,0.3573,-1,-1,-1
275,31,1031.82,102.76,70.07,179.29,0.3356,-1,-1,-1
275,30,267.07,781.21,91.83,269.43,0.7038,-1,-1,-1
275,29,812.33,374.18,60.73,210.14,0.3948,-1,-1,-1
275,26,228.17,430.59,60.48,190.81,0.3373,-1,-1,-1
275,25,559.41,405.73,66.19,207.92,0.5955,-1,-1,-1
275,18,386.55,461.80,79.70,226.62,0.6142,-1,-1,-1
275,11,942.24,85.70,65.38,181.53,0.4996,-1,-1,-1
275,8,470.15,397.32,72.71,216.28,0.6620,-1,-1,-1
275,6,194.34,578.33,94.87,250.53,0.6726,-1,-1,-1
275,5,1428.37,579.90,77.29,239.96,0.5105,-1,-1,-1
275,4,1720.47,460.03,73.59,207.59,0.5894,-1,-1,-1
275,3,944.42,922.16,83.10,156.70,0.7237,-1,-1,-1
275,1,463.18,151.00,64.09,194.07,0.4032,-1,-1,-1
276,37,279.34,715.51,86.12,141.83,0.3158,-1,-1,-1
276,33,886.12,382.23,56.62,190.57,0.3103,-1,-1,-1
276,31,1031.62,102.79,68.38,180.04,0.3322,-1,-1,-1
276,30,271.50,782.87,91.12,272.62,0.6300,-1,-1,-1
276,29,808.81,373.85,64.48,210.87,0.4049,-1,-1,-1
276,26,228.01,428.37,59.76,193.19,0.3366,-1,-1,-1
276,25,557.59,407.41,67.41,205.55,0.6343,-1,-1,-1
276,18,387.52,460.10,78.71,227.48,0.6330,-1,-1,-1
276,11,943.51,84.28,62.83,180.45,0.4538,-1,-1,-1
276,8,468.35,398.71,73.29,216.86,0.6653,-1,-1,-1
276,6,195.23,577.48,94.64,248.95,0.6740,-1,-1,-1
276,5,1432.05,578.65,74.88,242.51,0.5313,-1,-1,-1
276,4,1719.46,460.56,74.60,206.67,0.5908,-1,-1,-1
276,3,943.67,922.84,83.96,156.10,0.7484,-1,-1,-1
276,1,462.32,149.65,66.15,194.28,0.4028,-1,-1,-1
277,37,281.80,719.01,90.56,142.56,0.5258,-1,-1,-1
277,33,883.89,388.16,64.10,181.85,0.3407,-1,-1,-1
277,31,1030.58,102.91,68.52,179.65,0.3404,-1,-1,-1
277,30,272.84,783.47,87.67,278.70,0.6521,-1,-1,-1
277,29,809.12,375.00,65.35,209.85,0.3816,-1,-1,-1
277,26,228.89,426.32,58.28,183.86,0.3895,-1,-1,-1
277,25,557.26,410.02,66.12,203.31,0.6597,-1,-1,-1
277,18,388.63,459.52,78.75,228.32,0.6092,-1,-1,-1
277,11,943.96,83.89,59.16,174.05,0.4625,-1,-1,-1
277,8,466.60,401.23,72.15,216.34,0.6849,-1,-1,-1
277,6,196.19,576.62,89.84,249.80,0.6511,-1,-1,-1
277,5,1434.72,579.80,73.84,243.00,0.4951,-1,-1,-1
277,4,1719.00,459.63,75.15,208.79,0.5905,-1,-1,-1
277,3,943.50,923.53,84.32,154.77,0.7527,-1,-1,-1
277,1,463.35,147.03,66.21,196.15,0.3745,-1,-1,-1
278,37,283.29,721.80,98.88,144.20,0.6423,-1,-1,-1
278,33,884.23,388.30,63.87,183.45,0.3891,-1,-1,-1
278,31,1032.25,101.82,62.68,177.75,0.3740,-1,-1,-1
278,30,275.03,789.79,81.83,273.15,0.6252,-1,-1,-1
278,29,813.68,376.51,61.81,208.13,0.3487,-1,-1,-1
278,26,228.51,424.53,59.08,176.87,0.4274,-1,-1,-1
278,25,555.19,411.33,67.33,204.53,0.6525,-1,-1,-1
278,18,388.58,459.56,79.94,226.74,0.6001,-1,-1,-1
278,11,942.13,81.66,62.88,176.29,0.4513,-1,-1,-1
278,8,465.91,401.15,70.23,217.17,0.6672,-1,-1,-1
278,6,197.81,575.72,84.92,251.41,0.6518,-1,-1,-1
278,5,1436.04,582.69,74.52,242.08,0.4400,-1,-1,-1
278,4,1719.36,459.34,75.31,209.38,0.5604,-1,-1,-1
278,3,943.45,923.60,84.40,154.08,0.7648,-1,-1,-1
278,1,464.24,146.83,64.48,196.47,0.3473,-1,-1,-1
279,41,748.34,333.20,55.00,189.08,0.4049,-1,-1,-1
279,39,1103.88,93.34,58.37,160.94,0.3005,-1,-1,-1
279,37,285.85,726.28,105.17,141.75,0.6492,-1,-1,-1
279,33,884.26,390.54,61.75,186.30,0.3328,-1,-1,-1
279,31,1031.26,101.55,62.12,176.65,0.3999,-1,-1,-1
279,30,276.65,794.11,83.34,278.94,0.6419,-1,-1,-1
279,29,816.89,378.49,58.54,207.03,0.3974,-1,-1,-1
279,26,229.32,423.07,58.79,175.80,0.4414,-1,-1,-1
279,25,554.73,413.00,66.57,204.28,0.6606,-1,-1,-1
279,18,387.53,458.76,81.97,229.39,0.5906,-1,-1,-1
279,11,941.97,78.73,61.02,178.27,0.4326,-1,-1,-1
279,8,465.65,404.25,69.18,211.81,0.6849,-1,-1,-1
279,6,202.15,577.30,77.26,250.37,0.5899,-1,-1,-1
279,4,1720.96,459.36,73.25,209.42,0.5669,-1,-1,-1
279,3,942.63,923.90,85.17,154.14,0.7572,-1,-1,-1
279,1,463.78,146.94,64.98,196.99,0.3522,-1,-1,-1
280,41,748.82,338.89,60.87,187.53,0.4456,-1,-1,-1
280,37,289.24,726.57,107.76,143.03,0.6614,-1,-1,-1
280,33,882.97,391.88,63.92,189.26,0.3281,-1,-1,-1
280,31,1027.81,100.02,69.81,180.79,0.4265,-1,-1,-1
280,30,276.88,797.24,83.24,278.44,0.6419,-1,-1,-1
280,29,818.23,379.70,56.95,204.50,0.3637,-1,-1,-1
280,26,229.41,420.92,58.60,179.46,0.4720,-1,-1,-1
280,25,554.18,415.28,66.20,207.27,0.6503,-1,-1,-1
280,18,388.58,457.73,80.63,231.03,0.6095,-1,-1,-1
280,11,941.85,78.55,61.28,178.31,0.4331,-1,-1,-1
280,8,466.08,405.01,66.73,212.92,0.7119,-1,-1,-1
280,6,209.48,583.33,65.32,242.42,0.5346,-1,-1,-1
280,5,1437.14,588.37,72.80,238.20,0.3339,-1,-1,-1
280,4,1720.76,459.01,72.96,209.49,0.5726,-1,-1,-1
280,3,941.74,924.42,86.58,153.24,0.7600,-1,-1,-1
280,1,463.33,144.52,66.83,199.99,0.3235,-1,-1,-1
281,41,752.97,340.82,56.54,181.62,0.3419,-1,-1,-1
281,39,1102.42,93.34,57.37,158.54,0.3390,-1,-1,-1
281,37,293.26,730.15,106.46,140.97,0.6485,-1,-1,-1
281,33,886.60,395.33,63.04,184.61,0.3190,-1,-1,-1
281,31,1028.21,100.70,62.04,175.35,0.4628,-1,-1,-1
281,30,280.03,798.31,83.82,277.27,0.6536,-1,-1,-1
281,29,818.91,380.45,57.32,199.52,0.3222,-1,-1,-1
281,26,228.48,419.01,61.36,187.34,0.4028,-1,-1,-1
281,25,553.66,418.00,64.99,206.74,0.6400,-1,-1,-1
281,18,390.66,457.03,77.83,230.06,0.6392,-1,-1,-1
281,11,941.30,77.52,60.61,178.40,0.4339,-1,-1,-1
281,8,465.17,405.30,66.39,213.19,0.6514,-1,-1,-1
281,6,208.93,580.61,70.87,250.67,0.5732,-1,-1,-1
281,5,1438.50,586.58,75.61,239.71,0.4654,-1,-1,-1
281,4,1719.71,459.86,74.42,208.76,0.5695,-1,-1,-1
281,3,941.23,923.55,86.68,154.67,0.7632,-1,-1,-1
281,1,463.58,143.96,66.98,200.29,0.3411,-1,-1,-1
282,41,756.03,341.93,56.89,177.49,0.4133,-1,-1,-1
282,39,1101.67,92.33,56.22,161.29,0.3534,-1,-1,-1
282,37,298.58,733.85,106.53,145.24,0.6512,-1,-1,-1
282,31,1025.86,99.63,62.53,174.76,0.4271,-1,-1,-1
282,30,281.72,800.18,84.08,276.08,0.7257,-1,-1,-1
282,29,819.99,382.44,58.02,184.63,0.3039,-1,-1,-1
282,26,228.18,416.18,61.84,191.27,0.4563,-1,-1,-1
282,25,552.45,419.34,64.56,204.25,0.6609,-1,-1,-1
282,18,390.42,455.47,76.25,228.67,0.6575,-1,-1,-1
282,11,940.07,77.73,61.73,177.68,0.4610,-1,-1,-1
282,8,465.74,406.06,64.36,210.97,0.6619,-1,-1,-1
282,6,216.57,585.38,63.46,243.10,0.6078,-1,-1,-1
282,5,1438.76,584.86,76.25,240.77,0.4954,-1,-1,-1
282,4,1719.75,460.51,73.67,209.06,0.6167,-1,-1,-1
282,3,940.58,923.87,87.33,153.84,0.7612,-1,-1,-1
282,1,463.79,143.27,67.69,201.01,0.3181,-1,-1,-1
283,41,759.81,343.92,56.93,175.24,0.3832,-1,-1,-1
283,39,1100.45,92.13,57.33,162.39,0.3748,-1,-1,-1
283,37,303.07,736.65,105.18,137.32,0.5674,-1,-1,-1
283,31,1023.37,98.47,63.09,175.38,0.4520,-1,-1,-1
283,30,282.93,799.15,85.16,277.25,0.7059,-1,-1,-1
283,29,819.52,382.94,58.92,197.60,0.3063,-1,-1,-1
283,26,228.56,414.92,61.88,183.14,0.4094,-1,-1,-1
283,25,553.21,421.08,61.53,206.06,0.6499,-1,-1,-1
283,18,388.68,451.23,78.62,231.94,0.6530,-1,-1,-1
283,11,940.71,79.59,58.34,170.59,0.4834,-1,-1,-1
283,8,465.99,407.52,64.48,212.70,0.6543,-1,-1,-1
283,6,219.20,583.98,64.65,245.20,0.5965,-1,-1,-1
283,5,1439.86,583.25,76.84,242.50,0.4689,-1,-1,-1
283,4,1720.71,459.42,73.39,209.50,0.6038,-1,-1,-1
283,3,940.73,923.66,87.52,153.93,0.7740,-1,-1,-1
283,1,464.04,144.53,67.97,199.44,0.3093,-1,-1,-1
284,41,763.57,345.79,57.46,174.97,0.3534,-1,-1,-1
284,39,1098.58,92.30,57.18,163.41,0.3397,-1,-1,-1
284,37,307.67,738.62,102.05,137.31,0.5650,-1,-1,-1
284,31,1021.10,96.92,63.22,178.02,0.4287,-1,-1,-1
284,30,282.70,800.77,86.95,276.48,0.7167,-1,-1,-1
284,26,228.85,412.50,59.92,176.17,0.3732,-1,-1,-1
284,25,552.22,423.52,63.27,210.05,0.6632,-1,-1,-1
284,18,391.84,449.24,74.79,232.62,0.6485,-1,-1,-1
284,11,940.85,79.05,59.04,171.87,0.4615,-1,-1,-1
284,8,464.55,409.31,67.01,216.56,0.6217,-1,-1,-1
284,6,223.45,579.02,63.93,255.73,0.5660,-1,-1,-1
284,5,1440.58,580.77,77.44,245.28,0.4544,-1,-1,-1
284,4,1720.19,460.20,74.11,208.80,0.5969,-1,-1,-1
284,3,938.65,922.77,89.46,155.13,0.7677,-1,-1,-1
284,1,462.81,143.08,67.56,200.10,0.3432,-1,-1,-1
285,41,766.10,350.25,59.85,188.74,0.3536,-1,-1,-1
285,39,1095.91,91.03,57.11,162.51,0.3307,-1,-1,-1
285,37,306.89,740.77,104.15,137.79,0.5574,-1,-1,-1
285,31,1019.67,97.18,66.71,176.39,0.4525,-1,-1,-1
285,30,283.66,801.92,88.04,275.48,0.6995,-1,-1,-1
285,29,824.38,383.99,57.61,204.99,0.3099,-1,-1,-1
285,26,227.29,413.24,63.34,186.31,0.3836,-1,-1,-1
285,25,551.24,423.88,61.14,211.60,0.6518,-1,-1,-1
285,18,392.09,448.23,73.99,232.09,0.6456,-1,-1,-1
285,11,940.50,79.35,60.96,174.47,0.4665,-1,-1,-1
285,8,464.71,409.86,66.55,218.68,0.6057,-1,-1,-1
285,6,227.27,579.08,63.88,255.02,0.5493,-1,-1,-1
285,5,1444.72,579.04,78.94,246.36,0.5657,-1,-1,-1
285,4,1720.52,460.39,74.23,208.10,0.5909,-1,-1,-1
285,3,937.91,922.20,89.55,155.24,0.7725,-1,-1,-1
285,1,463.04,143.28,65.21,200.02,0.3237,-1,-1,-1
286,39,1095.24,89.74,52.68,165.98,0.3445,-1,-1,-1
286,37,307.25,742.60,103.52,137.45,0.5547,-1,-1,-1
286,33,893.92,398.36,65.79,196.64,0.3620,-1,-1,-1
286,31,1018.51,97.29,59.14,178.68,0.4910,-1,-1,-1
286,30,283.88,804.25,91.84,272.26,0.7234,-1,-1,-1
286,29,825.68,386.19,57.19,204.85,0.3705,-1,-1,-1
286,26,229.17,411.48,62.20,202.40,0.3322,-1,-1,-1
286,25,548.33,425.16,63.49,211.65,0.6250,-1,-1,-1
286,18,392.12,445.69,73.46,230.89,0.6352,-1,-1,-1
286,11,940.40,78.72,60.93,175.11,0.4637,-1,-1,-1
286,8,464.10,411.04,66.72,224.40,0.6056,-1,-1,-1
286,6,231.42,577.61,63.48,256.91,0.5468,-1,-1,-1
286,5,1447.07,579.73,78.75,248.00,0.4802,-1,-1,-1
286,4,1721.03,459.94,72.83,208.53,0.6185,-1,-1,-1
286,3,939.91,921.94,86.28,155.83,0.7625,-1,-1,-1
286,1,463.07,144.74,62.70,197.08,0.3002,-1,-1,-1
287,39,1092.80,90.80,56.04,164.23,0.3667,-1,-1,-1
287,37,309.56,741.54,101.71,139.60,0.5587,-1,-1,-1
287,33,893.15,399.15,63.28,195.73,0.3733,-1,-1,-1
287,31,1018.06,96.91,59.83,178.05,0.4811,-1,-1,-1
287,30,285.26,808.99,93.91,266.37,0.7517,-1,-1,-1
287,29,822.30,392.25,71.73,204.70,0.3719,-1,-1,-1
287,26,229.63,412.19,62.71,213.43,0.3084,-1,-1,-1
287,25,544.48,425.61,65.83,210.99,0.6322,-1,-1,-1
287,18,392.24,443.88,73.91,223.26,0.6049,-1,-1,-1
287,11,939.92,78.06,61.47,177.16,0.4510,-1,-1,-1
287,8,464.16,412.24,65.76,224.81,0.5962,-1,-1,-1
287,6,232.85,580.15,64.32,254.43,0.5446,-1,-1,-1
287,5,1449.87,579.58,79.81,247.09,0.5478,-1,-1,-1
287,4,1720.46,459.62,73.28,209.16,0.6065,-1,-1,-1
287,3,939.48,922.16,86.04,155.83,0.7799,-1,-1,-1
287,1,461.55,143.62,64.67,198.20,0.3315,-1,-1,-1
288,39,1091.72,90.27,56.61,164.56,0.4104,-1,-1,-1
288,37,309.66,742.65,96.60,138.55,0.5778,-1,-1,-1
288,33,893.87,400.11,63.74,195.58,0.3716,-1,-1,-1
288,31,1017.72,95.86,59.63,176.33,0.5121,-1,-1,-1
288,30,286.23,812.18,94.83,266.73,0.7662,-1,-1,-1
288,29,824.40,394.63,72.16,202.80,0.4154,-1,-1,-1
288,26,230.47,410.91,62.65,199.62,0.3249,-1,-1,-1
288,25,542.21,426.23,67.20,210.29,0.6149,-1,-1,-1
288,18,393.29,441.27,72.35,221.47,0.6240,-1,-1,-1
288,11,938.50,74.40,58.81,176.22,0.5018,-1,-1,-1
288,8,461.68,407.59,66.50,228.91,0.5786,-1,-1,-1
288,6,233.06,579.24,67.38,255.48,0.5793,-1,-1,-1
288,5,1450.77,583.78,81.38,239.29,0.5281,-1,-1,-1
288,4,1720.59,460.14,73.02,208.38,0.6032,-1,-1,-1
288,3,940.60,921.65,83.87,156.05,0.7600,-1,-1,-1
288,1,462.64,144.36,66.65,196.88,0.3234,-1,-1,-1
289,41,782.77,351.31,55.96,192.91,0.3086,-1,-1,-1
289,39,1091.50,91.45,56.22,163.84,0.3941,-1,-1,-1
289,37,309.33,742.85,97.89,143.58,0.5947,-1,-1,-1
289,33,896.07,400.25,64.87,194.23,0.3245,-1,-1,-1
289,31,1016.29,94.75,62.43,177.75,0.4767,-1,-1,-1
289,30,289.21,812.22,95.68,266.77,0.7544,-1,-1,-1
289,29,825.58,394.35,70.53,202.86,0.3781,-1,-1,-1
289,26,232.24,409.26,60.68,183.63,0.4108,-1,-1,-1
289,25,540.38,427.11,68.23,209.97,0.6190,-1,-1,-1
289,18,393.35,439.19,72.64,221.10,0.6242,-1,-1,-1
289,11,938.11,73.60,57.61,175.25,0.5160,-1,-1,-1
289,8,461.89,411.96,65.19,227.50,0.6399,-1,-1,-1
289,6,234.68,580.37,69.25,253.21,0.5511,-1,-1,-1
289,5,1451.88,581.84,83.48,239.62,0.4926,-1,-1,-1
289,4,1719.76,458.92,74.36,210.97,0.5917,-1,-1,-1
289,3,941.19,921.00,80.87,156.50,0.7491,-1,-1,-1
289,1,462.86,143.63,64.34,198.29,0.3104,-1,-1,-1
290,41,787.16,353.11,52.62,189.67,0.3684,-1,-1,-1
290,39,1088.74,90.45,57.81,164.83,0.4085,-1,-1,-1
290,37,312.32,744.04,90.99,144.79,0.6311,-1,-1,-1
290,33,897.42,402.09,63.14,193.75,0.3328,-1,-1,-1
290,31,1015.54,93.79,61.32,177.99,0.4980,-1,-1,-1
290,30,290.67,816.16,97.17,263.84,0.7198,-1,-1,-1
290,29,825.44,394.89,75.09,203.72,0.4387,-1,-1,-1
290,26,234.13,409.00,59.19,181.59,0.4553,-1,-1,-1
290,25,539.36,427.07,68.20,209.74,0.6308,-1,-1,-1
290,18,388.81,437.36,77.10,225.25,0.6010,-1,-1,-1
290,11,938.19,72.26,55.98,175.61,0.5207,-1,-1,-1
290,8,460.09,411.60,66.58,231.34,0.6796,-1,-1,-1
290,6,236.27,581.91,67.64,252.74,0.5765,-1,-1,-1
290,5,1452.07,590.27,86.87,227.81,0.4041,-1,-1,-1
290,4,1720.26,459.51,73.96,209.20,0.5991,-1,-1,-1
290,3,941.83,920.08,78.38,156.83,0.7538,-1,-1,-1
291,41,790.16,353.39,56.69,195.05,0.4373,-1,-1,-1
291,39,1087.01,88.97,57.10,165.80,0.3657,-1,-1,-1
291,37,312.59,746.25,90.10,143.69,0.6184,-1,-1,-1
291,33,896.40,402.33,63.13,192.74,0.3265,-1,-1,-1
291,31,1014.93,92.90,61.08,177.84,0.4533,-1,-1,-1
291,30,293.10,820.69,95.57,259.31,0.7039,-1,-1,-1
291,29,830.58,398.72,67.02,203.19,0.3214,-1,-1,-1
291,26,233.01,408.43,61.01,181.85,0.4338,-1,-1,-1
291,25,536.57,427.89,69.03,209.23,0.6358,-1,-1,-1
291,18,384.63,435.41,81.57,227.59,0.5973,-1,-1,-1
291,11,938.11,70.84,56.01,178.76,0.5073,-1,-1,-1
291,8,460.44,412.71,66.50,230.78,0.6570,-1,-1,-1
291,6,238.60,580.77,67.94,254.27,0.5584,-1,-1,-1
291,5,1453.18,594.67,87.25,220.32,0.3757,-1,-1,-1
291,4,1721.64,459.95,73.15,208.71,0.5846,-1,-1,-1
291,3,942.07,919.72,77.39,157.02,0.7538,-1,-1,-1
292,41,790.34,350.77,57.95,204.64,0.3079,-1,-1,-1
292,39,1085.43,88.79,57.88,164.28,0.3724,-1,-1,-1
292,37,315.78,749.46,86.42,140.93,0.5279,-1,-1,-1
292,33,897.63,408.76,59.64,184.83,0.3532,-1,-1,-1
292,31,1013.87,92.83,61.44,177.43,0.4210,-1,-1,-1
292,30,295.43,827.89,99.93,250.50,0.6390,-1,-1,-1
292,29,832.04,398.12,64.11,206.98,0.4414,-1,-1,-1
292,26,232.41,407.65,60.63,184.15,0.4533,-1,-1,-1
292,25,537.71,429.90,68.42,207.17,0.6523,-1,-1,-1
292,18,383.72,435.47,81.48,227.99,0.5709,-1,-1,-1
292,11,937.87,69.84,56.70,175.00,0.5264,-1,-1,-1
292,8,460.61,414.39,66.32,229.90,0.5966,-1,-1,-1
292,6,240.76,581.24,73.39,252.87,0.5467,-1,-1,-1
292,5,1464.05,599.85,79.07,223.20,0.4209,-1,-1,-1
292,4,1719.87,460.71,74.67,208.39,0.5776,-1,-1,-1
292,3,942.23,919.72,75.73,157.54,0.7400,-1,-1,-1
292,1,457.57,139.69,61.29,195.06,0.3085,-1,-1,-1
293,39,1084.63,88.09,56.65,164.75,0.3254,-1,-1,-1
293,37,316.49,750.38,90.87,263.40,0.4249,-1,-1,-1
293,33,896.50,412.95,62.36,181.87,0.3429,-1,-1,-1
293,31,1012.64,92.04,61.86,179.00,0.3509,-1,-1,-1
293,30,296.05,832.34,92.83,245.14,0.6656,-1,-1,-1
293,29,832.29,398.45,64.63,205.71,0.3866,-1,-1,-1
293,26,231.87,406.10,60.97,183.90,0.5317,-1,-1,-1
293,25,535.49,432.65,69.03,206.24,0.6788,-1,-1,-1
293,18,381.29,433.28,83.41,228.96,0.5403,-1,-1,-1
293,11,938.24,68.64,56.10,172.05,0.4573,-1,-1,-1
293,8,460.07,415.14,67.88,226.76,0.5785,-1,-1,-1
293,6,242.24,582.02,82.73,253.73,0.5523,-1,-1,-1
293,5,1463.02,597.79,85.09,226.91,0.4402,-1,-1,-1
293,4,1720.87,460.87,73.29,207.71,0.5617,-1,-1,-1
293,3,942.63,918.42,71.25,159.42,0.7359,-1,-1,-1
294,41,794.87,355.75,62.04,214.78,0.3101,-1,-1,-1
294,39,1083.00,87.82,57.80,164.42,0.4094,-1,-1,-1
294,37,326.27,755.73,75.66,135.83,0.4964,-1,-1,-1
294,33,896.77,413.55,62.33,181.56,0.3595,-1,-1,-1
294,31,1012.00,91.52,59.10,177.34,0.3576,-1,-1,-1
294,30,298.12,836.91,91.50,241.32,0.7192,-1,-1,-1
294,29,834.16,400.85,63.02,204.05,0.3703,-1,-1,-1
294,26,232.14,404.72,60.97,180.24,0.5099,-1,-1,-1
294,25,535.57,434.59,69.10,209.46,0.6743,-1,-1,-1
294,18,379.01,433.24,84.67,230.28,0.5564,-1,-1,-1
294,11,938.75,67.33,54.19,170.72,0.4326,-1,-1,-1
294,8,459.07,415.49,69.21,226.46,0.6215,-1,-1,-1
294,6,242.75,582.72,87.92,253.37,0.6086,-1,-1,-1
294,5,1455.60,593.40,94.75,231.24,0.5261,-1,-1,-1
294,4,1720.10,459.45,74.55,210.20,0.5844,-1,-1,-1
294,3,942.51,917.77,67.55,160.44,0.7533,-1,-1,-1
294,1,457.64,137.63,61.54,191.98,0.3343,-1,-1,-1
295,42,787.03,150.83,68.16,170.91,0.3040,-1,-1,-1
295,39,1081.62,86.64,56.64,166.18,0.4022,-1,-1,-1
295,37,328.58,760.02,75.49,138.53,0.5060,-1,-1,-1
295,33,896.48,411.20,62.28,186.00,0.3731,-1,-1,-1
295,31,1011.07,91.81,58.28,178.70,0.3923,-1,-1,-1
295,30,300.66,840.01,89.72,239.37,0.7007,-1,-1,-1
295,29,833.29,401.60,63.99,203.01,0.3755,-1,-1,-1
295,26,231.47,401.40,60.64,184.22,0.4386,-1,-1,-1
295,25,534.16,436.39,68.70,210.59,0.6705,-1,-1,-1
295,18,376.00,433.69,87.73,230.80,0.5372,-1,-1,-1
295,11,937.60,67.14,54.50,173.22,0.4050,-1,-1,-1
295,8,459.54,416.03,68.37,224.36,0.6013,-1,-1,-1
295,6,242.91,582.91,92.44,252.18,0.6486,-1,-1,-1
295,5,1457.54,595.39,93.90,228.48,0.4859,-1,-1,-1
295,4,1719.74,460.35,74.65,209.19,0.5892,-1,-1,-1
295,3,941.39,916.45,66.37,162.28,0.7397,-1,-1,-1
295,1,458.46,137.98,60.30,191.19,0.3082,-1,-1,-1
296,42,786.96,151.70,68.74,171.11,0.3211,-1,-1,-1
296,39,1080.33,86.53,56.69,165.23,0.4098,-1,-1,-1
296,37,329.04,761.91,78.08,139.23,0.4915,-1,-1,-1
296,33,896.38,411.68,62.80,192.00,0.4581,-1,-1,-1
296,31,1010.34,90.89,57.29,179.45,0.4060,-1,-1,-1
296,30,301.95,842.76,91.13,236.35,0.7258,-1,-1,-1
296,29,832.65,401.48,63.40,203.77,0.4100,-1,-1,-1
296,26,231.69,400.67,62.45,181.47,0.5078,-1,-1,-1
296,25,535.15,439.03,67.30,205.36,0.6741,-1,-1,-1
296,18,376.45,431.18,85.71,232.82,0.5345,-1,-1,-1
296,11,937.58,65.98,54.06,172.22,0.4516,-1,-1,-1
296,8,458.05,419.19,71.32,222.82,0.6251,-1,-1,-1
296,6,243.47,583.44,91.16,251.51,0.6713,-1,-1,-1
296,5,1461.45,597.14,93.19,228.80,0.4942,-1,-1,-1
296,4,1720.28,460.01,73.68,209.12,0.5957,-1,-1,-1
296,3,941.28,915.65,63.35,162.72,0.7563,-1,-1,-1
297,42,789.34,151.02,67.10,170.89,0.3285,-1,-1,-1
297,39,1079.11,87.27,56.76,163.80,0.3434,-1,-1,-1
297,37,331.63,765.47,77.38,139.90,0.5171,-1,-1,-1
297,33,894.97,412.69,64.49,196.16,0.4665,-1,-1,-1
297,31,1009.28,90.41,57.69,179.90,0.3724,-1,-1,-1
297,30,303.25,842.69,91.55,236.98,0.7411,-1,-1,-1
297,29,833.27,400.47,62.69,208.45,0.3734,-1,-1,-1
297,26,233.43,400.08,61.06,183.23,0.5710,-1,-1,-1
297,25,535.03,441.18,65.05,205.44,0.6665,-1,-1,-1
297,18,376.90,430.02,84.58,233.53,0.5018,-1,-1,-1
297,11,936.76,64.81,54.48,174.25,0.4154,-1,-1,-1
297,8,457.47,419.56,69.02,221.57,0.6300,-1,-1,-1
297,6,244.94,585.36,90.90,250.28,0.6619,-1,-1,-1
297,5,1461.10,596.03,100.79,230.34,0.5444,-1,-1,-1
297,4,1719.63,460.46,73.77,208.81,0.5757,-1,-1,-1
297,3,941.27,914.95,62.42,164.28,0.7560,-1,-1,-1
298,39,1077.63,85.83,57.72,165.56,0.3692,-1,-1,-1
298,37,333.90,767.53,79.07,144.62,0.5769,-1,-1,-1
298,33,894.80,414.53,65.21,197.87,0.4878,-1,-1,-1
298,31,1010.46,92.57,57.52,173.44,0.3668,-1,-1,-1
298,30,304.58,844.55,93.11,235.45,0.7523,-1,-1,-1
298,29,830.54,400.03,66.60,210.60,0.3243,-1,-1,-1
298,26,234.47,398.56,61.09,185.01,0.5571,-1,-1,-1
298,25,535.04,443.00,64.91,201.49,0.6480,-1,-1,-1
298,18,376.28,429.87,84.69,229.02,0.5247,-1,-1,-1
298,11,936.57,64.28,55.76,171.86,0.4247,-1,-1,-1
298,8,456.90,419.85,68.83,221.46,0.6304,-1,-1,-1
298,6,245.70,584.71,90.27,249.79,0.6285,-1,-1,-1
298,5,1462.86,598.76,103.62,229.73,0.5543,-1,-1,-1
298,4,1721.19,461.01,73.16,207.94,0.6000,-1,-1,-1
298,3,940.69,914.56,63.09,165.22,0.7689,-1,-1,-1
299,39,1074.43,83.61,57.45,170.29,0.3213,-1,-1,-1
299,37,339.51,770.77,77.71,144.69,0.6278,-1,-1,-1
299,33,894.78,415.65,64.70,197.03,0.5029,-1,-1,-1
299,31,1009.61,88.13,56.99,184.23,0.3996,-1,-1,-1
299,30,305.41,845.73,93.54,234.27,0.7642,-1,-1,-1
299,26,233.55,397.70,61.78,183.90,0.5949,-1,-1,-1
299,25,535.53,444.35,63.82,203.62,0.6517,-1,-1,-1
299,18,377.99,428.40,82.38,227.83,0.5597,-1,-1,-1
299,11,936.46,63.95,56.55,170.92,0.4307,-1,-1,-1
299,8,456.81,421.09,68.35,224.07,0.6465,-1,-1,-1
299,6,248.91,583.42,87.73,250.65,0.6831,-1,-1,-1
299,5,1462.57,591.73,104.36,237.46,0.5898,-1,-1,-1
299,4,1720.51,461.63,73.43,207.43,0.5951,-1,-1,-1
299,3,940.00,913.60,61.84,165.41,0.7754,-1,-1,-1
300,37,344.56,772.56,75.62,146.69,0.6383,-1,-1,-1
300,33,895.87,416.43,62.87,198.04,0.4484,-1,-1,-1
300,31,1008.63,86.14,56.57,185.64,0.4006,-1,-1,-1
300,30,307.02,846.42,94.68,233.58,0.7499,-1,-1,-1
300,26,233.98,397.86,60.24,183.95,0.5754,-1,-1,-1
300,25,534.88,445.61,64.32,204.76,0.6564,-1,-1,-1
300,18,380.37,425.68,79.97,223.42,0.5443,-1,-1,-1
300,11,935.52,63.20,56.84,173.31,0.4551,-1,-1,-1
300,8,456.38,423.75,68.43,224.16,0.6619,-1,-1,-1
300,6,249.79,583.30,89.47,249.47,0.6897,-1,-1,-1
300,5,1464.28,589.41,104.39,240.18,0.5966,-1,-1,-1
300,4,1721.91,460.59,72.05,208.54,0.5807,-1,-1,-1
300,3,940.27,914.18,60.39,164.82,0.7701,-1,-1,-1
301,37,346.87,774.51,77.41,142.97,0.5968,-1,-1,-1
301,33,895.66,416.95,62.64,196.19,0.4676,-1,-1,-1
301,31,1008.21,85.03,57.44,184.51,0.4192,-1,-1,-1
301,30,307.36,847.21,95.62,232.79,0.7490,-1,-1,-1
301,29,824.21,404.23,76.74,204.64,0.3061,-1,-1,-1
301,26,234.49,397.07,59.31,184.49,0.5642,-1,-1,-1
301,25,535.25,445.96,63.82,206.96,0.6672,-1,-1,-1
301,18,383.07,422.32,76.70,224.46,0.5516,-1,-1,-1
301,11,934.72,63.14,57.40,174.34,0.4821,-1,-1,-1
301,8,456.49,427.76,67.94,221.37,0.6719,-1,-1,-1
301,6,251.52,581.10,89.45,250.92,0.6663,-1,-1,-1
301,5,1465.92,586.81,104.06,244.67,0.6006,-1,-1,-1
301,4,1721.11,460.91,72.64,207.81,0.5920,-1,-1,-1
301,3,941.78,914.28,57.54,165.03,0.7692,-1,-1,-1
302,41,830.95,407.50,73.10,213.62,0.4362,-1,-1,-1
302,37,348.38,775.47,82.08,148.30,0.6336,-1,-1,-1
302,33,895.16,419.06,62.75,198.67,0.5523,-1,-1,-1
302,31,1006.27,85.31,58.91,178.36,0.4284,-1,-1,-1
302,30,309.29,847.16,97.99,232.84,0.7379,-1,-1,-1
302,26,233.35,396.65,59.78,185.53,0.5500,-1,-1,-1
302,25,535.03,446.70,63.72,204.70,0.6407,-1,-1,-1
302,18,386.79,422.20,72.23,218.16,0.5319,-1,-1,-1
302,11,934.23,62.23,57.19,174.18,0.4791,-1,-1,-1
302,8,456.29,429.33,67.78,221.74,0.6202,-1,-1,-1
302,6,254.16,580.31,88.97,252.39,0.6767,-1,-1,-1
302,5,1469.13,589.89,101.13,241.04,0.5666,-1,-1,-1
302,4,1721.66,459.82,72.33,209.81,0.5725,-1,-1,-1
302,3,941.79,912.19,56.47,167.81,0.7525,-1,-1,-1
303,41,836.63,409.58,64.60,215.37,0.4763,-1,-1,-1
303,39,1070.79,80.68,55.73,171.02,0.3448,-1,-1,-1
303,37,350.54,776.30,87.07,150.47,0.6868,-1,-1,-1
303,33,895.45,421.46,60.77,194.57,0.5202,-1,-1,-1
303,31,1006.26,85.52,58.61,173.85,0.4686,-1,-1,-1
303,30,311.59,847.91,97.85,232.09,0.7382,-1,-1,-1
303,26,233.83,395.34,59.10,187.41,0.5515,-1,-1,-1
303,25,534.80,447.22,64.64,208.95,0.6545,-1,-1,-1
303,18,387.94,415.21,70.23,218.02,0.5978,-1,-1,-1
303,11,933.80,62.95,57.20,169.19,0.4927,-1,-1,-1
303,8,456.29,430.62,65.82,221.28,0.6295,-1,-1,-1
303,6,258.45,579.18,88.17,253.90,0.6391,-1,-1,-1
303,5,1472.35,585.19,100.57,245.96,0.4850,-1,-1,-1
303,4,1721.26,460.07,72.54,209.41,0.5832,-1,-1,-1
303,3,940.48,913.02,56.71,166.98,0.7247,-1,-1,-1
304,39,1068.55,81.28,56.62,169.21,0.3099,-1,-1,-1
304,37,354.72,777.41,88.32,152.91,0.6168,-1,-1,-1
304,33,898.13,420.73,57.63,196.02,0.4869,-1,-1,-1
304,31,1006.28,85.32,57.80,174.60,0.4767,-1,-1,-1
304,30,312.55,849.55,98.62,230.45,0.7477,-1,-1,-1
304,29,830.24,403.42,80.71,218.01,0.4796,-1,-1,-1
304,26,234.90,393.84,58.88,188.66,0.5432,-1,-1,-1
304,25,534.34,448.02,65.16,206.96,0.6429,-1,-1,-1
304,18,388.74,411.78,69.41,221.85,0.5727,-1,-1,-1
304,11,935.41,62.45,55.09,174.32,0.5339,-1,-1,-1
304,8,455.28,432.51,65.26,219.57,0.6326,-1,-1,-1
304,6,265.17,580.02,84.31,251.10,0.6163,-1,-1,-1
304,5,1474.51,581.02,99.82,250.91,0.5033,-1,-1,-1
304,4,1721.54,459.99,72.60,210.39,0.5907,-1,-1,-1
304,3,939.11,911.85,58.72,168.15,0.7406,-1,-1,-1
305,37,354.78,778.64,93.95,158.40,0.6138,-1,-1,-1
305,33,899.72,419.55,55.52,196.21,0.4631,-1,-1,-1
305,31,1005.43,85.55,59.33,170.86,0.4898,-1,-1,-1
305,30,316.14,851.54,97.21,228.46,0.7611,-1,-1,-1
305,29,835.98,404.08,73.52,223.15,0.5181,-1,-1,-1
305,26,233.44,390.57,59.05,192.70,0.5353,-1,-1,-1
305,25,534.20,448.50,65.31,208.33,0.6390,-1,-1,-1
305,18,389.64,408.83,69.15,223.60,0.5625,-1,-1,-1
305,11,934.84,62.12,55.38,173.37,0.4925,-1,-1,-1
305,8,454.32,435.24,65.37,219.05,0.6629,-1,-1,-1
305,6,275.08,581.41,77.39,248.37,0.5994,-1,-1,-1
305,5,1476.05,587.85,98.89,245.50,0.4536,-1,-1,-1
305,4,1720.73,460.42,72.59,209.24,0.5766,-1,-1,-1
305,3,936.95,909.72,60.87,170.28,0.7407,-1,-1,-1
306,37,356.95,780.27,95.47,152.05,0.6552,-1,-1,-1
306,33,897.87,423.16,57.78,191.54,0.4349,-1,-1,-1
306,31,1003.87,84.85,60.82,170.01,0.5223,-1,-1,-1
306,30,319.57,858.95,91.84,221.05,0.7691,-1,-1,-1
306,29,832.43,403.85,77.91,220.18,0.5009,-1,-1,-1
306,26,232.18,389.28,60.61,194.30,0.5647,-1,-1,-1
306,25,533.05,449.08,65.72,203.59,0.6225,-1,-1,-1
306,18,389.54,408.03,68.61,222.66,0.5317,-1,-1,-1
306,11,934.56,59.30,57.67,175.65,0.4713,-1,-1,-1
306,8,453.17,436.40,64.54,219.23,0.6822,-1,-1,-1
306,6,286.86,581.97,70.57,247.43,0.5442,-1,-1,-1
306,5,1480.31,589.08,97.92,245.20,0.5174,-1,-1,-1
306,4,1720.97,460.73,72.71,208.84,0.5691,-1,-1,-1
306,3,935.24,909.13,64.56,170.82,0.7183,-1,-1,-1
307,42,794.21,103.54,72.47,218.70,0.3709,-1,-1,-1
307,37,358.56,781.72,100.09,155.10,0.6477,-1,-1,-1
307,33,898.61,425.75,57.01,189.93,0.3657,-1,-1,-1
307,31,1003.47,83.32,59.92,169.96,0.5634,-1,-1,-1
307,30,319.74,862.04,94.62,217.96,0.7758,-1,-1,-1
307,29,833.85,407.12,76.93,217.10,0.3532,-1,-1,-1
307,26,232.53,387.56,59.63,193.03,0.5266,-1,-1,-1
307,25,532.27,449.41,65.53,205.46,0.6416,-1,-1,-1
307,18,391.39,408.04,67.89,222.34,0.5572,-1,-1,-1
307,11,934.72,59.53,56.75,173.92,0.4964,-1,-1,-1
307,8,450.92,438.76,65.54,217.34,0.6755,-1,-1,-1
307,6,296.55,580.74,69.65,245.21,0.5700,-1,-1,-1
307,5,1482.74,589.07,95.97,245.16,0.5475,-1,-1,-1
307,4,1720.88,459.57,73.07,210.13,0.5596,-1,-1,-1
307,3,933.99,908.01,66.44,171.84,0.7122,-1,-1,-1
308,42,793.74,104.23,73.45,218.57,0.3301,-1,-1,-1
308,39,1064.53,82.41,55.78,166.27,0.3180,-1,-1,-1
308,37,360.62,784.95,103.96,155.89,0.6934,-1,-1,-1
308,33,894.70,428.12,57.79,187.38,0.3311,-1,-1,-1
308,31,1002.21,82.88,61.22,172.51,0.6041,-1,-1,-1
308,30,322.04,867.60,95.24,212.40,0.7756,-1,-1,-1
308,29,833.55,413.98,78.47,211.51,0.3544,-1,-1,-1
308,26,229.87,385.84,62.41,190.52,0.5579,-1,-1,-1
308,25,529.80,451.64,67.89,204.13,0.6570,-1,-1,-1
308,18,390.66,406.67,70.13,224.33,0.5701,-1,-1,-1
308,11,935.50,55.89,55.55,169.01,0.5065,-1,-1,-1
308,8,449.81,440.69,64.32,215.26,0.6786,-1,-1,-1
308,6,304.36,580.23,70.34,244.12,0.6443,-1,-1,-1
308,5,1484.08,593.62,95.15,241.08,0.6303,-1,-1,-1
308,4,1721.19,459.06,72.56,210.42,0.5811,-1,-1,-1
308,3,931.73,908.05,69.37,171.95,0.7209,-1,-1,-1
309,42,793.50,104.19,73.51,218.91,0.3723,-1,-1,-1
309,37,364.74,790.54,105.77,151.78,0.6757,-1,-1,-1
309,31,1002.34,81.32,61.13,176.08,0.6234,-1,-1,-1
309,30,324.36,872.09,93.35,207.91,0.7804,-1,-1,-1
309,29,837.33,417.61,68.44,211.23,0.3846,-1,-1,-1
309,26,230.36,383.56,62.00,188.87,0.5284,-1,-1,-1
309,25,528.73,455.16,68.07,207.96,0.6708,-1,-1,-1
309,18,390.29,407.47,71.28,221.94,0.5214,-1,-1,-1
309,11,935.34,52.75,54.36,170.15,0.4842,-1,-1,-1
309,8,447.72,441.79,64.65,216.55,0.6595,-1,-1,-1
309,6,308.29,579.67,76.82,248.40,0.6490,-1,-1,-1
309,5,1486.11,589.15,95.38,245.32,0.5936,-1,-1,-1
309,4,1720.72,458.39,72.73,211.64,0.5734,-1,-1,-1
309,3,930.04,907.29,71.35,172.64,0.7370,-1,-1,-1
310,42,794.09,104.26,71.95,219.23,0.3234,-1,-1,-1
310,39,1064.23,83.10,55.68,164.27,0.3326,-1,-1,-1
310,37,366.33,794.74,106.41,149.59,0.6771,-1,-1,-1
310,31,1001.09,80.00,62.12,176.43,0.6475,-1,-1,-1
310,30,327.41,873.45,93.34,206.55,0.7569,-1,-1,-1
310,26,231.37,380.44,58.79,185.77,0.5566,-1,-1,-1
310,25,527.99,456.19,67.92,210.68,0.6986,-1,-1,-1
310,18,392.11,406.23,68.67,226.75,0.5021,-1,-1,-1
310,11,934.40,50.50,55.79,171.35,0.5420,-1,-1,-1
310,8,447.71,438.14,63.28,223.12,0.6511,-1,-1,-1
310,6,311.91,579.45,79.48,249.83,0.6945,-1,-1,-1
310,5,1487.37,587.91,96.22,245.25,0.5568,-1,-1,-1
310,4,1720.79,458.36,72.42,210.59,0.5754,-1,-1,-1
310,3,928.17,907.95,74.17,172.05,0.7483,-1,-1,-1
310,1,464.86,128.88,56.42,190.26,0.3100,-1,-1,-1
311,42,794.46,103.27,71.00,220.06,0.3391,-1,-1,-1
311,37,367.82,799.02,108.09,146.33,0.6621,-1,-1,-1
311,31,1000.40,79.98,62.52,175.15,0.6270,-1,-1,-1
311,30,330.14,876.28,95.32,203.72,0.7342,-1,-1,-1
311,29,834.62,422.96,69.76,192.85,0.3115,-1,-1,-1
311,26,232.11,378.93,57.34,186.41,0.5301,-1,-1,-1
311,25,527.64,457.49,67.02,212.80,0.6759,-1,-1,-1
311,18,391.51,408.02,70.19,223.36,0.4732,-1,-1,-1
311,11,933.72,49.38,55.93,171.54,0.5087,-1,-1,-1
311,8,445.57,439.70,64.40,222.23,0.6842,-1,-1,-1
311,6,315.16,579.81,82.88,247.41,0.7419,-1,-1,-1
311,5,1488.17,589.36,102.69,243.98,0.5834,-1,-1,-1
311,4,1720.75,458.29,72.79,210.62,0.5791,-1,-1,-1
311,3,927.64,907.14,74.78,172.86,0.7626,-1,-1,-1
312,42,792.50,103.74,70.34,218.94,0.3415,-1,-1,-1
312,37,367.13,801.60,108.53,148.32,0.6508,-1,-1,-1
312,31,1000.33,80.20,63.35,174.41,0.6069,-1,-1,-1
312,30,333.27,879.12,97.08,200.88,0.7443,-1,-1,-1
312,26,231.24,375.95,58.30,188.30,0.5373,-1,-1,-1
312,25,527.29,461.14,66.97,216.17,0.6737,-1,-1,-1
312,18,392.35,408.15,68.96,220.86,0.4321,-1,-1,-1
312,11,933.75,48.90,56.62,172.35,0.5144,-1,-1,-1
312,8,444.17,442.14,64.58,221.50,0.6667,-1,-1,-1
312,6,316.97,581.71,90.06,243.64,0.7537,-1,-1,-1
312,5,1489.51,593.40,101.80,238.68,0.6267,-1,-1,-1
312,4,1721.46,458.93,72.38,209.49,0.5818,-1,-1,-1
312,3,927.78,905.90,74.79,174.10,0.7518,-1,-1,-1
312,1,462.76,127.60,60.63,188.58,0.3062,-1,-1,-1
313,37,368.19,805.19,108.71,146.77,0.6929,-1,-1,-1
313,31,1000.62,80.68,62.20,172.88,0.5997,-1,-1,-1
313,30,336.86,882.79,99.62,197.21,0.7362,-1,-1,-1
313,26,231.06,374.68,58.29,189.44,0.5228,-1,-1,-1
313,25,527.62,463.66,66.16,214.60,0.6593,-1,-1,-1
313,18,393.39,406.01,66.07,221.86,0.4084,-1,-1,-1
313,11,933.68,48.11,55.80,172.91,0.5200,-1,-1,-1
313,8,441.87,447.66,65.15,221.93,0.6860,-1,-1,-1
313,6,316.63,584.52,96.85,240.61,0.7644,-1,-1,-1
313,5,1491.49,598.73,103.66,234.02,0.6183,-1,-1,-1
313,4,1722.31,457.68,71.85,210.50,0.5771,-1,-1,-1
313,3,927.39,905.45,75.64,174.55,0.7551,-1,-1,-1
313,1,463.63,123.48,60.49,191.18,0.3264,-1,-1,-1
314,37,369.36,808.42,110.56,148.12,0.6971,-1,-1,-1
314,31,1000.32,80.05,59.12,173.03,0.5513,-1,-1,-1
314,30,341.10,886.79,96.32,193.21,0.7245,-1,-1,-1
314,29,831.33,425.91,71.24,202.02,0.3165,-1,-1,-1
314,26,230.40,374.28,59.06,189.47,0.5528,-1,-1,-1
314,25,527.20,464.74,65.81,215.54,0.6575,-1,-1,-1
314,18,393.24,404.10,65.92,224.29,0.3844,-1,-1,-1
314,11,932.18,47.37,57.56,173.03,0.5229,-1,-1,-1
314,8,440.43,447.32,65.87,221.80,0.7001,-1,-1,-1
314,6,316.51,585.02,99.97,240.28,0.7644,-1,-1,-1
314,5,1494.78,599.87,101.36,233.51,0.5495,-1,-1,-1
314,4,1722.88,457.92,71.07,211.24,0.5739,-1,-1,-1
314,3,927.56,905.28,76.73,174.72,0.7555,-1,-1,-1
314,1,458.73,126.07,64.98,186.65,0.3021,-1,-1,-1
315,37,370.84,808.18,109.38,148.55,0.6409,-1,-1,-1
315,33,883.24,371.87,71.26,154.58,0.4121,-1,-1,-1
315,31,999.53,79.62,58.22,174.10,0.5356,-1,-1,-1
315,30,343.08,889.22,97.00,190.78,0.7272,-1,-1,-1
315,26,229.80,374.09,61.26,189.38,0.5638,-1,-1,-1
315,25,527.66,466.52,62.41,215.91,0.6699,-1,-1,-1
315,11,931.85,46.83,57.37,173.47,0.5311,-1,-1,-1
315,8,437.81,447.80,67.94,221.76,0.7302,-1,-1,-1
315,6,316.27,585.41,108.34,240.54,0.7694,-1,-1,-1
315,5,1498.12,602.35,96.14,231.10,0.5587,-1,-1,-1
315,4,1722.30,457.70,71.45,211.55,0.5547,-1,-1,-1
315,3,926.16,905.01,77.50,174.99,0.7593,-1,-1,-1
316,37,372.75,809.02,107.18,153.16,0.6641,-1,-1,-1
316,33,887.21,374.02,65.13,161.87,0.3397,-1,-1,-1
316,31,999.43,80.59,57.66,174.05,0.5943,-1,-1,-1
316,30,345.18,892.21,95.13,187.79,0.7155,-1,-1,-1
316,26,230.24,373.11,62.07,188.94,0.5839,-1,-1,-1
316,25,526.62,469.52,62.06,219.51,0.6481,-1,-1,-1
316,11,931.55,46.50,58.69,171.78,0.5316,-1,-1,-1
316,8,436.08,449.23,68.68,222.59,0.7151,-1,-1,-1
316,6,317.37,585.24,112.55,239.75,0.7701,-1,-1,-1
316,5,1502.47,601.94,92.42,233.16,0.6164,-1,-1,-1
316,4,1721.65,458.47,72.45,211.84,0.5331,-1,-1,-1
316,3,926.48,905.47,77.14,174.53,0.7543,-1,-1,-1
317,41,893.59,440.80,65.11,191.91,0.3055,-1,-1,-1
317,39,1050.87,82.39,59.57,163.47,0.3005,-1,-1,-1
317,37,375.07,813.19,103.00,150.85,0.5631,-1,-1,-1
317,31,996.97,79.49,58.47,173.74,0.5710,-1,-1,-1
317,30,346.46,887.54,94.07,192.46,0.7235,-1,-1,-1
317,26,230.19,372.47,61.63,187.73,0.5718,-1,-1,-1
317,25,523.39,472.33,63.76,219.11,0.6931,-1,-1,-1
317,18,396.67,393.77,61.70,221.18,0.3278,-1,-1,-1
317,11,931.02,45.86,59.11,172.91,0.5146,-1,-1,-1
317,8,433.85,449.52,68.83,218.60,0.7119,-1,-1,-1
317,6,317.34,584.51,115.75,242.19,0.7700,-1,-1,-1
317,5,1507.95,612.07,85.24,223.56,0.5590,-1,-1,-1
317,4,1721.71,458.15,72.45,211.93,0.5645,-1,-1,-1
317,3,926.62,906.03,77.87,173.97,0.7524,-1,-1,-1
317,1,457.85,121.08,66.82,190.65,0.3006,-1,-1,-1
318,37,376.91,812.01,99.32,154.55,0.6279,-1,-1,-1
318,31,994.27,78.13,60.73,174.62,0.5960,-1,-1,-1
318,30,349.50,889.15,95.73,190.85,0.7077,-1,-1,-1
318,26,231.05,371.93,59.76,186.14,0.5605,-1,-1,-1
318,25,521.50,471.35,64.77,217.79,0.6658,-1,-1,-1
318,11,931.10,45.28,60.07,173.94,0.5128,-1,-1,-1
318,8,433.92,451.45,68.46,218.78,0.7238,-1,-1,-1
318,6,319.51,585.19,111.37,240.82,0.7560,-1,-1,-1
318,5,1511.93,600.43,85.03,237.47,0.5676,-1,-1,-1
318,4,1721.85,458.58,72.36,210.90,0.5713,-1,-1,-1
318,3,926.35,905.64,77.95,174.36,0.7456,-1,-1,-1
319,39,1049.16,83.88,59.09,159.30,0.3013,-1,-1,-1
319,37,378.47,812.16,96.75,156.30,0.6724,-1,-1,-1
319,33,896.50,377.96,64.23,255.88,0.3383,-1,-1,-1
319,31,993.74,77.05,60.28,174.90,0.5779,-1,-1,-1
319,30,350.85,890.90,96.55,189.10,0.7011,-1,-1,-1
319,29,836.04,431.30,65.71,204.91,0.4229,-1,-1,-1
319,26,231.72,370.89,59.22,189.18,0.5899,-1,-1,-1
319,25,516.41,468.67,70.37,217.78,0.6753,-1,-1,-1
319,11,930.17,43.57,59.68,173.08,0.4964,-1,-1,-1
319,8,433.32,455.39,68.95,218.71,0.7252,-1,-1,-1
319,6,319.80,583.75,112.74,242.16,0.7532,-1,-1,-1
319,5,1515.70,601.47,81.63,238.13,0.5149,-1,-1,-1
319,4,1723.18,459.19,70.38,210.52,0.5785,-1,-1,-1
319,3,927.95,905.82,76.20,174.18,0.7321,-1,-1,-1
320,37,379.94,813.54,93.32,151.25,0.6426,-1,-1,-1
320,31,992.62,78.23,60.10,173.91,0.5755,-1,-1,-1
320,30,352.54,895.63,99.39,184.37,0.7055,-1,-1,-1
320,29,834.77,432.90,69.22,201.12,0.5111,-1,-1,-1
320,26,232.70,370.72,58.54,188.63,0.5845,-1,-1,-1
320,25,514.10,470.31,70.48,218.76,0.6947,-1,-1,-1
320,11,929.14,41.69,60.77,176.22,0.5033,-1,-1,-1
320,8,433.28,461.13,69.04,215.64,0.7188,-1,-1,-1
320,6,323.69,583.38,112.13,240.63,0.7202,-1,-1,-1
320,5,1517.54,603.44,80.61,232.86,0.3645,-1,-1,-1
320,4,1722.56,458.54,71.48,210.42,0.6016,-1,-1,-1
320,3,930.60,906.28,74.13,173.72,0.7359,-1,-1,-1
321,37,384.22,816.38,87.45,148.81,0.6002,-1,-1,-1
321,31,991.38,77.41,62.64,175.26,0.5979,-1,-1,-1
321,30,355.20,898.55,102.25,181.45,0.7181,-1,-1,-1
321,29,833.31,432.17,78.42,206.96,0.4904,-1,-1,-1
321,26,233.97,370.35,56.82,188.05,0.5607,-1,-1,-1
321,25,512.60,470.59,70.19,220.56,0.6688,-1,-1,-1
321,11,929.01,39.13,64.65,180.03,0.4816,-1,-1,-1
321,8,429.43,458.40,71.31,228.02,0.6414,-1,-1,-1
321,6,326.13,582.19,106.06,241.82,0.6805,-1,-1,-1
321,4,1722.00,458.77,71.76,210.86,0.5724,-1,-1,-1
321,3,930.08,907.45,74.31,172.27,0.7304,-1,-1,-1
322,39,1047.67,78.91,50.15,157.75,0.3317,-1,-1,-1
322,37,389.54,817.13,82.13,149.72,0.5600,-1,-1,-1
322,33,908.41,376.26,54.07,164.13,0.3714,-1,-1,-1
322,31,990.44,76.03,60.59,174.70,0.6153,-1,-1,-1
322,30,357.19,904.02,99.15,175.98,0.7085,-1,-1,-1
322,29,832.27,432.28,83.55,209.69,0.5753,-1,-1,-1
322,26,235.08,367.96,55.96,189.57,0.5621,-1,-1,-1
322,25,511.39,470.24,70.38,218.61,0.7137,-1,-1,-1
322,11,927.70,36.58,66.83,183.54,0.4806,-1,-1,-1
322,8,428.37,459.89,72.48,225.24,0.6779,-1,-1,-1
322,6,331.20,579.71,96.97,244.92,0.7098,-1,-1,-1
322,4,1721.39,459.51,72.21,209.11,0.6000,-1,-1,-1
322,3,932.99,907.03,71.11,172.97,0.7239,-1,-1,-1
323,39,1047.18,76.84,50.27,160.08,0.3360,-1,-1,-1
323,37,392.08,820.73,79.04,149.36,0.5613,-1,-1,-1
323,33,912.82,379.41,52.71,162.73,0.3914,-1,-1,-1
323,31,990.13,75.07,61.52,172.79,0.6173,-1,-1,-1
323,30,359.75,906.29,96.08,173.30,0.7790,-1,-1,-1
323,29,832.38,432.51,83.62,211.36,0.5695,-1,-1,-1
323,26,233.76,363.71,57.98,192.67,0.5718,-1,-1,-1
323,25,511.60,470.54,70.76,219.64,0.7252,-1,-1,-1
323,11,927.70,35.59,66.65,178.42,0.4694,-1,-1,-1
323,8,428.61,462.50,72.00,225.55,0.6872,-1,-1,-1
323,6,341.03,579.11,87.31,244.48,0.6242,-1,-1,-1
323,4,1721.76,458.77,72.44,210.35,0.6017,-1,-1,-1
323,3,935.98,906.50,66.71,173.27,0.6964,-1,-1,-1
324,37,396.70,824.92,76.55,147.62,0.5873,-1,-1,-1
324,31,989.19,73.17,61.61,173.24,0.5736,-1,-1,-1
324,30,360.72,910.24,96.30,168.76,0.7840,-1,-1,-1
324,29,832.40,435.56,86.88,208.72,0.4802,-1,-1,-1
324,26,233.39,361.72,58.27,191.89,0.5168,-1,-1,-1
324,25,509.51,471.12,72.39,219.29,0.7510,-1,-1,-1
324,11,926.63,33.44,69.81,178.87,0.4033,-1,-1,-1
324,8,425.95,463.21,75.33,227.27,0.7028,-1,-1,-1
324,6,349.04,580.94,81.01,242.10,0.6274,-1,-1,-1
324,4,1721.66,459.04,71.93,209.61,0.6026,-1,-1,-1
324,3,936.61,905.34,64.22,174.66,0.7036,-1,-1,-1
324,1,453.31,118.23,68.18,190.68,0.3102,-1,-1,-1
325,37,401.29,830.83,72.26,139.50,0.5964,-1,-1,-1
325,33,916.56,383.85,60.33,186.77,0.3290,-1,-1,-1
325,31,988.45,71.97,62.51,172.54,0.5546,-1,-1,-1
325,30,364.65,915.29,96.45,163.77,0.7717,-1,-1,-1
325,29,833.97,433.88,85.05,210.20,0.5024,-1,-1,-1
325,26,233.03,359.96,58.80,188.46,0.4484,-1,-1,-1
325,25,509.07,474.57,71.72,216.91,0.7631,-1,-1,-1
325,11,925.67,35.87,66.71,169.57,0.4010,-1,-1,-1
325,8,426.64,462.21,75.18,229.00,0.7083,-1,-1,-1
325,6,356.56,580.43,74.61,240.60,0.6583,-1,-1,-1
325,4,1721.63,459.38,72.44,208.18,0.6110,-1,-1,-1
325,3,937.19,908.19,64.76,171.31,0.7035,-1,-1,-1
325,1,454.03,119.06,68.17,187.84,0.3096,-1,-1,-1
326,37,403.00,833.51,72.87,142.28,0.5905,-1,-1,-1
326,31,986.43,71.16,62.07,172.61,0.5742,-1,-1,-1
326,30,366.12,917.13,95.34,162.82,0.7177,-1,-1,-1
326,29,835.83,433.73,87.35,210.03,0.5792,-1,-1,-1
326,26,233.82,358.47,57.82,188.73,0.5021,-1,-1,-1
326,25,508.76,476.53,72.09,216.85,0.7604,-1,-1,-1
326,11,926.47,34.31,65.94,170.09,0.4108,-1,-1,-1
326,8,427.63,466.88,72.97,225.86,0.7036,-1,-1,-1
326,6,370.43,578.15,71.43,242.55,0.6435,-1,-1,-1
326,5,1529.31,607.45,83.84,232.33,0.3951,-1,-1,-1
326,4,1721.36,459.57,73.13,208.49,0.6203,-1,-1,-1
326,3,939.11,908.26,60.25,171.74,0.6773,-1,-1,-1
327,37,405.64,837.35,73.19,141.66,0.5757,-1,-1,-1
327,31,986.89,70.12,62.06,170.99,0.5279,-1,-1,-1
327,30,367.57,917.37,99.15,162.63,0.7018,-1,-1,-1
327,29,836.74,434.75,86.38,207.76,0.5370,-1,-1,-1
327,26,233.60,356.99,59.07,189.01,0.5188,-1,-1,-1
327,25,509.97,477.91,71.81,219.58,0.7052,-1,-1,-1
327,11,927.30,32.27,65.62,173.32,0.4314,-1,-1,-1
327,8,426.48,466.75,73.45,226.04,0.7143,-1,-1,-1
327,6,376.10,575.88,69.35,244.45,0.5869,-1,-1,-1
327,5,1532.27,611.29,83.10,229.98,0.4217,-1,-1,-1
327,4,1721.75,459.73,72.33,207.32,0.6311,-1,-1,-1
327,3,941.70,909.74,56.70,170.15,0.6693,-1,-1,-1
327,1,452.46,114.61,68.74,191.90,0.3652,-1,-1,-1
328,37,410.30,839.81,73.26,148.74,0.5481,-1,-1,-1
328,33,929.75,388.05,54.96,181.72,0.3271,-1,-1,-1
328,31,985.35,67.79,62.13,173.31,0.4951,-1,-1,-1
328,30,368.87,921.12,96.06,158.88,0.6853,-1,-1,-1
328,29,839.75,435.11,88.22,209.62,0.4729,-1,-1,-1
328,26,231.37,356.34,60.51,186.88,0.5473,-1,-1,-1
328,25,509.58,479.10,70.59,222.09,0.7042,-1,-1,-1
328,11,928.39,31.56,63.38,171.58,0.4208,-1,-1,-1
328,8,422.81,467.46,77.99,220.50,0.7045,-1,-1,-1
328,6,384.53,574.46,67.73,247.23,0.5858,-1,-1,-1
328,5,1536.01,610.67,81.18,230.41,0.5014,-1,-1,-1
328,4,1722.06,460.75,72.19,207.14,0.6377,-1,-1,-1
328,3,940.77,910.01,56.91,169.23,0.6787,-1,-1,-1
328,1,451.32,112.81,68.39,194.86,0.4531,-1,-1,-1
329,37,413.10,843.52,76.97,148.19,0.5571,-1,-1,-1
329,33,936.63,386.96,62.55,193.07,0.4210,-1,-1,-1
329,31,986.59,68.71,59.06,169.95,0.4623,-1,-1,-1
329,30,370.28,923.20,97.27,156.80,0.6873,-1,-1,-1
329,29,839.58,435.57,84.62,206.55,0.4009,-1,-1,-1
329,26,232.09,356.05,59.83,185.83,0.5479,-1,-1,-1
329,25,509.19,483.40,69.63,220.96,0.7129,-1,-1,-1
329,11,929.11,30.97,63.88,171.66,0.3880,-1,-1,-1
329,8,419.04,469.31,81.30,217.84,0.6913,-1,-1,-1
329,6,388.09,578.71,69.01,246.84,0.5801,-1,-1,-1
329,5,1536.25,609.86,87.08,231.58,0.3986,-1,-1,-1
329,4,1722.23,458.48,71.95,209.37,0.6112,-1,-1,-1
329,3,943.04,912.71,57.41,166.25,0.6982,-1,-1,-1
329,1,449.11,111.45,72.49,193.78,0.3797,-1,-1,-1
330,39,1039.16,75.63,51.24,158.40,0.3091,-1,-1,-1
330,37,416.89,844.90,77.43,232.84,0.5930,-1,-1,-1
330,33,939.89,388.36,59.61,193.51,0.4193,-1,-1,-1
330,31,984.64,67.56,59.97,173.05,0.4716,-1,-1,-1
330,30,372.61,923.95,94.63,154.60,0.6374,-1,-1,-1
330,29,842.77,436.14,80.94,206.36,0.3682,-1,-1,-1
330,26,232.33,354.99,58.16,184.67,0.5657,-1,-1,-1
330,25,509.42,485.84,68.71,219.48,0.7323,-1,-1,-1
330,11,928.70,30.43,64.23,172.13,0.4276,-1,-1,-1
330,8,411.72,469.56,89.43,224.64,0.6676,-1,-1,-1
330,6,389.88,599.41,71.82,227.34,0.3998,-1,-1,-1
330,5,1537.30,610.34,85.08,230.61,0.4149,-1,-1,-1
330,4,1722.16,460.13,72.25,207.69,0.6317,-1,-1,-1
330,3,941.73,914.54,60.39,164.07,0.6934,-1,-1,-1
330,1,448.53,110.72,74.75,192.26,0.3659,-1,-1,-1
331,39,1037.24,73.39,54.34,161.68,0.3598,-1,-1,-1
331,37,420.56,847.36,78.26,231.26,0.6613,-1,-1,-1
331,33,942.37,388.81,56.85,194.12,0.3414,-1,-1,-1
331,31,983.00,67.30,61.54,174.91,0.4999,-1,-1,-1
331,30,374.03,923.62,93.88,149.03,0.6460,-1,-1,-1
331,29,845.77,439.41,80.53,205.90,0.4884,-1,-1,-1
331,26,231.24,354.28,58.80,189.13,0.5210,-1,-1,-1
331,25,508.81,488.22,67.46,219.55,0.7411,-1,-1,-1
331,18,404.43,374.36,78.94,123.32,0.4200,-1,-1,-1
331,11,927.58,30.92,63.11,173.24,0.4039,-1,-1,-1
331,8,395.34,471.80,103.76,353.45,0.5991,-1,-1,-1
331,5,1538.44,613.37,79.39,229.20,0.5354,-1,-1,-1
331,4,1722.21,457.15,73.01,211.10,0.6501,-1,-1,-1
331,3,940.69,913.17,62.09,165.80,0.7372,-1,-1,-1
331,1,447.97,110.12,73.80,186.89,0.3814,-1,-1,-1
332,39,1039.08,73.76,51.86,162.73,0.4004,-1,-1,-1
332,37,423.89,848.97,79.44,228.72,0.6642,-1,-1,-1
332,33,944.50,391.31,58.34,191.80,0.4159,-1,-1,-1
332,31,982.60,67.82,61.51,175.55,0.5244,-1,-1,-1
332,30,376.56,924.68,91.09,145.37,0.6348,-1,-1,-1
332,29,842.17,436.99,86.49,212.24,0.3815,-1,-1,-1
332,26,229.78,352.64,60.94,190.33,0.5019,-1,-1,-1
332,25,508.11,490.10,69.11,220.44,0.7421,-1,-1,-1
332,18,406.21,371.67,76.44,122.66,0.3849,-1,-1,-1
332,11,926.94,30.40,64.03,173.07,0.4113,-1,-1,-1
332,8,393.78,473.30,105.01,353.97,0.6049,-1,-1,-1
332,5,1539.00,612.02,88.26,231.04,0.4489,-1,-1,-1
332,4,1722.76,458.98,72.85,210.31,0.6401,-1,-1,-1
332,3,942.06,915.00,61.38,162.85,0.7211,-1,-1,-1
332,1,447.88,109.24,73.46,185.36,0.3412,-1,-1,-1
333,41,909.60,448.73,53.22,195.76,0.3127,-1,-1,-1
333,39,1038.00,73.04,51.83,163.31,0.4108,-1,-1,-1
333,37,378.58,924.60,95.60,148.03,0.6700,-1,-1,-1
333,33,949.45,390.73,56.37,191.03,0.4175,-1,-1,-1
333,31,984.89,66.43,56.74,177.74,0.5047,-1,-1,-1
333,29,844.19,438.47,86.80,215.79,0.4342,-1,-1,-1
333,26,229.86,352.48,59.42,191.05,0.5161,-1,-1,-1
333,25,507.29,491.38,69.46,221.49,0.7450,-1,-1,-1
333,18,410.56,366.30,73.75,127.40,0.3252,-1,-1,-1
333,11,928.38,30.68,61.62,171.37,0.4195,-1,-1,-1
333,8,393.45,474.97,107.15,353.05,0.6425,-1,-1,-1
333,5,1539.67,612.50,89.05,234.06,0.4475,-1,-1,-1
333,4,1723.59,459.10,71.81,209.77,0.6228,-1,-1,-1
333,3,943.67,915.05,60.18,162.75,0.7335,-1,-1,-1
333,1,446.75,107.75,77.41,187.68,0.3284,-1,-1,-1
334,43,422.52,851.30,92.78,154.02,0.5498,-1,-1,-1
334,41,911.82,453.99,53.01,193.17,0.3360,-1,-1,-1
334,39,1037.30,72.33,52.09,163.97,0.3881,-1,-1,-1
334,37,380.31,928.18,96.30,143.98,0.6545,-1,-1,-1
334,33,953.18,392.17,55.81,192.78,0.4494,-1,-1,-1
334,31,983.75,67.07,56.85,176.15,0.4840,-1,-1,-1
334,29,845.54,438.51,85.56,218.29,0.4899,-1,-1,-1
334,26,229.82,352.29,59.22,187.38,0.4716,-1,-1,-1
334,25,507.28,491.77,68.59,223.00,0.7313,-1,-1,-1
334,11,928.35,29.51,61.64,173.09,0.3805,-1,-1,-1
334,8,394.53,474.94,110.89,354.25,0.6310,-1,-1,-1
334,5,1539.89,616.33,84.49,231.03,0.5672,-1,-1,-1
334,4,1722.00,460.02,72.57,209.28,0.6196,-1,-1,-1
334,3,944.39,916.60,60.60,160.80,0.7183,-1,-1,-1
334,1,446.75,109.32,72.84,185.45,0.3168,-1,-1,-1
335,43,425.36,850.09,98.03,160.69,0.5652,-1,-1,-1
335,41,910.96,452.10,54.65,198.71,0.3364,-1,-1,-1
335,39,1037.45,72.45,51.58,163.46,0.3753,-1,-1,-1
335,37,383.16,931.43,97.69,141.56,0.6631,-1,-1,-1
335,33,956.94,393.80,55.62,188.58,0.4980,-1,-1,-1
335,31,982.69,66.79,57.79,174.94,0.4755,-1,-1,-1
335,29,847.92,439.95,80.85,217.84,0.4992,-1,-1,-1
335,26,227.66,350.28,62.43,191.97,0.4948,-1,-1,-1
335,25,505.81,492.63,68.90,222.62,0.7264,-1,-1,-1
335,18,414.02,360.66,73.88,134.48,0.3000,-1,-1,-1
335,11,928.95,27.48,61.69,172.07,0.3666,-1,-1,-1
335,8,390.31,477.64,119.33,352.51,0.6717,-1,-1,-1
335,5,1540.48,613.65,85.12,241.61,0.5475,-1,-1,-1
335,4,1722.66,459.83,71.83,208.40,0.6221,-1,-1,-1
335,3,945.08,918.46,61.09,159.76,0.7189,-1,-1,-1
336,43,424.95,852.33,104.91,164.75,0.5338,-1,-1,-1
336,41,908.88,454.90,58.83,195.27,0.3791,-1,-1,-1
336,39,1036.82,71.64,52.33,164.11,0.3426,-1,-1,-1
336,33,958.74,392.31,57.09,190.59,0.4323,-1,-1,-1
336,31,982.07,66.23,56.90,176.16,0.4610,-1,-1,-1
336,30,386.35,937.05,94.42,133.48,0.6731,-1,-1,-1
336,29,844.38,440.65,81.85,218.74,0.4430,-1,-1,-1
336,26,227.07,349.00,62.81,194.29,0.5099,-1,-1,-1
336,25,504.74,492.77,69.65,221.62,0.7205,-1,-1,-1
336,18,414.50,359.15,75.84,138.81,0.3207,-1,-1,-1
336,11,927.13,27.44,63.75,175.92,0.3709,-1,-1,-1
336,8,398.58,482.24,117.43,345.53,0.7024,-1,-1,-1
336,5,1541.37,615.42,83.27,242.26,0.5856,-1,-1,-1
336,4,1721.46,459.25,73.18,208.92,0.6380,-1,-1,-1
336,3,945.32,919.00,61.98,159.77,0.7167,-1,-1,-1
337,43,427.52,856.66,110.24,165.88,0.4659,-1,-1,-1
337,41,909.47,456.72,56.45,199.11,0.3678,-1,-1,-1
337,39,1036.40,71.26,52.75,165.83,0.4168,-1,-1,-1
337,33,962.84,391.36,57.93,190.81,0.5613,-1,-1,-1
337,31,981.20,64.64,57.25,176.97,0.4470,-1,-1,-1
337,30,387.13,942.25,97.30,132.23,0.6904,-1,-1,-1
337,29,846.84,443.17,74.85,221.34,0.4083,-1,-1,-1
337,26,225.68,348.16,63.26,188.66,0.4998,-1,-1,-1
337,25,504.54,492.95,69.39,221.45,0.7002,-1,-1,-1
337,18,416.60,358.67,76.34,138.93,0.3257,-1,-1,-1
337,11,929.03,24.47,64.38,175.12,0.3794,-1,-1,-1
337,8,400.41,486.29,124.85,340.90,0.7107,-1,-1,-1
337,5,1541.64,616.09,81.31,238.75,0.6450,-1,-1,-1
337,4,1722.35,459.27,72.39,207.75,0.6129,-1,-1,-1
337,3,948.65,919.50,59.65,158.91,0.6830,-1,-1,-1
338,43,433.35,861.12,110.49,158.69,0.6329,-1,-1,-1
338,41,911.03,458.21,51.97,198.76,0.3367,-1,-1,-1
338,39,1035.82,70.87,53.25,165.85,0.3916,-1,-1,-1
338,33,965.43,392.19,58.79,193.74,0.5281,-1,-1,-1
338,31,980.76,64.12,57.15,176.86,0.4419,-1,-1,-1
338,30,389.35,944.99,97.02,130.38,0.7155,-1,-1,-1
338,29,848.80,445.09,76.13,220.00,0.4253,-1,-1,-1
338,26,225.29,347.11,63.35,187.52,0.5267,-1,-1,-1
338,25,503.86,492.97,69.76,220.71,0.6970,-1,-1,-1
338,18,415.80,358.77,77.97,142.20,0.3294,-1,-1,-1
338,11,929.43,22.42,61.99,174.21,0.3623,-1,-1,-1
338,8,402.09,487.20,124.72,339.59,0.7125,-1,-1,-1
338,5,1542.96,615.74,79.80,241.87,0.6083,-1,-1,-1
338,4,1721.97,458.78,73.06,208.35,0.5864,-1,-1,-1
338,3,948.57,921.71,61.48,156.53,0.7045,-1,-1,-1
339,43,438.83,866.96,108.31,157.61,0.6152,-1,-1,-1
339,41,911.97,459.66,50.68,198.53,0.3270,-1,-1,-1
339,39,1036.78,70.40,51.39,166.30,0.4361,-1,-1,-1
339,33,968.19,394.95,60.02,194.38,0.5966,-1,-1,-1
339,31,979.56,61.23,58.36,178.92,0.4543,-1,-1,-1
339,30,392.10,948.95,97.41,127.47,0.7284,-1,-1,-1
339,29,846.10,447.35,76.69,216.72,0.4262,-1,-1,-1
339,26,223.72,346.12,64.04,183.61,0.5270,-1,-1,-1
339,25,503.39,493.97,68.20,221.05,0.6893,-1,-1,-1
339,18,416.70,358.44,80.37,143.34,0.3318,-1,-1,-1
339,11,929.27,22.42,61.59,166.99,0.3562,-1,-1,-1
339,8,403.00,487.14,122.08,338.24,0.7394,-1,-1,-1
339,5,1543.39,616.45,80.53,243.12,0.6262,-1,-1,-1
339,4,1721.54,459.97,73.87,207.19,0.6072,-1,-1,-1
339,3,950.25,922.38,62.80,154.78,0.7041,-1,-1,-1
340,43,439.95,872.29,113.40,150.58,0.6903,-1,-1,-1
340,41,911.37,459.06,51.95,199.80,0.3380,-1,-1,-1
340,39,1035.13,69.67,53.14,167.91,0.4191,-1,-1,-1
340,33,970.11,397.23,61.36,194.70,0.5868,-1,-1,-1
340,31,979.10,60.82,57.38,179.35,0.4924,-1,-1,-1
340,30,395.48,950.74,96.37,127.97,0.7114,-1,-1,-1
340,29,846.71,449.70,75.16,221.95,0.4342,-1,-1,-1
340,26,222.24,343.97,64.08,182.59,0.5189,-1,-1,-1
340,25,500.48,497.01,71.30,216.58,0.6597,-1,-1,-1
340,18,417.72,356.70,82.40,149.39,0.3237,-1,-1,-1
340,11,928.99,20.72,62.75,167.74,0.3432,-1,-1,-1
340,8,403.97,488.00,123.28,337.88,0.6983,-1,-1,-1
340,5,1545.11,615.46,79.78,244.40,0.6003,-1,-1,-1
340,4,1721.62,457.80,73.19,210.15,0.6072,-1,-1,-1
340,3,950.97,923.02,62.93,154.16,0.6994,-1,-1,-1
341,43,440.99,875.91,115.25,146.71,0.6958,-1,-1,-1
341,41,911.04,460.09,52.19,201.40,0.3405,-1,-1,-1
341,39,1036.13,68.84,51.60,170.65,0.4614,-1,-1,-1
341,33,974.59,398.27,61.06,195.23,0.5524,-1,-1,-1
341,31,979.19,58.78,55.40,180.28,0.4668,-1,-1,-1
341,30,399.22,955.14,96.30,123.73,0.6940,-1,-1,-1
341,29,845.85,451.10,75.97,221.47,0.4581,-1,-1,-1
341,26,221.93,342.23,64.72,183.20,0.5239,-1,-1,-1
341,25,498.62,498.77,70.49,215.07,0.6818,-1,-1,-1
341,18,418.08,356.88,85.25,152.74,0.3039,-1,-1,-1
341,11,928.15,19.59,62.90,165.64,0.3546,-1,-1,-1
341,8,407.08,488.46,118.58,337.60,0.3957,-1,-1,-1
341,5,1544.81,616.22,81.75,243.22,0.6547,-1,-1,-1
341,4,1721.61,458.85,73.12,208.97,0.6062,-1,-1,-1
341,3,951.05,924.07,63.34,153.13,0.7040,-1,-1,-1
341,1,441.13,98.95,78.82,192.78,0.3033,-1,-1,-1
342,43,441.66,878.83,117.68,144.93,0.6868,-1,-1,-1
342,41,909.31,461.41,55.03,200.82,0.3552,-1,-1,-1
342,39,1035.96,68.28,51.90,169.39,0.4115,-1,-1,-1
342,33,975.48,400.62,62.96,195.82,0.6027,-1,-1,-1
342,31,978.34,57.83,56.09,180.73,0.3982,-1,-1,-1
342,30,402.42,960.99,97.43,118.29,0.7165,-1,-1,-1
342,29,844.92,452.30,68.27,220.26,0.3885,-1,-1,-1
342,26,219.57,340.92,66.37,185.71,0.5142,-1,-1,-1
342,25,497.35,501.01,71.75,212.70,0.6920,-1,-1,-1
342,18,418.58,355.46,86.56,190.39,0.3204,-1,-1,-1
342,11,927.36,18.54,62.80,164.05,0.3292,-1,-1,-1
342,8,400.84,487.16,84.42,242.19,0.5924,-1,-1,-1
342,5,1545.16,618.10,82.26,239.53,0.6396,-1,-1,-1
342,4,1723.17,457.10,72.88,211.74,0.6240,-1,-1,-1
342,3,951.15,924.11,65.82,153.14,0.6962,-1,-1,-1
342,1,440.30,100.48,79.82,191.93,0.3136,-1,-1,-1
343,43,440.37,881.76,120.69,143.97,0.6737,-1,-1,-1
343,41,908.95,462.50,56.04,199.86,0.3306,-1,-1,-1
343,39,1035.12,67.39,51.94,171.53,0.3738,-1,-1,-1
343,33,979.89,401.85,61.84,192.81,0.6358,-1,-1,-1
343,31,976.67,58.15,56.07,176.29,0.3676,-1,-1,-1
343,30,404.29,962.96,98.51,116.42,0.7208,-1,-1,-1
343,29,844.20,453.41,65.35,219.67,0.3296,-1,-1,-1
343,26,218.39,339.94,68.68,185.38,0.5044,-1,-1,-1
343,25,494.75,502.24,73.80,213.49,0.6725,-1,-1,-1
343,18,418.42,354.66,88.49,197.62,0.3029,-1,-1,-1
343,11,925.00,16.65,65.59,162.34,0.3083,-1,-1,-1
343,8,399.90,485.89,80.80,243.12,0.5738,-1,-1,-1
343,5,1545.22,617.68,83.99,240.60,0.5996,-1,-1,-1
343,4,1722.35,458.10,72.22,208.92,0.5948,-1,-1,-1
343,3,951.48,924.97,65.85,151.63,0.7071,-1,-1,-1
343,1,440.52,102.48,77.55,189.93,0.3004,-1,-1,-1
344,43,446.08,883.14,117.08,145.56,0.6797,-1,-1,-1
344,41,908.29,462.44,57.66,194.17,0.3879,-1,-1,-1
344,39,1035.46,66.14,51.67,171.66,0.3339,-1,-1,-1
344,33,982.34,406.32,63.63,191.31,0.5801,-1,-1,-1
344,31,977.63,55.96,55.78,176.28,0.3815,-1,-1,-1
344,30,407.97,964.34,95.76,113.66,0.7269,-1,-1,-1
344,29,842.98,454.85,68.58,202.31,0.3312,-1,-1,-1
344,26,220.08,339.38,65.53,186.25,0.5441,-1,-1,-1
344,25,496.31,503.36,70.45,211.00,0.6452,-1,-1,-1
344,18,419.76,353.57,86.79,204.32,0.3326,-1,-1,-1
344,11,922.51,15.27,69.16,168.11,0.3476,-1,-1,-1
344,8,399.43,486.53,77.30,241.62,0.6262,-1,-1,-1
344,5,1546.17,617.55,85.10,237.97,0.5908,-1,-1,-1
344,4,1721.25,459.47,73.24,206.90,0.6050,-1,-1,-1
344,3,951.48,924.89,67.68,151.16,0.6953,-1,-1,-1
344,1,438.33,102.36,80.56,188.41,0.3215,-1,-1,-1
345,43,448.80,884.54,116.62,151.58,0.6600,-1,-1,-1
345,41,908.72,462.99,59.16,194.10,0.3922,-1,-1,-1
345,39,1035.35,66.40,52.09,167.89,0.3409,-1,-1,-1
345,33,984.09,407.22,64.35,193.91,0.5290,-1,-1,-1
345,31,977.26,53.65,55.22,171.96,0.4171,-1,-1,-1
345,30,410.64,964.06,97.86,113.56,0.7054,-1,-1,-1
345,29,842.11,454.13,67.52,217.68,0.3407,-1,-1,-1
345,26,219.55,338.78,64.76,185.52,0.5143,-1,-1,-1
345,25,497.69,505.78,67.00,210.79,0.5651,-1,-1,-1
345,18,422.28,352.22,83.14,191.43,0.3751,-1,-1,-1
345,11,923.44,16.26,68.35,165.77,0.3688,-1,-1,-1
345,8,399.12,487.64,78.09,237.05,0.6669,-1,-1,-1
345,5,1546.89,618.81,84.94,240.18,0.5667,-1,-1,-1
345,4,1720.83,458.57,73.70,206.83,0.6120,-1,-1,-1
345,3,952.20,925.67,68.26,149.97,0.6992,-1,-1,-1
346,43,453.64,885.06,111.60,154.22,0.6695,-1,-1,-1
346,41,903.74,463.79,65.49,198.18,0.4634,-1,-1,-1
346,33,985.03,407.86,65.98,195.28,0.4624,-1,-1,-1
346,31,975.33,54.80,57.35,175.12,0.3623,-1,-1,-1
346,30,411.64,964.64,106.66,114.35,0.7046,-1,-1,-1
346,29,840.95,453.41,67.51,199.41,0.3794,-1,-1,-1
346,26,218.97,337.63,67.29,187.35,0.5123,-1,-1,-1
346,25,484.79,507.96,77.85,206.09,0.5517,-1,-1,-1
346,18,425.95,349.41,77.24,202.98,0.3219,-1,-1,-1
346,11,922.77,14.53,69.22,171.89,0.3310,-1,-1,-1
346,8,396.54,487.04,80.34,234.46,0.7008,-1,-1,-1
346,6,459.26,585.91,73.64,229.59,0.3703,-1,-1,-1
346,5,1555.29,620.69,77.17,235.69,0.5687,-1,-1,-1
346,4,1722.00,457.68,73.19,208.08,0.6136,-1,-1,-1
346,3,952.36,926.37,69.44,149.55,0.7133,-1,-1,-1
347,43,455.58,887.17,108.37,154.91,0.6731,-1,-1,-1
347,41,907.45,465.66,64.79,196.60,0.4588,-1,-1,-1
347,33,989.37,409.53,64.34,193.00,0.5309,-1,-1,-1
347,31,975.09,54.31,57.54,174.33,0.3637,-1,-1,-1
347,30,413.60,965.30,102.71,113.89,0.6975,-1,-1,-1
347,29,841.77,455.08,67.35,201.41,0.3359,-1,-1,-1
347,26,218.26,336.90,67.24,187.45,0.4517,-1,-1,-1
347,25,482.40,511.11,78.81,200.56,0.5340,-1,-1,-1
347,18,427.97,348.38,73.35,207.86,0.3356,-1,-1,-1
347,8,396.16,489.03,81.15,232.53,0.7111,-1,-1,-1
347,6,468.73,583.06,71.74,233.63,0.3937,-1,-1,-1
347,5,1550.35,621.47,84.31,235.04,0.5575,-1,-1,-1
347,4,1723.18,458.30,72.14,209.27,0.6254,-1,-1,-1
347,3,951.71,927.38,71.84,148.43,0.7034,-1,-1,-1
348,43,454.89,890.27,104.79,163.09,0.6437,-1,-1,-1
348,41,907.28,466.20,64.90,197.49,0.5212,-1,-1,-1
348,33,994.72,410.15,61.50,192.74,0.5841,-1,-1,-1
348,31,975.17,51.93,54.87,171.82,0.3432,-1,-1,-1
348,30,415.70,966.97,101.74,111.89,0.7085,-1,-1,-1
348,26,217.53,336.42,67.13,185.80,0.4058,-1,-1,-1
348,25,486.05,512.67,73.98,192.83,0.4441,-1,-1,-1
348,18,430.91,347.43,70.86,188.07,0.3941,-1,-1,-1
348,8,394.04,489.72,81.71,232.91,0.7215,-1,-1,-1
348,6,470.42,570.26,79.59,249.89,0.5978,-1,-1,-1
348,5,1553.19,621.80,83.55,232.68,0.5386,-1,-1,-1
348,4,1722.25,457.84,73.41,208.99,0.6151,-1,-1,-1
348,3,951.62,927.33,71.75,149.10,0.7293,-1,-1,-1
349,43,458.13,892.23,99.26,164.73,0.6408,-1,-1,-1
349,41,908.45,469.96,59.48,197.09,0.4725,-1,-1,-1
349,33,996.14,411.29,63.39,193.18,0.6048,-1,-1,-1
349,31,974.23,51.79,55.01,173.90,0.4553,-1,-1,-1
349,30,417.34,969.36,101.29,110.06,0.7047,-1,-1,-1
349,26,217.63,333.74,67.03,188.70,0.4357,-1,-1,-1
349,18,429.34,344.92,73.07,202.64,0.4494,-1,-1,-1
349,8,393.66,489.28,79.44,233.52,0.7188,-1,-1,-1
349,6,474.62,578.70,75.56,240.90,0.6650,-1,-1,-1
349,5,1552.24,622.09,86.69,237.88,0.5483,-1,-1,-1
349,4,1722.73,457.85,72.53,208.33,0.6023,-1,-1,-1
349,3,951.54,927.79,74.97,147.79,0.7384,-1,-1,-1
350,43,462.88,894.53,90.80,158.47,0.6169,-1,-1,-1
350,41,907.83,468.05,65.38,202.83,0.4109,-1,-1,-1
350,33,1000.43,410.42,63.59,194.44,0.6156,-1,-1,-1
350,31,974.21,49.77,54.48,177.09,0.3872,-1,-1,-1
350,30,418.20,972.39,103.64,107.51,0.6935,-1,-1,-1
350,26,215.52,333.24,67.46,186.74,0.3942,-1,-1,-1
350,18,429.82,342.25,72.39,204.62,0.4448,-1,-1,-1
350,8,391.57,491.50,79.68,232.58,0.6654,-1,-1,-1
350,6,478.64,578.83,77.44,240.71,0.5709,-1,-1,-1
350,5,1554.11,623.38,87.57,240.78,0.5346,-1,-1,-1
350,4,1721.89,457.71,73.63,207.32,0.6074,-1,-1,-1
350,3,950.97,928.71,76.70,146.83,0.7282,-1,-1,-1
351,43,466.57,898.33,85.76,154.14,0.5869,-1,-1,-1
351,41,908.55,469.43,66.29,204.49,0.3733,-1,-1,-1
351,33,1001.77,408.32,63.66,195.29,0.5937,-1,-1,-1
351,31,973.53,49.53,54.52,177.59,0.4681,-1,-1,-1
351,30,419.72,976.16,103.28,103.51,0.6975,-1,-1,-1
351,26,213.27,329.65,67.67,187.15,0.3094,-1,-1,-1
351,18,429.66,338.92,73.10,205.20,0.4667,-1,-1,-1
351,8,392.61,494.14,76.65,233.65,0.6820,-1,-1,-1
351,6,480.24,522.63,90.69,294.75,0.6596,-1,-1,-1
351,5,1550.74,623.84,94.73,236.57,0.5593,-1,-1,-1
351,4,1722.43,458.06,72.68,208.90,0.5798,-1,-1,-1
351,3,950.81,929.88,79.22,146.89,0.7361,-1,-1,-1
352,43,468.60,900.03,83.52,150.26,0.5717,-1,-1,-1
352,41,909.91,472.65,65.23,202.74,0.4378,-1,-1,-1
352,33,1007.58,410.10,61.79,193.87,0.5953,-1,-1,-1
352,31,971.88,47.70,55.12,178.95,0.4318,-1,-1,-1
352,30,421.68,980.21,107.86,99.68,0.6901,-1,-1,-1
352,26,211.17,327.62,68.08,189.04,0.3171,-1,-1,-1
352,18,429.22,337.54,71.01,212.20,0.3822,-1,-1,-1
352,8,391.77,495.42,76.51,234.75,0.7085,-1,-1,-1
352,6,481.22,563.16,103.25,253.11,0.6570,-1,-1,-1
352,5,1550.43,626.05,94.34,239.08,0.5545,-1,-1,-1
352,4,1722.92,456.97,72.99,209.58,0.5956,-1,-1,-1
352,3,950.54,929.85,80.19,147.64,0.7256,-1,-1,-1
353,43,466.88,902.29,86.59,151.28,0.4816,-1,-1,-1
353,41,910.02,473.92,65.25,201.82,0.4833,-1,-1,-1
353,33,1008.70,411.00,64.90,194.30,0.6479,-1,-1,-1
353,31,968.67,47.36,58.14,179.59,0.3709,-1,-1,-1
353,30,422.16,983.87,108.35,96.13,0.6870,-1,-1,-1
353,29,846.12,459.08,70.18,220.40,0.3708,-1,-1,-1
353,26,212.38,325.02,66.15,188.12,0.3043,-1,-1,-1
353,18,430.39,334.33,74.12,199.91,0.4531,-1,-1,-1
353,8,391.28,497.05,75.87,235.87,0.7024,-1,-1,-1
353,6,480.91,575.58,111.89,240.14,0.7219,-1,-1,-1
353,5,1565.14,624.41,82.07,240.60,0.5152,-1,-1,-1
353,4,1721.92,458.28,73.31,209.81,0.6060,-1,-1,-1
353,3,950.77,930.24,81.61,147.69,0.7477,-1,-1,-1
354,43,471.21,908.30,81.15,148.56,0.5193,-1,-1,-1
354,41,908.89,477.68,68.54,200.52,0.4630,-1,-1,-1
354,33,1011.80,413.96,66.54,193.80,0.5965,-1,-1,-1
354,31,965.45,47.27,61.15,178.68,0.3176,-1,-1,-1
354,30,425.68,990.28,104.78,89.72,0.6517,-1,-1,-1
354,29,845.25,461.04,68.93,222.14,0.3671,-1,-1,-1
354,26,214.49,324.22,63.13,186.15,0.3004,-1,-1,-1
354,18,428.15,335.03,76.92,202.29,0.4271,-1,-1,-1
354,8,389.19,498.64,79.13,235.45,0.6844,-1,-1,-1
354,6,480.62,577.54,114.24,238.14,0.7360,-1,-1,-1
354,5,1566.65,626.14,83.67,246.42,0.5246,-1,-1,-1
354,4,1722.36,458.14,72.50,209.94,0.5889,-1,-1,-1
354,3,951.30,930.74,81.26,147.18,0.7473,-1,-1,-1
355,43,472.26,910.48,82.90,161.90,0.5776,-1,-1,-1
355,41,909.01,481.08,67.04,197.90,0.4031,-1,-1,-1
355,33,1014.45,417.37,66.53,190.90,0.5712,-1,-1,-1
355,30,432.13,994.80,98.37,84.02,0.6171,-1,-1,-1
355,29,845.05,463.72,69.13,221.91,0.3732,-1,-1,-1
355,18,426.03,333.62,79.30,209.48,0.4530,-1,-1,-1
355,8,388.09,501.17,80.70,236.66,0.6944,-1,-1,-1
355,6,480.39,580.05,115.04,236.54,0.7573,-1,-1,-1
355,5,1568.70,628.52,84.16,245.92,0.5549,-1,-1,-1
355,4,1723.14,458.28,71.04,208.41,0.6057,-1,-1,-1
355,3,950.94,929.48,82.90,148.19,0.7463,-1,-1,-1
356,43,473.20,915.75,84.48,157.40,0.5489,-1,-1,-1
356,41,910.31,482.11,65.43,203.78,0.4218,-1,-1,-1
356,33,1015.48,418.84,68.92,190.45,0.5043,-1,-1,-1
356,31,962.13,51.65,62.82,172.89,0.3361,-1,-1,-1
356,30,435.66,998.39,95.21,80.63,0.6167,-1,-1,-1
356,29,846.40,464.64,68.61,219.03,0.4245,-1,-1,-1
356,18,425.17,332.57,81.03,210.62,0.4721,-1,-1,-1
356,8,386.36,503.72,79.71,236.37,0.6992,-1,-1,-1
356,6,481.03,575.58,116.13,240.56,0.7308,-1,-1,-1
356,5,1568.92,627.34,85.62,246.56,0.5845,-1,-1,-1
356,4,1722.60,458.29,71.58,208.60,0.6057,-1,-1,-1
356,3,951.80,928.69,81.15,147.76,0.7434,-1,-1,-1
356,1,443.17,87.60,69.97,193.86,0.3004,-1,-1,-1
357,43,478.95,919.99,81.90,156.66,0.5156,-1,-1,-1
357,41,911.10,485.37,64.28,198.02,0.4856,-1,-1,-1
357,33,1017.69,421.00,76.81,194.30,0.4396,-1,-1,-1
357,30,439.90,1003.67,92.79,75.32,0.5527,-1,-1,-1
357,29,846.70,467.50,69.53,213.36,0.4773,-1,-1,-1
357,25,477.94,520.81,59.09,216.85,0.4187,-1,-1,-1
357,18,423.84,330.58,83.19,213.94,0.4450,-1,-1,-1
357,8,384.87,505.16,79.60,236.95,0.6877,-1,-1,-1
357,6,483.02,573.47,117.47,242.86,0.7087,-1,-1,-1
357,5,1570.69,630.70,85.27,243.52,0.5882,-1,-1,-1
357,4,1722.77,458.32,71.47,207.70,0.5889,-1,-1,-1
357,3,952.76,927.57,80.98,149.31,0.7292,-1,-1,-1
358,43,483.52,921.31,85.59,154.47,0.5998,-1,-1,-1
358,41,912.64,486.82,64.16,199.29,0.4788,-1,-1,-1
358,33,1016.88,423.16,78.87,193.92,0.5055,-1,-1,-1
358,31,964.35,56.04,58.32,167.12,0.3173,-1,-1,-1
358,30,440.72,1006.79,89.00,72.45,0.5573,-1,-1,-1
358,29,847.72,468.26,69.35,215.21,0.4894,-1,-1,-1
358,26,215.89,318.51,59.07,183.19,0.3546,-1,-1,-1
358,25,475.99,521.51,66.63,218.55,0.5423,-1,-1,-1
358,18,423.19,331.53,83.41,209.59,0.4531,-1,-1,-1
358,8,383.67,506.22,79.94,241.68,0.6984,-1,-1,-1
358,6,485.80,579.13,116.23,236.69,0.7539,-1,-1,-1
358,5,1570.74,632.94,84.76,241.97,0.5367,-1,-1,-1
358,4,1723.22,458.00,71.42,208.20,0.5803,-1,-1,-1
358,3,954.72,927.24,78.57,152.73,0.7238,-1,-1,-1
359,45,1752.45,74.82,56.21,171.40,0.3421,-1,-1,-1
359,43,483.09,922.45,87.04,153.24,0.5684,-1,-1,-1
359,41,914.06,487.98,64.17,198.33,0.4447,-1,-1,-1
359,39,1026.19,61.92,57.77,164.15,0.3328,-1,-1,-1
359,33,1019.74,426.16,78.23,192.33,0.5007,-1,-1,-1
359,31,964.16,56.41,55.28,169.38,0.3723,-1,-1,-1
359,30,443.05,1011.23,92.76,68.62,0.5406,-1,-1,-1
359,29,846.78,475.20,72.87,217.21,0.5535,-1,-1,-1
359,26,209.29,317.46,65.21,185.67,0.3746,-1,-1,-1
359,25,475.68,524.28,65.99,216.79,0.5350,-1,-1,-1
359,18,423.96,330.34,82.14,210.33,0.4785,-1,-1,-1
359,8,382.42,507.08,80.18,242.68,0.6912,-1,-1,-1
359,6,487.55,579.56,112.68,235.90,0.7396,-1,-1,-1
359,5,1569.89,635.34,86.47,242.31,0.5839,-1,-1,-1
359,4,1722.28,457.00,72.54,209.41,0.5835,-1,-1,-1
359,3,954.39,927.17,79.77,149.63,0.7146,-1,-1,-1
360,45,1752.81,75.64,56.29,171.74,0.3370,-1,-1,-1
360,43,489.11,923.81,85.29,153.74,0.6047,-1,-1,-1
360,41,915.88,487.53,63.49,199.10,0.4702,-1,-1,-1
360,39,1025.65,62.15,57.07,161.43,0.3440,-1,-1,-1
360,33,1023.91,425.39,77.78,198.73,0.5181,-1,-1,-1
360,31,962.64,54.74,56.71,170.49,0.3677,-1,-1,-1
360,30,445.37,1011.82,89.97,68.11,0.5185,-1,-1,-1
360,29,847.92,476.07,74.47,219.85,0.5623,-1,-1,-1
360,26,209.43,317.79,64.23,185.31,0.3819,-1,-1,-1
360,25,476.89,528.49,61.28,219.37,0.6206,-1,-1,-1
360,18,426.60,329.32,78.89,208.52,0.5088,-1,-1,-1
360,8,379.94,508.02,82.10,242.40,0.7216,-1,-1,-1
360,6,491.20,581.20,109.71,234.88,0.6961,-1,-1,-1
360,5,1570.23,635.24,82.58,244.68,0.5812,-1,-1,-1
360,4,1722.59,457.71,72.01,207.82,0.6178,-1,-1,-1
360,3,955.51,926.60,78.37,150.80,0.7147,-1,-1,-1
361,45,1753.25,77.15,57.02,173.09,0.3685,-1,-1,-1
361,44,797.11,153.33,57.01,167.42,0.3208,-1,-1,-1
361,43,493.65,923.94,85.25,156.06,0.6526,-1,-1,-1
361,41,915.78,487.12,66.56,201.48,0.4871,-1,-1,-1
361,39,1025.32,60.47,55.57,161.56,0.3848,-1,-1,-1
361,33,1027.75,428.67,75.72,195.91,0.4522,-1,-1,-1
361,31,957.52,51.98,60.37,172.42,0.4079,-1,-1,-1
361,30,445.67,1014.78,93.80,64.37,0.4413,-1,-1,-1
361,29,850.21,477.50,72.10,219.32,0.6199,-1,-1,-1
361,25,474.51,528.98,67.15,230.33,0.6368,-1,-1,-1
361,18,428.10,328.57,77.21,207.49,0.5148,-1,-1,-1
361,8,379.88,508.75,79.17,242.32,0.7080,-1,-1,-1
361,6,499.90,577.11,100.85,238.66,0.6566,-1,-1,-1
361,5,1568.26,635.78,83.79,243.26,0.6142,-1,-1,-1
361,4,1722.98,457.81,72.11,208.83,0.6122,-1,-1,-1
361,3,956.57,926.22,77.88,151.42,0.7189,-1,-1,-1
362,45,1753.64,82.34,56.30,169.11,0.3805,-1,-1,-1
362,44,797.31,153.98,58.03,166.33,0.3052,-1,-1,-1
362,43,494.61,926.72,93.44,153.28,0.6730,-1,-1,-1
362,41,914.96,489.75,66.89,199.56,0.3972,-1,-1,-1
362,39,1025.32,59.75,55.06,163.07,0.3818,-1,-1,-1
362,33,1029.85,429.42,75.51,195.04,0.4738,-1,-1,-1
362,31,955.41,49.44,61.76,174.82,0.4187,-1,-1,-1
362,30,448.39,1017.53,83.19,61.02,0.4475,-1,-1,-1
362,29,850.37,477.70,71.27,218.43,0.5493,-1,-1,-1
362,25,472.36,525.82,67.03,236.02,0.6951,-1,-1,-1
362,18,432.49,325.11,73.91,204.82,0.4857,-1,-1,-1
362,8,377.73,509.85,78.51,240.23,0.6909,-1,-1,-1
362,6,512.80,577.35,90.27,235.09,0.6016,-1,-1,-1
362,5,1571.36,634.52,82.44,245.45,0.5540,-1,-1,-1
362,4,1722.61,457.98,73.07,208.73,0.5890,-1,-1,-1
362,3,959.04,926.18,74.78,151.54,0.6825,-1,-1,-1
363,45,1753.23,81.43,56.42,170.73,0.3731,-1,-1,-1
363,44,795.28,153.96,55.13,166.44,0.3128,-1,-1,-1
363,43,496.12,928.58,98.89,151.42,0.6551,-1,-1,-1
363,41,915.52,491.90,66.08,197.91,0.4523,-1,-1,-1
363,39,1024.21,59.46,56.86,161.43,0.4396,-1,-1,-1
363,33,1035.21,429.48,71.27,195.68,0.5356,-1,-1,-1
363,31,956.18,47.97,59.80,173.19,0.3443,-1,-1,-1
363,30,449.17,1017.78,91.19,61.66,0.5110,-1,-1,-1
363,29,852.82,478.83,68.34,216.54,0.5922,-1,-1,-1
363,25,472.20,536.00,67.46,225.80,0.7135,-1,-1,-1
363,18,435.86,324.01,70.50,207.78,0.4894,-1,-1,-1
363,8,376.09,509.72,79.21,239.99,0.7082,-1,-1,-1
363,6,517.24,576.64,91.51,233.31,0.6183,-1,-1,-1
363,5,1572.47,634.70,82.83,244.20,0.5804,-1,-1,-1
363,4,1722.85,458.22,72.64,208.31,0.5981,-1,-1,-1
363,3,960.66,926.01,73.39,151.50,0.6453,-1,-1,-1
364,45,1753.76,82.56,55.98,169.58,0.3105,-1,-1,-1
364,44,795.04,154.07,54.60,166.03,0.3257,-1,-1,-1
364,43,500.13,932.22,100.90,147.78,0.6701,-1,-1,-1
364,41,917.02,492.22,64.56,197.68,0.4152,-1,-1,-1
364,39,1022.71,58.23,58.24,162.89,0.3819,-1,-1,-1
364,33,1040.37,429.90,69.72,193.99,0.6053,-1,-1,-1
364,31,957.41,47.28,58.18,172.73,0.3097,-1,-1,-1
364,30,452.35,1017.88,88.56,62.12,0.4985,-1,-1,-1
364,29,852.28,477.88,71.66,217.64,0.5563,-1,-1,-1
364,25,470.91,539.72,66.33,223.41,0.7208,-1,-1,-1
364,18,436.10,322.70,69.84,206.54,0.4875,-1,-1,-1
364,8,374.02,511.39,79.14,239.42,0.6917,-1,-1,-1
364,6,526.18,576.02,86.38,236.42,0.6587,-1,-1,-1
364,5,1573.61,633.46,80.06,246.53,0.5536,-1,-1,-1
364,4,1721.58,457.98,73.68,208.23,0.5892,-1,-1,-1
364,3,962.53,925.16,72.63,152.94,0.6629,-1,-1,-1
365,44,794.85,154.35,55.32,165.78,0.3124,-1,-1,-1
365,43,503.57,934.02,103.45,145.98,0.6750,-1,-1,-1
365,41,916.42,489.70,66.10,200.45,0.4054,-1,-1,-1
365,39,1021.50,58.27,58.89,161.76,0.3879,-1,-1,-1
365,33,1044.09,430.71,68.93,193.65,0.6234,-1,-1,-1
365,30,454.84,1016.03,85.86,63.97,0.4657,-1,-1,-1
365,29,850.90,479.09,72.55,215.65,0.5346,-1,-1,-1
365,25,470.26,537.59,66.27,227.56,0.7147,-1,-1,-1
365,18,437.59,317.21,67.62,209.40,0.5334,-1,-1,-1
365,8,370.23,512.53,80.05,237.67,0.6928,-1,-1,-1
365,6,538.59,573.28,78.75,238.05,0.6438,-1,-1,-1
365,5,1574.69,635.42,79.19,242.68,0.6049,-1,-1,-1
365,4,1722.77,456.76,72.35,209.68,0.5714,-1,-1,-1
365,3,963.29,923.33,71.82,155.17,0.6772,-1,-1,-1
366,44,794.67,153.71,54.83,167.31,0.3457,-1,-1,-1
366,43,508.13,936.79,104.40,143.21,0.6746,-1,-1,-1
366,41,915.75,489.79,67.36,201.35,0.4544,-1,-1,-1
366,39,1021.06,59.67,55.61,156.06,0.4131,-1,-1,-1
366,33,1047.12,430.09,68.47,195.72,0.6342,-1,-1,-1
366,31,957.74,50.13,58.96,165.86,0.3245,-1,-1,-1
366,30,456.66,1017.04,78.05,62.96,0.3919,-1,-1,-1
366,29,850.57,479.78,72.43,215.26,0.5815,-1,-1,-1
366,25,469.53,539.17,64.95,231.90,0.7375,-1,-1,-1
366,18,438.90,316.22,68.61,209.04,0.5356,-1,-1,-1
366,8,366.19,512.13,81.42,237.20,0.7390,-1,-1,-1
366,6,544.88,572.58,73.83,239.84,0.7080,-1,-1,-1
366,5,1574.59,633.00,82.89,247.14,0.5609,-1,-1,-1
366,4,1722.11,457.40,72.49,209.14,0.5807,-1,-1,-1
366,3,965.26,922.78,71.24,155.99,0.7052,-1,-1,-1
366,1,444.01,80.69,65.87,192.54,0.3174,-1,-1,-1
367,44,795.16,153.67,54.06,167.48,0.3321,-1,-1,-1
367,43,506.31,941.22,107.67,138.78,0.6851,-1,-1,-1
367,41,915.56,490.95,66.68,202.66,0.4414,-1,-1,-1
367,39,1020.89,58.66,55.33,155.04,0.4288,-1,-1,-1
367,33,1050.58,430.63,67.64,194.31,0.6274,-1,-1,-1
367,31,956.92,47.25,59.32,167.98,0.3201,-1,-1,-1
367,30,463.17,1021.62,70.43,58.38,0.3445,-1,-1,-1
367,29,851.35,479.74,73.08,217.99,0.5992,-1,-1,-1
367,25,467.78,540.07,65.27,233.30,0.7386,-1,-1,-1
367,18,439.18,313.95,69.22,209.06,0.5606,-1,-1,-1
367,8,362.13,514.63,84.89,235.19,0.7546,-1,-1,-1
367,6,546.55,572.03,74.02,243.12,0.6916,-1,-1,-1
367,5,1574.83,641.75,89.18,239.44,0.5770,-1,-1,-1
367,4,1722.00,457.70,71.83,209.55,0.5754,-1,-1,-1
367,3,966.23,921.27,70.90,156.60,0.7096,-1,-1,-1
368,44,794.45,151.60,58.47,169.13,0.3293,-1,-1,-1
368,43,509.89,943.28,108.58,136.72,0.6926,-1,-1,-1
368,41,914.86,492.06,68.13,202.29,0.4879,-1,-1,-1
368,39,1020.51,57.88,55.21,154.06,0.4452,-1,-1,-1
368,33,1054.60,432.06,67.48,197.88,0.6639,-1,-1,-1
368,29,851.93,480.88,69.77,217.50,0.6341,-1,-1,-1
368,25,465.54,540.63,66.97,233.13,0.7518,-1,-1,-1
368,18,439.47,312.77,69.60,207.97,0.5700,-1,-1,-1
368,8,359.30,515.14,87.20,234.95,0.7697,-1,-1,-1
368,6,547.78,571.85,77.07,241.08,0.6903,-1,-1,-1
368,5,1574.84,645.14,90.70,234.13,0.5186,-1,-1,-1
368,4,1722.01,458.03,73.81,207.40,0.5795,-1,-1,-1
368,3,967.78,921.26,70.95,157.23,0.6917,-1,-1,-1
369,44,794.97,151.99,57.63,169.25,0.3328,-1,-1,-1
369,43,513.19,946.24,111.17,133.76,0.6971,-1,-1,-1
369,41,913.17,493.86,69.18,204.48,0.3979,-1,-1,-1
369,39,1019.57,57.03,54.57,156.09,0.4411,-1,-1,-1
369,33,1057.20,432.86,68.88,194.09,0.6217,-1,-1,-1
369,31,959.08,47.76,55.19,168.06,0.3065,-1,-1,-1
369,29,851.95,482.33,66.83,219.73,0.5733,-1,-1,-1
369,25,464.72,540.88,66.35,232.46,0.7328,-1,-1,-1
369,18,441.05,310.44,67.38,210.17,0.5333,-1,-1,-1
369,8,355.98,516.03,90.19,239.74,0.7539,-1,-1,-1
369,6,547.39,572.63,80.34,240.93,0.6854,-1,-1,-1
369,5,1575.53,645.21,88.42,236.73,0.5148,-1,-1,-1
369,4,1722.12,458.27,75.24,206.28,0.5699,-1,-1,-1
369,3,968.79,920.99,71.52,158.02,0.7150,-1,-1,-1
370,44,793.90,152.77,60.37,167.51,0.3144,-1,-1,-1
370,43,515.28,951.72,115.10,128.28,0.6849,-1,-1,-1
370,41,915.86,498.49,67.29,202.81,0.3754,-1,-1,-1
370,39,1016.05,55.40,58.40,159.72,0.4014,-1,-1,-1
370,33,1059.94,434.97,67.67,199.20,0.6184,-1,-1,-1
370,29,852.58,482.24,66.13,216.65,0.4657,-1,-1,-1
370,25,462.82,541.24,67.48,232.15,0.7271,-1,-1,-1
370,18,441.81,309.30,67.98,213.30,0.5439,-1,-1,-1
370,8,352.61,519.05,91.00,243.04,0.7172,-1,-1,-1
370,6,547.07,572.69,84.01,240.76,0.6626,-1,-1,-1
370,5,1574.83,644.36,90.47,235.51,0.4655,-1,-1,-1
370,4,1722.41,457.54,73.61,208.37,0.5867,-1,-1,-1
370,3,968.63,919.50,73.55,158.71,0.7278,-1,-1,-1
371,45,1761.55,93.30,55.61,159.14,0.3384,-1,-1,-1
371,44,794.18,153.27,60.84,167.93,0.3029,-1,-1,-1
371,43,516.52,954.92,117.01,125.08,0.6957,-1,-1,-1
371,41,914.75,503.73,69.34,203.50,0.4728,-1,-1,-1
371,39,1015.12,53.84,59.89,161.48,0.3372,-1,-1,-1
371,33,1062.49,435.99,69.72,199.36,0.6661,-1,-1,-1
371,29,851.31,482.54,68.55,225.96,0.4593,-1,-1,-1
371,25,461.35,541.67,67.56,232.01,0.7150,-1,-1,-1
371,18,441.36,310.53,69.87,209.36,0.5042,-1,-1,-1
371,8,348.61,522.50,92.96,242.23,0.6991,-1,-1,-1
371,6,547.64,572.26,95.70,241.61,0.6373,-1,-1,-1
371,5,1575.57,637.16,93.90,241.75,0.3979,-1,-1,-1
371,4,1722.32,457.76,74.52,207.47,0.5577,-1,-1,-1
371,3,970.16,917.41,73.95,160.88,0.7225,-1,-1,-1
372,45,1762.46,96.44,57.19,156.71,0.3665,-1,-1,-1
372,43,519.11,959.19,115.56,120.81,0.6828,-1,-1,-1
372,41,912.55,505.53,71.53,203.56,0.4709,-1,-1,-1
372,39,1015.23,53.36,58.77,164.22,0.3708,-1,-1,-1
372,33,1064.33,439.17,70.38,203.70,0.6601,-1,-1,-1
372,29,850.79,484.22,69.12,224.13,0.4067,-1,-1,-1
372,25,459.81,542.12,68.30,230.00,0.7110,-1,-1,-1
372,18,442.61,310.88,69.28,209.29,0.5509,-1,-1,-1
372,8,348.16,524.99,93.45,242.96,0.7199,-1,-1,-1
372,6,549.03,571.09,108.48,243.08,0.6559,-1,-1,-1
372,5,1573.53,646.74,92.93,232.54,0.4459,-1,-1,-1
372,4,1721.29,458.90,76.67,206.67,0.5363,-1,-1,-1
372,3,970.63,917.10,77.19,161.29,0.7406,-1,-1,-1
373,43,518.97,962.56,117.23,117.44,0.6646,-1,-1,-1
373,41,914.19,505.46,70.40,205.55,0.4778,-1,-1,-1
373,39,1015.42,52.94,57.58,161.54,0.3826,-1,-1,-1
373,33,1067.06,441.33,70.90,203.06,0.6472,-1,-1,-1
373,29,850.71,485.90,67.40,222.16,0.3840,-1,-1,-1
373,25,459.15,543.43,67.01,229.10,0.7048,-1,-1,-1
373,18,443.11,309.63,68.90,210.05,0.5557,-1,-1,-1
373,8,346.98,527.00,92.53,239.38,0.6990,-1,-1,-1
373,6,550.05,571.07,110.63,243.02,0.6645,-1,-1,-1
373,5,1573.91,645.38,91.84,231.79,0.4219,-1,-1,-1
373,4,1720.65,457.94,78.42,208.14,0.5369,-1,-1,-1
373,3,971.98,915.60,78.01,162.33,0.7327,-1,-1,-1
374,44,792.45,152.64,62.34,166.58,0.3124,-1,-1,-1
374,43,521.98,964.40,114.20,115.60,0.6554,-1,-1,-1
374,41,913.73,506.29,69.94,205.74,0.5518,-1,-1,-1
374,39,1014.69,52.45,56.90,161.64,0.3990,-1,-1,-1
374,33,1073.37,443.09,66.51,201.54,0.6230,-1,-1,-1
374,29,851.69,488.47,67.04,217.70,0.4433,-1,-1,-1
374,25,457.06,545.46,67.71,225.37,0.7053,-1,-1,-1
374,18,443.86,308.92,69.03,208.60,0.5969,-1,-1,-1
374,8,345.44,527.58,91.03,237.95,0.7005,-1,-1,-1
374,6,555.17,569.47,107.78,244.22,0.6563,-1,-1,-1
374,5,1572.67,645.75,94.04,233.13,0.4286,-1,-1,-1
374,4,1719.62,456.78,78.90,207.99,0.5487,-1,-1,-1
374,3,972.47,915.51,78.38,162.80,0.7311,-1,-1,-1
375,44,790.50,151.13,62.45,168.28,0.3378,-1,-1,-1
375,43,524.83,966.33,111.07,113.67,0.6392,-1,-1,-1
375,41,914.14,506.96,69.07,205.69,0.5558,-1,-1,-1
375,39,1014.56,52.11,56.61,159.98,0.4203,-1,-1,-1
375,33,1077.04,444.07,67.67,203.17,0.5907,-1,-1,-1
375,29,853.85,490.76,64.55,216.06,0.4048,-1,-1,-1
375,25,455.21,547.04,70.30,222.27,0.7347,-1,-1,-1
375,18,445.61,307.31,69.15,209.30,0.6047,-1,-1,-1
375,8,343.99,528.59,91.73,237.84,0.6902,-1,-1,-1
375,6,560.80,567.83,107.90,245.50,0.6328,-1,-1,-1
375,4,1718.62,457.05,78.53,208.64,0.5774,-1,-1,-1
375,3,972.94,914.22,79.00,164.79,0.7215,-1,-1,-1
376,44,791.31,154.05,58.27,167.35,0.3246,-1,-1,-1
376,43,529.42,969.10,105.82,110.90,0.6359,-1,-1,-1
376,41,914.59,506.96,67.76,206.51,0.5754,-1,-1,-1
376,39,1014.07,52.98,56.49,163.02,0.3715,-1,-1,-1
376,33,1079.34,444.75,68.50,200.88,0.5830,-1,-1,-1
376,29,853.24,494.94,65.32,215.91,0.5097,-1,-1,-1
376,25,454.48,549.47,68.40,223.72,0.7419,-1,-1,-1
376,18,447.00,306.41,69.40,208.98,0.5912,-1,-1,-1
376,8,340.22,532.50,92.37,233.53,0.6840,-1,-1,-1
376,6,565.46,564.33,105.71,250.66,0.5845,-1,-1,-1
376,5,1573.13,647.55,96.60,233.46,0.3193,-1,-1,-1
376,4,1720.35,456.78,74.76,209.82,0.6118,-1,-1,-1
376,3,974.64,912.54,78.36,166.72,0.7172,-1,-1,-1
377,44,789.24,153.18,64.21,166.93,0.3008,-1,-1,-1
377,43,530.25,969.17,104.25,110.83,0.6485,-1,-1,-1
377,41,914.08,508.20,67.64,204.87,0.5760,-1,-1,-1
377,39,1013.30,51.57,56.74,161.13,0.3953,-1,-1,-1
377,33,1080.55,447.29,68.66,200.66,0.5983,-1,-1,-1
377,29,852.44,495.55,66.05,214.05,0.5074,-1,-1,-1
377,25,453.63,550.87,68.41,228.31,0.7339,-1,-1,-1
377,18,447.60,303.73,69.31,211.03,0.6382,-1,-1,-1
377,8,338.74,534.14,91.62,231.36,0.6859,-1,-1,-1
377,6,568.72,564.59,104.67,249.39,0.5909,-1,-1,-1
377,4,1720.66,456.73,74.09,208.81,0.6239,-1,-1,-1
377,3,972.42,911.54,82.74,167.66,0.7055,-1,-1,-1
378,43,532.97,971.21,101.36,108.79,0.6430,-1,-1,-1
378,41,915.59,509.19,66.00,204.07,0.5566,-1,-1,-1
378,39,1013.60,52.13,55.31,161.92,0.3792,-1,-1,-1
378,33,1084.80,449.40,67.43,197.37,0.6362,-1,-1,-1
378,29,851.65,491.52,66.86,225.36,0.5070,-1,-1,-1
378,25,452.37,553.25,68.90,230.32,0.7250,-1,-1,-1
378,18,447.73,302.80,71.52,209.77,0.6324,-1,-1,-1
378,8,338.21,534.65,89.50,230.69,0.6969,-1,-1,-1
378,6,572.98,563.15,98.07,248.50,0.5021,-1,-1,-1
378,4,1720.16,456.47,75.50,209.43,0.6186,-1,-1,-1
378,3,974.16,910.06,82.34,169.94,0.7159,-1,-1,-1
379,43,535.46,972.68,98.28,107.32,0.6110,-1,-1,-1
379,41,915.96,508.46,66.11,204.99,0.5605,-1,-1,-1
379,39,1013.20,50.92,54.89,165.42,0.3876,-1,-1,-1
379,33,1091.71,448.31,63.76,200.42,0.6342,-1,-1,-1
379,29,850.69,492.38,68.48,226.55,0.5174,-1,-1,-1
379,25,450.98,555.20,70.19,233.56,0.7143,-1,-1,-1
379,18,447.17,301.01,72.47,208.21,0.6433,-1,-1,-1
379,8,338.02,535.93,88.06,227.59,0.6950,-1,-1,-1
379,6,579.89,562.11,89.86,248.55,0.4047,-1,-1,-1
379,4,1719.81,457.17,76.74,208.30,0.6202,-1,-1,-1
379,3,974.27,909.78,84.23,169.84,0.7202,-1,-1,-1
380,43,537.58,974.06,96.58,105.94,0.6079,-1,-1,-1
380,41,915.57,506.44,67.22,205.19,0.4815,-1,-1,-1
380,39,1012.83,49.96,54.38,165.46,0.4302,-1,-1,-1
380,33,1092.04,449.03,65.78,199.03,0.6034,-1,-1,-1
380,31,958.30,34.48,54.00,177.28,0.3061,-1,-1,-1
380,29,848.17,492.32,71.68,216.85,0.4438,-1,-1,-1
380,25,449.36,558.90,69.39,230.26,0.7317,-1,-1,-1
380,18,447.09,298.96,73.06,205.14,0.5919,-1,-1,-1
380,8,336.85,536.98,88.25,227.10,0.7031,-1,-1,-1
380,4,1720.03,456.41,75.79,209.66,0.6109,-1,-1,-1
380,3,975.13,908.84,84.29,170.40,0.7106,-1,-1,-1
381,44,788.50,151.66,64.91,169.62,0.3088,-1,-1,-1
381,43,540.75,977.51,93.78,102.49,0.6077,-1,-1,-1
381,41,917.30,506.56,66.01,204.53,0.4844,-1,-1,-1
381,39,1012.71,49.41,53.92,165.95,0.4505,-1,-1,-1
381,33,1093.29,449.12,66.84,198.18,0.6691,-1,-1,-1
381,31,958.20,32.99,54.12,176.34,0.3207,-1,-1,-1
381,29,847.68,492.52,69.89,219.83,0.3928,-1,-1,-1
381,25,449.28,561.56,68.34,234.29,0.7351,-1,-1,-1
381,18,447.35,297.62,72.34,202.75,0.6316,-1,-1,-1
381,8,336.63,537.48,86.00,235.78,0.7548,-1,-1,-1
381,6,601.35,562.76,72.60,237.92,0.3218,-1,-1,-1
381,4,1720.19,456.34,74.32,209.50,0.6325,-1,-1,-1
381,3,975.97,907.87,83.96,171.46,0.7049,-1,-1,-1
382,44,789.45,151.68,63.91,169.65,0.3059,-1,-1,-1
382,43,544.27,980.84,90.68,99.16,0.5995,-1,-1,-1
382,41,916.31,509.89,68.18,203.19,0.4705,-1,-1,-1
382,39,1012.80,47.91,53.40,170.20,0.4647,-1,-1,-1
382,33,1095.07,448.48,67.11,200.13,0.6672,-1,-1,-1
382,31,958.89,32.97,54.50,174.12,0.3703,-1,-1,-1
382,25,448.19,562.02,68.92,235.36,0.7429,-1,-1,-1
382,18,447.66,294.33,73.40,203.66,0.6237,-1,-1,-1
382,8,336.60,539.19,84.15,236.21,0.7805,-1,-1,-1
382,4,1719.28,456.98,74.51,207.79,0.6009,-1,-1,-1
382,3,976.15,907.23,84.54,171.51,0.7194,-1,-1,-1
383,45,1772.79,95.27,58.99,166.37,0.3187,-1,-1,-1
383,44,789.01,151.41,64.12,170.36,0.3293,-1,-1,-1
383,43,547.02,989.95,88.06,90.05,0.5858,-1,-1,-1
383,41,915.43,510.79,69.16,202.74,0.4884,-1,-1,-1
383,39,1013.26,47.50,52.72,169.71,0.4485,-1,-1,-1
383,33,1097.62,448.96,67.50,198.07,0.6584,-1,-1,-1
383,31,960.58,31.74,53.14,171.73,0.3903,-1,-1,-1
383,29,850.27,497.51,68.61,212.45,0.3745,-1,-1,-1
383,25,446.57,561.03,71.70,237.11,0.7657,-1,-1,-1
383,18,447.83,291.63,74.50,204.42,0.5809,-1,-1,-1
383,8,335.34,539.92,84.45,235.42,0.7796,-1,-1,-1
383,4,1719.82,456.48,73.76,209.55,0.6004,-1,-1,-1
383,3,978.45,906.31,82.49,172.07,0.6955,-1,-1,-1
384,45,1771.74,98.91,59.83,162.44,0.3735,-1,-1,-1
384,44,788.11,151.21,65.30,170.39,0.3416,-1,-1,-1
384,43,550.95,993.55,86.97,86.45,0.5774,-1,-1,-1
384,41,916.22,512.98,69.10,201.69,0.5733,-1,-1,-1
384,39,1012.79,45.94,52.74,168.98,0.4224,-1,-1,-1
384,33,1099.42,454.24,71.16,197.26,0.6487,-1,-1,-1
384,31,958.60,30.52,55.17,173.59,0.3275,-1,-1,-1
384,29,850.51,497.20,69.85,210.92,0.4251,-1,-1,-1
384,25,443.89,564.42,72.92,234.52,0.7712,-1,-1,-1
384,18,448.05,289.91,74.33,206.23,0.6013,-1,-1,-1
384,8,335.58,540.44,82.28,237.77,0.7748,-1,-1,-1
384,5,1612.15,651.08,53.45,226.46,0.3165,-1,-1,-1
384,4,1720.16,456.90,71.40,208.13,0.5860,-1,-1,-1
384,3,979.17,906.40,82.86,172.31,0.6987,-1,-1,-1
384,1,452.82,75.20,66.03,185.92,0.3059,-1,-1,-1
385,45,1771.89,98.47,60.84,164.18,0.3693,-1,-1,-1
385,44,788.50,150.88,65.20,170.76,0.3644,-1,-1,-1
385,43,553.23,997.78,86.58,82.22,0.5665,-1,-1,-1
385,41,920.58,515.01,66.53,204.05,0.5250,-1,-1,-1
385,39,1013.05,45.90,52.23,170.81,0.3904,-1,-1,-1
385,33,1101.86,454.32,73.00,200.72,0.5830,-1,-1,-1
385,31,956.94,31.01,57.20,171.82,0.3547,-1,-1,-1
385,29,850.89,499.65,70.17,207.62,0.4461,-1,-1,-1
385,25,444.12,563.88,72.46,235.85,0.7675,-1,-1,-1
385,18,445.03,289.16,77.49,208.03,0.5653,-1,-1,-1
385,8,334.26,541.27,83.87,239.44,0.7686,-1,-1,-1
385,4,1718.91,457.02,72.44,208.02,0.6493,-1,-1,-1
385,3,980.58,905.88,81.11,172.73,0.7092,-1,-1,-1
385,1,453.52,73.90,67.29,185.72,0.3198,-1,-1,-1
386,45,1771.55,98.29,64.47,164.76,0.3665,-1,-1,-1
386,44,786.50,151.02,67.19,170.52,0.3589,-1,-1,-1
386,43,557.69,1002.43,85.32,77.57,0.5120,-1,-1,-1
386,41,918.19,515.62,69.19,205.48,0.4946,-1,-1,-1
386,39,1012.02,45.99,52.15,162.70,0.3486,-1,-1,-1
386,33,1107.71,456.18,72.21,200.19,0.5344,-1,-1,-1
386,31,953.57,29.49,59.80,172.14,0.3369,-1,-1,-1
386,29,850.32,500.00,69.98,208.99,0.4789,-1,-1,-1
386,25,442.34,565.19,72.25,235.27,0.7522,-1,-1,-1
386,18,443.73,288.09,80.66,208.81,0.5694,-1,-1,-1
386,8,332.44,544.37,86.26,239.03,0.7444,-1,-1,-1
386,4,1719.75,457.47,72.52,207.33,0.5989,-1,-1,-1
386,3,982.69,905.09,78.73,173.16,0.6759,-1,-1,-1
386,1,452.93,73.67,69.23,185.74,0.3306,-1,-1,-1
387,45,1772.30,95.12,62.45,170.70,0.3667,-1,-1,-1
387,44,787.22,150.33,66.24,171.71,0.3466,-1,-1,-1
387,43,559.84,1005.54,85.49,74.46,0.5013,-1,-1,-1
387,41,923.20,518.29,65.30,210.50,0.4467,-1,-1,-1
387,39,1011.90,45.21,52.17,161.37,0.3196,-1,-1,-1
387,33,1108.15,458.64,79.86,199.15,0.5182,-1,-1,-1
387,31,954.22,30.08,59.59,171.16,0.3245,-1,-1,-1
387,29,850.79,499.72,69.63,212.03,0.4376,-1,-1,-1
387,25,440.80,565.08,70.64,235.69,0.7455,-1,-1,-1
387,18,443.47,288.39,82.20,208.24,0.5795,-1,-1,-1
387,8,331.66,545.59,86.91,244.27,0.7475,-1,-1,-1
387,4,1719.41,458.44,72.91,206.32,0.5509,-1,-1,-1
387,3,984.29,904.64,77.24,173.04,0.6610,-1,-1,-1
388,45,1771.97,92.85,64.42,173.67,0.3624,-1,-1,-1
388,44,789.67,150.84,63.38,170.57,0.3479,-1,-1,-1
388,43,562.35,1010.50,84.25,69.50,0.4463,-1,-1,-1
388,41,921.81,519.67,67.32,208.31,0.4742,-1,-1,-1
388,39,1011.89,45.12,52.34,157.70,0.3212,-1,-1,-1
388,33,1108.58,462.92,83.52,198.17,0.5458,-1,-1,-1
388,31,955.43,29.66,57.54,172.06,0.3442,-1,-1,-1
388,29,850.40,502.05,69.69,209.72,0.4327,-1,-1,-1
388,25,439.42,567.37,70.65,234.02,0.7461,-1,-1,-1
388,18,443.12,287.73,82.74,208.64,0.5930,-1,-1,-1
388,8,327.99,550.39,89.91,247.77,0.7585,-1,-1,-1
388,4,1719.52,457.13,72.08,207.37,0.5457,-1,-1,-1
388,3,984.03,904.50,79.01,173.66,0.6203,-1,-1,-1
389,45,1772.18,82.73,63.24,183.65,0.3488,-1,-1,-1
389,44,789.35,151.06,64.05,170.34,0.3572,-1,-1,-1
389,43,563.73,1012.82,84.26,67.18,0.4310,-1,-1,-1
389,41,921.52,525.15,70.58,202.41,0.5322,-1,-1,-1
389,39,1010.87,43.84,53.02,162.48,0.3582,-1,-1,-1
389,33,1111.09,463.53,87.54,201.31,0.4812,-1,-1,-1
389,31,953.42,29.31,58.70,172.13,0.3472,-1,-1,-1
389,29,850.95,500.72,70.28,192.08,0.4288,-1,-1,-1
389,25,437.46,568.01,72.85,232.57,0.7647,-1,-1,-1
389,18,441.56,287.17,84.00,209.17,0.6114,-1,-1,-1
389,8,326.15,552.20,91.44,245.60,0.7753,-1,-1,-1
389,4,1720.28,457.43,72.31,208.72,0.5554,-1,-1,-1
389,3,984.11,904.83,80.48,173.41,0.6540,-1,-1,-1
390,45,1772.04,90.41,60.54,176.85,0.3543,-1,-1,-1
390,44,790.89,151.42,62.34,169.83,0.3922,-1,-1,-1
390,43,566.97,1015.39,83.42,64.61,0.3866,-1,-1,-1
390,41,922.82,526.26,70.36,200.78,0.5938,-1,-1,-1
390,39,1011.05,43.08,53.40,164.39,0.3876,-1,-1,-1
390,33,1118.92,464.38,80.21,201.80,0.4765,-1,-1,-1
390,31,955.92,28.41,55.71,173.46,0.3587,-1,-1,-1
390,29,851.66,503.94,70.18,215.50,0.5208,-1,-1,-1
390,25,436.20,569.14,73.08,231.66,0.7765,-1,-1,-1
390,18,441.84,287.14,83.23,209.13,0.6384,-1,-1,-1
390,8,324.10,553.66,90.62,245.18,0.7910,-1,-1,-1
390,4,1720.11,456.58,71.59,209.04,0.5494,-1,-1,-1
390,3,983.46,904.54,81.57,173.49,0.6179,-1,-1,-1
390,1,455.37,70.87,76.36,190.21,0.3298,-1,-1,-1
391,45,1770.95,104.75,60.66,162.88,0.3901,-1,-1,-1
391,44,790.67,153.39,60.18,168.25,0.3696,-1,-1,-1
391,43,569.34,1016.53,84.91,63.13,0.3882,-1,-1,-1
391,41,922.94,527.68,71.85,209.14,0.6197,-1,-1,-1
391,39,1010.10,42.33,54.58,164.92,0.3633,-1,-1,-1
391,33,1121.60,465.74,78.40,202.15,0.4465,-1,-1,-1
391,31,953.14,28.57,58.83,172.29,0.4098,-1,-1,-1
391,29,850.93,507.28,72.14,212.82,0.5874,-1,-1,-1
391,25,434.26,572.55,74.24,228.99,0.8019,-1,-1,-1
391,18,442.72,284.71,82.15,209.32,0.6380,-1,-1,-1
391,8,322.42,556.45,91.55,245.42,0.7920,-1,-1,-1
391,4,1719.72,456.79,73.19,210.70,0.5625,-1,-1,-1
391,3,981.84,904.91,82.57,174.54,0.6174,-1,-1,-1
391,1,456.37,70.99,76.31,188.71,0.3371,-1,-1,-1
392,45,1772.15,108.28,60.36,161.36,0.3529,-1,-1,-1
392,44,791.38,153.20,58.64,168.04,0.3890,-1,-1,-1
392,43,570.27,1016.26,85.92,63.74,0.4022,-1,-1,-1
392,41,921.61,528.58,74.07,209.28,0.6081,-1,-1,-1
392,39,1010.38,41.94,54.94,160.67,0.3322,-1,-1,-1
392,33,1128.06,467.73,73.91,198.43,0.5129,-1,-1,-1
392,31,954.45,28.26,57.52,172.39,0.3946,-1,-1,-1
392,29,851.40,508.58,70.88,228.75,0.5651,-1,-1,-1
392,25,433.48,574.04,74.87,229.90,0.8103,-1,-1,-1
392,18,444.25,282.70,79.73,210.98,0.6674,-1,-1,-1
392,8,320.46,557.03,93.35,248.15,0.8024,-1,-1,-1
392,4,1721.78,456.83,71.28,208.97,0.5865,-1,-1,-1
392,3,980.54,905.11,84.66,173.23,0.6716,-1,-1,-1
392,1,457.15,72.31,75.93,187.72,0.3396,-1,-1,-1
393,45,1770.35,110.65,62.76,161.87,0.3668,-1,-1,-1
393,44,791.67,153.03,58.04,168.04,0.3824,-1,-1,-1
393,43,572.85,1017.02,85.49,62.98,0.4237,-1,-1,-1
393,41,924.63,529.43,72.90,210.89,0.6584,-1,-1,-1
393,39,1010.21,41.34,55.58,161.16,0.3199,-1,-1,-1
393,33,1132.89,466.10,71.56,202.11,0.5173,-1,-1,-1
393,31,953.68,29.01,58.09,172.47,0.3867,-1,-1,-1
393,29,850.25,510.83,71.89,221.87,0.5592,-1,-1,-1
393,25,432.53,577.03,73.89,231.04,0.8172,-1,-1,-1
393,18,446.68,279.19,76.98,212.09,0.6628,-1,-1,-1
393,8,319.41,559.60,94.44,247.56,0.7959,-1,-1,-1
393,4,1721.89,456.62,71.18,209.84,0.5859,-1,-1,-1
393,3,980.35,905.97,84.53,172.20,0.6833,-1,-1,-1
393,1,458.50,71.95,74.90,186.65,0.3367,-1,-1,-1
394,45,1768.26,111.97,65.88,161.77,0.3445,-1,-1,-1
394,44,790.94,150.94,61.42,169.80,0.3714,-1,-1,-1
394,43,574.00,1017.60,87.42,62.40,0.4430,-1,-1,-1
394,41,926.85,523.87,70.34,213.63,0.6619,-1,-1,-1
394,39,1008.24,40.74,57.68,164.37,0.3462,-1,-1,-1
394,33,1139.16,466.95,68.61,201.82,0.5349,-1,-1,-1
394,31,955.02,30.23,56.92,171.32,0.3834,-1,-1,-1
394,29,851.15,511.94,71.94,230.00,0.5173,-1,-1,-1
394,25,432.35,579.79,71.77,230.44,0.8001,-1,-1,-1
394,18,448.67,277.30,74.89,212.14,0.6726,-1,-1,-1
394,8,319.64,560.53,93.20,247.62,0.7911,-1,-1,-1
394,4,1720.19,456.14,71.82,210.98,0.5810,-1,-1,-1
394,3,981.34,906.99,83.45,171.02,0.6815,-1,-1,-1
394,1,459.86,71.34,74.61,187.22,0.3024,-1,-1,-1
395,45,1770.18,112.06,62.04,162.60,0.3438,-1,-1,-1
395,44,789.66,150.49,63.50,170.35,0.3987,-1,-1,-1
395,43,575.03,1019.59,87.44,60.41,0.4030,-1,-1,-1
395,41,927.44,525.16,72.77,211.86,0.6762,-1,-1,-1
395,39,1007.96,39.93,58.81,165.51,0.3480,-1,-1,-1
395,33,1140.55,468.92,70.64,200.53,0.4438,-1,-1,-1
395,31,954.38,28.22,56.24,173.11,0.4054,-1,-1,-1
395,29,853.29,516.03,71.06,219.91,0.5649,-1,-1,-1
395,25,431.79,583.36,70.64,232.14,0.7922,-1,-1,-1
395,18,450.11,275.52,73.42,209.57,0.6582,-1,-1,-1
395,8,318.33,560.44,91.56,248.91,0.7876,-1,-1,-1
395,4,1720.74,456.02,71.26,211.68,0.5835,-1,-1,-1
395,3,981.85,906.90,84.17,171.15,0.6674,-1,-1,-1
396,45,1769.96,111.17,61.06,163.53,0.3204,-1,-1,-1
396,44,788.94,150.18,64.20,171.49,0.4027,-1,-1,-1
396,41,928.68,526.24,71.76,211.94,0.6931,-1,-1,-1
396,39,1008.63,39.74,58.06,163.52,0.3834,-1,-1,-1
396,33,1146.59,468.65,68.91,199.26,0.4859,-1,-1,-1
396,31,953.28,28.99,57.51,171.62,0.4375,-1,-1,-1
396,29,854.92,518.07,70.42,225.54,0.6073,-1,-1,-1
396,25,430.74,585.47,71.02,231.03,0.7760,-1,-1,-1
396,18,450.97,274.01,71.79,205.63,0.6753,-1,-1,-1
396,8,317.04,562.10,87.62,248.67,0.7875,-1,-1,-1
396,4,1720.78,457.87,71.76,208.74,0.6234,-1,-1,-1
396,3,981.22,907.88,84.71,170.32,0.6861,-1,-1,-1
397,45,1769.64,114.12,60.14,160.24,0.3347,-1,-1,-1
397,44,789.01,150.21,63.77,170.98,0.4062,-1,-1,-1
397,41,929.07,528.09,72.43,208.78,0.6873,-1,-1,-1
397,39,1007.48,39.76,59.99,166.30,0.3293,-1,-1,-1
397,33,1148.07,472.03,70.71,196.87,0.4768,-1,-1,-1
397,31,952.96,28.81,56.87,170.06,0.4218,-1,-1,-1
397,29,853.26,519.81,73.73,205.50,0.6179,-1,-1,-1
397,25,430.21,587.61,69.69,231.53,0.7713,-1,-1,-1
397,18,452.19,271.94,70.48,201.60,0.6859,-1,-1,-1
397,8,315.95,562.00,86.00,249.41,0.7929,-1,-1,-1
397,4,1720.39,457.80,72.73,209.16,0.6303,-1,-1,-1
397,3,981.03,908.35,85.05,170.23,0.7023,-1,-1,-1
398,44,788.90,150.43,63.69,170.39,0.4150,-1,-1,-1
398,41,932.05,531.09,68.16,205.77,0.6516,-1,-1,-1
398,39,1006.51,41.98,58.96,158.38,0.3556,-1,-1,-1
398,33,1151.28,469.02,74.37,200.61,0.5310,-1,-1,-1
398,31,953.91,29.56,55.90,169.28,0.4320,-1,-1,-1
398,29,856.44,519.19,71.52,225.77,0.6072,-1,-1,-1
398,25,430.02,588.94,66.06,236.67,0.7511,-1,-1,-1
398,18,451.28,270.31,72.75,200.32,0.6638,-1,-1,-1
398,8,313.80,562.89,85.30,248.43,0.7893,-1,-1,-1
398,4,1720.18,458.88,72.70,208.08,0.5917,-1,-1,-1
398,3,982.43,908.22,82.30,170.34,0.7214,-1,-1,-1
398,1,462.14,70.92,76.93,185.80,0.3605,-1,-1,-1
399,44,789.10,150.10,63.01,169.80,0.4063,-1,-1,-1
399,41,933.15,531.62,69.50,206.07,0.6659,-1,-1,-1
399,39,1007.91,40.74,57.05,157.82,0.3583,-1,-1,-1
399,33,1154.73,466.56,75.43,206.54,0.5763,-1,-1,-1
399,31,952.97,29.11,55.44,167.59,0.4415,-1,-1,-1
399,29,856.27,520.19,72.52,222.29,0.6088,-1,-1,-1
399,25,429.23,591.05,66.66,236.91,0.7537,-1,-1,-1
399,18,452.64,266.81,73.10,203.03,0.6447,-1,-1,-1
399,8,312.68,563.27,84.92,246.36,0.7840,-1,-1,-1
399,4,1720.65,458.58,72.16,208.13,0.5775,-1,-1,-1
399,3,983.52,908.65,81.44,171.35,0.7314,-1,-1,-1
399,1,463.57,70.92,76.42,186.92,0.3720,-1,-1,-1
400,44,788.26,149.91,64.91,170.79,0.4452,-1,-1,-1
400,41,930.62,533.42,72.14,206.36,0.6487,-1,-1,-1
400,39,1006.89,40.46,58.75,158.69,0.3672,-1,-1,-1
400,33,1157.86,470.56,73.13,205.77,0.5757,-1,-1,-1
400,31,951.47,26.77,56.76,168.94,0.4435,-1,-1,-1
400,29,857.17,521.19,72.39,224.29,0.6057,-1,-1,-1
400,25,428.63,592.47,65.79,237.16,0.7663,-1,-1,-1
400,18,452.07,266.56,73.93,203.49,0.6449,-1,-1,-1
400,8,312.30,565.20,84.07,242.44,0.7866,-1,-1,-1
400,4,1720.49,457.58,72.13,208.42,0.5433,-1,-1,-1
400,3,984.42,909.54,80.56,169.98,0.7250,-1,-1,-1
400,1,465.77,70.98,74.09,188.31,0.4264,-1,-1,-1
401,44,788.77,150.72,63.93,169.56,0.4216,-1,-1,-1
401,41,935.33,535.22,68.96,206.47,0.6578,-1,-1,-1
401,39,1006.47,39.33,58.97,160.35,0.4227,-1,-1,-1
401,33,1163.61,471.45,71.84,207.43,0.6034,-1,-1,-1
401,31,950.99,24.18,57.28,169.96,0.4786,-1,-1,-1
401,29,856.94,520.65,73.49,228.37,0.6112,-1,-1,-1
401,25,428.03,593.57,66.82,237.23,0.7536,-1,-1,-1
401,18,451.16,266.22,75.72,203.11,0.6434,-1,-1,-1
401,8,310.04,566.76,85.69,238.46,0.7849,-1,-1,-1
401,4,1721.29,456.20,70.36,210.64,0.5086,-1,-1,-1
401,3,983.90,911.14,78.66,168.31,0.7076,-1,-1,-1
401,1,465.78,70.90,74.45,187.74,0.4777,-1,-1,-1
402,44,788.99,150.66,64.26,169.74,0.4301,-1,-1,-1
402,41,934.51,536.27,71.41,209.49,0.6377,-1,-1,-1
402,39,1005.71,38.66,58.18,159.65,0.4423,-1,-1,-1
402,33,1165.48,475.61,76.30,199.24,0.5440,-1,-1,-1
402,31,949.93,21.36,58.33,170.70,0.4366,-1,-1,-1
402,29,856.15,522.23,74.79,227.73,0.6064,-1,-1,-1
402,25,427.92,594.76,65.59,236.30,0.7495,-1,-1,-1
402,18,451.97,265.38,75.81,204.75,0.6371,-1,-1,-1
402,8,308.29,568.63,87.40,241.00,0.7817,-1,-1,-1
402,4,1721.06,455.48,71.64,211.42,0.5204,-1,-1,-1
402,3,985.29,912.64,76.66,167.21,0.7041,-1,-1,-1
402,1,466.41,70.86,73.62,189.10,0.4639,-1,-1,-1
403,44,790.71,150.70,63.12,169.92,0.4413,-1,-1,-1
403,41,933.27,538.22,72.87,206.70,0.6351,-1,-1,-1
403,39,1005.08,38.69,58.79,158.62,0.4415,-1,-1,-1
403,33,1169.75,479.76,75.45,197.75,0.3767,-1,-1,-1
403,31,950.54,21.78,56.56,162.90,0.4128,-1,-1,-1
403,29,856.87,522.81,75.45,227.00,0.6420,-1,-1,-1
403,25,426.66,596.08,65.05,235.89,0.7422,-1,-1,-1
403,18,452.39,265.25,76.01,204.95,0.6441,-1,-1,-1
403,8,307.62,571.45,85.23,245.22,0.7803,-1,-1,-1
403,4,1721.62,459.85,71.48,207.63,0.5068,-1,-1,-1
403,3,984.97,913.95,75.56,165.22,0.7164,-1,-1,-1
403,1,465.93,71.11,72.98,189.32,0.4479,-1,-1,-1
404,44,791.38,150.38,62.13,169.73,0.4134,-1,-1,-1
404,41,932.68,540.07,72.65,213.13,0.6121,-1,-1,-1
404,39,1003.23,37.31,59.99,157.60,0.4406,-1,-1,-1
404,33,1171.32,482.95,78.89,200.09,0.4745,-1,-1,-1
404,31,950.64,20.62,55.01,163.49,0.3861,-1,-1,-1
404,29,857.07,522.86,75.70,226.53,0.6506,-1,-1,-1
404,25,425.30,596.72,66.50,234.99,0.7300,-1,-1,-1
404,18,453.35,264.06,74.73,207.15,0.6609,-1,-1,-1
404,8,307.12,574.47,84.35,246.79,0.7801,-1,-1,-1
404,4,1721.30,460.19,70.82,206.87,0.4496,-1,-1,-1
404,3,985.50,916.05,74.08,163.27,0.6960,-1,-1,-1
404,1,466.88,70.89,71.44,187.84,0.4284,-1,-1,-1
405,44,790.31,149.77,63.39,170.40,0.4126,-1,-1,-1
405,41,935.70,541.29,70.33,214.22,0.6426,-1,-1,-1
405,39,1002.52,37.01,59.64,155.70,0.4037,-1,-1,-1
405,33,1172.41,483.92,81.06,201.43,0.5435,-1,-1,-1
405,31,950.71,20.25,53.19,159.52,0.3818,-1,-1,-1
405,29,858.61,523.84,78.38,227.22,0.6713,-1,-1,-1
405,25,422.23,598.32,68.50,233.91,0.7477,-1,-1,-1
405,18,452.95,263.94,75.52,206.04,0.6717,-1,-1,-1
405,8,306.21,575.70,82.82,249.48,0.7705,-1,-1,-1
405,5,1614.68,614.78,66.05,246.81,0.3399,-1,-1,-1
405,4,1721.66,456.28,73.41,209.48,0.4628,-1,-1,-1
405,3,985.19,918.44,73.56,160.75,0.6975,-1,-1,-1
405,1,466.78,70.79,71.39,187.43,0.4068,-1,-1,-1
406,44,791.47,151.24,58.06,169.66,0.4450,-1,-1,-1
406,41,933.31,543.66,73.66,215.48,0.6617,-1,-1,-1
406,39,1002.32,36.33,58.24,155.83,0.3743,-1,-1,-1
406,33,1177.66,486.01,79.99,204.31,0.4515,-1,-1,-1
406,31,951.59,19.07,52.54,160.38,0.3911,-1,-1,-1
406,29,859.69,526.21,78.37,226.88,0.6866,-1,-1,-1
406,25,420.01,600.23,68.96,231.65,0.7347,-1,-1,-1
406,18,452.31,263.19,77.98,203.83,0.6598,-1,-1,-1
406,8,305.75,577.77,82.23,249.92,0.7538,-1,-1,-1
406,5,1611.69,604.30,73.93,252.31,0.4265,-1,-1,-1
406,4,1721.96,456.97,74.11,209.34,0.4907,-1,-1,-1
406,3,983.67,918.94,75.79,160.28,0.7107,-1,-1,-1
406,1,466.65,70.24,71.36,186.77,0.3898,-1,-1,-1
407,46,1649.22,47.55,63.75,169.98,0.3455,-1,-1,-1
407,44,789.65,149.55,62.82,170.70,0.4511,-1,-1,-1
407,41,933.34,545.95,72.25,217.16,0.6857,-1,-1,-1
407,39,1002.23,35.38,58.60,156.40,0.4417,-1,-1,-1
407,33,1181.82,486.79,77.64,202.25,0.3598,-1,-1,-1
407,31,949.56,18.10,54.53,160.99,0.3671,-1,-1,-1
407,29,857.27,526.18,80.00,237.14,0.6444,-1,-1,-1
407,25,418.13,600.12,66.79,231.48,0.7574,-1,-1,-1
407,18,453.69,263.03,76.44,203.74,0.6780,-1,-1,-1
407,8,305.22,580.14,81.43,248.26,0.7592,-1,-1,-1
407,4,1721.82,459.13,74.64,206.86,0.4475,-1,-1,-1
407,3,982.75,920.68,75.53,158.12,0.6987,-1,-1,-1
407,1,467.56,69.49,71.15,185.53,0.3871,-1,-1,-1
408,46,1649.71,48.99,65.90,168.34,0.3182,-1,-1,-1
408,44,789.37,149.89,62.63,170.39,0.4600,-1,-1,-1
408,41,931.01,547.49,74.46,214.06,0.6940,-1,-1,-1
408,39,1003.14,36.18,57.06,155.56,0.4346,-1,-1,-1
408,33,1187.57,486.34,74.03,205.36,0.4297,-1,-1,-1
408,31,949.63,20.52,54.46,160.66,0.3598,-1,-1,-1
408,29,859.39,527.21,78.18,239.26,0.6629,-1,-1,-1
408,25,417.05,604.13,70.37,230.48,0.7637,-1,-1,-1
408,18,454.06,261.14,76.44,205.52,0.6796,-1,-1,-1
408,8,303.30,583.36,81.73,250.33,0.7559,-1,-1,-1
408,6,700.38,559.38,59.88,231.52,0.3162,-1,-1,-1
408,4,1721.29,455.11,72.57,212.53,0.4588,-1,-1,-1
408,3,981.86,922.98,75.90,154.66,0.7117,-1,-1,-1
408,1,467.55,69.63,70.56,185.28,0.3256,-1,-1,-1
409,46,1651.03,50.46,66.58,168.30,0.3016,-1,-1,-1
409,44,789.51,149.85,63.59,170.32,0.4267,-1,-1,-1
409,41,933.06,548.89,72.79,212.11,0.6869,-1,-1,-1
409,39,1003.39,35.73,57.12,156.58,0.4257,-1,-1,-1
409,33,1197.81,487.02,68.13,203.87,0.4709,-1,-1,-1
409,31,951.45,19.23,52.17,161.39,0.3864,-1,-1,-1
409,29,860.12,530.65,78.81,240.64,0.6325,-1,-1,-1
409,25,415.42,608.73,70.31,231.44,0.7631,-1,-1,-1
409,18,456.76,260.06,73.99,202.70,0.6623,-1,-1,-1
409,8,301.83,585.49,81.35,250.18,0.7669,-1,-1,-1
409,4,1721.62,452.81,71.96,213.76,0.5253,-1,-1,-1
409,3,981.30,924.23,76.68,153.67,0.6880,-1,-1,-1
409,1,467.00,69.48,70.77,182.83,0.3418,-1,-1,-1
410,46,1650.15,46.58,71.37,177.41,0.3171,-1,-1,-1
410,44,789.88,150.01,63.55,169.96,0.4289,-1,-1,-1
410,41,934.40,550.78,70.95,211.96,0.7037,-1,-1,-1
410,39,1003.32,35.75,57.04,156.51,0.4374,-1,-1,-1
410,33,1207.22,488.09,60.97,202.19,0.4734,-1,-1,-1
410,31,949.12,19.49,54.89,161.98,0.4015,-1,-1,-1
410,29,860.35,532.98,75.68,243.35,0.6350,-1,-1,-1
410,25,414.06,609.88,69.37,234.91,0.7295,-1,-1,-1
410,18,458.20,259.33,72.67,199.13,0.6668,-1,-1,-1
410,8,297.59,586.24,85.07,251.60,0.7944,-1,-1,-1
410,6,702.23,557.53,90.72,237.27,0.3417,-1,-1,-1
410,5,1576.75,619.59,105.69,235.63,0.3302,-1,-1,-1
410,4,1722.15,449.48,71.58,217.72,0.5466,-1,-1,-1
410,3,981.13,925.21,76.30,152.59,0.6908,-1,-1,-1
410,1,465.29,66.23,72.42,188.75,0.3194,-1,-1,-1
411,46,1651.40,47.63,71.95,178.56,0.3083,-1,-1,-1
411,44,788.41,149.97,64.61,169.94,0.4355,-1,-1,-1
411,41,934.27,551.24,70.46,210.47,0.6879,-1,-1,-1
411,39,1002.88,34.62,55.94,156.25,0.4042,-1,-1,-1
411,33,1209.05,486.36,64.49,205.98,0.4248,-1,-1,-1
411,31,949.92,18.36,52.87,161.74,0.3550,-1,-1,-1
411,29,862.84,535.84,72.35,243.37,0.6581,-1,-1,-1
411,25,412.06,612.80,69.17,233.98,0.7072,-1,-1,-1
411,18,457.88,257.12,72.40,196.46,0.6789,-1,-1,-1
411,8,297.08,587.57,83.01,249.29,0.7971,-1,-1,-1
411,6,702.91,559.32,91.80,236.28,0.3317,-1,-1,-1
411,5,1577.41,618.97,104.45,236.55,0.3723,-1,-1,-1
411,4,1721.84,448.92,72.15,219.52,0.5382,-1,-1,-1
411,3,979.21,925.52,78.97,151.95,0.6897,-1,-1,-1
412,44,789.92,151.45,60.09,168.73,0.4163,-1,-1,-1
412,41,936.83,553.00,68.05,209.36,0.6723,-1,-1,-1
412,39,1003.02,34.91,55.42,158.40,0.4119,-1,-1,-1
412,33,1211.51,486.17,65.01,205.91,0.5116,-1,-1,-1
412,31,950.98,19.36,54.15,165.55,0.3699,-1,-1,-1
412,29,862.77,538.58,73.19,234.66,0.6556,-1,-1,-1
412,25,406.29,614.35,72.37,236.38,0.7287,-1,-1,-1
412,18,456.42,253.80,73.70,197.89,0.6566,-1,-1,-1
412,8,295.53,587.93,82.12,248.82,0.7995,-1,-1,-1
412,6,704.48,559.04,95.66,238.62,0.3808,-1,-1,-1
412,5,1576.63,617.52,103.79,237.77,0.3916,-1,-1,-1
412,4,1722.03,448.23,72.09,219.62,0.5732,-1,-1,-1
412,3,978.36,925.44,81.53,152.80,0.7058,-1,-1,-1
413,44,788.31,150.86,61.98,169.87,0.4328,-1,-1,-1
413,41,938.60,552.93,67.55,209.46,0.6484,-1,-1,-1
413,39,1003.00,34.84,54.69,156.74,0.4342,-1,-1,-1
413,33,1216.58,495.93,62.63,196.86,0.5870,-1,-1,-1
413,31,948.97,18.82,56.28,167.08,0.3723,-1,-1,-1
413,29,864.25,539.68,71.50,239.89,0.6429,-1,-1,-1
413,25,406.51,616.43,71.24,235.17,0.7392,-1,-1,-1
413,18,455.76,251.18,73.99,199.22,0.6539,-1,-1,-1
413,8,292.30,589.73,84.52,246.79,0.7896,-1,-1,-1
413,6,704.83,558.85,95.22,239.16,0.4025,-1,-1,-1
413,5,1577.50,614.81,103.68,239.54,0.4383,-1,-1,-1
413,4,1722.86,451.56,71.75,216.63,0.5498,-1,-1,-1
413,3,977.28,926.91,83.07,150.55,0.6953,-1,-1,-1
414,46,1655.59,58.11,74.78,177.17,0.3460,-1,-1,-1
414,44,787.86,149.80,65.41,169.80,0.4167,-1,-1,-1
414,41,930.63,556.09,77.32,205.09,0.6708,-1,-1,-1
414,39,1002.91,34.83,54.99,156.02,0.4130,-1,-1,-1
414,33,1220.95,485.24,67.26,207.35,0.5259,-1,-1,-1
414,31,949.41,15.85,53.57,166.04,0.3829,-1,-1,-1
414,29,865.50,540.53,69.90,243.41,0.6487,-1,-1,-1
414,25,406.21,618.36,70.77,236.48,0.7249,-1,-1,-1
414,18,453.02,248.96,76.09,201.74,0.6634,-1,-1,-1
414,8,291.60,589.89,84.41,247.16,0.7822,-1,-1,-1
414,6,705.61,559.50,95.57,238.73,0.4073,-1,-1,-1
414,5,1576.04,612.80,110.43,244.78,0.5781,-1,-1,-1
414,4,1721.89,459.12,71.52,209.27,0.4781,-1,-1,-1
414,3,976.76,927.15,84.62,150.35,0.7039,-1,-1,-1
415,46,1658.81,64.19,72.63,172.90,0.3686,-1,-1,-1
415,44,787.43,150.15,66.51,169.49,0.3854,-1,-1,-1
415,41,932.63,557.20,77.81,205.46,0.6423,-1,-1,-1
415,39,1002.93,34.35,55.22,156.25,0.4046,-1,-1,-1
415,33,1221.34,494.83,71.82,201.03,0.5827,-1,-1,-1
415,31,950.83,13.35,51.67,168.13,0.3412,-1,-1,-1
415,29,866.28,542.20,69.62,243.95,0.6313,-1,-1,-1
415,25,403.72,619.80,70.93,238.35,0.7212,-1,-1,-1
415,18,450.61,249.48,79.17,198.88,0.6199,-1,-1,-1
415,8,290.39,591.98,84.57,245.07,0.7817,-1,-1,-1
415,6,706.72,559.65,94.07,240.26,0.3915,-1,-1,-1
415,5,1573.85,614.81,111.16,241.55,0.5370,-1,-1,-1
415,4,1722.33,451.30,72.85,216.46,0.4949,-1,-1,-1
415,3,977.08,928.58,86.83,148.88,0.7251,-1,-1,-1
416,46,1659.08,64.57,71.50,177.04,0.4683,-1,-1,-1
416,44,788.72,150.72,61.43,170.35,0.3915,-1,-1,-1
416,41,934.01,558.73,76.49,206.90,0.6431,-1,-1,-1
416,39,1003.06,33.64,55.23,157.82,0.4388,-1,-1,-1
416,33,1226.22,487.77,79.07,208.71,0.4220,-1,-1,-1
416,29,866.49,543.01,69.03,242.49,0.6043,-1,-1,-1
416,25,401.35,620.96,72.55,238.18,0.7396,-1,-1,-1
416,18,448.61,249.27,80.81,198.93,0.6016,-1,-1,-1
416,8,290.79,592.90,83.65,242.20,0.7909,-1,-1,-1
416,6,708.10,559.77,93.35,239.71,0.3878,-1,-1,-1
416,5,1575.37,613.41,109.09,243.69,0.5611,-1,-1,-1
416,4,1721.29,452.33,74.31,215.06,0.4781,-1,-1,-1
416,3,975.99,928.66,88.36,148.83,0.7303,-1,-1,-1
416,1,459.43,65.66,74.40,194.58,0.3087,-1,-1,-1
417,46,1659.70,66.46,72.70,173.57,0.3275,-1,-1,-1
417,44,785.93,149.81,67.39,170.26,0.3540,-1,-1,-1
417,41,934.39,561.16,77.34,203.81,0.6171,-1,-1,-1
417,39,1003.05,33.63,55.07,157.65,0.4515,-1,-1,-1
417,33,1229.12,490.99,85.48,208.39,0.5265,-1,-1,-1
417,31,949.82,12.65,52.38,169.63,0.3030,-1,-1,-1
417,29,867.03,544.26,66.38,226.16,0.5606,-1,-1,-1
417,25,398.48,623.77,73.73,234.03,0.7412,-1,-1,-1
417,18,446.40,250.45,82.54,197.65,0.5985,-1,-1,-1
417,8,289.50,595.99,85.38,240.08,0.7695,-1,-1,-1
417,6,713.94,558.58,86.58,239.02,0.3784,-1,-1,-1
417,5,1573.62,609.92,108.43,247.02,0.5628,-1,-1,-1
417,4,1721.19,455.39,72.24,212.59,0.4831,-1,-1,-1
417,3,976.14,929.96,88.76,147.34,0.7105,-1,-1,-1
417,1,461.33,64.43,73.70,195.32,0.3053,-1,-1,-1
418,46,1660.98,67.23,72.83,173.87,0.4217,-1,-1,-1
418,44,787.47,149.36,65.86,170.67,0.3389,-1,-1,-1
418,41,936.84,562.35,75.71,205.49,0.6013,-1,-1,-1
418,39,1003.97,32.78,54.31,156.34,0.4391,-1,-1,-1
418,33,1228.90,490.65,92.93,212.02,0.5422,-1,-1,-1
418,31,948.46,11.58,53.50,169.37,0.3281,-1,-1,-1
418,29,867.04,545.82,67.86,215.87,0.5155,-1,-1,-1
418,25,395.47,623.24,74.00,235.60,0.7811,-1,-1,-1
418,18,445.26,249.78,83.71,198.85,0.5503,-1,-1,-1
418,8,288.64,597.30,85.76,242.06,0.7829,-1,-1,-1
418,6,718.58,557.97,80.63,239.51,0.3823,-1,-1,-1
418,5,1574.94,614.91,104.10,241.45,0.5857,-1,-1,-1
418,4,1720.34,453.63,73.63,214.85,0.4696,-1,-1,-1
418,3,974.92,930.44,91.11,147.34,0.7077,-1,-1,-1
419,46,1662.37,64.37,71.94,179.16,0.3888,-1,-1,-1
419,44,789.07,149.57,64.82,170.39,0.3510,-1,-1,-1
419,41,943.92,564.04,69.32,214.58,0.5493,-1,-1,-1
419,39,1004.44,31.87,54.49,157.30,0.4798,-1,-1,-1
419,33,1229.88,493.34,92.62,211.45,0.4796,-1,-1,-1
419,31,948.48,8.43,55.39,174.59,0.3668,-1,-1,-1
419,29,867.62,546.42,68.36,213.71,0.5416,-1,-1,-1
419,25,393.85,623.06,73.38,236.40,0.7938,-1,-1,-1
419,18,446.00,249.48,83.24,199.44,0.5471,-1,-1,-1
419,8,287.89,599.43,86.61,246.06,0.7871,-1,-1,-1
419,6,724.32,558.44,72.62,237.83,0.4198,-1,-1,-1
419,5,1574.36,615.35,106.31,240.98,0.5881,-1,-1,-1
419,4,1720.77,447.48,73.39,220.49,0.5308,-1,-1,-1
419,3,973.99,931.23,93.18,146.36,0.7164,-1,-1,-1
420,44,789.21,148.92,65.37,170.52,0.3419,-1,-1,-1
420,41,944.31,567.90,70.35,210.93,0.5351,-1,-1,-1
420,39,1005.15,30.44,54.03,158.40,0.4894,-1,-1,-1
420,33,1230.86,490.66,90.15,217.66,0.4173,-1,-1,-1
420,31,949.59,9.59,52.42,170.42,0.3841,-1,-1,-1
420,29,867.75,545.07,69.94,218.93,0.5595,-1,-1,-1
420,25,392.22,624.31,74.89,235.61,0.7864,-1,-1,-1
420,18,447.57,249.09,81.82,198.60,0.5264,-1,-1,-1
420,8,287.48,601.09,86.48,249.72,0.7781,-1,-1,-1
420,6,726.10,558.64,72.33,240.32,0.4172,-1,-1,-1
420,5,1575.36,614.99,102.11,240.58,0.5893,-1,-1,-1
420,4,1722.29,449.76,73.32,215.77,0.4999,-1,-1,-1
420,3,974.21,931.09,94.99,146.93,0.7009,-1,-1,-1
421,44,792.88,149.86,57.70,171.71,0.3677,-1,-1,-1
421,41,945.68,571.82,70.76,212.59,0.4541,-1,-1,-1
421,39,1005.69,28.56,53.91,158.64,0.5085,-1,-1,-1
421,33,1233.03,499.75,92.99,210.08,0.3868,-1,-1,-1
421,31,949.74,8.60,54.40,170.85,0.3882,-1,-1,-1
421,29,867.25,546.76,71.84,220.26,0.5204,-1,-1,-1
421,25,390.90,624.71,74.98,235.42,0.7877,-1,-1,-1
421,18,445.21,246.68,84.23,199.84,0.5856,-1,-1,-1
421,8,286.02,602.81,88.48,254.40,0.7642,-1,-1,-1
421,6,729.09,559.03,69.24,238.08,0.4818,-1,-1,-1
421,5,1574.85,625.41,99.64,230.33,0.5497,-1,-1,-1
421,4,1721.98,456.82,74.38,212.41,0.4894,-1,-1,-1
421,3,974.42,931.94,93.61,146.31,0.7084,-1,-1,-1
422,45,1759.34,101.22,76.24,198.95,0.3664,-1,-1,-1
422,44,792.36,149.03,58.15,171.56,0.3522,-1,-1,-1
422,41,947.91,575.09,67.28,208.74,0.5540,-1,-1,-1
422,39,1005.98,27.41,53.66,155.65,0.4736,-1,-1,-1
422,33,1240.33,502.30,88.16,206.51,0.3879,-1,-1,-1
422,31,948.81,8.01,53.26,162.94,0.3743,-1,-1,-1
422,29,868.90,549.22,71.93,226.71,0.4398,-1,-1,-1
422,25,390.59,627.28,75.61,232.28,0.7817,-1,-1,-1
422,18,447.59,244.85,79.36,201.78,0.6092,-1,-1,-1
422,8,284.58,604.69,92.82,258.58,0.7470,-1,-1,-1
422,6,731.19,561.77,68.37,228.63,0.5293,-1,-1,-1
422,5,1573.94,625.48,99.75,230.24,0.4868,-1,-1,-1
422,4,1722.49,461.22,73.54,203.29,0.5271,-1,-1,-1
422,3,975.13,931.17,93.01,146.97,0.7213,-1,-1,-1
423,45,1760.75,102.67,68.04,197.86,0.3413,-1,-1,-1
423,44,792.23,149.01,58.40,172.27,0.3342,-1,-1,-1
423,41,947.37,576.34,68.87,209.13,0.5585,-1,-1,-1
423,39,1006.76,25.26,53.03,155.51,0.4421,-1,-1,-1
423,31,947.63,7.21,55.01,162.57,0.3812,-1,-1,-1
423,29,866.88,549.35,72.06,145.46,0.3623,-1,-1,-1
423,25,389.15,630.00,76.15,233.11,0.7811,-1,-1,-1
423,18,447.76,242.71,78.10,201.67,0.5948,-1,-1,-1
423,8,285.04,607.50,93.01,257.66,0.7404,-1,-1,-1
423,6,735.60,560.76,67.21,228.13,0.6170,-1,-1,-1
423,5,1575.12,624.81,97.93,230.62,0.4370,-1,-1,-1
423,4,1720.95,458.86,73.63,207.56,0.5463,-1,-1,-1
423,3,976.16,930.77,92.99,146.97,0.6958,-1,-1,-1
424,46,1668.33,72.79,62.39,171.35,0.3061,-1,-1,-1
424,45,1761.48,128.62,54.42,171.47,0.3069,-1,-1,-1
424,44,793.19,149.64,56.93,171.01,0.3702,-1,-1,-1
424,41,947.63,577.85,71.05,209.08,0.5921,-1,-1,-1
424,39,1007.21,23.52,52.76,157.13,0.4643,-1,-1,-1
424,31,945.39,6.57,56.88,164.89,0.4192,-1,-1,-1
424,29,868.07,551.09,73.23,223.27,0.3877,-1,-1,-1
424,25,385.50,632.16,82.62,236.67,0.7809,-1,-1,-1
424,18,447.75,242.78,76.39,201.79,0.5978,-1,-1,-1
424,8,284.62,609.67,91.42,256.66,0.7514,-1,-1,-1
424,6,736.55,559.99,73.10,231.60,0.6621,-1,-1,-1
424,5,1579.92,636.80,89.28,218.22,0.4278,-1,-1,-1
424,4,1720.84,461.45,73.65,205.72,0.5564,-1,-1,-1
424,3,976.75,931.68,91.97,146.08,0.7094,-1,-1,-1
425,45,1761.59,129.19,52.59,172.58,0.3283,-1,-1,-1
425,44,793.86,150.14,56.10,169.86,0.3772,-1,-1,-1
425,41,947.07,575.65,75.40,207.92,0.5790,-1,-1,-1
425,39,1007.44,22.94,52.60,157.76,0.4297,-1,-1,-1
425,31,942.74,5.33,59.81,164.21,0.3894,-1,-1,-1
425,29,867.83,551.93,73.01,146.26,0.3481,-1,-1,-1
425,25,384.63,633.54,82.15,238.40,0.7598,-1,-1,-1
425,18,447.59,239.12,75.95,202.50,0.6368,-1,-1,-1
425,8,283.74,611.40,93.53,258.89,0.7279,-1,-1,-1
425,6,738.67,559.18,77.16,237.65,0.6253,-1,-1,-1
425,5,1577.20,635.16,90.61,221.29,0.4292,-1,-1,-1
425,4,1720.37,459.98,74.26,207.78,0.5452,-1,-1,-1
425,3,978.59,931.66,91.50,146.44,0.6977,-1,-1,-1
426,45,1764.88,128.76,47.67,175.51,0.3350,-1,-1,-1
426,44,791.08,149.34,57.89,171.86,0.3391,-1,-1,-1
426,41,947.78,576.87,75.86,208.03,0.6229,-1,-1,-1
426,39,1007.99,22.22,52.80,158.71,0.4391,-1,-1,-1
426,33,1270.53,504.77,70.23,202.94,0.3306,-1,-1,-1
426,31,942.39,4.93,60.29,165.74,0.4245,-1,-1,-1
426,29,868.84,555.94,75.19,221.88,0.4869,-1,-1,-1
426,25,384.25,635.51,81.22,239.10,0.7308,-1,-1,-1
426,18,447.49,237.54,74.72,197.93,0.6281,-1,-1,-1
426,8,283.90,613.77,91.83,258.66,0.7228,-1,-1,-1
426,6,740.43,560.03,78.60,239.36,0.6278,-1,-1,-1
426,5,1577.63,636.81,89.75,219.03,0.3644,-1,-1,-1
426,4,1720.93,459.70,75.78,207.81,0.5640,-1,-1,-1
426,3,979.93,931.70,91.71,146.94,0.7121,-1,-1,-1
427,45,1764.01,128.71,49.65,176.64,0.3796,-1,-1,-1
427,44,792.88,150.01,58.08,170.97,0.3953,-1,-1,-1
427,41,949.51,577.88,76.06,209.36,0.6078,-1,-1,-1
427,39,1007.88,22.20,52.98,158.54,0.4398,-1,-1,-1
427,33,1286.09,502.89,59.73,193.05,0.3013,-1,-1,-1
427,31,942.33,4.66,60.09,165.88,0.4087,-1,-1,-1
427,29,869.61,557.48,74.60,223.37,0.5299,-1,-1,-1
427,25,382.81,638.11,88.51,241.10,0.6812,-1,-1,-1
427,18,447.87,237.12,74.37,194.60,0.6156,-1,-1,-1
427,8,281.94,614.91,94.21,259.77,0.7050,-1,-1,-1
427,6,742.36,560.32,78.30,242.92,0.5615,-1,-1,-1
427,5,1576.18,630.33,89.22,225.26,0.3219,-1,-1,-1
427,4,1719.24,462.26,75.21,205.62,0.5422,-1,-1,-1
427,3,981.34,930.40,91.08,148.46,0.7067,-1,-1,-1
428,45,1763.47,129.31,50.09,177.14,0.3977,-1,-1,-1
428,44,792.26,148.99,61.10,171.04,0.4033,-1,-1,-1
428,41,952.12,578.23,74.97,210.81,0.6470,-1,-1,-1
428,39,1007.98,21.95,53.13,158.66,0.4337,-1,-1,-1
428,33,1288.94,501.05,63.19,214.48,0.4031,-1,-1,-1
428,31,943.18,3.69,59.23,167.01,0.3717,-1,-1,-1
428,29,870.82,560.77,76.48,230.71,0.6014,-1,-1,-1
428,25,382.22,642.20,73.88,237.02,0.7225,-1,-1,-1
428,18,447.92,234.70,73.89,193.00,0.6393,-1,-1,-1
428,8,281.27,618.03,94.62,258.62,0.7029,-1,-1,-1
428,6,744.63,561.73,82.71,243.09,0.6020,-1,-1,-1
428,5,1577.05,632.40,88.31,223.71,0.3747,-1,-1,-1
428,4,1716.95,462.61,77.70,204.75,0.5279,-1,-1,-1
428,3,982.24,929.86,91.68,148.94,0.7260,-1,-1,-1
429,45,1763.33,138.58,46.23,166.28,0.3198,-1,-1,-1
429,44,793.29,148.63,57.48,172.43,0.3995,-1,-1,-1
429,41,955.34,579.34,72.32,209.83,0.6495,-1,-1,-1
429,39,1007.60,21.01,53.68,163.42,0.4513,-1,-1,-1
429,33,1287.36,506.02,66.78,208.40,0.4009,-1,-1,-1
429,31,942.42,3.81,59.36,167.55,0.3720,-1,-1,-1
429,29,871.52,563.51,76.09,224.19,0.6418,-1,-1,-1
429,25,381.53,644.66,73.06,237.90,0.7133,-1,-1,-1
429,18,446.64,234.35,75.45,192.22,0.5981,-1,-1,-1
429,8,280.04,617.81,94.81,255.80,0.7234,-1,-1,-1
429,6,747.65,562.47,85.36,247.93,0.6673,-1,-1,-1
429,5,1576.47,635.79,87.99,221.14,0.4370,-1,-1,-1
429,4,1719.42,460.66,77.37,208.15,0.5476,-1,-1,-1
429,3,983.53,930.29,90.70,148.42,0.7324,-1,-1,-1
430,44,794.40,147.87,56.31,173.19,0.3809,-1,-1,-1
430,41,956.51,580.91,74.02,207.21,0.6317,-1,-1,-1
430,39,1008.12,21.60,53.29,160.28,0.4027,-1,-1,-1
430,33,1289.12,521.35,69.84,190.76,0.3799,-1,-1,-1
430,31,942.90,3.72,58.95,167.71,0.3158,-1,-1,-1
430,29,872.46,564.46,75.54,225.23,0.5909,-1,-1,-1
430,25,379.33,646.95,72.44,242.25,0.7087,-1,-1,-1
430,18,445.94,232.08,76.04,193.83,0.5618,-1,-1,-1
430,8,279.20,620.23,93.01,255.39,0.7242,-1,-1,-1
430,6,749.83,563.44,86.96,244.71,0.6757,-1,-1,-1
430,5,1575.66,633.92,88.88,222.69,0.4744,-1,-1,-1
430,4,1720.71,465.03,76.14,202.30,0.5228,-1,-1,-1
430,3,988.02,929.38,86.99,149.22,0.7070,-1,-1,-1
431,44,788.53,149.46,65.17,170.84,0.3768,-1,-1,-1
431,41,959.64,581.88,71.30,206.59,0.6163,-1,-1,-1
431,39,1008.60,20.68,53.25,158.39,0.3974,-1,-1,-1
431,31,943.30,3.88,58.43,167.44,0.3745,-1,-1,-1
431,29,872.27,566.70,77.50,225.16,0.6161,-1,-1,-1
431,25,377.19,648.75,73.32,240.02,0.7415,-1,-1,-1
431,18,445.16,230.39,75.54,194.73,0.5684,-1,-1,-1
431,8,280.01,621.35,91.87,253.69,0.7545,-1,-1,-1
431,6,752.13,563.40,86.75,244.55,0.6972,-1,-1,-1
431,5,1575.89,632.80,88.52,222.87,0.4194,-1,-1,-1
431,4,1722.70,461.42,72.03,208.56,0.5386,-1,-1,-1
431,3,989.37,928.60,85.92,149.95,0.6961,-1,-1,-1
432,44,792.79,147.71,57.87,173.03,0.4035,-1,-1,-1
432,41,959.95,583.03,72.54,207.34,0.6279,-1,-1,-1
432,39,1008.11,22.06,53.55,158.74,0.4158,-1,-1,-1
432,31,943.47,4.52,59.35,168.90,0.3583,-1,-1,-1
432,29,873.87,569.45,74.52,224.20,0.6109,-1,-1,-1
432,25,377.07,650.01,74.13,238.73,0.7335,-1,-1,-1
432,18,444.64,228.25,75.91,196.96,0.5822,-1,-1,-1
432,8,278.86,623.09,92.03,250.64,0.7416,-1,-1,-1
432,6,753.64,564.36,86.76,246.32,0.7277,-1,-1,-1
432,5,1574.11,626.67,90.44,229.88,0.4538,-1,-1,-1
432,4,1721.66,462.13,72.39,206.02,0.5636,-1,-1,-1
432,3,991.77,927.03,83.51,151.53,0.7004,-1,-1,-1
433,44,793.78,147.70,57.31,173.35,0.3871,-1,-1,-1
433,41,962.99,583.70,70.84,210.64,0.5933,-1,-1,-1
433,39,1007.61,20.94,54.43,159.89,0.4051,-1,-1,-1
433,31,942.65,3.72,60.04,170.51,0.4322,-1,-1,-1
433,29,875.98,570.27,74.68,220.78,0.6073,-1,-1,-1
433,25,375.88,651.78,74.04,237.91,0.7008,-1,-1,-1
433,18,444.40,227.41,76.41,197.61,0.6030,-1,-1,-1
433,8,279.18,622.35,89.05,249.01,0.7520,-1,-1,-1
433,6,755.04,564.82,86.20,249.30,0.7084,-1,-1,-1
433,5,1574.37,626.11,87.86,228.99,0.3974,-1,-1,-1
433,4,1722.24,463.31,74.94,204.40,0.5229,-1,-1,-1
433,3,993.03,927.82,83.52,150.43,0.6880,-1,-1,-1
434,44,793.42,148.92,57.51,171.37,0.4267,-1,-1,-1
434,41,963.04,586.28,72.31,211.84,0.6033,-1,-1,-1
434,39,1007.58,21.15,54.69,158.52,0.4217,-1,-1,-1
434,31,942.88,3.59,58.31,169.79,0.4260,-1,-1,-1
434,29,879.27,571.12,73.69,221.88,0.6040,-1,-1,-1
434,25,373.11,652.51,77.00,237.20,0.7259,-1,-1,-1
434,18,445.27,226.72,75.36,198.47,0.5980,-1,-1,-1
434,8,278.77,623.75,89.16,248.23,0.7394,-1,-1,-1
434,6,756.60,566.48,84.66,249.08,0.7278,-1,-1,-1
434,5,1574.36,631.08,87.59,223.60,0.3822,-1,-1,-1
434,4,1724.09,464.74,72.22,202.61,0.4752,-1,-1,-1
434,3,995.18,928.01,83.23,149.95,0.7313,-1,-1,-1
435,44,794.13,147.80,56.02,172.02,0.3996,-1,-1,-1
435,41,965.37,587.17,70.00,218.19,0.6068,-1,-1,-1
435,39,1006.66,20.22,56.10,159.14,0.3906,-1,-1,-1
435,33,1312.26,520.74,85.01,185.44,0.3752,-1,-1,-1
435,31,942.87,4.68,57.54,167.35,0.4247,-1,-1,-1
435,29,879.14,572.02,76.07,219.22,0.6102,-1,-1,-1
435,25,370.63,652.60,77.52,238.92,0.7218,-1,-1,-1
435,18,444.90,225.94,75.50,199.29,0.6002,-1,-1,-1
435,8,278.12,624.53,89.05,248.63,0.7551,-1,-1,-1
435,6,758.68,566.34,81.79,249.62,0.7071,-1,-1,-1
435,5,1573.80,629.86,86.82,224.44,0.3787,-1,-1,-1
435,4,1723.94,464.81,72.62,203.91,0.4900,-1,-1,-1
435,3,997.37,926.42,82.51,151.57,0.7078,-1,-1,-1
436,44,792.66,149.07,57.82,170.93,0.4053,-1,-1,-1
436,41,967.74,587.82,69.70,224.32,0.6192,-1,-1,-1
436,39,1006.40,19.21,56.24,157.19,0.3970,-1,-1,-1
436,33,1315.73,521.87,85.46,181.61,0.4847,-1,-1,-1
436,31,943.69,2.70,56.72,169.46,0.4331,-1,-1,-1
436,29,880.00,573.43,74.77,208.61,0.6297,-1,-1,-1
436,25,368.67,653.58,76.66,237.41,0.7308,-1,-1,-1
436,18,444.84,225.29,75.39,200.38,0.6234,-1,-1,-1
436,8,276.76,625.45,89.36,252.44,0.7628,-1,-1,-1
436,6,759.69,566.58,80.49,250.65,0.6874,-1,-1,-1
436,5,1574.79,636.99,81.49,215.40,0.3284,-1,-1,-1
436,4,1724.65,466.30,71.78,201.18,0.4647,-1,-1,-1
436,3,998.88,926.37,83.76,151.25,0.6921,-1,-1,-1
437,44,793.82,148.64,56.36,171.14,0.3988,-1,-1,-1
437,41,967.49,589.94,69.07,224.14,0.6098,-1,-1,-1
437,39,1005.96,18.09,56.72,157.73,0.4092,-1,-1,-1
437,33,1320.70,527.32,79.27,177.60,0.4393,-1,-1,-1
437,31,942.91,3.26,56.27,165.91,0.4459,-1,-1,-1
437,29,883.12,573.42,71.95,218.74,0.6405,-1,-1,-1
437,25,368.20,654.80,76.29,235.78,0.7368,-1,-1,-1
437,18,446.50,223.82,73.07,199.78,0.6126,-1,-1,-1
437,8,275.25,627.73,89.97,257.51,0.7761,-1,-1,-1
437,6,760.42,566.70,80.59,251.19,0.6857,-1,-1,-1
437,5,1574.76,638.85,79.88,213.39,0.3288,-1,-1,-1
437,4,1723.47,465.68,73.46,200.49,0.5040,-1,-1,-1
437,3,1000.75,924.88,84.05,152.92,0.7147,-1,-1,-1
438,44,792.64,148.58,58.14,170.57,0.4230,-1,-1,-1
438,41,966.85,592.02,72.12,225.58,0.5802,-1,-1,-1
438,39,1005.90,15.97,56.26,157.78,0.3378,-1,-1,-1
438,33,1323.41,531.18,81.00,175.06,0.3244,-1,-1,-1
438,31,942.71,1.92,55.84,165.29,0.4116,-1,-1,-1
438,29,881.18,574.83,75.67,225.08,0.6692,-1,-1,-1
438,25,367.59,656.34,74.20,235.96,0.7400,-1,-1,-1
438,18,447.04,225.00,72.72,198.01,0.6169,-1,-1,-1
438,8,273.54,630.69,89.71,261.50,0.7685,-1,-1,-1
438,6,762.71,567.33,78.11,251.78,0.6778,-1,-1,-1
438,5,1573.15,634.61,75.23,217.58,0.3567,-1,-1,-1
438,4,1722.97,463.55,71.28,205.02,0.5338,-1,-1,-1
438,3,1004.13,925.72,83.20,152.27,0.7074,-1,-1,-1
439,44,792.91,147.31,58.09,172.62,0.4346,-1,-1,-1
439,41,966.69,595.50,72.45,224.59,0.5639,-1,-1,-1
439,39,1006.42,14.59,56.03,156.65,0.3243,-1,-1,-1
439,31,942.55,0.00,54.66,164.95,0.4091,-1,-1,-1
439,29,882.34,575.72,76.69,226.52,0.6674,-1,-1,-1
439,25,365.54,656.89,75.65,236.26,0.7631,-1,-1,-1
439,18,448.32,224.34,71.76,199.94,0.6163,-1,-1,-1
439,8,275.37,631.54,84.98,262.76,0.7552,-1,-1,-1
439,6,764.56,568.84,77.08,250.36,0.6473,-1,-1,-1
439,5,1572.36,636.94,72.48,216.58,0.3071,-1,-1,-1
439,4,1722.67,461.28,71.20,205.57,0.5581,-1,-1,-1
439,3,1005.93,925.66,84.46,152.70,0.6936,-1,-1,-1
440,44,794.36,147.12,56.18,172.42,0.4461,-1,-1,-1
440,41,966.59,596.92,74.55,223.97,0.5855,-1,-1,-1
440,39,1006.04,13.11,56.22,155.90,0.3648,-1,-1,-1
440,31,941.61,0.00,54.82,160.30,0.4347,-1,-1,-1
440,29,883.10,576.40,77.13,225.30,0.6685,-1,-1,-1
440,25,367.55,656.84,72.25,242.40,0.7499,-1,-1,-1
440,18,447.21,223.10,73.11,199.24,0.6125,-1,-1,-1
440,8,271.62,634.06,89.58,261.84,0.7626,-1,-1,-1
440,6,767.17,568.79,75.49,249.70,0.6697,-1,-1,-1
440,4,1723.52,460.94,70.64,205.51,0.6073,-1,-1,-1
440,3,1007.34,925.40,85.59,152.87,0.6976,-1,-1,-1
441,44,792.95,147.69,57.11,171.47,0.4631,-1,-1,-1
441,41,964.48,599.22,77.08,220.98,0.5208,-1,-1,-1
441,39,1005.32,13.31,56.16,152.16,0.3683,-1,-1,-1
441,33,1344.35,529.75,69.55,197.24,0.3899,-1,-1,-1
441,31,941.68,0.00,54.82,158.61,0.4092,-1,-1,-1
441,29,886.70,576.74,72.13,216.29,0.6603,-1,-1,-1
441,25,365.78,659.66,72.55,246.99,0.7759,-1,-1,-1
441,18,447.10,220.16,72.44,200.08,0.6137,-1,-1,-1
441,8,269.75,636.71,90.70,258.79,0.7676,-1,-1,-1
441,6,771.31,570.09,69.56,250.55,0.6541,-1,-1,-1
441,4,1723.49,459.54,70.61,206.82,0.5941,-1,-1,-1
441,3,1009.95,924.20,84.98,154.62,0.7326,-1,-1,-1
442,44,793.76,147.75,55.54,171.18,0.4319,-1,-1,-1
442,41,966.51,599.57,75.54,220.60,0.5366,-1,-1,-1
442,39,1004.74,12.28,56.37,153.43,0.3804,-1,-1,-1
442,33,1362.76,525.98,57.95,199.32,0.3800,-1,-1,-1
442,31,940.87,0.00,55.87,155.83,0.4221,-1,-1,-1
442,29,886.73,577.90,73.94,216.85,0.6407,-1,-1,-1
442,25,362.77,662.89,74.55,245.20,0.7717,-1,-1,-1
442,18,447.13,218.44,72.07,196.69,0.5457,-1,-1,-1
442,8,266.42,638.94,90.70,260.44,0.7725,-1,-1,-1
442,6,774.60,570.76,67.45,251.22,0.6385,-1,-1,-1
442,4,1724.80,459.29,69.00,207.98,0.5859,-1,-1,-1
442,3,1011.60,924.35,85.53,154.05,0.7428,-1,-1,-1
443,44,793.91,147.63,55.40,172.25,0.4222,-1,-1,-1
443,41,967.06,601.48,74.23,220.52,0.4744,-1,-1,-1
443,39,1004.57,12.40,56.81,154.01,0.3921,-1,-1,-1
443,33,1361.65,526.65,65.31,207.57,0.4464,-1,-1,-1
443,31,937.65,0.13,57.32,156.73,0.4314,-1,-1,-1
443,29,884.22,580.63,77.90,230.79,0.6014,-1,-1,-1
443,25,359.30,665.89,76.41,245.37,0.7664,-1,-1,-1
443,18,447.83,217.28,72.03,193.54,0.5327,-1,-1,-1
443,8,262.18,641.01,91.75,260.65,0.7559,-1,-1,-1
443,6,776.35,570.63,68.42,249.55,0.6225,-1,-1,-1
443,4,1724.94,459.53,68.87,207.51,0.5817,-1,-1,-1
443,3,1012.96,924.51,86.36,154.57,0.7339,-1,-1,-1
444,44,792.23,147.22,56.14,171.71,0.4180,-1,-1,-1
444,41,966.46,602.63,76.02,219.53,0.4650,-1,-1,-1
444,39,1004.71,12.43,56.59,152.40,0.3932,-1,-1,-1
444,31,938.25,0.00,56.22,157.97,0.4114,-1,-1,-1
444,29,885.92,583.21,75.15,230.54,0.6191,-1,-1,-1
444,25,358.68,668.55,75.82,246.94,0.7727,-1,-1,-1
444,18,445.99,215.36,73.53,190.66,0.5118,-1,-1,-1
444,8,258.90,643.64,93.63,257.65,0.7693,-1,-1,-1
444,6,779.03,570.76,67.53,252.75,0.6437,-1,-1,-1
444,4,1725.35,458.92,68.75,208.41,0.5792,-1,-1,-1
444,3,1015.58,925.09,84.93,154.21,0.7499,-1,-1,-1
445,44,793.40,148.08,55.03,172.67,0.4052,-1,-1,-1
445,41,966.34,602.14,76.95,221.54,0.5783,-1,-1,-1
445,39,1005.70,11.49,56.04,158.00,0.3943,-1,-1,-1
445,31,940.19,0.00,55.53,156.57,0.4246,-1,-1,-1
445,29,884.97,584.69,75.94,229.05,0.6495,-1,-1,-1
445,25,358.62,672.73,74.49,242.35,0.7520,-1,-1,-1
445,18,444.72,213.91,73.80,191.07,0.5381,-1,-1,-1
445,8,256.18,643.71,93.87,256.88,0.7530,-1,-1,-1
445,6,779.65,571.47,70.86,251.56,0.6490,-1,-1,-1
445,4,1724.35,458.06,69.31,208.21,0.5720,-1,-1,-1
445,3,1016.14,923.60,85.12,155.89,0.7428,-1,-1,-1
446,44,793.76,147.70,54.04,172.64,0.3862,-1,-1,-1
446,41,964.34,603.31,78.46,218.44,0.5983,-1,-1,-1
446,39,1004.48,11.93,56.54,154.75,0.3794,-1,-1,-1
446,31,942.03,0.00,52.91,154.22,0.4126,-1,-1,-1
446,29,884.18,586.45,77.47,236.85,0.6290,-1,-1,-1
446,25,356.69,674.84,74.31,245.23,0.7413,-1,-1,-1
446,18,444.23,212.11,73.50,192.57,0.5337,-1,-1,-1
446,8,252.83,645.34,96.00,255.65,0.7525,-1,-1,-1
446,6,782.33,572.13,72.17,249.30,0.6336,-1,-1,-1
446,4,1724.81,457.74,68.57,209.18,0.5621,-1,-1,-1
446,3,1019.33,923.51,82.77,154.83,0.7476,-1,-1,-1
447,44,792.73,149.09,58.85,171.71,0.3549,-1,-1,-1
447,41,967.73,608.21,76.20,209.08,0.5586,-1,-1,-1
447,39,1004.82,11.78,55.75,154.48,0.3485,-1,-1,-1
447,31,942.15,0.00,51.68,154.06,0.3909,-1,-1,-1
447,29,884.29,589.10,76.94,235.64,0.6179,-1,-1,-1
447,25,355.13,676.52,74.82,244.34,0.7558,-1,-1,-1
447,18,444.26,210.85,72.94,194.35,0.5189,-1,-1,-1
447,8,252.02,647.24,97.01,254.53,0.7631,-1,-1,-1
447,6,784.76,572.30,72.81,248.47,0.6372,-1,-1,-1
447,4,1721.55,458.36,71.78,209.57,0.5633,-1,-1,-1
447,3,1020.06,921.62,82.57,157.91,0.7502,-1,-1,-1
448,44,794.15,148.99,56.49,171.26,0.3676,-1,-1,-1
448,41,967.53,608.07,76.35,212.16,0.6535,-1,-1,-1
448,39,1004.62,12.15,55.61,154.64,0.4224,-1,-1,-1
448,31,940.59,0.00,52.32,154.26,0.4617,-1,-1,-1
448,29,882.26,590.90,80.21,243.28,0.6490,-1,-1,-1
448,25,353.85,678.39,73.91,243.10,0.7588,-1,-1,-1
448,18,441.88,210.75,73.96,193.47,0.5449,-1,-1,-1
448,8,250.92,647.54,96.29,253.43,0.7708,-1,-1,-1
448,6,786.08,571.92,76.47,248.47,0.6542,-1,-1,-1
448,4,1719.95,458.06,73.50,209.72,0.5691,-1,-1,-1
448,3,1022.34,921.21,80.48,157.79,0.7503,-1,-1,-1
449,44,793.27,149.05,57.91,171.43,0.3745,-1,-1,-1
449,41,966.05,610.00,79.23,210.86,0.6530,-1,-1,-1
449,39,1005.04,12.22,55.08,153.68,0.3974,-1,-1,-1
449,31,938.38,0.00,52.85,154.73,0.4382,-1,-1,-1
449,29,881.81,593.67,81.79,246.02,0.6602,-1,-1,-1
449,25,350.21,678.73,76.07,242.67,0.7631,-1,-1,-1
449,18,442.86,210.03,72.47,193.40,0.5246,-1,-1,-1
449,8,251.71,647.82,95.09,252.77,0.7615,-1,-1,-1
449,6,786.80,572.88,77.16,247.56,0.6557,-1,-1,-1
449,4,1723.19,457.15,74.39,209.64,0.5463,-1,-1,-1
449,3,1023.05,922.17,80.62,156.91,0.7503,-1,-1,-1
450,44,794.17,148.74,56.45,171.69,0.3730,-1,-1,-1
450,41,969.20,611.22,76.12,211.75,0.6560,-1,-1,-1
450,39,1004.98,11.88,55.44,153.01,0.3958,-1,-1,-1
450,31,938.71,0.00,52.24,153.65,0.4798,-1,-1,-1
450,29,881.64,594.11,82.91,245.48,0.6524,-1,-1,-1
450,25,347.78,678.49,78.24,243.06,0.7611,-1,-1,-1
450,18,442.75,209.50,71.69,194.66,0.5355,-1,-1,-1
450,8,249.32,650.02,96.30,248.76,0.7589,-1,-1,-1
450,6,787.49,573.72,77.80,246.41,0.6380,-1,-1,-1
450,4,1723.26,457.39,73.44,209.84,0.5643,-1,-1,-1
450,3,1024.47,920.44,79.16,158.05,0.7473,-1,-1,-1
451,44,796.25,149.03,50.79,170.28,0.3656,-1,-1,-1
451,41,971.78,612.24,74.92,217.55,0.6074,-1,-1,-1
451,39,1004.92,12.60,54.99,153.40,0.3784,-1,-1,-1
451,33,1408.59,543.89,62.95,147.74,0.3229,-1,-1,-1
451,31,938.20,0.00,52.93,154.37,0.4594,-1,-1,-1
451,29,881.54,597.43,82.17,242.72,0.6083,-1,-1,-1
451,25,346.13,680.11,77.42,244.03,0.7554,-1,-1,-1
451,18,440.47,209.38,73.57,193.96,0.5075,-1,-1,-1
451,8,250.32,652.01,92.18,246.12,0.7250,-1,-1,-1
451,6,789.39,575.55,75.53,243.73,0.6336,-1,-1,-1
451,4,1718.81,458.32,74.70,208.51,0.5198,-1,-1,-1
451,3,1026.04,922.24,78.01,157.66,0.7441,-1,-1,-1
452,44,796.51,148.27,50.76,169.99,0.3510,-1,-1,-1
452,41,972.54,614.03,76.70,221.19,0.6033,-1,-1,-1
452,39,1004.59,12.49,54.99,152.44,0.3807,-1,-1,-1
452,33,1413.09,542.62,71.03,154.27,0.3926,-1,-1,-1
452,31,938.06,0.00,52.74,157.26,0.4920,-1,-1,-1
452,29,885.10,597.99,79.29,243.92,0.6396,-1,-1,-1
452,25,342.92,680.13,79.94,241.55,0.7864,-1,-1,-1
452,18,440.07,208.26,74.31,195.48,0.4624,-1,-1,-1
452,8,249.99,653.53,91.42,250.85,0.7523,-1,-1,-1
452,6,792.11,575.51,75.12,245.33,0.6452,-1,-1,-1
452,5,1558.62,620.89,65.55,230.05,0.4189,-1,-1,-1
452,4,1718.70,458.58,75.03,208.54,0.5368,-1,-1,-1
452,3,1027.09,922.09,77.21,157.91,0.7644,-1,-1,-1
453,49,1662.84,359.07,68.01,196.83,0.3649,-1,-1,-1
453,44,795.19,147.76,51.13,172.86,0.3074,-1,-1,-1
453,41,972.71,617.26,77.10,221.18,0.6078,-1,-1,-1
453,39,1004.84,11.85,54.92,152.75,0.4048,-1,-1,-1
453,33,1423.52,544.20,69.42,155.27,0.3842,-1,-1,-1
453,31,937.69,0.00,52.53,156.11,0.5077,-1,-1,-1
453,29,889.47,599.70,75.60,241.05,0.6336,-1,-1,-1
453,25,341.49,680.34,80.58,241.29,0.7833,-1,-1,-1
453,18,440.85,208.57,71.83,195.87,0.4323,-1,-1,-1
453,8,249.49,656.38,90.40,253.38,0.7496,-1,-1,-1
453,6,794.72,577.41,76.00,245.03,0.6392,-1,-1,-1
453,5,1545.31,616.82,81.47,234.07,0.4656,-1,-1,-1
453,4,1718.06,459.01,75.72,208.34,0.5330,-1,-1,-1
453,3,1027.55,921.49,76.96,158.51,0.7542,-1,-1,-1
454,49,1661.17,359.95,66.40,189.43,0.4130,-1,-1,-1
454,44,795.02,148.12,54.35,171.24,0.3314,-1,-1,-1
454,41,977.40,618.95,72.98,220.04,0.6460,-1,-1,-1
454,39,1005.59,11.09,53.86,153.82,0.4114,-1,-1,-1
454,33,1425.76,543.60,69.16,158.15,0.3616,-1,-1,-1
454,31,937.03,0.00,53.04,155.78,0.5303,-1,-1,-1
454,29,883.40,600.38,82.73,240.34,0.6420,-1,-1,-1
454,25,339.92,681.39,82.87,240.59,0.7978,-1,-1,-1
454,18,445.10,208.06,66.91,197.22,0.4465,-1,-1,-1
454,8,247.94,657.27,91.95,256.33,0.7523,-1,-1,-1
454,6,796.32,578.18,73.50,243.80,0.6218,-1,-1,-1
454,5,1558.89,622.46,64.20,229.19,0.4476,-1,-1,-1
454,4,1715.97,457.69,77.57,208.53,0.5620,-1,-1,-1
454,3,1026.91,921.01,77.76,158.99,0.7554,-1,-1,-1
455,49,1661.43,359.22,65.32,191.12,0.3726,-1,-1,-1
455,44,793.44,147.98,56.14,171.16,0.3229,-1,-1,-1
455,41,977.09,622.10,76.49,215.66,0.6438,-1,-1,-1
455,39,1005.86,10.71,53.69,152.79,0.4320,-1,-1,-1
455,31,937.65,0.14,51.55,155.26,0.5349,-1,-1,-1
455,29,885.91,601.18,80.47,235.13,0.6322,-1,-1,-1
455,25,339.87,683.04,79.81,242.74,0.7862,-1,-1,-1
455,18,441.46,203.94,71.49,198.07,0.4562,-1,-1,-1
455,8,246.77,658.20,93.74,259.69,0.7570,-1,-1,-1
455,6,796.94,579.74,75.35,242.46,0.6466,-1,-1,-1
455,5,1540.65,614.61,84.05,236.25,0.4995,-1,-1,-1
455,4,1715.25,457.79,78.66,210.13,0.5585,-1,-1,-1
455,3,1028.20,922.09,77.26,157.91,0.7530,-1,-1,-1
456,49,1658.91,359.38,66.09,192.20,0.3945,-1,-1,-1
456,44,793.94,145.64,55.96,173.17,0.3079,-1,-1,-1
456,41,979.05,623.81,76.33,220.29,0.6813,-1,-1,-1
456,39,1006.22,9.22,53.31,153.39,0.4680,-1,-1,-1
456,31,937.93,0.00,51.20,154.22,0.5444,-1,-1,-1
456,29,885.02,601.60,84.21,235.91,0.6556,-1,-1,-1
456,25,337.46,684.46,80.74,247.40,0.7767,-1,-1,-1
456,18,443.74,203.81,67.26,198.27,0.5160,-1,-1,-1
456,8,245.86,660.63,93.32,262.11,0.7580,-1,-1,-1
456,6,798.27,581.21,74.21,241.12,0.6531,-1,-1,-1
456,5,1551.10,614.86,73.42,236.61,0.4735,-1,-1,-1
456,4,1716.22,458.01,77.32,209.70,0.5724,-1,-1,-1
456,3,1028.49,921.95,77.96,158.05,0.7452,-1,-1,-1
457,49,1658.94,359.66,64.99,188.88,0.4068,-1,-1,-1
457,44,791.75,145.20,58.53,175.09,0.3203,-1,-1,-1
457,41,980.22,624.82,75.09,222.13,0.6710,-1,-1,-1
457,39,1006.23,9.21,53.37,150.01,0.4523,-1,-1,-1
457,31,937.83,0.00,51.12,152.57,0.5351,-1,-1,-1
457,29,886.81,602.50,83.82,237.47,0.6550,-1,-1,-1
457,25,336.04,688.52,79.08,249.33,0.7936,-1,-1,-1
457,18,444.84,201.31,65.86,198.28,0.5365,-1,-1,-1
457,8,244.19,662.79,94.96,262.00,0.7618,-1,-1,-1
457,6,800.18,581.41,71.78,241.61,0.6694,-1,-1,-1
457,5,1550.73,614.50,73.37,238.67,0.4570,-1,-1,-1
457,4,1715.13,458.12,78.69,209.15,0.6014,-1,-1,-1
457,3,1028.30,922.16,78.31,157.84,0.7306,-1,-1,-1
458,49,1657.39,358.52,63.66,189.95,0.4434,-1,-1,-1
458,44,796.73,145.71,53.26,173.79,0.3023,-1,-1,-1
458,41,980.21,625.26,78.00,222.38,0.6745,-1,-1,-1
458,39,1005.95,8.16,54.15,148.00,0.4154,-1,-1,-1
458,31,935.81,0.00,52.93,151.59,0.4901,-1,-1,-1
458,29,894.53,603.88,77.65,239.12,0.6843,-1,-1,-1
458,25,335.25,691.90,78.88,247.54,0.7932,-1,-1,-1
458,18,446.21,199.64,64.11,194.76,0.5324,-1,-1,-1
458,8,242.98,665.77,96.59,262.10,0.7638,-1,-1,-1
458,6,801.92,583.69,74.53,240.70,0.6580,-1,-1,-1
458,5,1551.13,613.94,72.58,238.23,0.4586,-1,-1,-1
458,4,1714.99,458.19,79.15,210.23,0.5692,-1,-1,-1
458,3,1028.11,921.59,79.74,158.41,0.7399,-1,-1,-1
459,50,1836.36,382.57,74.66,200.76,0.3713,-1,-1,-1
459,49,1655.30,357.00,63.96,189.59,0.3803,-1,-1,-1
459,41,980.87,627.67,79.63,221.38,0.6880,-1,-1,-1
459,39,1007.91,7.09,51.89,145.59,0.3972,-1,-1,-1
459,31,935.84,0.01,52.68,147.73,0.4692,-1,-1,-1
459,29,896.31,605.62,77.06,238.14,0.6817,-1,-1,-1
459,25,334.54,695.69,76.92,245.79,0.8079,-1,-1,-1
459,18,445.79,196.72,64.69,193.10,0.4998,-1,-1,-1
459,8,242.54,668.04,96.16,265.61,0.7722,-1,-1,-1
459,6,803.88,583.94,76.31,240.71,0.6427,-1,-1,-1
459,5,1551.51,614.38,70.77,238.16,0.4911,-1,-1,-1
459,4,1717.68,458.41,76.18,209.33,0.5415,-1,-1,-1
459,3,1027.54,921.22,80.67,158.64,0.7317,-1,-1,-1
460,50,1830.98,378.97,79.00,209.59,0.3332,-1,-1,-1
460,44,795.84,146.07,54.18,173.47,0.3154,-1,-1,-1
460,41,982.38,628.17,78.41,220.62,0.6732,-1,-1,-1
460,39,1008.33,5.47,51.03,146.89,0.4397,-1,-1,-1
460,31,933.89,0.13,55.42,147.20,0.5074,-1,-1,-1
460,29,897.94,607.08,78.21,240.54,0.7081,-1,-1,-1
460,25,334.58,698.98,77.29,242.06,0.8114,-1,-1,-1
460,18,444.89,195.32,66.34,189.92,0.5147,-1,-1,-1
460,8,242.35,668.15,96.38,267.64,0.7748,-1,-1,-1
460,6,805.79,583.84,78.54,240.96,0.6627,-1,-1,-1
460,5,1552.49,616.24,67.93,236.87,0.4470,-1,-1,-1
460,4,1717.88,456.81,75.90,211.66,0.5460,-1,-1,-1
460,3,1027.75,921.44,80.88,158.53,0.7357,-1,-1,-1
461,50,1826.74,379.14,76.48,201.05,0.3260,-1,-1,-1
461,44,796.84,145.32,53.63,173.73,0.3444,-1,-1,-1
461,41,983.02,629.28,78.75,220.86,0.6592,-1,-1,-1
461,39,1007.61,5.40,52.27,148.65,0.4040,-1,-1,-1
461,31,933.96,1.18,55.41,145.02,0.4425,-1,-1,-1
461,29,898.65,610.00,78.97,240.12,0.7098,-1,-1,-1
461,25,334.71,702.35,77.11,244.99,0.8070,-1,-1,-1
461,18,444.78,193.32,65.91,190.06,0.5134,-1,-1,-1
461,8,241.82,669.99,98.27,266.04,0.7844,-1,-1,-1
461,6,807.83,582.87,79.43,240.54,0.6707,-1,-1,-1
461,5,1551.35,612.89,68.43,239.05,0.4318,-1,-1,-1
461,4,1719.88,457.69,74.14,209.94,0.5476,-1,-1,-1
461,3,1027.62,921.84,81.48,158.16,0.7370,-1,-1,-1
462,50,1825.21,377.45,87.96,209.07,0.3081,-1,-1,-1
462,44,798.29,145.50,51.81,173.90,0.3497,-1,-1,-1
462,41,983.98,630.72,79.62,218.86,0.6691,-1,-1,-1
462,39,1007.66,4.77,52.52,149.57,0.3999,-1,-1,-1
462,31,933.13,3.71,56.81,142.17,0.3589,-1,-1,-1
462,29,899.30,611.54,79.28,239.36,0.7149,-1,-1,-1
462,25,332.57,703.68,79.30,248.46,0.8078,-1,-1,-1
462,18,443.70,192.90,66.91,189.42,0.5095,-1,-1,-1
462,8,242.55,671.64,93.57,264.08,0.7664,-1,-1,-1
462,6,809.45,583.29,81.90,242.61,0.6680,-1,-1,-1
462,5,1554.64,620.42,64.24,231.98,0.3267,-1,-1,-1
462,4,1720.53,455.03,74.08,214.02,0.5330,-1,-1,-1
462,3,1027.49,921.62,80.95,158.29,0.7502,-1,-1,-1
463,50,1820.65,376.09,75.30,201.68,0.3666,-1,-1,-1
463,44,796.74,144.45,53.80,174.49,0.3640,-1,-1,-1
463,41,986.76,631.02,77.88,214.94,0.6909,-1,-1,-1
463,39,1006.55,4.36,54.30,150.51,0.4366,-1,-1,-1
463,31,934.34,3.55,55.22,141.68,0.4158,-1,-1,-1
463,29,901.08,613.81,78.65,235.31,0.7074,-1,-1,-1
463,25,332.16,703.96,79.30,249.71,0.8069,-1,-1,-1
463,18,443.97,194.41,67.80,188.17,0.4820,-1,-1,-1
463,8,242.46,673.60,92.66,264.49,0.7678,-1,-1,-1
463,6,810.75,583.35,85.03,243.23,0.6873,-1,-1,-1
463,5,1553.28,613.84,65.56,238.06,0.3091,-1,-1,-1
463,4,1719.87,456.87,74.39,211.07,0.5609,-1,-1,-1
463,3,1027.27,921.33,81.13,158.67,0.7406,-1,-1,-1
464,50,1819.75,374.75,73.54,203.75,0.3435,-1,-1,-1
464,44,796.39,144.91,54.50,173.44,0.3762,-1,-1,-1
464,41,985.90,632.05,77.98,217.31,0.6623,-1,-1,-1
464,39,1006.55,3.14,54.63,152.15,0.4631,-1,-1,-1
464,31,934.47,2.14,55.16,143.53,0.3839,-1,-1,-1
464,29,902.75,616.24,77.55,233.64,0.6807,-1,-1,-1
464,25,334.68,705.47,75.76,250.78,0.8033,-1,-1,-1
464,18,444.02,191.54,70.92,191.04,0.4865,-1,-1,-1
464,8,241.03,675.42,96.32,264.14,0.7495,-1,-1,-1
464,6,811.70,584.62,89.02,244.82,0.6957,-1,-1,-1
464,4,1719.10,455.64,75.10,212.34,0.5240,-1,-1,-1
464,3,1026.78,920.98,81.48,159.02,0.7493,-1,-1,-1
465,50,1815.29,372.62,76.47,202.32,0.3464,-1,-1,-1
465,44,798.56,144.97,52.38,174.46,0.3961,-1,-1,-1
465,41,988.34,635.15,76.67,215.31,0.6510,-1,-1,-1
465,39,1006.55,4.32,54.82,150.25,0.4289,-1,-1,-1
465,31,934.31,2.42,55.63,142.84,0.4023,-1,-1,-1
465,29,903.47,618.34,78.74,230.75,0.6826,-1,-1,-1
465,25,335.48,706.49,72.32,250.51,0.7918,-1,-1,-1
465,18,442.83,191.52,72.75,191.73,0.5128,-1,-1,-1
465,8,240.15,677.60,95.82,260.13,0.7567,-1,-1,-1
465,6,812.18,585.37,91.11,243.36,0.6834,-1,-1,-1
465,4,1720.48,456.22,73.75,212.22,0.5300,-1,-1,-1
465,3,1026.23,922.11,81.29,157.89,0.7431,-1,-1,-1
466,50,1813.10,371.87,79.22,205.78,0.4136,-1,-1,-1
466,44,799.91,144.62,51.06,175.42,0.3832,-1,-1,-1
466,41,989.94,637.44,75.75,218.86,0.6284,-1,-1,-1
466,39,1006.19,2.88,55.44,150.76,0.4546,-1,-1,-1
466,31,936.85,1.81,53.00,142.71,0.4293,-1,-1,-1
466,29,904.02,620.77,79.33,232.35,0.6910,-1,-1,-1
466,25,334.47,706.47,72.83,249.28,0.7796,-1,-1,-1
466,18,443.49,191.19,72.18,190.55,0.5272,-1,-1,-1
466,8,240.06,679.55,87.77,255.82,0.7712,-1,-1,-1
466,6,811.46,584.41,93.70,243.24,0.7230,-1,-1,-1
466,4,1721.68,456.02,71.82,211.19,0.5420,-1,-1,-1
466,3,1026.25,922.42,81.49,157.58,0.7227,-1,-1,-1
467,50,1812.20,369.51,77.49,209.20,0.3938,-1,-1,-1
467,44,800.50,144.14,50.14,174.92,0.3323,-1,-1,-1
467,41,990.91,637.64,75.86,220.26,0.5960,-1,-1,-1
467,39,1006.42,4.06,55.96,149.89,0.4455,-1,-1,-1
467,31,937.69,3.19,52.06,142.73,0.4134,-1,-1,-1
467,29,904.58,621.34,79.25,237.42,0.7204,-1,-1,-1
467,25,334.82,706.65,71.57,249.59,0.7876,-1,-1,-1
467,18,444.80,191.38,72.62,189.78,0.5820,-1,-1,-1
467,8,238.53,680.65,88.99,250.48,0.7725,-1,-1,-1
467,6,809.81,586.54,96.13,241.70,0.7366,-1,-1,-1
467,4,1721.12,454.20,72.91,214.47,0.5508,-1,-1,-1
467,3,1025.96,922.30,82.07,155.83,0.7230,-1,-1,-1
468,50,1807.94,368.24,79.47,210.83,0.4675,-1,-1,-1
468,44,798.27,143.23,53.57,176.88,0.3719,-1,-1,-1
468,41,990.72,640.82,76.47,218.75,0.5695,-1,-1,-1
468,39,1005.73,4.01,56.38,149.37,0.4187,-1,-1,-1
468,31,937.69,4.11,52.65,141.18,0.4523,-1,-1,-1
468,29,906.35,622.30,78.80,232.74,0.6931,-1,-1,-1
468,25,334.08,708.41,71.71,245.75,0.7651,-1,-1,-1
468,18,447.86,191.04,69.82,189.06,0.5449,-1,-1,-1
468,8,236.68,681.17,89.60,251.96,0.7833,-1,-1,-1
468,6,809.73,584.66,98.10,247.33,0.7378,-1,-1,-1
468,4,1720.80,456.10,72.76,211.50,0.5401,-1,-1,-1
468,3,1026.70,922.61,81.17,155.49,0.7189,-1,-1,-1
469,50,1805.25,366.44,79.88,211.71,0.4942,-1,-1,-1
469,44,800.52,142.48,51.12,177.61,0.3494,-1,-1,-1
469,41,988.61,642.94,79.28,209.68,0.5487,-1,-1,-1
469,39,1005.08,2.99,57.65,150.63,0.3839,-1,-1,-1
469,31,936.68,3.51,54.62,140.92,0.4316,-1,-1,-1
469,29,907.99,623.26,78.32,230.21,0.6877,-1,-1,-1
469,25,332.91,710.71,73.24,246.93,0.7775,-1,-1,-1
469,18,449.25,189.33,68.86,188.80,0.5632,-1,-1,-1
469,8,233.96,683.61,92.36,252.75,0.7810,-1,-1,-1
469,6,809.35,584.80,100.09,249.72,0.7289,-1,-1,-1
469,4,1721.26,454.03,72.40,212.67,0.5331,-1,-1,-1
469,3,1027.66,922.86,79.06,155.52,0.7272,-1,-1,-1
470,50,1804.79,364.91,79.07,209.06,0.4627,-1,-1,-1
470,44,799.13,142.54,52.34,177.47,0.3897,-1,-1,-1
470,41,989.99,644.46,77.04,217.40,0.4779,-1,-1,-1
470,39,1004.90,1.37,57.30,151.58,0.3838,-1,-1,-1
470,31,936.37,2.53,54.54,142.08,0.3942,-1,-1,-1
470,29,910.46,624.47,76.95,227.38,0.6456,-1,-1,-1
470,25,331.19,712.25,73.58,245.28,0.7979,-1,-1,-1
470,18,447.82,188.26,71.03,190.03,0.5753,-1,-1,-1
470,8,233.27,686.15,92.02,255.74,0.7878,-1,-1,-1
470,6,808.47,584.94,101.34,253.19,0.7266,-1,-1,-1
470,4,1721.58,455.63,72.31,211.25,0.5309,-1,-1,-1
470,3,1025.98,922.27,80.43,156.41,0.7228,-1,-1,-1
471,50,1802.04,365.43,80.95,208.04,0.5083,-1,-1,-1
471,44,799.66,142.80,52.08,177.87,0.3670,-1,-1,-1
471,41,988.45,646.57,79.80,222.70,0.4892,-1,-1,-1
471,39,1004.60,1.81,55.65,150.53,0.4061,-1,-1,-1
471,31,937.56,3.10,53.19,140.54,0.4083,-1,-1,-1
471,29,911.72,624.85,77.98,220.92,0.5925,-1,-1,-1
471,25,328.08,714.51,75.91,244.59,0.8035,-1,-1,-1
471,18,450.39,185.03,68.52,194.08,0.5809,-1,-1,-1
471,8,231.16,687.98,94.64,260.83,0.7879,-1,-1,-1
471,6,808.46,585.64,103.39,256.01,0.7080,-1,-1,-1
471,4,1720.90,455.28,73.08,213.37,0.5357,-1,-1,-1
471,3,1025.44,923.89,79.87,156.11,0.7273,-1,-1,-1
472,50,1801.99,365.11,79.35,206.06,0.4961,-1,-1,-1
472,44,799.70,141.84,53.40,178.36,0.3950,-1,-1,-1
472,41,989.10,647.43,79.35,224.60,0.5039,-1,-1,-1
472,39,1003.92,0.00,55.36,152.10,0.4109,-1,-1,-1
472,31,936.12,2.99,54.61,140.42,0.3716,-1,-1,-1
472,29,913.46,625.83,76.55,221.55,0.6330,-1,-1,-1
472,25,327.31,716.61,76.69,246.14,0.8161,-1,-1,-1
472,18,451.72,183.92,67.02,195.22,0.5977,-1,-1,-1
472,8,229.86,690.28,94.43,265.11,0.7862,-1,-1,-1
472,6,808.80,586.68,101.42,257.52,0.7266,-1,-1,-1
472,4,1719.91,455.44,74.28,213.54,0.5550,-1,-1,-1
472,3,1025.63,924.38,78.84,155.62,0.7044,-1,-1,-1
473,50,1798.38,363.82,82.82,207.55,0.4848,-1,-1,-1
473,44,801.78,145.34,50.10,174.82,0.3747,-1,-1,-1
473,41,990.03,648.66,78.13,223.87,0.5345,-1,-1,-1
473,39,1003.52,0.00,56.93,152.75,0.3402,-1,-1,-1
473,31,936.64,3.44,53.95,139.75,0.3638,-1,-1,-1
473,29,913.88,627.16,77.91,228.09,0.6855,-1,-1,-1
473,25,324.90,721.01,78.12,248.04,0.8013,-1,-1,-1
473,18,451.41,181.16,68.39,190.87,0.5698,-1,-1,-1
473,8,227.96,693.65,95.31,265.06,0.7659,-1,-1,-1
473,6,808.37,587.14,99.49,257.62,0.7554,-1,-1,-1
473,4,1718.91,454.39,75.74,216.29,0.5502,-1,-1,-1
473,3,1023.91,925.60,80.52,154.40,0.7220,-1,-1,-1
474,50,1793.85,363.33,85.84,206.50,0.4758,-1,-1,-1
474,44,800.53,143.15,51.26,177.46,0.3934,-1,-1,-1
474,41,990.97,649.93,77.26,226.61,0.5520,-1,-1,-1
474,39,1002.65,0.00,57.21,152.41,0.3797,-1,-1,-1
474,31,936.85,3.06,54.03,140.30,0.3689,-1,-1,-1
474,29,913.66,627.72,80.01,227.06,0.6433,-1,-1,-1
474,25,323.49,723.67,78.67,251.21,0.7887,-1,-1,-1
474,18,453.53,178.80,66.74,189.82,0.5180,-1,-1,-1
474,8,226.26,694.60,96.10,268.78,0.7615,-1,-1,-1
474,6,808.17,587.82,98.40,256.98,0.7582,-1,-1,-1
474,4,1716.96,455.15,77.28,215.04,0.5405,-1,-1,-1
474,3,1024.87,924.86,79.07,154.66,0.7103,-1,-1,-1
475,50,1792.27,363.67,85.81,206.78,0.4800,-1,-1,-1
475,44,802.10,143.73,49.92,176.91,0.3919,-1,-1,-1
475,41,992.24,652.58,77.21,224.49,0.5988,-1,-1,-1
475,39,1002.41,0.00,55.39,150.34,0.3840,-1,-1,-1
475,31,936.61,3.07,53.65,141.66,0.3577,-1,-1,-1
475,29,916.09,629.76,77.38,234.02,0.6724,-1,-1,-1
475,25,322.13,726.63,78.92,251.67,0.7799,-1,-1,-1
475,18,454.06,180.89,64.44,184.90,0.5142,-1,-1,-1
475,8,224.76,697.21,95.48,270.50,0.7568,-1,-1,-1
475,6,808.25,588.70,96.14,255.79,0.7549,-1,-1,-1
475,4,1715.14,455.68,81.60,214.43,0.5226,-1,-1,-1
475,3,1025.12,925.36,77.54,154.32,0.7106,-1,-1,-1
476,50,1786.69,362.69,88.21,208.37,0.4436,-1,-1,-1
476,44,802.53,142.61,49.55,177.05,0.4347,-1,-1,-1
476,41,996.17,654.57,72.95,222.18,0.5622,-1,-1,-1
476,39,1001.75,0.00,55.32,146.98,0.3116,-1,-1,-1
476,31,936.87,3.28,53.39,141.69,0.3190,-1,-1,-1
476,29,915.82,631.34,78.66,231.03,0.6062,-1,-1,-1
476,25,321.54,728.23,78.19,249.87,0.7720,-1,-1,-1
476,18,453.51,179.92,65.38,184.52,0.5313,-1,-1,-1
476,8,224.00,700.40,95.35,268.67,0.7453,-1,-1,-1
476,6,807.96,589.09,93.15,255.88,0.7435,-1,-1,-1
476,4,1712.48,456.26,84.04,213.66,0.5007,-1,-1,-1
476,3,1024.12,926.50,78.58,153.24,0.7220,-1,-1,-1
477,50,1788.07,361.89,85.56,207.16,0.5030,-1,-1,-1
477,44,801.71,145.67,50.64,174.64,0.4653,-1,-1,-1
477,41,997.42,656.10,71.23,221.50,0.5802,-1,-1,-1
477,29,915.67,633.78,80.72,230.23,0.6560,-1,-1,-1
477,25,320.12,730.46,77.76,252.07,0.7651,-1,-1,-1
477,18,450.42,174.93,69.39,189.69,0.5389,-1,-1,-1
477,8,222.74,701.93,94.72,266.25,0.7466,-1,-1,-1
477,6,808.31,589.97,90.64,254.62,0.7751,-1,-1,-1
477,4,1712.98,457.29,83.82,211.89,0.5117,-1,-1,-1
477,3,1023.73,926.91,78.63,153.09,0.7132,-1,-1,-1
478,50,1791.54,360.00,80.00,206.09,0.4618,-1,-1,-1
478,44,802.11,145.82,50.54,174.55,0.4711,-1,-1,-1
478,41,998.64,656.32,71.11,220.09,0.5606,-1,-1,-1
478,39,1001.75,1.32,53.43,146.26,0.3089,-1,-1,-1
478,31,937.81,4.78,51.61,139.25,0.3247,-1,-1,-1
478,29,913.04,635.46,83.01,229.12,0.6717,-1,-1,-1
478,25,320.39,732.99,77.49,252.93,0.7587,-1,-1,-1
478,18,453.66,178.23,66.12,184.43,0.5338,-1,-1,-1
478,8,220.22,703.29,95.95,265.54,0.7399,-1,-1,-1
478,6,807.53,590.40,88.04,254.74,0.7852,-1,-1,-1
478,4,1709.45,456.97,87.46,211.73,0.4690,-1,-1,-1
478,3,1023.15,928.59,78.24,151.41,0.7249,-1,-1,-1
479,50,1786.97,360.45,82.96,206.21,0.5371,-1,-1,-1
479,44,804.08,145.97,48.68,175.37,0.4559,-1,-1,-1
479,41,996.85,656.59,73.19,222.72,0.6310,-1,-1,-1
479,31,937.31,4.36,50.57,138.95,0.3320,-1,-1,-1
479,29,914.59,639.31,80.55,232.52,0.7043,-1,-1,-1
479,25,317.39,734.69,80.33,254.95,0.7568,-1,-1,-1
479,18,451.78,177.03,68.27,186.30,0.5663,-1,-1,-1
479,8,220.43,703.91,97.02,264.37,0.7294,-1,-1,-1
479,6,806.70,591.20,85.36,253.83,0.7852,-1,-1,-1
479,4,1711.27,457.54,86.18,210.58,0.4749,-1,-1,-1
479,3,1021.93,929.68,77.84,150.32,0.7201,-1,-1,-1
480,51,1730.24,169.82,60.45,169.21,0.3441,-1,-1,-1
480,50,1787.98,359.55,76.41,206.83,0.5208,-1,-1,-1
480,44,805.55,146.31,46.74,175.27,0.4213,-1,-1,-1
480,41,999.02,657.99,70.21,219.96,0.6109,-1,-1,-1
480,31,935.72,1.54,51.57,139.31,0.3024,-1,-1,-1
480,29,912.02,641.26,84.14,240.00,0.6705,-1,-1,-1
480,25,312.28,736.50,83.19,253.02,0.7508,-1,-1,-1
480,18,445.21,172.33,76.17,193.03,0.5283,-1,-1,-1
480,8,219.71,704.08,93.69,262.92,0.7458,-1,-1,-1
480,6,805.49,592.12,85.29,253.69,0.7777,-1,-1,-1
480,4,1694.69,456.64,104.15,210.21,0.3894,-1,-1,-1
480,3,1020.19,932.31,78.57,147.69,0.7370,-1,-1,-1
481,51,1729.79,169.72,62.46,170.52,0.4175,-1,-1,-1
481,50,1788.84,358.08,72.92,204.46,0.5713,-1,-1,-1
481,44,804.16,143.65,48.28,176.73,0.4375,-1,-1,-1
481,41,992.75,660.26,76.11,220.89,0.5941,-1,-1,-1
481,39,1000.46,0.14,53.36,143.58,0.3817,-1,-1,-1
481,31,933.58,0.87,52.95,138.31,0.3845,-1,-1,-1
481,29,909.27,644.36,85.97,236.14,0.6786,-1,-1,-1
481,25,304.89,737.22,88.52,255.06,0.7765,-1,-1,-1
481,18,445.69,171.24,75.69,193.49,0.5358,-1,-1,-1
481,8,219.52,704.37,92.07,262.90,0.7619,-1,-1,-1
481,6,805.19,593.50,83.51,253.16,0.7918,-1,-1,-1
481,4,1705.65,458.06,93.83,210.24,0.3964,-1,-1,-1
481,3,1019.47,930.87,78.85,149.13,0.7374,-1,-1,-1
482,51,1729.10,171.98,63.87,169.96,0.4145,-1,-1,-1
482,50,1786.78,356.35,72.20,206.30,0.5453,-1,-1,-1
482,44,805.39,144.14,47.40,177.36,0.4874,-1,-1,-1
482,41,995.77,662.79,73.60,222.02,0.6292,-1,-1,-1
482,39,999.52,0.63,52.54,142.90,0.3563,-1,-1,-1
482,31,933.41,1.19,52.43,134.82,0.3259,-1,-1,-1
482,29,907.08,646.03,88.95,248.08,0.6964,-1,-1,-1
482,25,306.21,738.20,86.07,255.97,0.7731,-1,-1,-1
482,18,450.74,176.46,70.61,185.70,0.5108,-1,-1,-1
482,8,219.78,706.31,90.69,260.90,0.7568,-1,-1,-1
482,6,804.07,594.27,83.40,253.18,0.7819,-1,-1,-1
482,4,1707.75,458.84,90.03,210.04,0.4351,-1,-1,-1
482,3,1019.48,932.83,78.72,147.17,0.7315,-1,-1,-1
483,51,1729.17,169.83,62.05,172.04,0.4127,-1,-1,-1
483,50,1784.69,355.52,73.25,206.83,0.5069,-1,-1,-1
483,44,805.58,143.28,47.29,176.60,0.4696,-1,-1,-1
483,41,998.76,664.55,71.67,221.94,0.6219,-1,-1,-1
483,39,999.12,0.00,53.36,145.24,0.3858,-1,-1,-1
483,31,933.47,1.57,51.94,134.23,0.3303,-1,-1,-1
483,29,908.93,648.78,86.43,246.39,0.7109,-1,-1,-1
483,25,302.94,739.26,86.35,255.60,0.7750,-1,-1,-1
483,18,453.91,173.32,67.60,188.74,0.5151,-1,-1,-1
483,8,218.99,707.31,91.50,258.98,0.7560,-1,-1,-1
483,6,801.75,595.36,84.32,252.01,0.7750,-1,-1,-1
483,4,1695.37,457.94,103.89,209.92,0.3729,-1,-1,-1
483,3,1019.03,932.97,79.13,147.03,0.7341,-1,-1,-1
484,51,1729.61,169.35,64.37,173.29,0.4070,-1,-1,-1
484,50,1786.95,353.73,66.37,204.97,0.5103,-1,-1,-1
484,44,807.73,145.23,45.21,174.79,0.4646,-1,-1,-1
484,41,998.91,667.75,72.27,224.00,0.6057,-1,-1,-1
484,39,999.92,0.00,52.46,145.16,0.4212,-1,-1,-1
484,31,933.04,2.83,52.01,130.19,0.3274,-1,-1,-1
484,29,909.84,649.03,85.71,250.32,0.7010,-1,-1,-1
484,25,302.72,740.64,85.10,254.04,0.7664,-1,-1,-1
484,18,456.91,173.06,62.90,189.04,0.5115,-1,-1,-1
484,8,218.75,709.11,90.46,256.76,0.7552,-1,-1,-1
484,6,800.52,596.48,86.49,250.81,0.7706,-1,-1,-1
484,4,1693.84,458.37,105.13,210.74,0.3803,-1,-1,-1
484,3,1018.21,933.42,80.43,146.58,0.7214,-1,-1,-1
485,51,1729.05,169.95,66.09,175.45,0.3885,-1,-1,-1
485,50,1783.97,353.24,68.19,198.13,0.4365,-1,-1,-1
485,44,808.31,145.04,44.76,175.85,0.4738,-1,-1,-1
485,41,999.02,668.79,73.26,226.74,0.6336,-1,-1,-1
485,39,999.78,0.00,51.83,143.54,0.4204,-1,-1,-1
485,31,931.37,2.40,52.83,128.15,0.3156,-1,-1,-1
485,29,911.71,649.97,82.61,246.71,0.7237,-1,-1,-1
485,25,300.72,742.02,85.55,252.12,0.7639,-1,-1,-1
485,18,456.50,170.60,63.50,190.99,0.5327,-1,-1,-1
485,8,218.24,711.01,90.75,256.51,0.7633,-1,-1,-1
485,6,799.34,597.11,87.82,250.48,0.7828,-1,-1,-1
485,4,1677.22,457.58,121.87,208.96,0.3770,-1,-1,-1
485,3,1018.08,933.82,81.07,146.18,0.7107,-1,-1,-1
486,51,1729.08,178.05,66.16,169.76,0.3644,-1,-1,-1
486,50,1782.24,351.13,67.65,200.83,0.4609,-1,-1,-1
486,44,808.37,145.67,45.68,174.86,0.4853,-1,-1,-1
486,41,1001.35,671.30,70.75,221.52,0.6573,-1,-1,-1
486,39,999.57,0.00,51.07,143.66,0.4078,-1,-1,-1
486,31,932.27,2.53,51.48,128.58,0.3424,-1,-1,-1
486,29,910.71,650.93,83.54,244.54,0.7325,-1,-1,-1
486,25,300.27,742.32,84.86,251.37,0.7719,-1,-1,-1
486,18,459.21,162.32,61.02,199.13,0.5536,-1,-1,-1
486,8,216.83,712.80,91.00,259.77,0.7751,-1,-1,-1
486,6,798.97,597.42,89.22,251.44,0.7895,-1,-1,-1
486,3,1016.92,934.22,82.13,145.78,0.7146,-1,-1,-1
487,51,1730.40,175.53,64.45,176.55,0.3087,-1,-1,-1
487,50,1780.56,351.69,67.70,199.36,0.3966,-1,-1,-1
487,49,1632.99,326.15,56.83,188.58,0.4469,-1,-1,-1
487,44,807.74,145.85,47.41,175.88,0.4555,-1,-1,-1
487,41,1005.11,673.33,68.03,223.76,0.6626,-1,-1,-1
487,39,999.86,0.00,50.56,142.41,0.3558,-1,-1,-1
487,29,911.08,651.73,84.10,240.61,0.7373,-1,-1,-1
487,25,302.35,744.32,81.63,249.99,0.7637,-1,-1,-1
487,18,459.63,163.38,59.10,195.71,0.5262,-1,-1,-1
487,8,217.36,713.56,91.37,264.38,0.7686,-1,-1,-1
487,6,798.06,598.24,92.93,251.14,0.7922,-1,-1,-1
487,4,1685.69,456.50,108.34,210.45,0.3802,-1,-1,-1
487,3,1017.84,935.03,81.88,144.97,0.7063,-1,-1,-1
488,52,414.29,157.83,50.85,178.37,0.3556,-1,-1,-1
488,51,1730.38,176.03,65.06,176.32,0.3467,-1,-1,-1
488,49,1631.89,329.69,56.73,185.43,0.3779,-1,-1,-1
488,44,807.99,146.45,47.95,175.42,0.4592,-1,-1,-1
488,41,1006.75,675.64,68.36,224.16,0.6984,-1,-1,-1
488,39,1000.37,0.00,50.27,141.83,0.3831,-1,-1,-1
488,31,931.76,2.56,52.11,128.99,0.3147,-1,-1,-1
488,29,911.60,652.95,85.66,240.22,0.7079,-1,-1,-1
488,25,299.96,748.58,82.17,246.29,0.7649,-1,-1,-1
488,18,462.71,160.14,55.00,195.07,0.4917,-1,-1,-1
488,8,216.87,716.02,91.83,271.70,0.7679,-1,-1,-1
488,6,797.17,600.06,93.91,249.38,0.7808,-1,-1,-1
488,4,1680.20,456.48,112.88,210.75,0.3567,-1,-1,-1
488,3,1018.00,936.25,81.95,143.75,0.7181,-1,-1,-1
489,51,1731.81,178.19,64.33,174.00,0.3646,-1,-1,-1
489,49,1634.19,334.95,52.86,180.05,0.3793,-1,-1,-1
489,44,809.33,144.60,46.98,174.98,0.4410,-1,-1,-1
489,41,1008.31,676.99,68.92,225.69,0.6845,-1,-1,-1
489,39,1001.53,3.12,48.59,138.95,0.3565,-1,-1,-1
489,31,931.30,2.52,51.90,127.94,0.3415,-1,-1,-1
489,29,912.00,654.03,87.00,238.02,0.6963,-1,-1,-1
489,25,299.94,750.20,81.90,251.03,0.7601,-1,-1,-1
489,18,463.23,160.21,53.44,190.46,0.4763,-1,-1,-1
489,8,216.44,718.27,91.14,272.64,0.7681,-1,-1,-1
489,6,797.50,600.70,93.12,252.37,0.7879,-1,-1,-1
489,5,1541.62,608.35,84.02,223.67,0.3159,-1,-1,-1
489,4,1691.12,455.03,101.61,212.77,0.3653,-1,-1,-1
489,3,1017.32,936.44,83.14,143.56,0.7168,-1,-1,-1
490,52,414.13,159.78,50.92,179.16,0.3394,-1,-1,-1
490,51,1732.21,180.47,62.86,169.76,0.4100,-1,-1,-1
490,49,1632.11,327.56,54.60,189.09,0.4465,-1,-1,-1
490,44,811.00,144.44,45.97,175.98,0.3722,-1,-1,-1
490,41,1010.03,677.86,69.26,227.08,0.7213,-1,-1,-1
490,31,930.81,2.50,52.07,127.22,0.3172,-1,-1,-1
490,29,915.06,655.54,84.66,232.09,0.6991,-1,-1,-1
490,25,300.13,751.83,79.83,252.62,0.7510,-1,-1,-1
490,18,464.72,160.69,52.64,184.19,0.4469,-1,-1,-1
490,8,214.80,720.97,93.70,276.00,0.7642,-1,-1,-1
490,6,797.19,601.04,94.39,256.31,0.7889,-1,-1,-1
490,4,1698.85,454.86,92.97,213.31,0.3657,-1,-1,-1
490,3,1015.00,936.96,85.78,143.04,0.6999,-1,-1,-1
491,51,1733.17,181.56,61.99,169.52,0.3439,-1,-1,-1
491,49,1630.61,333.96,55.43,182.66,0.3462,-1,-1,-1
491,44,808.53,146.40,51.10,173.39,0.3814,-1,-1,-1
491,41,1011.14,679.52,70.27,225.84,0.6905,-1,-1,-1
491,39,1002.10,6.71,47.85,131.90,0.3246,-1,-1,-1
491,29,920.64,660.82,79.94,240.38,0.7051,-1,-1,-1
491,25,297.59,754.17,82.51,260.51,0.7471,-1,-1,-1
491,18,462.24,160.28,56.92,184.07,0.4017,-1,-1,-1
491,8,214.06,723.25,93.53,278.06,0.7586,-1,-1,-1
491,6,797.75,602.13,94.89,259.28,0.7816,-1,-1,-1
491,4,1707.50,456.23,85.06,215.16,0.4163,-1,-1,-1
491,3,1017.09,937.74,83.93,142.26,0.6963,-1,-1,-1
492,52,412.89,161.66,54.15,181.00,0.3003,-1,-1,-1
492,51,1733.85,181.96,61.26,167.48,0.4377,-1,-1,-1
492,49,1629.11,327.06,56.15,188.59,0.4023,-1,-1,-1
492,44,808.71,146.22,51.66,172.04,0.3526,-1,-1,-1
492,41,1012.08,682.28,72.46,223.73,0.6820,-1,-1,-1
492,29,920.63,661.56,80.12,240.34,0.7230,-1,-1,-1
492,25,298.10,756.76,80.31,257.77,0.7411,-1,-1,-1
492,18,465.47,158.51,53.99,186.11,0.3149,-1,-1,-1
492,8,212.79,725.00,96.46,279.80,0.7726,-1,-1,-1
492,6,798.81,603.63,94.79,258.16,0.7872,-1,-1,-1
492,5,1541.01,604.12,85.78,224.42,0.3267,-1,-1,-1
492,4,1703.43,457.97,89.60,209.30,0.4303,-1,-1,-1
492,3,1017.20,937.97,83.82,142.03,0.7056,-1,-1,-1
493,53,1813.10,168.82,72.70,184.13,0.3693,-1,-1,-1
493,52,411.98,162.33,58.72,183.66,0.3411,-1,-1,-1
493,51,1734.24,184.72,61.27,166.78,0.4838,-1,-1,-1
493,49,1627.50,323.45,58.30,190.83,0.3521,-1,-1,-1
493,44,806.97,145.45,54.55,173.09,0.3326,-1,-1,-1
493,41,1014.47,681.80,73.19,226.91,0.6376,-1,-1,-1
493,29,920.30,663.53,81.44,242.70,0.7049,-1,-1,-1
493,25,299.38,759.85,80.91,254.67,0.7379,-1,-1,-1
493,8,212.30,728.43,95.17,277.04,0.7794,-1,-1,-1
493,6,800.51,604.71,94.06,257.75,0.7696,-1,-1,-1
493,4,1710.97,457.64,84.28,212.14,0.4879,-1,-1,-1
493,3,1016.98,938.05,84.47,141.95,0.6856,-1,-1,-1
494,53,1813.98,170.65,75.92,183.03,0.3286,-1,-1,-1
494,51,1735.21,184.40,63.08,167.44,0.4627,-1,-1,-1
494,49,1626.74,322.58,58.45,191.53,0.4002,-1,-1,-1
494,44,805.84,145.53,56.63,171.77,0.3063,-1,-1,-1
494,41,1015.42,684.54,75.60,219.98,0.6311,-1,-1,-1
494,29,921.66,666.24,81.34,239.55,0.6698,-1,-1,-1
494,25,299.41,763.45,78.95,254.86,0.7434,-1,-1,-1
494,8,212.99,730.24,94.81,277.80,0.7790,-1,-1,-1
494,6,801.34,606.01,94.08,255.82,0.7557,-1,-1,-1
494,4,1717.72,452.94,77.24,217.93,0.5248,-1,-1,-1
494,3,1017.19,938.52,84.34,141.48,0.6788,-1,-1,-1
495,53,1815.21,173.54,77.84,182.18,0.3453,-1,-1,-1
495,52,412.64,165.25,53.06,179.34,0.3023,-1,-1,-1
495,51,1734.17,186.30,64.55,172.97,0.4907,-1,-1,-1
495,49,1626.10,323.74,58.71,190.16,0.4031,-1,-1,-1
495,44,806.61,145.10,56.06,172.32,0.3361,-1,-1,-1
495,41,1018.25,685.21,75.24,221.30,0.5857,-1,-1,-1
495,29,921.40,667.92,81.82,245.17,0.6573,-1,-1,-1
495,25,299.04,767.21,78.58,259.68,0.7373,-1,-1,-1
495,8,212.23,732.40,93.63,275.39,0.7752,-1,-1,-1
495,6,804.60,606.14,90.06,253.61,0.7532,-1,-1,-1
495,5,1538.93,613.58,89.98,215.87,0.3156,-1,-1,-1
495,4,1722.10,451.04,74.05,217.41,0.6059,-1,-1,-1
495,3,1018.01,937.55,84.32,142.45,0.6712,-1,-1,-1
496,54,1632.40,583.68,102.27,228.93,0.5689,-1,-1,-1
496,52,412.79,164.36,52.16,181.86,0.3168,-1,-1,-1
496,51,1733.94,187.66,65.44,172.81,0.4692,-1,-1,-1
496,49,1624.71,322.08,58.02,188.75,0.4357,-1,-1,-1
496,44,805.27,144.49,56.75,171.99,0.3312,-1,-1,-1
496,41,1018.47,686.74,74.90,220.86,0.5956,-1,-1,-1
496,29,922.33,671.22,82.07,236.58,0.6907,-1,-1,-1
496,25,296.81,768.67,80.87,259.26,0.7489,-1,-1,-1
496,8,211.48,735.90,94.28,272.34,0.7730,-1,-1,-1
496,6,809.56,605.95,84.66,249.25,0.7424,-1,-1,-1
496,5,1538.87,610.08,87.41,220.17,0.4066,-1,-1,-1
496,4,1724.68,452.01,72.44,217.15,0.5833,-1,-1,-1
496,3,1019.77,939.24,82.77,140.76,0.6840,-1,-1,-1
497,53,1818.31,175.31,81.27,184.42,0.3820,-1,-1,-1
497,52,412.03,164.53,52.46,181.44,0.3578,-1,-1,-1
497,51,1734.08,188.03,65.96,172.05,0.4952,-1,-1,-1
497,49,1623.97,322.26,59.61,188.44,0.3748,-1,-1,-1
497,44,805.75,145.21,55.68,172.83,0.3694,-1,-1,-1
497,41,1020.71,687.47,72.93,221.44,0.5570,-1,-1,-1
497,39,1003.08,5.66,47.08,126.71,0.3033,-1,-1,-1
497,29,923.25,673.85,81.43,237.13,0.6550,-1,-1,-1
497,25,293.98,770.16,83.24,259.02,0.7612,-1,-1,-1
497,8,213.49,736.62,90.60,268.84,0.7467,-1,-1,-1
497,6,814.74,606.26,80.04,247.80,0.7183,-1,-1,-1
497,5,1539.11,609.63,87.27,220.82,0.4281,-1,-1,-1
497,4,1726.12,452.91,69.95,216.84,0.5625,-1,-1,-1
497,3,1021.22,938.95,81.15,141.05,0.6768,-1,-1,-1
498,54,1641.42,593.33,94.93,221.19,0.4396,-1,-1,-1
498,53,1819.59,176.05,80.21,187.83,0.3467,-1,-1,-1
498,52,410.25,165.00,52.99,182.20,0.4128,-1,-1,-1
498,51,1732.90,188.33,67.18,172.40,0.4554,-1,-1,-1
498,49,1623.88,321.53,57.90,190.14,0.3618,-1,-1,-1
498,44,803.83,145.61,56.66,172.64,0.3527,-1,-1,-1
498,41,1019.26,689.35,78.48,221.05,0.5140,-1,-1,-1
498,29,924.93,675.54,80.82,239.84,0.6442,-1,-1,-1
498,25,294.81,771.91,82.19,257.13,0.7498,-1,-1,-1
498,8,213.09,738.35,90.41,266.03,0.7403,-1,-1,-1
498,6,816.11,606.36,79.67,246.80,0.7069,-1,-1,-1
498,5,1539.73,609.18,87.15,221.79,0.4624,-1,-1,-1
498,4,1727.83,453.84,69.60,215.04,0.5073,-1,-1,-1
498,3,1020.79,937.98,81.82,142.02,0.6604,-1,-1,-1
499,54,1645.36,589.50,87.28,224.05,0.3690,-1,-1,-1
499,53,1820.42,177.62,80.99,186.35,0.3914,-1,-1,-1
499,52,408.30,165.37,57.12,182.18,0.4459,-1,-1,-1
499,51,1732.11,188.27,68.40,169.26,0.4905,-1,-1,-1
499,44,801.76,142.63,56.29,174.82,0.3382,-1,-1,-1
499,41,1023.97,694.44,72.33,218.02,0.5122,-1,-1,-1
499,29,925.26,677.93,81.25,237.99,0.6104,-1,-1,-1
499,25,293.90,772.77,82.58,256.32,0.7417,-1,-1,-1
499,18,469.02,163.53,59.23,175.00,0.3283,-1,-1,-1
499,8,212.25,740.81,90.95,265.20,0.7521,-1,-1,-1
499,6,820.19,607.60,76.12,246.18,0.6845,-1,-1,-1
499,5,1539.20,610.20,87.37,219.89,0.4856,-1,-1,-1
499,3,1023.20,937.39,79.30,142.61,0.6735,-1,-1,-1
500,54,1656.28,595.23,76.83,218.76,0.4572,-1,-1,-1
500,53,1821.61,178.92,81.02,188.54,0.3859,-1,-1,-1
500,52,407.21,166.24,57.81,179.75,0.4761,-1,-1,-1
500,51,1731.93,189.13,69.38,168.78,0.4944,-1,-1,-1
500,49,1623.43,314.25,59.37,174.44,0.3244,-1,-1,-1
500,44,802.51,142.04,55.26,176.68,0.3540,-1,-1,-1
500,41,1024.12,697.89,71.26,210.42,0.4818,-1,-1,-1
500,29,924.31,679.08,85.33,249.43,0.6179,-1,-1,-1
500,25,293.72,773.49,81.36,255.23,0.7339,-1,-1,-1
500,18,465.39,165.54,61.51,170.87,0.3285,-1,-1,-1
500,8,208.86,741.87,93.94,267.25,0.7709,-1,-1,-1
500,6,821.27,607.76,75.88,244.75,0.6901,-1,-1,-1
500,5,1537.90,610.86,89.70,217.97,0.4117,-1,-1,-1
500,4,1728.07,450.48,67.46,218.06,0.4890,-1,-1,-1
500,3,1025.71,935.68,77.82,144.32,0.6733,-1,-1,-1
501,54,1659.42,592.15,73.19,221.22,0.5214,-1,-1,-1
501,53,1823.18,179.87,80.58,192.10,0.3562,-1,-1,-1
501,52,407.50,168.27,57.90,178.69,0.5122,-1,-1,-1
501,51,1731.56,188.92,70.23,170.11,0.4956,-1,-1,-1
501,49,1622.63,312.37,59.40,181.70,0.3598,-1,-1,-1
501,44,802.18,144.51,53.96,173.14,0.3579,-1,-1,-1
501,41,1023.66,698.80,73.35,212.10,0.5126,-1,-1,-1
501,29,927.77,679.68,82.70,252.45,0.6012,-1,-1,-1
501,25,293.61,774.39,79.96,255.17,0.7207,-1,-1,-1
501,18,464.95,161.46,63.72,176.02,0.3623,-1,-1,-1
501,8,208.53,743.10,93.73,262.45,0.7793,-1,-1,-1
501,6,822.38,608.69,75.01,245.34,0.7021,-1,-1,-1
501,5,1538.87,611.38,86.85,213.53,0.3807,-1,-1,-1
501,4,1727.57,448.61,67.05,219.30,0.4569,-1,-1,-1
501,3,1028.62,935.15,75.96,144.85,0.6436,-1,-1,-1
502,54,1662.59,596.30,70.05,220.00,0.4946,-1,-1,-1
502,53,1826.34,180.23,78.02,194.85,0.3016,-1,-1,-1
502,52,406.63,169.55,58.20,176.87,0.4807,-1,-1,-1
502,51,1731.92,189.92,69.83,166.91,0.4916,-1,-1,-1
502,44,800.17,144.46,54.26,174.74,0.3098,-1,-1,-1
502,41,1025.33,701.36,73.53,207.57,0.5837,-1,-1,-1
502,29,927.29,681.59,84.11,256.18,0.6324,-1,-1,-1
502,25,292.57,774.95,80.91,253.81,0.7335,-1,-1,-1
502,18,467.87,160.07,62.79,175.82,0.3316,-1,-1,-1
502,8,208.28,744.77,93.83,262.47,0.7750,-1,-1,-1
502,6,822.33,609.02,74.98,246.86,0.7028,-1,-1,-1
502,5,1538.86,609.59,86.31,215.74,0.3940,-1,-1,-1
502,4,1729.30,449.69,64.29,219.50,0.4433,-1,-1,-1
502,3,1029.34,934.67,76.70,145.33,0.6755,-1,-1,-1
503,54,1667.90,601.65,65.08,211.99,0.4722,-1,-1,-1
503,52,404.55,170.49,61.85,175.48,0.4876,-1,-1,-1
503,51,1732.88,190.31,69.17,168.71,0.4671,-1,-1,-1
503,49,1621.36,307.91,59.13,181.27,0.3395,-1,-1,-1
503,44,800.13,145.66,51.84,174.21,0.3189,-1,-1,-1
503,41,1026.17,703.96,72.96,201.46,0.5890,-1,-1,-1
503,29,928.68,682.93,84.48,252.46,0.6172,-1,-1,-1
503,25,288.58,776.03,81.05,254.68,0.7496,-1,-1,-1
503,18,470.91,159.62,59.57,173.40,0.3065,-1,-1,-1
503,8,208.63,746.43,92.74,264.26,0.7601,-1,-1,-1
503,6,821.87,609.18,75.45,246.93,0.7180,-1,-1,-1
503,5,1536.16,615.49,91.55,214.69,0.4750,-1,-1,-1
503,4,1729.80,445.36,63.56,223.47,0.4011,-1,-1,-1
503,3,1030.67,933.94,76.55,146.06,0.6442,-1,-1,-1
504,52,403.60,170.46,65.04,174.03,0.4747,-1,-1,-1
504,51,1733.91,191.04,67.72,170.40,0.4795,-1,-1,-1
504,41,1029.25,704.68,69.58,216.11,0.5910,-1,-1,-1
504,29,927.02,683.93,87.75,250.66,0.5851,-1,-1,-1
504,25,285.86,777.20,81.50,253.08,0.7737,-1,-1,-1
504,18,472.07,156.45,60.86,173.46,0.3165,-1,-1,-1
504,8,210.48,747.70,90.43,270.60,0.7556,-1,-1,-1
504,6,822.05,609.57,74.69,248.03,0.6931,-1,-1,-1
504,5,1534.40,611.69,92.65,215.01,0.3542,-1,-1,-1
504,4,1729.36,447.14,63.92,223.71,0.3414,-1,-1,-1
504,3,1032.94,933.13,74.96,146.87,0.6371,-1,-1,-1
505,52,402.16,170.37,66.93,174.82,0.4760,-1,-1,-1
505,51,1738.20,190.27,63.43,171.05,0.4990,-1,-1,-1
505,49,1620.20,305.54,60.56,185.39,0.3245,-1,-1,-1
505,41,1030.40,706.24,69.25,218.49,0.6072,-1,-1,-1
505,29,928.09,684.19,86.45,251.17,0.5514,-1,-1,-1
505,25,281.90,778.86,86.40,253.37,0.7732,-1,-1,-1
505,18,469.20,151.07,63.08,177.94,0.4161,-1,-1,-1
505,8,209.50,749.86,88.89,274.96,0.7349,-1,-1,-1
505,6,822.34,609.94,74.50,249.56,0.6722,-1,-1,-1
505,4,1729.17,454.91,63.08,214.87,0.3934,-1,-1,-1
505,3,1033.29,934.02,74.97,145.98,0.6746,-1,-1,-1
506,52,401.08,170.71,67.42,176.56,0.4546,-1,-1,-1
506,51,1739.24,194.74,62.93,166.54,0.4964,-1,-1,-1
506,49,1620.08,305.30,59.40,186.13,0.4622,-1,-1,-1
506,44,800.05,147.57,47.62,175.98,0.3006,-1,-1,-1
506,41,1030.67,707.20,70.70,221.29,0.6352,-1,-1,-1
506,29,918.57,686.48,97.48,246.55,0.6135,-1,-1,-1
506,25,279.04,780.44,88.97,255.81,0.7599,-1,-1,-1
506,18,470.58,146.57,61.91,182.46,0.3817,-1,-1,-1
506,8,209.42,751.46,87.22,279.59,0.7278,-1,-1,-1
506,6,822.04,610.04,75.74,251.03,0.6801,-1,-1,-1
506,4,1728.86,459.44,63.21,209.56,0.4974,-1,-1,-1
506,3,1035.07,932.65,74.65,147.35,0.6660,-1,-1,-1
507,52,399.55,167.29,68.08,181.96,0.3868,-1,-1,-1
507,51,1739.63,194.18,62.08,165.59,0.4658,-1,-1,-1
507,49,1619.07,303.06,60.60,188.64,0.4307,-1,-1,-1
507,41,1030.01,708.51,71.60,223.76,0.6137,-1,-1,-1
507,29,929.90,687.16,88.07,244.81,0.6066,-1,-1,-1
507,25,278.37,782.17,89.86,261.55,0.7621,-1,-1,-1
507,18,469.34,153.86,59.73,171.78,0.3047,-1,-1,-1
507,8,208.76,753.55,86.84,279.22,0.7256,-1,-1,-1
507,6,823.66,611.51,73.10,249.16,0.6980,-1,-1,-1
507,4,1727.82,458.32,63.88,211.21,0.3488,-1,-1,-1
507,3,1036.46,934.20,75.32,145.80,0.6483,-1,-1,-1
508,51,1741.50,195.63,60.15,164.74,0.5246,-1,-1,-1
508,49,1618.94,304.37,61.16,186.78,0.4921,-1,-1,-1
508,41,1030.11,710.08,72.36,224.02,0.6242,-1,-1,-1
508,29,923.43,688.36,95.17,248.09,0.6068,-1,-1,-1
508,25,277.18,784.21,91.90,264.88,0.7673,-1,-1,-1
508,8,207.88,755.65,88.06,278.58,0.7430,-1,-1,-1
508,6,825.25,611.52,71.94,249.00,0.7011,-1,-1,-1
508,4,1727.38,460.43,62.31,206.68,0.3730,-1,-1,-1
508,3,1037.30,933.48,75.99,146.52,0.6493,-1,-1,-1
509,51,1743.44,198.25,58.37,163.71,0.4768,-1,-1,-1
509,49,1619.28,300.75,57.61,188.35,0.4192,-1,-1,-1
509,41,1030.88,710.03,75.39,230.00,0.6295,-1,-1,-1
509,29,930.81,690.45,90.55,249.31,0.6219,-1,-1,-1
509,25,279.80,788.46,86.23,259.63,0.7674,-1,-1,-1
509,8,206.43,758.67,86.25,273.70,0.7321,-1,-1,-1
509,6,825.86,611.53,71.76,249.84,0.7011,-1,-1,-1
509,4,1727.05,458.89,64.69,206.85,0.3611,-1,-1,-1
509,3,1038.90,933.17,75.70,146.83,0.6431,-1,-1,-1
510,53,1840.24,186.92,66.36,200.67,0.3135,-1,-1,-1
510,51,1745.18,200.58,57.56,163.22,0.5357,-1,-1,-1
510,49,1618.73,301.13,57.52,189.50,0.4573,-1,-1,-1
510,41,1028.53,711.58,81.19,227.68,0.5971,-1,-1,-1
510,29,928.38,692.05,94.21,249.97,0.6189,-1,-1,-1
510,25,280.11,791.92,85.83,255.57,0.7570,-1,-1,-1
510,8,206.30,761.91,81.03,275.56,0.7396,-1,-1,-1
510,6,826.40,611.60,70.87,250.04,0.7006,-1,-1,-1
510,4,1727.23,459.35,62.54,200.82,0.3778,-1,-1,-1
510,3,1039.89,934.61,76.65,145.39,0.6357,-1,-1,-1
511,51,1748.41,202.45,55.28,162.73,0.5119,-1,-1,-1
511,49,1617.42,298.41,56.63,191.97,0.3588,-1,-1,-1
511,41,1030.76,713.77,78.49,215.77,0.5889,-1,-1,-1
511,29,934.38,695.49,90.86,258.85,0.6371,-1,-1,-1
511,25,281.10,797.43,82.13,254.05,0.7813,-1,-1,-1
511,8,203.89,763.29,88.38,277.04,0.7621,-1,-1,-1
511,6,826.69,611.99,71.26,249.64,0.6952,-1,-1,-1
511,4,1724.23,459.28,65.42,202.52,0.3958,-1,-1,-1
511,3,1041.57,931.66,75.29,148.34,0.6257,-1,-1,-1
512,51,1751.01,203.43,53.09,163.47,0.5357,-1,-1,-1
512,49,1616.18,300.44,56.54,189.29,0.3392,-1,-1,-1
512,41,1032.30,715.48,76.66,213.10,0.5688,-1,-1,-1
512,29,935.06,697.89,91.35,262.54,0.6313,-1,-1,-1
512,25,280.71,798.67,81.42,260.10,0.7714,-1,-1,-1
512,8,202.40,766.20,92.01,275.49,0.7602,-1,-1,-1
512,6,827.07,612.11,70.57,249.21,0.6949,-1,-1,-1
512,4,1724.34,457.06,64.65,205.77,0.3428,-1,-1,-1
512,3,1041.73,931.54,75.43,148.37,0.6338,-1,-1,-1
513,51,1751.70,203.38,53.20,166.87,0.5084,-1,-1,-1
513,49,1615.55,300.78,55.69,189.32,0.3851,-1,-1,-1
513,41,1035.49,717.44,74.83,226.72,0.5641,-1,-1,-1
513,29,937.86,701.62,86.21,259.72,0.6131,-1,-1,-1
513,25,280.39,800.46,79.91,264.29,0.7785,-1,-1,-1
513,8,201.15,767.07,92.14,275.28,0.7578,-1,-1,-1
513,6,827.38,611.55,69.73,250.62,0.6788,-1,-1,-1
513,4,1724.17,458.12,62.93,202.24,0.3495,-1,-1,-1
513,3,1041.45,933.17,76.45,146.08,0.6101,-1,-1,-1
514,51,1753.98,203.90,52.99,168.87,0.4582,-1,-1,-1
514,49,1615.77,301.62,53.64,189.13,0.3330,-1,-1,-1
514,41,1036.07,718.64,74.30,226.35,0.5792,-1,-1,-1
514,29,944.43,704.44,80.58,260.06,0.6250,-1,-1,-1
514,25,278.70,800.64,78.85,263.98,0.7986,-1,-1,-1
514,8,198.02,769.89,93.03,274.49,0.7548,-1,-1,-1
514,6,826.95,611.54,70.30,250.51,0.6592,-1,-1,-1
514,4,1724.47,461.67,62.01,197.62,0.3392,-1,-1,-1
514,3,1042.41,932.03,75.12,147.04,0.6358,-1,-1,-1
515,51,1755.25,205.69,53.18,167.73,0.4320,-1,-1,-1
515,49,1613.03,301.52,53.77,185.98,0.3136,-1,-1,-1
515,41,1034.35,719.79,77.04,231.50,0.6186,-1,-1,-1
515,29,936.32,706.38,90.48,255.08,0.5986,-1,-1,-1
515,25,275.61,801.50,81.48,263.59,0.8025,-1,-1,-1
515,8,196.64,770.90,95.07,272.13,0.7596,-1,-1,-1
515,6,827.71,611.84,69.21,250.09,0.6519,-1,-1,-1
515,4,1724.34,459.47,60.96,199.24,0.3412,-1,-1,-1
515,3,1043.03,932.43,75.16,146.61,0.6431,-1,-1,-1
516,51,1755.99,204.95,53.32,164.66,0.4432,-1,-1,-1
516,41,1036.71,721.50,74.37,241.69,0.6367,-1,-1,-1
516,29,938.48,709.18,89.90,251.72,0.6536,-1,-1,-1
516,25,273.43,801.85,81.73,262.33,0.8160,-1,-1,-1
516,8,193.30,772.57,96.89,269.65,0.7641,-1,-1,-1
516,6,828.43,612.31,67.91,249.63,0.6385,-1,-1,-1
516,4,1721.49,458.87,65.01,204.92,0.4062,-1,-1,-1
516,3,1044.11,932.47,74.25,146.86,0.6140,-1,-1,-1
517,51,1758.82,204.25,52.93,156.35,0.4177,-1,-1,-1
517,41,1038.34,724.11,71.44,238.20,0.6408,-1,-1,-1
517,29,938.07,711.30,91.34,253.78,0.6465,-1,-1,-1
517,25,273.30,803.34,81.41,262.10,0.8189,-1,-1,-1
517,8,192.90,775.30,93.34,263.97,0.7602,-1,-1,-1
517,6,826.99,611.39,69.72,250.98,0.6501,-1,-1,-1
517,4,1723.81,456.46,63.67,208.20,0.3172,-1,-1,-1
517,3,1044.53,931.55,73.95,147.47,0.6181,-1,-1,-1
518,51,1760.73,205.01,52.58,154.02,0.3891,-1,-1,-1
518,41,1040.13,726.71,70.07,229.56,0.6216,-1,-1,-1
518,29,941.84,712.60,89.77,259.20,0.6355,-1,-1,-1
518,25,271.32,803.51,82.80,260.88,0.8229,-1,-1,-1
518,8,191.43,776.50,91.43,263.06,0.7940,-1,-1,-1
518,6,827.69,610.80,68.19,251.29,0.6401,-1,-1,-1
518,4,1723.20,456.55,63.21,205.99,0.3670,-1,-1,-1
518,3,1044.66,929.48,72.80,149.31,0.6509,-1,-1,-1
519,51,1758.76,204.46,58.08,169.28,0.3799,-1,-1,-1
519,41,1037.70,731.46,72.12,222.45,0.5535,-1,-1,-1
519,29,943.62,713.78,87.65,259.55,0.6379,-1,-1,-1
519,25,270.31,805.16,83.09,259.78,0.8196,-1,-1,-1
519,18,463.76,137.03,62.31,178.10,0.3595,-1,-1,-1
519,8,190.06,778.36,92.06,261.75,0.7920,-1,-1,-1
519,6,827.78,610.53,67.42,251.04,0.6211,-1,-1,-1
519,4,1722.57,459.99,67.26,206.59,0.3305,-1,-1,-1
519,3,1044.49,928.87,72.68,149.78,0.6277,-1,-1,-1
520,55,1732.28,629.48,81.34,223.59,0.4450,-1,-1,-1
520,51,1759.52,205.39,59.89,168.88,0.3055,-1,-1,-1
520,41,1038.57,734.03,75.64,203.97,0.5965,-1,-1,-1
520,29,943.94,714.60,86.41,259.45,0.6931,-1,-1,-1
520,25,268.62,807.96,84.65,258.34,0.8219,-1,-1,-1
520,18,466.94,137.04,58.44,172.81,0.3058,-1,-1,-1
520,8,189.26,779.80,92.29,262.06,0.7898,-1,-1,-1
520,6,827.51,607.57,68.42,252.27,0.5875,-1,-1,-1
520,4,1720.16,458.98,68.57,210.91,0.3664,-1,-1,-1
520,3,1044.46,926.04,72.92,153.03,0.6481,-1,-1,-1
521,55,1732.88,633.56,88.58,213.94,0.5705,-1,-1,-1
521,41,1039.90,735.68,75.62,200.67,0.6017,-1,-1,-1
521,29,948.65,717.96,83.86,256.68,0.6594,-1,-1,-1
521,25,267.08,810.59,84.82,257.75,0.8144,-1,-1,-1
521,18,467.52,147.88,55.52,157.44,0.3293,-1,-1,-1
521,8,188.66,780.19,95.03,269.19,0.7919,-1,-1,-1
521,6,828.58,607.73,66.80,253.60,0.6100,-1,-1,-1
521,4,1717.11,460.58,70.78,209.82,0.3705,-1,-1,-1
521,3,1044.54,927.79,72.89,151.76,0.6577,-1,-1,-1
522,55,1737.15,635.66,90.75,213.79,0.5517,-1,-1,-1
522,51,1763.57,207.40,60.07,171.28,0.3372,-1,-1,-1
522,41,1040.79,739.19,76.48,203.49,0.6262,-1,-1,-1
522,29,947.59,718.97,85.60,255.40,0.6860,-1,-1,-1
522,25,268.18,813.49,83.50,255.78,0.7974,-1,-1,-1
522,18,468.16,143.83,54.73,161.02,0.3564,-1,-1,-1
522,8,188.64,781.76,96.03,272.49,0.7774,-1,-1,-1
522,6,828.20,606.75,66.62,254.47,0.6272,-1,-1,-1
522,4,1716.34,462.37,71.62,207.51,0.3260,-1,-1,-1
522,3,1044.33,929.39,72.53,150.45,0.6443,-1,-1,-1
523,56,1711.91,312.94,76.35,180.80,0.3923,-1,-1,-1
523,55,1743.27,637.10,89.14,215.02,0.4902,-1,-1,-1
523,51,1765.26,209.78,59.63,166.41,0.3798,-1,-1,-1
523,41,1044.73,739.91,72.81,208.62,0.6184,-1,-1,-1
523,29,950.06,719.49,85.58,255.86,0.6347,-1,-1,-1
523,25,266.00,816.98,85.24,255.43,0.8008,-1,-1,-1
523,18,467.36,130.54,57.46,176.30,0.3462,-1,-1,-1
523,8,187.97,783.41,96.97,275.30,0.7729,-1,-1,-1
523,6,828.52,607.67,66.37,253.95,0.6331,-1,-1,-1
523,4,1718.48,460.89,68.46,206.37,0.3888,-1,-1,-1
523,3,1044.30,929.65,72.17,149.63,0.6098,-1,-1,-1
524,56,1711.39,308.78,73.47,193.70,0.4380,-1,-1,-1
524,55,1741.98,641.12,93.43,216.25,0.3417,-1,-1,-1
524,51,1767.28,211.29,59.69,172.59,0.3879,-1,-1,-1
524,41,1044.65,742.74,74.64,221.99,0.6170,-1,-1,-1
524,29,953.34,720.09,82.77,248.55,0.5984,-1,-1,-1
524,25,261.77,819.71,88.24,257.18,0.8097,-1,-1,-1
524,8,189.40,785.09,91.26,276.21,0.7697,-1,-1,-1
524,6,827.13,608.39,66.22,252.88,0.6291,-1,-1,-1
524,4,1720.80,461.82,67.11,205.64,0.3750,-1,-1,-1
524,3,1044.38,930.47,71.41,148.77,0.5857,-1,-1,-1
525,56,1710.06,307.50,72.69,190.40,0.4018,-1,-1,-1
525,55,1753.81,643.42,84.21,221.00,0.3491,-1,-1,-1
525,51,1767.27,212.49,60.30,169.51,0.4600,-1,-1,-1
525,41,1045.45,743.08,75.94,228.59,0.6219,-1,-1,-1
525,29,958.89,720.84,78.99,235.25,0.5097,-1,-1,-1
525,25,263.87,822.46,85.97,256.74,0.8101,-1,-1,-1
525,8,188.45,785.85,94.79,282.03,0.7708,-1,-1,-1
525,6,827.05,607.83,66.51,253.12,0.6575,-1,-1,-1
525,4,1716.27,461.19,71.81,205.79,0.4636,-1,-1,-1
525,3,1043.97,931.94,72.68,147.97,0.5421,-1,-1,-1
526,56,1706.96,306.14,73.64,187.89,0.3915,-1,-1,-1
526,51,1767.29,211.34,62.71,180.85,0.4271,-1,-1,-1
526,41,1050.32,743.02,73.80,212.79,0.5212,-1,-1,-1
526,29,959.95,718.05,75.05,248.51,0.4984,-1,-1,-1
526,25,260.30,824.96,88.93,254.13,0.8045,-1,-1,-1
526,8,188.96,788.32,92.18,280.93,0.7715,-1,-1,-1
526,6,826.55,606.23,67.03,255.31,0.6683,-1,-1,-1
526,4,1714.22,460.12,74.63,206.31,0.4478,-1,-1,-1
526,3,1043.79,929.30,72.02,150.70,0.6026,-1,-1,-1
527,56,1703.06,305.84,76.63,186.88,0.4031,-1,-1,-1
527,52,385.95,198.14,62.71,183.27,0.3048,-1,-1,-1
527,51,1766.52,214.04,65.30,175.95,0.4475,-1,-1,-1
527,44,778.20,140.53,56.19,179.71,0.3450,-1,-1,-1
527,41,1052.26,743.99,75.11,199.57,0.5256,-1,-1,-1
527,29,958.97,723.64,77.41,243.73,0.4373,-1,-1,-1
527,25,259.35,827.13,89.24,251.29,0.7870,-1,-1,-1
527,18,465.71,125.70,57.64,180.73,0.3050,-1,-1,-1
527,8,188.97,788.70,92.67,283.57,0.7836,-1,-1,-1
527,6,826.31,605.81,66.97,251.89,0.6684,-1,-1,-1
527,4,1714.88,460.40,74.73,206.13,0.4679,-1,-1,-1
527,3,1043.19,926.74,71.95,153.26,0.6516,-1,-1,-1
528,56,1700.36,305.94,77.00,186.06,0.4195,-1,-1,-1
528,52,387.73,203.91,61.02,180.47,0.3122,-1,-1,-1
528,51,1768.08,214.83,65.93,167.38,0.5169,-1,-1,-1
528,44,777.99,140.63,55.87,179.58,0.3185,-1,-1,-1
528,41,1053.88,744.98,75.63,197.16,0.5262,-1,-1,-1
528,29,962.18,726.50,75.51,154.46,0.4186,-1,-1,-1
528,25,257.34,828.13,90.43,250.05,0.7949,-1,-1,-1
528,18,467.51,126.19,56.04,181.53,0.3324,-1,-1,-1
528,8,189.57,790.59,89.21,282.35,0.7786,-1,-1,-1
528,6,826.06,605.43,67.23,252.39,0.6929,-1,-1,-1
528,4,1714.79,459.98,77.10,206.87,0.5023,-1,-1,-1
528,3,1043.27,923.26,70.00,156.74,0.6973,-1,-1,-1
529,56,1696.81,305.75,79.32,186.57,0.3184,-1,-1,-1
529,52,387.97,202.26,60.49,188.28,0.3336,-1,-1,-1
529,51,1766.75,212.97,67.73,175.22,0.5200,-1,-1,-1
529,44,773.63,142.56,62.09,178.50,0.3109,-1,-1,-1
529,41,1056.10,745.77,75.34,203.10,0.5675,-1,-1,-1
529,29,963.93,728.95,77.76,258.88,0.4728,-1,-1,-1
529,25,257.21,829.07,89.04,247.91,0.7872,-1,-1,-1
529,18,466.44,125.65,57.79,182.30,0.3413,-1,-1,-1
529,8,191.17,791.78,87.47,281.15,0.7744,-1,-1,-1
529,6,825.38,605.66,67.52,251.86,0.7108,-1,-1,-1
529,4,1714.90,460.45,77.53,206.77,0.5144,-1,-1,-1
529,3,1041.40,925.19,71.26,154.81,0.7090,-1,-1,-1
530,56,1695.54,307.54,78.25,181.51,0.3630,-1,-1,-1
530,52,387.44,201.05,60.78,189.71,0.3476,-1,-1,-1
530,51,1765.54,213.84,70.08,174.47,0.5141,-1,-1,-1
530,41,1055.99,747.90,76.86,199.22,0.5646,-1,-1,-1
530,29,964.80,732.31,78.06,253.43,0.6291,-1,-1,-1
530,25,256.35,831.48,90.20,245.72,0.7870,-1,-1,-1
530,8,191.38,792.84,87.28,280.90,0.7636,-1,-1,-1
530,6,823.50,604.86,67.14,251.86,0.7131,-1,-1,-1
530,4,1714.81,459.23,77.24,208.83,0.5293,-1,-1,-1
530,3,1039.97,927.68,72.41,152.32,0.6417,-1,-1,-1
531,56,1695.46,305.68,76.85,183.24,0.3710,-1,-1,-1
531,52,374.87,196.15,73.03,195.49,0.4184,-1,-1,-1
531,51,1764.16,214.33,71.66,173.41,0.5197,-1,-1,-1
531,41,1058.39,749.23,75.37,207.69,0.5979,-1,-1,-1
531,29,965.61,732.95,78.36,253.36,0.6370,-1,-1,-1
531,25,256.80,832.65,89.18,245.25,0.7845,-1,-1,-1
531,18,468.30,124.79,57.03,176.44,0.3106,-1,-1,-1
531,8,191.64,794.88,87.01,278.97,0.7520,-1,-1,-1
531,6,820.92,603.94,68.60,253.17,0.7079,-1,-1,-1
531,4,1715.28,460.64,76.66,206.82,0.5396,-1,-1,-1
531,3,1039.24,930.25,72.19,149.75,0.6538,-1,-1,-1
532,56,1697.32,305.00,74.64,185.65,0.3391,-1,-1,-1
532,52,376.50,194.18,71.97,195.69,0.4124,-1,-1,-1
532,51,1764.15,215.46,73.51,174.76,0.5173,-1,-1,-1
532,41,1058.36,750.59,76.56,211.13,0.6406,-1,-1,-1
532,29,966.59,736.31,83.36,254.10,0.6746,-1,-1,-1
532,25,256.87,833.52,89.39,244.75,0.7901,-1,-1,-1
532,18,468.56,122.23,57.42,181.22,0.3334,-1,-1,-1
532,8,191.69,796.70,87.11,275.66,0.7768,-1,-1,-1
532,6,817.77,603.07,70.14,251.34,0.7101,-1,-1,-1
532,4,1714.34,459.67,75.50,211.76,0.6018,-1,-1,-1
532,3,1039.67,937.30,71.28,142.70,0.6097,-1,-1,-1
533,56,1698.66,305.04,71.10,184.43,0.3682,-1,-1,-1
533,52,376.65,196.10,71.27,195.44,0.3682,-1,-1,-1
533,51,1765.31,218.81,72.87,172.17,0.4874,-1,-1,-1
533,41,1060.39,753.46,76.95,211.01,0.6016,-1,-1,-1
533,29,968.42,739.20,86.41,248.30,0.6905,-1,-1,-1
533,25,256.66,835.04,89.28,243.85,0.7915,-1,-1,-1
533,8,190.24,798.02,90.50,273.75,0.7658,-1,-1,-1
533,6,813.03,602.57,70.02,254.53,0.7122,-1,-1,-1
533,4,1714.52,458.42,74.87,211.35,0.6045,-1,-1,-1
533,3,1039.23,945.96,71.42,134.04,0.5308,-1,-1,-1
534,57,131.72,311.76,99.25,190.05,0.3541,-1,-1,-1
534,56,1696.50,303.35,71.53,184.84,0.4175,-1,-1,-1
534,52,382.57,198.42,67.13,192.05,0.3673,-1,-1,-1
534,51,1765.86,220.06,74.17,170.50,0.5258,-1,-1,-1
534,41,1064.03,755.10,73.45,215.20,0.5562,-1,-1,-1
534,29,966.99,740.60,89.10,248.00,0.6801,-1,-1,-1
534,25,256.82,836.31,90.03,241.76,0.7830,-1,-1,-1
534,18,467.36,123.25,56.74,174.42,0.3688,-1,-1,-1
534,8,189.75,799.46,92.32,270.13,0.7757,-1,-1,-1
534,6,809.18,601.22,70.99,257.01,0.7302,-1,-1,-1
534,4,1713.17,458.85,76.62,210.54,0.5886,-1,-1,-1
534,3,1037.84,949.06,72.67,130.94,0.4483,-1,-1,-1
535,57,139.73,311.62,93.02,188.22,0.3312,-1,-1,-1
535,56,1694.44,299.71,73.27,187.84,0.3247,-1,-1,-1
535,52,387.65,201.51,63.33,188.23,0.4042,-1,-1,-1
535,51,1765.95,222.38,73.12,168.76,0.4706,-1,-1,-1
535,41,1060.63,757.76,78.35,227.72,0.4520,-1,-1,-1
535,29,968.23,743.04,88.32,246.53,0.6602,-1,-1,-1
535,25,256.91,837.35,90.31,240.21,0.7885,-1,-1,-1
535,8,189.38,799.51,94.76,271.83,0.7961,-1,-1,-1
535,6,804.32,599.86,73.41,254.55,0.7457,-1,-1,-1
535,4,1714.06,457.02,75.04,213.05,0.6181,-1,-1,-1
536,57,140.73,309.83,91.70,189.36,0.4303,-1,-1,-1
536,56,1694.23,300.03,72.03,187.41,0.3121,-1,-1,-1
536,52,389.85,198.98,62.07,191.40,0.3948,-1,-1,-1
536,51,1765.57,222.94,73.47,167.82,0.5120,-1,-1,-1
536,41,1061.89,761.53,77.89,221.20,0.4684,-1,-1,-1
536,29,972.80,742.79,86.49,251.74,0.6402,-1,-1,-1
536,25,257.50,838.68,88.41,239.37,0.7894,-1,-1,-1
536,8,190.03,800.40,94.15,275.42,0.8008,-1,-1,-1
536,6,802.26,599.82,73.25,253.39,0.7305,-1,-1,-1
536,4,1714.60,458.94,75.02,210.21,0.6235,-1,-1,-1
537,57,142.31,309.48,90.77,189.68,0.4450,-1,-1,-1
537,52,389.45,200.01,62.41,189.68,0.4267,-1,-1,-1
537,51,1767.81,223.41,72.71,167.74,0.5019,-1,-1,-1
537,41,1064.87,762.70,75.55,227.77,0.5257,-1,-1,-1
537,29,972.37,745.93,90.09,247.78,0.6565,-1,-1,-1
537,25,257.68,841.11,86.83,237.51,0.7763,-1,-1,-1
537,8,191.66,801.36,92.73,278.52,0.7860,-1,-1,-1
537,6,797.62,599.93,76.93,255.39,0.7275,-1,-1,-1
537,4,1715.97,460.41,73.95,209.80,0.6187,-1,-1,-1
538,57,144.68,309.57,90.28,188.62,0.3822,-1,-1,-1
538,56,1690.34,296.29,68.42,190.72,0.3837,-1,-1,-1
538,52,390.09,195.22,61.48,195.53,0.3632,-1,-1,-1
538,51,1771.62,223.53,67.27,167.36,0.5210,-1,-1,-1
538,41,1061.77,764.99,78.59,225.62,0.5724,-1,-1,-1
538,29,974.76,747.61,90.29,245.23,0.6995,-1,-1,-1
538,25,256.20,844.25,87.77,235.37,0.7832,-1,-1,-1
538,8,192.95,802.98,91.87,277.02,0.7957,-1,-1,-1
538,6,797.07,600.43,77.77,254.29,0.7363,-1,-1,-1
538,4,1717.12,460.90,72.27,208.73,0.6261,-1,-1,-1
538,3,1031.18,943.45,79.17,136.55,0.3106,-1,-1,-1
539,56,1688.45,293.76,71.42,195.35,0.3627,-1,-1,-1
539,52,389.96,190.39,61.06,201.20,0.4185,-1,-1,-1
539,51,1774.97,224.69,64.32,166.30,0.4942,-1,-1,-1
539,41,1060.05,767.52,81.96,228.18,0.6100,-1,-1,-1
539,29,975.67,748.67,89.33,243.98,0.7037,-1,-1,-1
539,25,254.24,846.76,88.59,232.97,0.7832,-1,-1,-1
539,8,193.36,804.89,91.77,275.11,0.7849,-1,-1,-1
539,6,794.85,599.97,77.76,255.02,0.7298,-1,-1,-1
539,4,1716.07,460.31,73.66,209.00,0.6108,-1,-1,-1
539,3,1029.10,940.15,81.13,139.85,0.5012,-1,-1,-1
540,56,1684.08,290.81,72.12,196.91,0.4187,-1,-1,-1
540,52,390.82,185.89,59.38,205.75,0.4427,-1,-1,-1
540,51,1775.32,224.95,63.51,166.59,0.4513,-1,-1,-1
540,41,1061.86,769.37,81.41,220.01,0.5428,-1,-1,-1
540,29,977.81,748.77,89.17,242.30,0.6748,-1,-1,-1
540,25,254.05,848.94,86.94,229.12,0.7685,-1,-1,-1
540,8,192.97,806.17,92.02,273.00,0.7671,-1,-1,-1
540,6,792.41,599.80,79.36,254.04,0.7463,-1,-1,-1
540,4,1716.11,459.22,73.51,210.13,0.6304,-1,-1,-1
540,3,1029.20,944.33,80.76,135.67,0.3973,-1,-1,-1
541,56,1678.06,287.91,76.72,198.78,0.4110,-1,-1,-1
541,52,389.95,187.06,60.20,207.05,0.4696,-1,-1,-1
541,51,1776.49,225.62,63.16,166.43,0.4482,-1,-1,-1
541,44,775.39,89.75,72.41,232.78,0.3060,-1,-1,-1
541,41,1053.51,769.77,89.36,223.03,0.6326,-1,-1,-1
541,29,982.21,750.94,84.84,237.87,0.6863,-1,-1,-1
541,25,254.82,850.44,86.53,228.31,0.7680,-1,-1,-1
541,8,196.82,809.40,89.60,270.25,0.7777,-1,-1,-1
541,6,792.25,599.94,78.61,251.62,0.7225,-1,-1,-1
541,4,1716.39,458.62,73.24,209.89,0.6417,-1,-1,-1
541,3,1027.33,939.16,82.57,140.84,0.5406,-1,-1,-1
542,56,1675.69,284.42,79.99,202.58,0.4375,-1,-1,-1
542,52,390.85,190.89,57.68,204.12,0.3993,-1,-1,-1
542,51,1777.70,227.34,62.47,164.90,0.4331,-1,-1,-1
542,44,775.31,91.84,74.24,230.00,0.3014,-1,-1,-1
542,41,1069.49,771.36,75.27,223.96,0.5659,-1,-1,-1
542,29,985.91,750.86,80.41,239.41,0.6710,-1,-1,-1
542,25,256.67,852.77,83.76,226.72,0.7470,-1,-1,-1
542,8,201.08,810.68,86.34,269.32,0.7559,-1,-1,-1
542,6,790.53,599.13,78.29,251.90,0.7133,-1,-1,-1
542,4,1715.77,457.82,73.81,210.99,0.5987,-1,-1,-1
542,3,1031.39,949.53,77.52,130.47,0.3614,-1,-1,-1
543,56,1671.85,283.85,83.00,202.59,0.4389,-1,-1,-1
543,52,390.72,210.10,55.58,186.57,0.3012,-1,-1,-1
543,51,1779.74,227.35,61.39,166.18,0.4205,-1,-1,-1
543,44,777.88,89.87,72.63,231.19,0.3150,-1,-1,-1
543,41,1070.72,772.07,75.19,228.80,0.5953,-1,-1,-1
543,29,988.90,753.18,81.13,230.79,0.6376,-1,-1,-1
543,25,256.53,857.67,82.01,222.13,0.7136,-1,-1,-1
543,8,203.53,811.76,85.40,268.24,0.7122,-1,-1,-1
543,6,787.94,599.22,80.74,251.55,0.7080,-1,-1,-1
543,4,1714.67,456.57,75.44,212.10,0.5701,-1,-1,-1
543,3,1030.02,945.22,78.85,134.78,0.4407,-1,-1,-1
544,56,1669.37,283.75,85.39,202.35,0.4206,-1,-1,-1
544,52,390.69,201.38,56.86,195.47,0.3191,-1,-1,-1
544,51,1780.45,227.87,61.06,166.45,0.4216,-1,-1,-1
544,44,778.90,86.92,71.98,233.45,0.3596,-1,-1,-1
544,41,1071.17,772.54,76.92,226.90,0.5998,-1,-1,-1
544,29,987.17,755.42,86.21,225.48,0.6524,-1,-1,-1
544,25,256.19,862.80,82.43,215.96,0.6975,-1,-1,-1
544,8,206.53,813.07,83.85,266.93,0.7178,-1,-1,-1
544,6,783.90,598.91,83.13,252.45,0.7253,-1,-1,-1
544,4,1714.09,456.97,75.94,212.19,0.5615,-1,-1,-1
544,3,1027.38,943.86,81.69,136.14,0.4524,-1,-1,-1
545,56,1665.54,284.25,88.23,200.42,0.3903,-1,-1,-1
545,52,390.79,212.80,56.58,187.29,0.3665,-1,-1,-1
545,51,1784.26,227.45,58.79,170.84,0.4191,-1,-1,-1
545,44,777.43,86.61,72.84,234.42,0.3539,-1,-1,-1
545,41,1069.75,775.89,79.68,225.00,0.5955,-1,-1,-1
545,29,991.46,756.96,82.80,225.00,0.6542,-1,-1,-1
545,25,253.29,866.15,84.13,212.79,0.7241,-1,-1,-1
545,8,208.55,814.74,82.37,265.26,0.6982,-1,-1,-1
545,6,775.42,598.38,90.70,253.61,0.7366,-1,-1,-1
545,4,1713.38,458.48,76.06,208.58,0.6113,-1,-1,-1
545,3,1017.81,942.29,90.33,137.71,0.5473,-1,-1,-1
546,56,1666.55,284.30,86.92,200.96,0.3900,-1,-1,-1
546,51,1787.12,229.67,56.80,170.59,0.3931,-1,-1,-1
546,44,779.27,85.13,71.26,234.71,0.4345,-1,-1,-1
546,41,1072.88,776.78,78.57,228.07,0.6104,-1,-1,-1
546,29,992.45,759.54,84.72,226.07,0.6303,-1,-1,-1
546,25,251.83,868.79,83.70,210.90,0.7188,-1,-1,-1
546,8,209.79,815.69,82.68,264.31,0.6791,-1,-1,-1
546,6,770.74,598.43,93.60,253.03,0.7460,-1,-1,-1
546,4,1711.03,457.42,78.97,211.29,0.6232,-1,-1,-1
546,3,1021.26,942.70,85.94,137.30,0.5618,-1,-1,-1
547,56,1660.47,285.54,91.51,196.89,0.3395,-1,-1,-1
547,51,1788.36,231.91,58.59,171.90,0.3925,-1,-1,-1
547,44,778.60,85.33,72.51,235.09,0.4518,-1,-1,-1
547,41,1074.43,779.25,78.43,230.46,0.6290,-1,-1,-1
547,29,995.05,761.83,85.76,218.95,0.6359,-1,-1,-1
547,25,251.96,872.58,84.02,207.42,0.6905,-1,-1,-1
547,8,211.16,817.36,82.93,262.64,0.6817,-1,-1,-1
547,6,770.98,597.92,93.17,255.43,0.7605,-1,-1,-1
547,4,1711.78,456.96,83.55,211.32,0.5929,-1,-1,-1
547,3,1027.76,944.81,79.70,135.19,0.5314,-1,-1,-1
548,56,1660.47,285.46,92.14,196.19,0.3624,-1,-1,-1
548,52,383.77,218.44,62.29,187.95,0.3731,-1,-1,-1
548,51,1788.89,235.33,61.08,173.83,0.4261,-1,-1,-1
548,44,779.25,83.88,72.09,238.37,0.4325,-1,-1,-1
548,41,1066.74,781.59,88.68,238.37,0.6419,-1,-1,-1
548,29,993.88,765.93,87.31,216.50,0.6599,-1,-1,-1
548,25,252.08,875.34,80.72,204.66,0.6878,-1,-1,-1
548,8,212.63,818.45,81.39,261.55,0.6489,-1,-1,-1
548,6,769.52,598.14,93.86,256.05,0.7465,-1,-1,-1
548,4,1716.54,458.78,73.78,210.65,0.5886,-1,-1,-1
548,3,1026.57,938.26,80.49,141.74,0.5489,-1,-1,-1
549,57,183.91,300.51,67.66,199.24,0.3123,-1,-1,-1
549,56,1659.27,284.78,94.76,198.61,0.3835,-1,-1,-1
549,52,386.90,226.06,56.47,182.01,0.4238,-1,-1,-1
549,51,1790.25,236.74,61.99,174.63,0.3901,-1,-1,-1
549,44,779.77,84.90,70.87,235.81,0.4420,-1,-1,-1
549,41,1068.34,783.42,87.37,243.77,0.6421,-1,-1,-1
549,29,996.98,768.67,83.03,211.32,0.5849,-1,-1,-1
549,25,249.17,873.01,81.09,206.99,0.6309,-1,-1,-1
549,8,213.63,820.01,82.01,259.99,0.5256,-1,-1,-1
549,6,769.61,599.31,92.94,254.10,0.7489,-1,-1,-1
549,4,1721.49,459.24,68.37,208.48,0.6296,-1,-1,-1
549,3,1024.36,934.36,82.88,145.64,0.5253,-1,-1,-1
550,56,1659.07,283.90,93.60,197.13,0.4004,-1,-1,-1
550,52,383.43,229.21,60.80,177.97,0.3816,-1,-1,-1
550,51,1794.09,235.80,58.78,175.41,0.4183,-1,-1,-1
550,44,782.40,85.23,70.02,236.24,0.4444,-1,-1,-1
550,41,1067.95,786.98,89.50,244.69,0.5969,-1,-1,-1
550,29,999.27,773.19,79.45,196.94,0.5128,-1,-1,-1
550,25,246.88,873.53,81.42,206.47,0.5721,-1,-1,-1
550,8,215.11,822.07,82.93,257.93,0.4101,-1,-1,-1
550,6,767.38,600.06,94.41,252.73,0.7338,-1,-1,-1
550,4,1718.57,458.47,71.47,210.01,0.6133,-1,-1,-1
550,3,1023.81,934.77,82.52,145.23,0.5163,-1,-1,-1
551,56,1660.64,281.93,92.22,203.23,0.4090,-1,-1,-1
551,52,380.98,225.24,62.92,182.59,0.4698,-1,-1,-1
551,51,1795.77,235.78,58.27,176.04,0.4389,-1,-1,-1
551,44,781.92,84.91,70.69,236.70,0.4780,-1,-1,-1
551,41,1076.39,790.18,85.16,241.17,0.5687,-1,-1,-1
551,29,1002.87,773.03,78.79,187.24,0.4894,-1,-1,-1
551,25,239.02,874.01,89.53,205.99,0.5717,-1,-1,-1
551,6,767.01,598.52,92.59,255.28,0.7298,-1,-1,-1
551,4,1721.11,459.27,68.66,209.04,0.6056,-1,-1,-1
551,3,1018.78,936.69,86.86,143.31,0.5713,-1,-1,-1
552,56,1662.11,280.86,88.09,211.00,0.3972,-1,-1,-1
552,52,379.96,225.23,64.56,182.37,0.4162,-1,-1,-1
552,51,1796.99,236.71,57.86,176.61,0.3951,-1,-1,-1
552,44,784.55,83.48,70.41,237.89,0.4576,-1,-1,-1
552,41,1073.14,793.17,91.47,240.42,0.5723,-1,-1,-1
552,29,1007.70,775.51,76.17,175.43,0.4707,-1,-1,-1
552,25,233.52,874.73,94.28,205.27,0.6562,-1,-1,-1
552,6,766.71,597.91,91.97,254.08,0.7421,-1,-1,-1
552,4,1724.60,458.30,64.83,208.55,0.6061,-1,-1,-1
552,3,1012.06,934.32,92.16,145.68,0.5270,-1,-1,-1
553,56,1661.67,278.63,89.25,220.69,0.3755,-1,-1,-1
553,52,380.08,222.29,65.03,184.65,0.4124,-1,-1,-1
553,51,1799.09,236.89,57.91,175.72,0.3757,-1,-1,-1
553,44,786.36,85.06,71.08,234.24,0.4190,-1,-1,-1
553,41,1072.74,795.04,95.86,243.53,0.5789,-1,-1,-1
553,29,1010.60,777.93,73.16,165.35,0.5098,-1,-1,-1
553,25,234.49,875.55,91.73,204.45,0.6738,-1,-1,-1
553,6,766.44,595.74,91.77,254.43,0.7523,-1,-1,-1
553,4,1722.25,458.84,67.09,208.05,0.5770,-1,-1,-1
553,3,995.54,927.93,109.58,151.87,0.5367,-1,-1,-1
554,56,1664.06,276.47,83.06,206.05,0.4117,-1,-1,-1
554,52,377.27,219.12,66.98,187.21,0.5275,-1,-1,-1
554,51,1803.26,236.26,55.94,175.88,0.3029,-1,-1,-1
554,44,788.58,85.51,71.52,233.29,0.4263,-1,-1,-1
554,41,1082.40,797.17,90.36,242.04,0.5158,-1,-1,-1
554,29,1009.22,781.48,71.77,167.61,0.3104,-1,-1,-1
554,25,232.28,832.62,95.17,247.38,0.6374,-1,-1,-1
554,6,766.76,595.70,87.95,251.39,0.7513,-1,-1,-1
554,4,1722.56,459.08,66.85,207.76,0.5988,-1,-1,-1
555,56,1668.44,275.75,78.61,196.15,0.4649,-1,-1,-1
555,52,376.82,217.71,66.05,189.25,0.5318,-1,-1,-1
555,44,787.16,84.47,74.68,234.74,0.4004,-1,-1,-1
555,41,1087.83,798.88,85.14,238.27,0.6164,-1,-1,-1
555,29,1013.34,783.56,70.51,157.34,0.3534,-1,-1,-1
555,25,232.81,834.31,96.64,245.69,0.7009,-1,-1,-1
555,6,764.92,595.98,88.71,251.07,0.7345,-1,-1,-1
555,4,1722.91,457.06,66.27,209.60,0.6011,-1,-1,-1
555,3,1005.54,928.53,100.19,151.47,0.3206,-1,-1,-1
556,56,1667.33,273.73,76.14,193.81,0.4880,-1,-1,-1
556,52,377.61,220.33,65.84,189.70,0.5022,-1,-1,-1
556,51,1806.93,236.68,61.24,174.91,0.3255,-1,-1,-1
556,44,787.79,86.06,74.79,232.41,0.4126,-1,-1,-1
556,41,1095.87,799.04,81.32,238.69,0.5742,-1,-1,-1
556,25,237.30,877.20,91.97,202.52,0.6128,-1,-1,-1
556,6,762.96,593.72,87.53,250.20,0.7564,-1,-1,-1
556,4,1723.41,455.90,64.98,207.93,0.6183,-1,-1,-1
556,3,1014.92,783.95,93.90,295.90,0.4635,-1,-1,-1
557,56,1668.67,273.73,78.48,194.43,0.5163,-1,-1,-1
557,52,375.56,222.85,67.80,186.18,0.5120,-1,-1,-1
557,51,1806.10,237.17,62.08,173.62,0.3462,-1,-1,-1
557,44,789.79,84.70,72.13,233.35,0.4479,-1,-1,-1
557,41,1101.50,800.57,78.23,235.32,0.5543,-1,-1,-1
557,25,238.98,837.15,94.93,242.83,0.7369,-1,-1,-1
557,6,760.62,593.73,86.90,246.85,0.7163,-1,-1,-1
557,4,1724.51,457.92,67.43,206.81,0.6177,-1,-1,-1
557,3,1012.36,785.70,90.48,292.60,0.4509,-1,-1,-1
558,56,1669.24,271.43,75.60,193.66,0.5497,-1,-1,-1
558,52,375.71,223.06,67.49,187.87,0.5433,-1,-1,-1
558,51,1811.30,236.94,61.99,175.21,0.3605,-1,-1,-1
558,44,791.64,84.03,70.78,235.32,0.4346,-1,-1,-1
558,41,1101.98,800.25,80.44,234.00,0.6043,-1,-1,-1
558,25,239.36,837.91,99.02,242.09,0.7201,-1,-1,-1
558,6,757.21,594.12,87.08,243.92,0.7109,-1,-1,-1
558,4,1720.88,455.80,67.28,210.12,0.6839,-1,-1,-1
558,3,1012.93,785.34,89.55,293.68,0.5366,-1,-1,-1
559,56,1669.68,271.94,74.89,194.06,0.5373,-1,-1,-1
559,52,375.14,225.63,67.65,186.99,0.5572,-1,-1,-1
559,51,1814.52,237.01,60.48,174.52,0.3665,-1,-1,-1
559,44,792.04,82.79,69.38,237.27,0.3929,-1,-1,-1
559,41,1101.41,801.46,84.77,233.53,0.6069,-1,-1,-1
559,25,239.66,889.27,95.85,190.73,0.7280,-1,-1,-1
559,6,754.76,593.41,82.43,242.69,0.6850,-1,-1,-1
559,4,1725.31,458.35,65.15,205.18,0.6571,-1,-1,-1
559,3,1018.80,785.56,75.06,198.36,0.4995,-1,-1,-1
560,56,1668.03,271.17,74.97,192.77,0.5486,-1,-1,-1
560,52,373.69,225.67,67.11,189.39,0.5483,-1,-1,-1
560,51,1817.45,237.22,58.51,176.07,0.3579,-1,-1,-1
560,44,794.31,94.22,66.10,224.59,0.4050,-1,-1,-1
560,41,1102.66,801.84,84.67,232.47,0.5578,-1,-1,-1
560,25,240.40,890.95,93.53,189.05,0.7417,-1,-1,-1
560,18,461.62,92.23,57.23,180.14,0.3287,-1,-1,-1
560,6,752.31,590.71,79.62,244.74,0.6906,-1,-1,-1
560,4,1725.93,458.95,64.72,202.36,0.6607,-1,-1,-1
560,3,1018.67,786.39,80.01,198.42,0.5254,-1,-1,-1
561,56,1666.58,271.31,75.71,192.92,0.5647,-1,-1,-1
561,52,373.81,228.16,66.91,187.79,0.5732,-1,-1,-1
561,51,1818.43,237.79,61.11,177.25,0.3352,-1,-1,-1
561,44,794.81,80.97,66.15,237.70,0.4369,-1,-1,-1
561,41,1104.64,802.98,82.57,232.33,0.5991,-1,-1,-1
561,25,243.13,894.98,91.23,184.91,0.6748,-1,-1,-1
561,18,462.41,92.83,56.96,174.57,0.3464,-1,-1,-1
561,6,749.59,590.98,74.00,242.00,0.6933,-1,-1,-1
561,4,1724.23,458.17,63.60,203.42,0.6692,-1,-1,-1
561,3,1018.51,787.76,78.84,199.01,0.4822,-1,-1,-1
562,56,1663.72,270.76,77.40,192.08,0.5681,-1,-1,-1
562,52,373.44,231.17,67.77,186.21,0.5964,-1,-1,-1
562,51,1820.20,238.05,62.38,180.35,0.3340,-1,-1,-1
562,44,793.85,78.75,67.57,239.15,0.4267,-1,-1,-1
562,41,1105.20,805.44,86.31,235.13,0.6010,-1,-1,-1
562,29,1017.58,791.15,81.28,197.22,0.6255,-1,-1,-1
562,25,244.40,898.49,91.87,180.93,0.6626,-1,-1,-1
562,6,747.17,593.31,71.32,235.74,0.6954,-1,-1,-1
562,4,1722.89,456.82,63.95,206.68,0.6452,-1,-1,-1
563,58,988.95,936.05,106.59,142.79,0.5185,-1,-1,-1
563,56,1663.22,270.48,75.87,189.00,0.5079,-1,-1,-1
563,52,375.35,234.57,66.49,184.70,0.5622,-1,-1,-1
563,51,1819.84,242.30,62.82,176.89,0.3140,-1,-1,-1
563,44,795.32,78.93,66.41,239.80,0.3974,-1,-1,-1
563,41,1106.04,809.54,88.74,236.91,0.5833,-1,-1,-1
563,29,1017.12,793.45,85.50,224.43,0.5455,-1,-1,-1
563,25,245.14,902.47,82.14,177.45,0.6875,-1,-1,-1
563,8,270.17,841.00,81.08,224.93,0.4657,-1,-1,-1
563,6,740.71,590.81,75.54,241.74,0.7025,-1,-1,-1
563,4,1720.66,456.25,72.71,207.67,0.6371,-1,-1,-1
564,58,986.13,935.94,110.02,142.80,0.5766,-1,-1,-1
564,56,1663.49,269.62,74.62,189.04,0.5103,-1,-1,-1
564,52,375.29,234.27,66.11,189.83,0.6128,-1,-1,-1
564,51,1821.82,242.73,66.53,179.17,0.3453,-1,-1,-1
564,44,796.15,77.01,67.51,242.21,0.4449,-1,-1,-1
564,41,1106.02,811.91,87.07,242.66,0.5645,-1,-1,-1
564,29,1020.36,796.54,82.07,253.05,0.5988,-1,-1,-1
564,25,246.43,905.54,79.81,174.41,0.7044,-1,-1,-1
564,8,268.52,842.76,86.81,230.18,0.5922,-1,-1,-1
564,6,735.27,589.65,78.75,243.01,0.6929,-1,-1,-1
564,4,1720.35,453.77,69.07,208.91,0.6452,-1,-1,-1
565,58,984.93,936.81,107.17,141.40,0.4418,-1,-1,-1
565,56,1664.71,268.79,73.01,190.22,0.4924,-1,-1,-1
565,52,375.56,235.70,64.30,191.36,0.6524,-1,-1,-1
565,51,1823.35,245.45,67.03,176.02,0.3831,-1,-1,-1
565,44,796.75,75.80,68.16,244.11,0.4431,-1,-1,-1
565,41,1106.05,814.26,89.64,243.02,0.6164,-1,-1,-1
565,29,1019.60,798.11,87.13,267.60,0.6419,-1,-1,-1
565,25,248.33,906.43,79.61,173.22,0.7139,-1,-1,-1
565,8,268.90,843.99,92.27,231.82,0.5829,-1,-1,-1
565,6,733.41,589.31,79.41,242.64,0.6096,-1,-1,-1
565,4,1718.99,456.77,75.39,207.47,0.6395,-1,-1,-1
566,59,1580.10,603.48,93.60,225.70,0.3019,-1,-1,-1
566,58,984.66,932.76,104.29,146.50,0.5272,-1,-1,-1
566,56,1666.99,270.22,68.20,184.97,0.5110,-1,-1,-1
566,52,375.62,235.09,63.82,191.79,0.6634,-1,-1,-1
566,51,1824.74,246.92,67.74,171.53,0.4078,-1,-1,-1
566,44,797.26,76.40,68.26,242.76,0.4450,-1,-1,-1
566,41,1101.09,817.31,95.49,243.92,0.6227,-1,-1,-1
566,29,1021.65,801.25,85.87,266.72,0.5943,-1,-1,-1
566,25,248.75,908.69,79.66,171.31,0.7458,-1,-1,-1
566,8,270.18,846.42,99.00,232.29,0.6400,-1,-1,-1
566,6,733.99,590.80,76.44,240.50,0.6122,-1,-1,-1
566,4,1717.81,456.20,76.13,208.43,0.6356,-1,-1,-1
567,59,1573.29,588.44,103.23,236.66,0.5720,-1,-1,-1
567,58,985.32,931.54,100.87,146.93,0.6048,-1,-1,-1
567,56,1668.65,270.29,64.96,181.20,0.5398,-1,-1,-1
567,52,374.95,236.35,63.67,191.47,0.6653,-1,-1,-1
567,51,1825.32,249.37,67.61,170.51,0.4119,-1,-1,-1
567,44,796.01,77.22,70.47,241.96,0.4453,-1,-1,-1
567,41,1113.38,820.10,84.25,240.11,0.4853,-1,-1,-1
567,29,1026.72,805.55,81.81,257.91,0.4898,-1,-1,-1
567,25,249.05,910.95,79.14,169.05,0.7539,-1,-1,-1
567,18,473.96,90.09,49.00,167.86,0.3050,-1,-1,-1
567,8,270.07,848.08,104.64,231.80,0.6444,-1,-1,-1
567,6,730.32,590.68,78.51,242.88,0.5701,-1,-1,-1
567,4,1716.51,457.00,79.65,210.05,0.6468,-1,-1,-1
568,59,1565.35,587.88,111.82,237.07,0.4068,-1,-1,-1
568,58,985.38,933.57,99.72,143.71,0.3814,-1,-1,-1
568,56,1669.37,270.58,62.13,182.17,0.5734,-1,-1,-1
568,52,375.53,237.80,63.70,190.23,0.6413,-1,-1,-1
568,51,1825.09,252.06,67.48,171.36,0.3844,-1,-1,-1
568,44,794.73,75.73,73.23,243.68,0.4730,-1,-1,-1
568,41,1113.30,822.12,84.80,239.99,0.4962,-1,-1,-1
568,29,1027.10,808.92,83.81,259.61,0.4825,-1,-1,-1
568,25,248.73,912.79,81.03,167.21,0.7606,-1,-1,-1
568,8,271.45,849.28,106.92,230.21,0.6577,-1,-1,-1
568,6,730.54,589.01,76.60,244.75,0.6219,-1,-1,-1
568,4,1716.66,456.59,77.52,210.44,0.6966,-1,-1,-1
569,59,1570.07,595.75,109.26,230.46,0.4380,-1,-1,-1
569,56,1667.71,266.92,62.08,184.84,0.5477,-1,-1,-1
569,52,374.96,236.56,66.02,192.99,0.6377,-1,-1,-1
569,51,1826.41,253.10,67.32,173.10,0.3850,-1,-1,-1
569,44,795.97,74.61,72.69,244.96,0.4436,-1,-1,-1
569,41,1115.49,825.33,83.07,239.61,0.4763,-1,-1,-1
569,29,1032.61,810.10,82.49,263.47,0.5723,-1,-1,-1
569,25,248.84,914.19,81.20,165.81,0.7551,-1,-1,-1
569,8,277.75,851.33,106.66,228.40,0.6481,-1,-1,-1
569,6,726.09,587.93,80.01,246.19,0.6256,-1,-1,-1
569,4,1715.51,457.51,78.72,209.65,0.6940,-1,-1,-1
570,59,1569.79,593.39,107.77,232.21,0.5584,-1,-1,-1
570,58,990.66,932.50,86.91,145.81,0.3432,-1,-1,-1
570,56,1666.76,265.96,62.02,182.01,0.5402,-1,-1,-1
570,52,375.42,237.06,65.99,192.66,0.6363,-1,-1,-1
570,51,1826.61,254.17,68.99,174.23,0.3343,-1,-1,-1
570,44,795.09,72.69,74.46,247.46,0.4926,-1,-1,-1
570,41,1119.23,826.34,83.87,241.87,0.5843,-1,-1,-1
570,29,1034.26,811.98,81.63,264.27,0.6024,-1,-1,-1
570,25,248.79,915.61,80.74,164.39,0.7441,-1,-1,-1
570,8,280.45,852.63,108.35,227.37,0.6639,-1,-1,-1
570,6,724.44,586.36,80.91,249.67,0.6125,-1,-1,-1
570,4,1714.79,457.03,79.01,209.27,0.6847,-1,-1,-1
571,59,1560.56,587.43,117.12,237.62,0.5833,-1,-1,-1
571,58,994.48,931.09,80.46,147.07,0.4007,-1,-1,-1
571,56,1663.99,262.90,62.11,179.78,0.5543,-1,-1,-1
571,52,375.00,236.19,66.80,191.78,0.6211,-1,-1,-1
571,44,794.12,71.10,77.39,247.97,0.4734,-1,-1,-1
571,41,1128.54,828.57,75.19,242.67,0.6643,-1,-1,-1
571,29,1040.42,813.87,77.49,262.83,0.6702,-1,-1,-1
571,25,247.29,918.88,81.47,161.12,0.7473,-1,-1,-1
571,8,282.96,855.53,106.26,224.47,0.6721,-1,-1,-1
571,6,719.19,587.74,85.70,246.80,0.5531,-1,-1,-1
571,4,1714.83,455.58,80.79,209.36,0.6718,-1,-1,-1
572,59,1566.46,590.32,111.67,235.65,0.5153,-1,-1,-1
572,58,992.01,929.39,82.65,149.60,0.5685,-1,-1,-1
572,56,1663.21,260.12,64.26,180.69,0.5112,-1,-1,-1
572,52,377.44,238.76,64.28,187.60,0.6144,-1,-1,-1
572,44,792.60,72.07,79.34,246.86,0.4481,-1,-1,-1
572,41,1123.26,829.59,80.31,241.30,0.6073,-1,-1,-1
572,29,1042.34,817.07,78.39,257.88,0.6376,-1,-1,-1
572,25,249.24,918.71,81.96,161.06,0.7485,-1,-1,-1
572,8,294.32,857.22,98.36,222.78,0.6899,-1,-1,-1
572,6,714.64,586.91,89.15,249.96,0.5185,-1,-1,-1
572,4,1715.03,457.82,80.26,208.09,0.6373,-1,-1,-1
573,59,1562.74,587.44,116.52,237.89,0.4873,-1,-1,-1
573,58,993.55,929.74,80.78,149.19,0.6006,-1,-1,-1
573,56,1660.07,258.29,64.61,183.72,0.5208,-1,-1,-1
573,52,377.45,240.43,63.94,184.22,0.6205,-1,-1,-1
573,44,792.76,70.30,80.73,249.03,0.4697,-1,-1,-1
573,41,1124.56,831.48,79.00,245.35,0.6401,-1,-1,-1
573,29,1044.69,819.04,79.97,253.52,0.6230,-1,-1,-1
573,25,247.06,925.32,83.08,154.68,0.7368,-1,-1,-1
573,8,292.51,859.27,94.65,220.09,0.6914,-1,-1,-1
573,6,712.92,587.20,88.17,249.62,0.6437,-1,-1,-1
573,4,1714.93,456.98,81.83,210.50,0.6216,-1,-1,-1
574,59,1566.26,597.28,115.02,229.78,0.4320,-1,-1,-1
574,58,996.34,928.91,77.22,149.60,0.6000,-1,-1,-1
574,56,1659.91,256.91,67.03,184.82,0.5335,-1,-1,-1
574,52,377.95,241.12,63.34,184.32,0.6426,-1,-1,-1
574,44,791.36,69.45,82.23,251.34,0.4651,-1,-1,-1
574,41,1124.56,832.07,80.93,244.92,0.6192,-1,-1,-1
574,29,1046.38,819.46,81.30,251.35,0.6014,-1,-1,-1
574,25,247.93,928.14,82.71,151.86,0.7363,-1,-1,-1
574,8,296.17,860.84,97.23,219.16,0.6987,-1,-1,-1
574,6,709.27,585.40,89.79,249.42,0.6975,-1,-1,-1
574,4,1716.09,457.78,80.25,207.84,0.6435,-1,-1,-1
575,59,1565.05,600.40,113.02,226.59,0.5420,-1,-1,-1
575,58,1000.02,928.47,73.09,149.40,0.5781,-1,-1,-1
575,56,1658.39,255.42,68.17,186.54,0.5481,-1,-1,-1
575,52,377.78,240.40,64.41,187.63,0.6442,-1,-1,-1
575,44,800.57,70.30,73.66,248.59,0.4361,-1,-1,-1
575,41,1121.19,834.29,89.23,243.72,0.6435,-1,-1,-1
575,29,1046.41,820.24,83.44,252.95,0.6200,-1,-1,-1
575,25,249.30,925.10,80.73,154.90,0.7338,-1,-1,-1
575,8,297.45,863.11,94.87,216.89,0.6977,-1,-1,-1
575,6,708.65,584.18,89.46,249.29,0.6846,-1,-1,-1
575,4,1715.75,456.34,80.38,208.71,0.6432,-1,-1,-1
576,59,1567.26,598.25,109.28,226.73,0.6099,-1,-1,-1
576,58,1005.50,927.90,65.21,149.40,0.4797,-1,-1,-1
576,56,1656.86,253.96,69.85,185.99,0.5608,-1,-1,-1
576,52,377.67,244.39,64.57,187.56,0.6622,-1,-1,-1
576,44,804.44,70.07,69.88,248.38,0.4037,-1,-1,-1
576,41,1124.10,835.06,89.55,241.75,0.5983,-1,-1,-1
576,29,1047.56,820.91,81.75,252.08,0.5830,-1,-1,-1
576,25,249.00,929.89,81.74,150.11,0.7420,-1,-1,-1
576,8,297.20,865.90,93.72,213.95,0.6983,-1,-1,-1
576,6,707.05,582.83,89.74,251.39,0.7062,-1,-1,-1
576,4,1716.18,456.68,81.20,209.99,0.6144,-1,-1,-1
577,59,1563.73,600.20,113.45,226.60,0.5667,-1,-1,-1
577,58,1004.84,927.05,67.26,150.19,0.5719,-1,-1,-1
577,56,1654.96,251.61,71.85,187.89,0.5226,-1,-1,-1
577,52,378.64,247.72,63.54,187.53,0.6276,-1,-1,-1
577,44,805.46,70.52,69.76,247.37,0.4472,-1,-1,-1
577,41,1120.72,837.90,96.79,238.68,0.5130,-1,-1,-1
577,29,1049.63,823.07,80.37,248.21,0.5018,-1,-1,-1
577,25,248.65,935.60,83.19,144.40,0.7431,-1,-1,-1
577,8,297.63,870.48,97.82,209.20,0.6998,-1,-1,-1
577,6,704.95,580.67,89.35,248.79,0.7011,-1,-1,-1
577,4,1716.64,457.85,80.71,208.42,0.5884,-1,-1,-1
578,59,1562.29,601.37,112.84,226.19,0.5778,-1,-1,-1
578,58,1005.28,926.57,69.90,150.78,0.5381,-1,-1,-1
578,56,1654.35,250.34,73.13,189.61,0.5596,-1,-1,-1
578,52,377.73,249.71,63.81,188.52,0.6463,-1,-1,-1
578,44,808.21,70.41,67.49,246.75,0.4347,-1,-1,-1
578,41,1126.44,839.78,80.85,237.78,0.4753,-1,-1,-1
578,29,1053.34,823.94,77.97,245.36,0.4857,-1,-1,-1
578,25,248.99,940.79,82.40,139.21,0.7393,-1,-1,-1
578,8,297.40,872.07,96.02,207.17,0.6971,-1,-1,-1
578,6,703.52,576.73,88.34,246.03,0.6780,-1,-1,-1
578,4,1716.61,458.59,80.56,209.48,0.5583,-1,-1,-1
579,59,1563.13,601.77,112.96,225.43,0.6081,-1,-1,-1
579,58,1007.06,925.48,72.09,151.20,0.5380,-1,-1,-1
579,56,1649.86,248.54,78.44,192.96,0.5495,-1,-1,-1
579,52,377.80,250.51,63.62,187.92,0.6680,-1,-1,-1
579,51,1841.94,255.74,62.67,173.74,0.3462,-1,-1,-1
579,44,808.51,69.27,66.84,248.30,0.4630,-1,-1,-1
579,41,1127.82,839.43,91.24,237.76,0.5754,-1,-1,-1
579,29,1052.86,826.19,82.61,248.30,0.5005,-1,-1,-1
579,25,248.68,944.18,82.08,135.82,0.7281,-1,-1,-1
579,8,297.39,873.78,95.87,204.87,0.6983,-1,-1,-1
579,6,703.49,575.23,82.57,231.40,0.5914,-1,-1,-1
579,4,1716.98,459.13,80.15,209.02,0.5642,-1,-1,-1
580,59,1561.28,601.81,115.66,225.85,0.6068,-1,-1,-1
580,58,1005.64,925.87,77.33,150.66,0.5672,-1,-1,-1
580,56,1648.71,248.59,78.96,190.66,0.5547,-1,-1,-1
580,52,377.60,252.76,63.23,187.06,0.6872,-1,-1,-1
580,51,1844.38,255.88,65.35,176.11,0.3615,-1,-1,-1
580,44,806.83,67.33,68.22,250.84,0.4911,-1,-1,-1
580,41,1129.14,841.40,82.72,238.16,0.5567,-1,-1,-1
580,29,1055.12,828.55,80.42,246.27,0.4892,-1,-1,-1
580,25,246.78,945.87,83.16,133.57,0.7222,-1,-1,-1
580,8,294.97,874.47,96.50,205.53,0.7241,-1,-1,-1
580,6,704.15,575.37,78.72,249.89,0.5799,-1,-1,-1
580,4,1717.02,459.01,79.71,211.66,0.5834,-1,-1,-1
581,59,1562.23,600.86,114.68,226.25,0.5768,-1,-1,-1
581,58,1005.79,925.42,78.77,151.11,0.5920,-1,-1,-1
581,56,1647.65,246.80,78.64,191.36,0.4987,-1,-1,-1
581,52,376.94,255.04,63.83,184.64,0.6500,-1,-1,-1
581,51,1848.16,255.21,61.80,180.72,0.3802,-1,-1,-1
581,44,807.28,68.47,67.17,248.95,0.4391,-1,-1,-1
581,41,1130.99,841.30,96.40,238.49,0.5232,-1,-1,-1
581,29,1058.42,831.52,80.80,241.48,0.5538,-1,-1,-1
581,25,248.43,947.58,81.64,132.15,0.7273,-1,-1,-1
581,8,293.96,875.86,99.82,204.06,0.7253,-1,-1,-1
581,6,703.95,573.87,74.14,249.96,0.6003,-1,-1,-1
581,4,1718.08,457.85,77.12,210.61,0.5736,-1,-1,-1
582,59,1563.61,603.10,113.31,223.52,0.5269,-1,-1,-1
582,58,1004.06,925.69,84.67,152.38,0.6062,-1,-1,-1
582,56,1646.66,247.05,79.08,191.68,0.4707,-1,-1,-1
582,52,375.94,255.57,64.60,186.50,0.6424,-1,-1,-1
582,44,807.74,67.03,66.82,250.35,0.4477,-1,-1,-1
582,41,1129.27,845.17,98.22,234.83,0.5298,-1,-1,-1
582,29,1060.70,835.12,79.59,234.63,0.5551,-1,-1,-1
582,25,247.40,948.23,82.02,131.49,0.7116,-1,-1,-1
582,8,296.17,877.57,100.59,202.43,0.7378,-1,-1,-1
582,6,703.51,571.21,72.74,239.63,0.4727,-1,-1,-1
582,4,1719.97,457.94,76.73,207.49,0.5339,-1,-1,-1
583,59,1559.21,606.04,111.95,224.19,0.4253,-1,-1,-1
583,58,1004.81,926.50,79.80,151.96,0.5772,-1,-1,-1
583,56,1645.99,246.95,80.30,190.18,0.4973,-1,-1,-1
583,52,374.51,256.64,66.25,188.99,0.6740,-1,-1,-1
583,51,1851.18,257.33,64.04,182.60,0.3635,-1,-1,-1
583,44,807.75,65.39,66.88,252.02,0.4603,-1,-1,-1
583,41,1141.68,845.62,88.65,234.38,0.6568,-1,-1,-1
583,29,1064.07,838.66,78.49,238.28,0.6571,-1,-1,-1
583,25,246.31,948.67,82.41,131.28,0.7084,-1,-1,-1
583,8,297.88,879.65,97.66,200.35,0.7514,-1,-1,-1
583,6,702.64,570.23,68.47,229.95,0.4297,-1,-1,-1
583,4,1719.95,457.59,76.16,208.67,0.5859,-1,-1,-1
584,59,1561.49,602.09,112.22,225.10,0.5083,-1,-1,-1
584,58,1003.80,926.44,64.04,152.18,0.5639,-1,-1,-1
584,56,1645.59,247.42,80.13,188.55,0.5112,-1,-1,-1
584,52,372.64,257.28,66.78,190.22,0.6971,-1,-1,-1
584,44,810.24,66.83,64.35,250.28,0.4439,-1,-1,-1
584,41,1139.40,848.21,90.75,231.79,0.6703,-1,-1,-1
584,29,1060.72,842.00,82.88,238.00,0.6880,-1,-1,-1
584,25,245.65,949.67,81.48,130.33,0.7006,-1,-1,-1
584,8,299.47,881.30,96.00,198.70,0.7556,-1,-1,-1
584,4,1718.25,453.71,79.28,213.11,0.6189,-1,-1,-1
585,59,1559.46,606.23,112.05,224.03,0.4345,-1,-1,-1
585,58,1003.14,927.50,64.21,150.39,0.5901,-1,-1,-1
585,56,1644.19,247.45,82.84,187.86,0.5321,-1,-1,-1
585,52,372.20,257.78,66.40,189.08,0.7122,-1,-1,-1
585,44,808.65,68.47,65.78,249.15,0.4730,-1,-1,-1
585,41,1140.59,851.82,89.88,228.18,0.7215,-1,-1,-1
585,29,1061.47,843.88,79.28,235.59,0.7315,-1,-1,-1
585,25,245.76,950.96,81.35,128.76,0.7088,-1,-1,-1
585,8,299.49,883.33,95.38,196.67,0.7541,-1,-1,-1
585,4,1720.15,456.64,75.69,207.63,0.6334,-1,-1,-1
586,59,1563.71,602.97,113.80,224.24,0.5348,-1,-1,-1
586,58,1004.48,928.33,60.41,149.85,0.6023,-1,-1,-1
586,56,1646.26,247.87,80.55,186.65,0.5344,-1,-1,-1
586,52,372.24,257.93,65.33,189.75,0.7198,-1,-1,-1
586,44,808.96,69.03,64.86,249.32,0.4836,-1,-1,-1
586,41,1145.54,854.80,88.25,225.20,0.6964,-1,-1,-1
586,29,1062.28,846.05,80.46,232.01,0.7110,-1,-1,-1
586,25,243.80,952.57,83.21,127.23,0.7044,-1,-1,-1
586,8,300.98,886.30,94.27,193.70,0.7596,-1,-1,-1
586,4,1719.68,456.85,74.11,205.98,0.6224,-1,-1,-1
587,59,1560.71,602.68,112.34,227.95,0.5412,-1,-1,-1
587,58,1002.79,929.39,62.74,148.79,0.6298,-1,-1,-1
587,56,1646.24,247.35,80.52,185.83,0.5093,-1,-1,-1
587,52,371.22,258.41,65.59,189.35,0.7011,-1,-1,-1
587,51,1854.38,257.25,64.55,185.82,0.3112,-1,-1,-1
587,44,808.00,70.82,65.20,248.42,0.4751,-1,-1,-1
587,41,1149.18,858.38,88.58,221.62,0.6705,-1,-1,-1
587,29,1065.71,847.55,78.60,229.98,0.7136,-1,-1,-1
587,25,246.67,954.99,81.29,125.01,0.7237,-1,-1,-1
587,8,302.39,888.56,94.28,191.26,0.7587,-1,-1,-1
587,4,1721.69,454.89,73.29,210.25,0.6414,-1,-1,-1
588,60,284.58,116.76,59.15,177.97,0.3241,-1,-1,-1
588,59,1563.23,602.57,112.58,224.55,0.5313,-1,-1,-1
588,58,1001.45,930.28,63.50,149.60,0.6198,-1,-1,-1
588,56,1648.29,245.30,78.31,187.09,0.5003,-1,-1,-1
588,52,371.32,258.53,65.61,189.53,0.7076,-1,-1,-1
588,51,1857.16,256.70,61.96,185.86,0.3225,-1,-1,-1
588,44,808.39,70.05,64.58,248.57,0.4544,-1,-1,-1
588,41,1149.46,857.74,93.01,222.26,0.6634,-1,-1,-1
588,29,1067.44,849.91,77.20,224.94,0.7056,-1,-1,-1
588,25,246.63,957.69,81.73,122.31,0.7203,-1,-1,-1
588,8,302.55,891.18,93.87,188.82,0.7552,-1,-1,-1
588,4,1721.74,452.80,67.60,214.07,0.6283,-1,-1,-1
589,60,284.78,117.13,58.50,177.13,0.3526,-1,-1,-1
589,59,1559.43,603.49,112.55,226.87,0.5508,-1,-1,-1
589,58,1002.42,930.78,61.33,149.22,0.6253,-1,-1,-1
589,56,1651.20,242.68,75.82,182.29,0.5037,-1,-1,-1
589,52,370.48,259.96,65.41,186.94,0.7047,-1,-1,-1
589,44,809.39,76.77,62.94,240.52,0.4088,-1,-1,-1
589,41,1154.55,857.86,90.99,222.14,0.6851,-1,-1,-1
589,29,1066.90,850.57,78.84,227.09,0.7151,-1,-1,-1
589,25,246.84,961.10,82.39,118.90,0.7215,-1,-1,-1
589,8,302.36,894.96,93.94,185.04,0.7670,-1,-1,-1
589,4,1723.88,456.09,70.08,207.75,0.6440,-1,-1,-1
590,60,284.92,119.18,59.08,176.33,0.3604,-1,-1,-1
590,59,1559.50,603.86,112.19,226.09,0.5484,-1,-1,-1
590,58,1001.46,931.12,61.66,148.88,0.6392,-1,-1,-1
590,56,1654.29,240.48,73.30,183.78,0.5250,-1,-1,-1
590,52,370.02,261.58,65.09,185.77,0.7153,-1,-1,-1
590,44,808.78,72.41,62.64,245.58,0.3706,-1,-1,-1
590,41,1157.13,861.85,89.61,218.15,0.6950,-1,-1,-1
590,29,1067.54,852.17,81.23,226.16,0.7315,-1,-1,-1
590,25,246.25,963.25,82.13,116.75,0.6997,-1,-1,-1
590,8,305.13,895.69,92.31,183.73,0.7619,-1,-1,-1
590,4,1722.65,455.90,72.56,209.01,0.6048,-1,-1,-1
591,60,284.06,120.76,58.86,175.31,0.3586,-1,-1,-1
591,59,1560.36,603.62,112.20,225.73,0.5712,-1,-1,-1
591,58,1001.23,932.25,59.46,147.75,0.6285,-1,-1,-1
591,56,1655.57,239.66,72.85,182.91,0.5818,-1,-1,-1
591,52,368.75,262.74,66.39,184.88,0.7219,-1,-1,-1
591,44,808.32,77.70,60.37,239.74,0.3319,-1,-1,-1
591,41,1158.60,862.99,90.38,217.01,0.6917,-1,-1,-1
591,29,1068.75,853.00,82.61,225.62,0.7237,-1,-1,-1
591,25,246.02,966.69,82.26,113.31,0.7021,-1,-1,-1
591,8,306.29,897.99,91.61,179.78,0.7609,-1,-1,-1
591,4,1723.21,457.84,71.63,206.41,0.6262,-1,-1,-1
592,60,284.88,118.21,57.53,176.73,0.3560,-1,-1,-1
592,59,1560.46,602.93,112.41,226.95,0.5070,-1,-1,-1
592,58,1000.42,932.99,59.80,147.01,0.5841,-1,-1,-1
592,56,1656.41,237.58,73.90,186.79,0.6351,-1,-1,-1
592,52,368.27,264.56,65.82,181.77,0.7178,-1,-1,-1
592,44,809.03,84.02,58.42,232.86,0.3068,-1,-1,-1
592,41,1156.80,865.98,93.74,214.02,0.6865,-1,-1,-1
592,29,1069.91,854.44,81.08,222.48,0.7157,-1,-1,-1
592,25,248.43,968.95,82.25,111.05,0.7215,-1,-1,-1
592,8,308.02,902.01,90.33,176.51,0.7388,-1,-1,-1
592,4,1722.36,457.38,71.60,206.76,0.6260,-1,-1,-1
593,60,283.75,117.84,58.78,177.99,0.3423,-1,-1,-1
593,59,1560.91,603.32,111.02,226.34,0.4754,-1,-1,-1
593,58,1000.76,933.43,59.27,146.13,0.5827,-1,-1,-1
593,56,1655.98,235.36,73.11,185.60,0.6655,-1,-1,-1
593,52,367.60,265.18,66.32,184.28,0.7256,-1,-1,-1
593,44,809.61,83.64,58.40,233.58,0.3163,-1,-1,-1
593,41,1161.75,868.45,89.97,211.55,0.6765,-1,-1,-1
593,29,1071.69,855.37,80.17,221.27,0.7243,-1,-1,-1
593,25,249.51,971.48,82.25,108.52,0.7292,-1,-1,-1
593,8,308.09,908.13,91.54,171.87,0.7726,-1,-1,-1
593,4,1720.42,454.49,70.12,213.55,0.6497,-1,-1,-1
594,60,283.43,116.82,58.92,179.58,0.3424,-1,-1,-1
594,59,1561.88,605.87,109.49,223.21,0.4859,-1,-1,-1
594,58,1001.16,935.15,58.22,144.85,0.5753,-1,-1,-1
594,56,1657.36,232.82,71.39,187.00,0.6367,-1,-1,-1
594,52,367.35,266.87,65.31,186.56,0.7210,-1,-1,-1
594,41,1163.02,870.46,89.47,209.54,0.6683,-1,-1,-1
594,29,1072.90,856.59,79.23,222.37,0.7190,-1,-1,-1
594,25,250.07,975.31,85.71,104.69,0.7216,-1,-1,-1
594,8,309.25,910.26,93.64,169.74,0.7756,-1,-1,-1
594,4,1720.50,454.92,69.94,213.00,0.6491,-1,-1,-1
595,60,282.89,114.57,59.46,180.76,0.3433,-1,-1,-1
595,59,1562.46,605.24,109.38,223.92,0.4455,-1,-1,-1
595,58,1000.53,935.53,57.42,144.47,0.5943,-1,-1,-1
595,56,1658.05,230.86,70.82,188.82,0.6290,-1,-1,-1
595,52,366.16,269.69,66.07,188.89,0.7235,-1,-1,-1
595,41,1165.32,871.95,88.22,208.05,0.6600,-1,-1,-1
595,29,1074.06,858.82,80.46,221.18,0.7199,-1,-1,-1
595,25,250.43,978.67,82.71,101.33,0.7021,-1,-1,-1
595,8,310.20,911.51,95.41,168.49,0.7617,-1,-1,-1
595,4,1720.87,453.53,70.72,213.56,0.6803,-1,-1,-1
596,60,283.21,117.85,59.26,177.81,0.3266,-1,-1,-1
596,59,1562.44,606.24,109.26,223.82,0.4576,-1,-1,-1
596,58,999.80,935.00,58.14,142.94,0.5733,-1,-1,-1
596,56,1657.54,229.68,70.71,187.61,0.6111,-1,-1,-1
596,52,365.34,269.78,66.17,192.24,0.7261,-1,-1,-1
596,41,1170.11,873.82,83.48,206.18,0.6877,-1,-1,-1
596,29,1074.14,861.09,81.83,218.91,0.7212,-1,-1,-1
596,25,251.26,981.21,83.41,98.79,0.7024,-1,-1,-1
596,8,312.10,912.49,94.87,167.51,0.7694,-1,-1,-1
596,4,1718.56,453.09,73.43,214.94,0.7023,-1,-1,-1
597,59,1560.81,609.02,110.83,221.11,0.4112,-1,-1,-1
597,58,999.22,935.81,59.16,141.75,0.6182,-1,-1,-1
597,56,1658.47,227.46,70.23,188.99,0.5945,-1,-1,-1
597,52,364.39,271.89,66.64,191.19,0.7105,-1,-1,-1
597,41,1171.97,875.65,82.82,204.35,0.6500,-1,-1,-1
597,29,1076.35,863.53,77.94,216.47,0.6760,-1,-1,-1
597,25,251.31,982.26,84.11,97.74,0.6963,-1,-1,-1
597,8,314.16,912.81,94.37,167.19,0.7389,-1,-1,-1
597,4,1717.41,454.51,74.78,212.97,0.6872,-1,-1,-1
598,59,1559.77,611.61,111.69,218.72,0.3851,-1,-1,-1
598,58,999.51,936.49,62.02,141.14,0.6251,-1,-1,-1
598,56,1657.04,226.86,69.84,189.42,0.5923,-1,-1,-1
598,52,363.99,272.54,66.68,190.58,0.7066,-1,-1,-1
598,41,1168.41,877.66,88.28,202.34,0.6631,-1,-1,-1
598,29,1077.29,865.02,79.76,214.98,0.6631,-1,-1,-1
598,25,251.98,983.92,83.90,96.08,0.6772,-1,-1,-1
598,8,313.78,913.42,98.52,165.60,0.7354,-1,-1,-1
598,4,1715.45,453.89,76.81,213.20,0.7065,-1,-1,-1
599,60,281.11,114.77,60.81,181.80,0.3118,-1,-1,-1
599,59,1559.74,608.37,112.53,222.33,0.3644,-1,-1,-1
599,58,998.50,936.79,60.77,140.88,0.6464,-1,-1,-1
599,56,1653.72,227.85,70.78,188.16,0.5511,-1,-1,-1
599,52,364.88,272.71,65.85,191.83,0.6715,-1,-1,-1
599,41,1171.34,880.81,86.42,199.19,0.6588,-1,-1,-1
599,29,1078.37,867.43,82.10,212.57,0.6204,-1,-1,-1
599,25,253.48,984.90,79.70,95.10,0.6596,-1,-1,-1
599,8,313.35,915.89,101.51,162.75,0.7269,-1,-1,-1
599,4,1713.85,453.88,79.38,212.90,0.7032,-1,-1,-1
600,61,429.75,73.91,53.99,160.72,0.3709,-1,-1,-1
600,59,1560.65,607.07,112.43,221.51,0.3519,-1,-1,-1
600,58,998.62,938.72,60.46,139.11,0.6408,-1,-1,-1
600,56,1651.36,227.14,71.43,184.73,0.5438,-1,-1,-1
600,52,365.30,274.95,65.59,192.03,0.6770,-1,-1,-1
600,41,1177.84,884.62,80.29,195.38,0.6593,-1,-1,-1
600,29,1079.99,869.49,81.81,210.51,0.6531,-1,-1,-1
600,25,253.19,985.90,83.51,94.10,0.6488,-1,-1,-1
600,8,314.33,917.99,104.69,159.75,0.7041,-1,-1,-1
600,4,1714.19,454.00,79.15,211.34,0.7199,-1,-1,-1
601,59,1562.13,601.59,110.78,225.81,0.3934,-1,-1,-1
601,58,998.65,939.89,58.46,137.88,0.6212,-1,-1,-1
601,56,1647.50,226.89,73.22,186.55,0.5773,-1,-1,-1
601,52,364.12,274.41,65.41,197.43,0.7023,-1,-1,-1
601,41,1174.98,886.56,83.91,193.44,0.6563,-1,-1,-1
601,29,1080.96,872.24,85.43,207.76,0.6060,-1,-1,-1
601,25,253.26,986.04,84.84,93.96,0.6264,-1,-1,-1
601,8,314.50,919.61,103.67,158.58,0.7212,-1,-1,-1
601,4,1714.17,454.05,80.31,213.29,0.7019,-1,-1,-1
602,59,1562.47,598.89,115.25,226.84,0.5923,-1,-1,-1
602,58,995.99,940.36,60.32,137.58,0.6516,-1,-1,-1
602,56,1647.75,227.69,71.89,183.01,0.5907,-1,-1,-1
602,52,365.44,274.21,63.68,196.66,0.6822,-1,-1,-1
602,41,1174.64,888.48,85.35,191.52,0.6501,-1,-1,-1
602,29,1079.23,875.38,88.21,204.62,0.6729,-1,-1,-1
602,25,253.49,988.51,84.97,91.49,0.6100,-1,-1,-1
602,8,316.07,921.38,104.52,156.04,0.7222,-1,-1,-1
602,4,1711.82,455.54,82.76,211.76,0.6955,-1,-1,-1
603,59,1563.25,600.11,112.24,227.03,0.4906,-1,-1,-1
603,58,995.97,940.89,59.28,136.99,0.6631,-1,-1,-1
603,56,1647.32,228.36,69.52,182.83,0.6224,-1,-1,-1
603,52,363.74,276.55,66.08,194.82,0.6958,-1,-1,-1
603,41,1176.05,890.90,83.16,189.10,0.6056,-1,-1,-1
603,29,1080.62,878.14,87.71,201.86,0.6610,-1,-1,-1
603,25,254.16,991.26,84.56,88.74,0.6239,-1,-1,-1
603,8,316.59,924.62,104.24,153.71,0.7365,-1,-1,-1
603,4,1710.87,455.31,84.26,214.34,0.7154,-1,-1,-1
604,59,1563.32,598.81,112.52,228.28,0.4361,-1,-1,-1
604,58,996.66,942.45,59.34,135.96,0.6404,-1,-1,-1
604,56,1649.58,227.81,65.44,181.97,0.6064,-1,-1,-1
604,52,365.25,276.60,64.41,196.30,0.6818,-1,-1,-1
604,41,1178.80,893.19,79.68,186.81,0.5321,-1,-1,-1
604,29,1079.95,881.01,91.54,198.99,0.6015,-1,-1,-1
604,25,254.62,992.77,84.92,87.23,0.6278,-1,-1,-1
604,8,317.87,927.23,104.23,151.15,0.7546,-1,-1,-1
604,4,1709.37,454.64,85.60,211.51,0.7132,-1,-1,-1
605,59,1564.32,602.91,108.01,224.23,0.3545,-1,-1,-1
605,58,996.66,943.59,59.14,135.32,0.6216,-1,-1,-1
605,56,1648.33,228.50,66.09,178.52,0.5555,-1,-1,-1
605,52,363.25,276.54,67.07,195.63,0.6849,-1,-1,-1
605,41,1182.98,896.14,72.96,183.86,0.5170,-1,-1,-1
605,29,1085.28,883.17,89.04,196.83,0.5593,-1,-1,-1
605,25,254.49,994.66,85.62,85.34,0.6277,-1,-1,-1
605,8,320.27,930.12,100.71,148.48,0.7469,-1,-1,-1
605,4,1710.90,454.09,84.68,213.68,0.7031,-1,-1,-1
606,59,1561.17,607.70,110.03,222.42,0.5024,-1,-1,-1
606,58,996.09,944.75,58.58,134.88,0.5917,-1,-1,-1
606,56,1646.91,228.37,66.44,177.73,0.5481,-1,-1,-1
606,52,362.94,277.21,66.98,194.96,0.6937,-1,-1,-1
606,41,1180.74,898.13,76.44,181.87,0.5182,-1,-1,-1
606,29,1090.35,886.06,84.67,193.94,0.5630,-1,-1,-1
606,25,253.97,997.70,85.14,82.30,0.6131,-1,-1,-1
606,8,322.22,933.31,98.20,146.49,0.7542,-1,-1,-1
606,4,1711.80,454.94,84.41,212.87,0.6993,-1,-1,-1
607,61,433.59,72.13,51.47,172.61,0.4022,-1,-1,-1
607,59,1563.44,610.38,108.38,219.49,0.4501,-1,-1,-1
607,58,995.43,945.31,58.99,134.31,0.5981,-1,-1,-1
607,56,1646.40,227.32,65.60,177.86,0.5491,-1,-1,-1
607,52,363.74,278.13,66.16,193.79,0.6977,-1,-1,-1
607,41,1181.60,897.35,76.53,182.65,0.4727,-1,-1,-1
607,29,1095.27,887.06,83.39,192.94,0.5637,-1,-1,-1
607,25,253.89,1000.40,83.47,79.60,0.6120,-1,-1,-1
607,8,323.05,935.94,96.25,144.06,0.7348,-1,-1,-1
607,4,1709.97,455.27,86.65,212.30,0.7108,-1,-1,-1
608,61,434.68,71.64,51.12,174.35,0.3620,-1,-1,-1
608,59,1562.57,610.74,108.62,218.56,0.4514,-1,-1,-1
608,58,995.17,945.55,59.64,134.44,0.5932,-1,-1,-1
608,56,1645.86,226.09,63.62,181.70,0.5322,-1,-1,-1
608,52,362.19,277.67,66.70,193.23,0.6762,-1,-1,-1
608,44,806.37,141.38,58.87,175.48,0.3173,-1,-1,-1
608,41,1183.84,898.81,73.50,181.19,0.5007,-1,-1,-1
608,29,1099.34,889.21,80.43,190.79,0.5828,-1,-1,-1
608,25,253.11,1002.31,84.76,77.69,0.6197,-1,-1,-1
608,8,322.84,940.84,97.30,139.16,0.7448,-1,-1,-1
608,4,1710.15,454.41,86.51,213.43,0.7107,-1,-1,-1
609,61,435.34,70.41,51.22,176.10,0.3799,-1,-1,-1
609,59,1562.47,607.32,108.16,222.83,0.4503,-1,-1,-1
609,58,993.65,946.57,60.99,133.43,0.6186,-1,-1,-1
609,56,1641.92,222.77,67.47,187.78,0.5491,-1,-1,-1
609,52,362.64,277.13,66.14,194.02,0.6859,-1,-1,-1
609,41,1182.52,899.84,81.62,180.16,0.5192,-1,-1,-1
609,29,1100.76,889.67,80.64,190.33,0.5879,-1,-1,-1
609,25,253.54,1005.42,83.75,74.33,0.6138,-1,-1,-1
609,8,318.69,943.89,100.68,135.66,0.7329,-1,-1,-1
609,4,1711.92,454.44,84.09,212.23,0.7433,-1,-1,-1
610,62,591.13,552.22,86.83,228.84,0.5021,-1,-1,-1
610,61,435.34,72.98,51.73,173.26,0.3624,-1,-1,-1
610,59,1564.52,596.88,111.94,228.90,0.3988,-1,-1,-1
610,58,992.26,946.16,61.47,133.84,0.6249,-1,-1,-1
610,56,1640.28,221.40,67.25,183.02,0.5345,-1,-1,-1
610,52,361.71,278.34,66.52,193.63,0.6980,-1,-1,-1
610,41,1182.89,900.04,80.20,179.96,0.5102,-1,-1,-1
610,29,1101.42,889.79,80.75,190.21,0.5696,-1,-1,-1
610,25,253.61,1008.62,80.14,70.58,0.5552,-1,-1,-1
610,8,321.02,945.44,97.15,131.41,0.7271,-1,-1,-1
610,4,1711.82,454.31,84.35,212.07,0.7385,-1,-1,-1
611,62,584.78,548.44,93.21,234.02,0.5643,-1,-1,-1
611,61,436.32,75.76,51.86,170.70,0.3356,-1,-1,-1
611,59,1565.33,594.54,112.09,230.24,0.5362,-1,-1,-1
611,58,991.24,945.95,62.05,134.05,0.6319,-1,-1,-1
611,56,1639.65,218.20,66.48,184.19,0.5448,-1,-1,-1
611,52,360.66,280.46,67.85,192.56,0.7044,-1,-1,-1
611,41,1182.78,901.96,81.83,178.04,0.5088,-1,-1,-1
611,29,1102.50,890.74,83.00,189.26,0.5775,-1,-1,-1
611,25,254.28,1011.93,75.61,67.15,0.5004,-1,-1,-1
611,8,319.32,948.20,96.48,131.75,0.7310,-1,-1,-1
611,4,1710.87,454.69,85.39,213.29,0.7415,-1,-1,-1
612,62,579.58,548.31,98.54,234.70,0.6293,-1,-1,-1
612,59,1566.30,602.56,108.78,223.88,0.4850,-1,-1,-1
612,58,990.66,945.95,62.52,134.05,0.6088,-1,-1,-1
612,56,1637.59,215.76,67.50,186.09,0.5596,-1,-1,-1
612,52,359.53,283.08,67.97,191.92,0.6711,-1,-1,-1
612,44,804.37,129.71,59.86,188.54,0.3183,-1,-1,-1
612,41,1180.49,904.17,83.95,175.83,0.5087,-1,-1,-1
612,29,1106.22,892.22,79.24,187.78,0.5755,-1,-1,-1
612,25,253.08,1014.85,76.83,65.03,0.4781,-1,-1,-1
612,8,319.25,948.84,96.92,131.16,0.7595,-1,-1,-1
612,4,1709.55,453.64,86.82,213.18,0.7545,-1,-1,-1
613,62,579.70,548.28,99.27,235.04,0.6571,-1,-1,-1
613,59,1563.64,607.06,108.05,222.27,0.5296,-1,-1,-1
613,58,989.33,947.15,63.32,132.85,0.6230,-1,-1,-1
613,56,1636.31,212.99,67.80,189.20,0.5710,-1,-1,-1
613,52,360.00,286.37,66.30,193.34,0.6758,-1,-1,-1
613,44,804.58,136.39,59.95,182.36,0.3795,-1,-1,-1
613,41,1183.62,907.16,83.26,172.84,0.3375,-1,-1,-1
613,29,1106.33,893.34,80.14,186.66,0.5134,-1,-1,-1
613,25,253.50,1017.27,75.86,62.69,0.3961,-1,-1,-1
613,8,319.68,951.71,95.43,128.29,0.7308,-1,-1,-1
613,4,1711.63,453.32,84.06,213.53,0.7491,-1,-1,-1
614,62,576.85,548.76,101.00,235.70,0.6429,-1,-1,-1
614,59,1562.67,609.32,108.72,220.78,0.4834,-1,-1,-1
614,58,987.63,945.96,64.51,134.04,0.6454,-1,-1,-1
614,56,1634.27,212.05,68.58,184.63,0.5780,-1,-1,-1
614,52,358.54,285.54,67.33,197.70,0.6762,-1,-1,-1
614,44,806.99,138.57,57.70,179.59,0.3852,-1,-1,-1
614,41,1186.56,910.77,80.26,169.23,0.4912,-1,-1,-1
614,29,1107.13,896.78,83.12,183.22,0.5916,-1,-1,-1
614,25,254.24,1020.23,74.63,59.77,0.3789,-1,-1,-1
614,8,319.64,952.58,96.13,127.42,0.7289,-1,-1,-1
614,4,1712.24,453.00,83.21,213.34,0.7400,-1,-1,-1
615,62,577.06,548.38,99.04,235.20,0.6240,-1,-1,-1
615,59,1562.10,606.67,109.64,223.05,0.4944,-1,-1,-1
615,58,987.17,945.89,63.84,134.11,0.6482,-1,-1,-1
615,56,1631.87,210.24,69.64,184.59,0.5847,-1,-1,-1
615,52,357.19,286.57,67.75,197.89,0.6713,-1,-1,-1
615,44,806.14,142.24,58.17,177.40,0.3918,-1,-1,-1
615,41,1190.41,914.23,79.28,165.77,0.4077,-1,-1,-1
615,29,1106.78,898.48,81.86,181.52,0.5794,-1,-1,-1
615,25,251.35,1024.10,71.42,55.90,0.3560,-1,-1,-1
615,8,319.90,955.79,94.37,124.21,0.7237,-1,-1,-1
615,4,1712.40,452.29,82.90,215.35,0.7523,-1,-1,-1
616,62,577.94,547.17,94.65,231.68,0.5556,-1,-1,-1
616,59,1561.28,605.41,111.09,224.38,0.5200,-1,-1,-1
616,58,984.96,947.19,64.18,132.81,0.6760,-1,-1,-1
616,56,1630.60,210.08,70.48,183.25,0.5466,-1,-1,-1
616,52,355.73,286.97,69.58,197.27,0.6789,-1,-1,-1
616,44,805.66,143.32,58.80,176.64,0.3827,-1,-1,-1
616,41,1196.49,915.66,76.94,164.00,0.4826,-1,-1,-1
616,29,1108.96,901.41,83.84,178.59,0.6110,-1,-1,-1
616,25,255.99,1022.87,69.42,57.13,0.3796,-1,-1,-1
616,8,320.25,958.70,93.70,121.30,0.7309,-1,-1,-1
616,4,1713.35,452.20,82.10,216.18,0.7282,-1,-1,-1
617,62,578.69,544.98,72.92,232.14,0.4818,-1,-1,-1
617,59,1560.48,600.84,112.90,228.52,0.5697,-1,-1,-1
617,58,982.35,945.49,65.74,134.51,0.6921,-1,-1,-1
617,56,1629.26,209.23,71.63,186.06,0.5322,-1,-1,-1
617,52,355.17,290.75,67.70,195.61,0.6576,-1,-1,-1
617,44,806.42,144.43,58.27,176.35,0.3677,-1,-1,-1
617,41,1193.78,918.35,79.35,161.65,0.3873,-1,-1,-1
617,29,1109.70,903.00,81.08,177.00,0.6098,-1,-1,-1
617,25,253.71,1025.85,67.46,54.15,0.3572,-1,-1,-1
617,8,320.90,960.60,94.28,119.40,0.7208,-1,-1,-1
617,4,1713.35,452.88,82.31,214.43,0.7016,-1,-1,-1
618,62,574.73,540.99,71.62,235.30,0.5774,-1,-1,-1
618,59,1562.48,603.53,109.49,225.53,0.4436,-1,-1,-1
618,58,981.11,944.90,65.73,135.10,0.6975,-1,-1,-1
618,56,1627.20,209.10,73.33,185.89,0.4847,-1,-1,-1
618,52,354.43,291.78,67.64,195.65,0.6655,-1,-1,-1
618,44,806.09,145.15,58.28,174.56,0.3662,-1,-1,-1
618,41,1192.76,920.33,80.42,159.67,0.4318,-1,-1,-1
618,29,1111.78,907.26,78.30,172.74,0.6353,-1,-1,-1
618,25,254.58,1026.88,64.61,53.12,0.3314,-1,-1,-1
618,8,320.19,963.32,95.25,116.68,0.7012,-1,-1,-1
618,4,1714.70,453.60,80.15,211.69,0.6879,-1,-1,-1
619,62,572.34,540.88,70.53,237.40,0.6155,-1,-1,-1
619,59,1560.61,610.04,110.45,220.01,0.3758,-1,-1,-1
619,58,977.94,943.51,66.07,136.49,0.7036,-1,-1,-1
619,56,1624.24,208.32,76.36,190.29,0.4461,-1,-1,-1
619,52,353.00,294.77,67.39,195.45,0.6106,-1,-1,-1
619,44,807.27,146.08,57.00,172.64,0.3632,-1,-1,-1
619,41,1193.23,921.89,83.29,157.69,0.5311,-1,-1,-1
619,29,1112.03,911.23,79.20,168.77,0.6638,-1,-1,-1
619,25,255.31,1028.15,59.54,51.85,0.3200,-1,-1,-1
619,8,320.55,965.96,95.62,114.04,0.6986,-1,-1,-1
619,4,1715.11,452.64,79.78,213.91,0.6915,-1,-1,-1
620,62,570.94,539.40,73.09,237.58,0.6444,-1,-1,-1
620,59,1563.68,605.76,107.53,224.16,0.4072,-1,-1,-1
620,58,975.28,943.43,66.44,136.57,0.6946,-1,-1,-1
620,56,1622.89,208.81,77.83,187.27,0.4158,-1,-1,-1
620,52,353.65,294.44,65.74,197.45,0.5671,-1,-1,-1
620,44,806.94,145.36,59.96,172.39,0.3256,-1,-1,-1
620,41,1191.62,922.10,85.84,157.79,0.5658,-1,-1,-1
620,29,1113.05,914.18,77.20,165.82,0.6598,-1,-1,-1
620,25,258.11,1027.61,53.65,51.74,0.3048,-1,-1,-1
620,8,321.35,968.80,96.31,110.56,0.6983,-1,-1,-1
620,4,1715.31,453.29,79.75,212.10,0.6931,-1,-1,-1
621,62,569.56,538.25,69.09,237.78,0.6570,-1,-1,-1
621,59,1562.57,607.96,108.73,221.20,0.4355,-1,-1,-1
621,58,973.43,943.06,66.16,136.94,0.6661,-1,-1,-1
621,56,1621.61,209.96,77.78,183.43,0.4491,-1,-1,-1
621,52,351.79,293.75,67.06,197.84,0.6339,-1,-1,-1
621,44,807.02,144.39,59.77,173.67,0.3381,-1,-1,-1
621,41,1192.00,923.82,85.88,155.53,0.4725,-1,-1,-1
621,29,1113.14,915.95,75.30,164.02,0.6781,-1,-1,-1
621,25,258.87,1030.15,53.30,49.66,0.3097,-1,-1,-1
621,8,319.78,971.72,99.07,108.28,0.6486,-1,-1,-1
621,4,1715.39,452.05,79.51,213.33,0.7086,-1,-1,-1
622,62,566.28,537.29,62.30,238.35,0.7020,-1,-1,-1
622,59,1562.76,610.88,108.36,218.01,0.3877,-1,-1,-1
622,58,971.17,942.95,64.52,137.05,0.6665,-1,-1,-1
622,56,1621.76,210.14,77.88,182.34,0.4798,-1,-1,-1
622,52,351.07,294.22,66.87,197.55,0.5805,-1,-1,-1
622,44,806.83,143.97,59.83,175.22,0.3440,-1,-1,-1
622,41,1193.70,924.57,84.45,154.23,0.3603,-1,-1,-1
622,29,1113.98,917.37,73.21,162.30,0.6789,-1,-1,-1
622,25,259.30,1037.44,53.52,42.56,0.3253,-1,-1,-1
622,8,321.20,975.19,97.26,104.54,0.6334,-1,-1,-1
622,4,1717.01,452.23,77.58,212.40,0.6980,-1,-1,-1
623,62,562.24,538.21,61.12,243.07,0.6765,-1,-1,-1
623,59,1561.72,613.06,108.87,216.50,0.3142,-1,-1,-1
623,58,969.19,943.71,63.96,136.29,0.6764,-1,-1,-1
623,56,1621.76,210.38,76.37,181.61,0.4720,-1,-1,-1
623,52,347.66,293.24,67.65,197.67,0.5883,-1,-1,-1
623,44,806.61,146.18,57.88,173.53,0.3245,-1,-1,-1
623,41,1193.93,925.92,89.31,152.54,0.3896,-1,-1,-1
623,29,1114.53,918.56,76.32,160.78,0.6549,-1,-1,-1
623,25,260.66,1040.39,49.39,39.32,0.3111,-1,-1,-1
623,8,322.01,979.25,95.36,100.75,0.6841,-1,-1,-1
623,4,1717.92,452.48,77.03,212.66,0.6941,-1,-1,-1
624,62,559.62,537.47,62.34,242.26,0.6921,-1,-1,-1
624,59,1561.62,609.58,110.09,219.88,0.4429,-1,-1,-1
624,58,963.93,942.14,65.73,137.86,0.6748,-1,-1,-1
624,56,1622.50,208.38,75.74,182.50,0.4558,-1,-1,-1
624,52,345.44,294.18,69.51,196.44,0.5788,-1,-1,-1
624,44,806.59,143.64,59.44,175.81,0.3644,-1,-1,-1
624,41,1195.30,927.39,88.82,150.55,0.4415,-1,-1,-1
624,29,1114.39,920.01,76.44,159.99,0.6741,-1,-1,-1
624,8,323.60,982.09,93.47,97.91,0.6983,-1,-1,-1
624,4,1718.03,452.04,77.06,213.18,0.6895,-1,-1,-1
625,62,553.96,537.88,64.17,241.93,0.7067,-1,-1,-1
625,59,1562.28,607.35,108.86,222.15,0.3752,-1,-1,-1
625,58,962.03,938.56,65.01,141.44,0.6796,-1,-1,-1
625,56,1622.95,207.88,73.83,185.41,0.4252,-1,-1,-1
625,52,345.77,293.91,68.13,196.60,0.5623,-1,-1,-1
625,44,807.21,143.29,58.70,175.57,0.3867,-1,-1,-1
625,41,1196.82,931.62,86.84,146.43,0.5401,-1,-1,-1
625,29,1115.35,921.94,76.45,158.06,0.6690,-1,-1,-1
625,8,323.62,984.92,92.99,95.08,0.6975,-1,-1,-1
625,4,1718.20,452.27,77.86,214.73,0.6919,-1,-1,-1
626,62,545.83,538.71,69.47,240.22,0.6985,-1,-1,-1
626,59,1562.40,605.60,108.51,223.97,0.4688,-1,-1,-1
626,58,958.25,938.19,65.94,141.81,0.6711,-1,-1,-1
626,56,1623.56,205.41,73.45,180.68,0.4387,-1,-1,-1
626,52,343.53,294.50,68.84,196.64,0.6191,-1,-1,-1
626,44,805.70,142.49,60.19,177.12,0.3899,-1,-1,-1
626,41,1196.01,932.11,88.24,146.52,0.4691,-1,-1,-1
626,29,1114.65,921.23,78.99,158.77,0.6548,-1,-1,-1
626,8,323.55,987.93,93.75,92.07,0.6837,-1,-1,-1
626,4,1718.52,451.88,77.43,213.88,0.6843,-1,-1,-1
627,62,524.19,539.34,92.99,241.79,0.6552,-1,-1,-1
627,59,1561.98,604.46,107.88,224.92,0.3567,-1,-1,-1
627,58,958.52,937.25,63.33,142.75,0.6850,-1,-1,-1
627,56,1626.72,206.06,69.05,182.10,0.4342,-1,-1,-1
627,52,343.16,295.50,69.12,195.60,0.6244,-1,-1,-1
627,44,806.37,142.38,59.25,176.00,0.3770,-1,-1,-1
627,41,1192.82,933.61,93.00,144.98,0.6070,-1,-1,-1
627,29,1115.78,923.02,77.71,156.98,0.6882,-1,-1,-1
627,8,325.18,990.91,93.43,89.09,0.6587,-1,-1,-1
627,4,1718.40,453.29,77.96,213.32,0.6833,-1,-1,-1
628,62,510.34,538.74,106.45,240.85,0.7211,-1,-1,-1
628,59,1563.81,603.63,106.30,225.44,0.3660,-1,-1,-1
628,58,956.29,935.94,61.80,144.06,0.6825,-1,-1,-1
628,56,1626.49,200.93,69.17,189.61,0.3921,-1,-1,-1
628,52,342.71,295.39,68.95,195.89,0.6482,-1,-1,-1
628,44,806.97,142.61,59.01,174.97,0.3739,-1,-1,-1
628,41,1195.74,934.58,90.70,144.67,0.5785,-1,-1,-1
628,29,1114.79,924.05,81.03,155.95,0.6675,-1,-1,-1
628,8,324.97,991.77,94.45,88.23,0.6306,-1,-1,-1
628,4,1718.54,451.44,77.42,215.14,0.6624,-1,-1,-1
629,62,503.14,538.03,114.00,240.02,0.7400,-1,-1,-1
629,59,1564.24,600.61,106.41,228.75,0.4907,-1,-1,-1
629,58,954.03,934.60,61.73,145.40,0.6797,-1,-1,-1
629,56,1626.17,202.76,70.48,187.05,0.4381,-1,-1,-1
629,52,342.85,296.55,68.24,195.38,0.6599,-1,-1,-1
629,44,806.59,142.69,57.90,175.87,0.3716,-1,-1,-1
629,41,1193.88,936.21,96.12,143.62,0.6306,-1,-1,-1
629,29,1114.81,924.37,82.40,155.63,0.7075,-1,-1,-1
629,8,324.35,994.72,95.05,85.28,0.6710,-1,-1,-1
629,4,1718.71,451.56,76.97,215.88,0.6908,-1,-1,-1
630,63,1444.20,1004.73,74.27,74.80,0.3659,-1,-1,-1
630,62,499.48,537.92,115.94,238.44,0.7699,-1,-1,-1
630,59,1564.15,605.12,106.04,223.47,0.4073,-1,-1,-1
630,58,952.93,933.25,59.55,146.75,0.6849,-1,-1,-1
630,56,1626.38,200.92,69.01,186.32,0.5139,-1,-1,-1
630,52,341.06,296.63,69.26,197.62,0.6679,-1,-1,-1
630,44,808.91,143.20,55.35,174.50,0.4152,-1,-1,-1
630,41,1195.09,940.68,95.56,138.53,0.5787,-1,-1,-1
630,29,1114.76,926.19,84.70,153.81,0.7038,-1,-1,-1
630,8,323.96,997.84,96.31,82.16,0.6850,-1,-1,-1
630,4,1717.44,450.64,79.24,215.60,0.6910,-1,-1,-1
631,63,1439.92,1000.96,76.80,77.57,0.3645,-1,-1,-1
631,62,499.42,539.80,116.13,236.31,0.7585,-1,-1,-1
631,59,1563.10,603.35,107.59,224.73,0.4553,-1,-1,-1
631,58,950.54,931.87,59.58,147.73,0.6880,-1,-1,-1
631,56,1626.92,199.55,68.59,182.53,0.5349,-1,-1,-1
631,52,340.45,297.96,69.70,201.29,0.6776,-1,-1,-1
631,44,808.36,142.56,56.17,173.10,0.3794,-1,-1,-1
631,41,1197.53,942.97,91.96,134.79,0.5439,-1,-1,-1
631,29,1115.14,927.73,87.22,152.27,0.6894,-1,-1,-1
631,8,324.36,998.30,96.33,81.70,0.6658,-1,-1,-1
631,4,1717.49,451.12,79.31,216.67,0.6823,-1,-1,-1
632,64,1512.07,978.63,94.21,98.75,0.3802,-1,-1,-1
632,63,1437.44,994.07,76.41,84.64,0.3553,-1,-1,-1
632,62,493.63,540.29,122.52,237.28,0.7763,-1,-1,-1
632,59,1563.46,608.03,106.57,220.62,0.3842,-1,-1,-1
632,58,948.66,930.48,59.72,149.52,0.7068,-1,-1,-1
632,56,1627.31,196.23,67.80,181.24,0.5561,-1,-1,-1
632,52,339.68,298.03,69.50,204.42,0.6923,-1,-1,-1
632,44,806.53,144.14,57.93,173.19,0.4200,-1,-1,-1
632,41,1198.20,944.43,89.92,132.70,0.5040,-1,-1,-1
632,29,1114.75,930.85,94.10,148.67,0.7013,-1,-1,-1
632,8,323.50,1001.25,97.69,78.75,0.6479,-1,-1,-1
632,4,1716.93,451.68,80.36,216.06,0.7068,-1,-1,-1
633,64,1507.20,975.07,97.36,103.00,0.4566,-1,-1,-1
633,63,1436.42,988.33,75.32,91.64,0.3083,-1,-1,-1
633,62,493.43,540.16,120.12,236.88,0.7856,-1,-1,-1
633,59,1565.21,602.08,107.57,224.61,0.4582,-1,-1,-1
633,58,947.15,929.52,59.46,150.48,0.6645,-1,-1,-1
633,56,1628.01,194.05,65.50,182.44,0.5708,-1,-1,-1
633,52,339.72,299.15,68.42,204.62,0.6828,-1,-1,-1
633,44,805.30,144.71,59.05,173.60,0.3771,-1,-1,-1
633,41,1202.28,948.45,84.57,127.82,0.3324,-1,-1,-1
633,29,1115.26,934.28,97.62,144.83,0.6813,-1,-1,-1
633,8,325.27,1001.53,95.67,77.96,0.6304,-1,-1,-1
633,4,1717.63,451.09,79.63,215.92,0.7137,-1,-1,-1
634,64,1502.22,971.36,98.52,107.55,0.3797,-1,-1,-1
634,62,493.50,540.09,120.86,236.86,0.7750,-1,-1,-1
634,59,1562.61,600.82,108.16,228.47,0.4650,-1,-1,-1
634,58,945.77,928.53,58.92,151.34,0.6844,-1,-1,-1
634,56,1628.04,192.35,65.26,183.23,0.5690,-1,-1,-1
634,52,339.32,300.06,68.47,205.22,0.7080,-1,-1,-1
634,44,807.06,145.07,57.36,173.32,0.3942,-1,-1,-1
634,41,1204.84,951.32,80.24,125.73,0.3172,-1,-1,-1
634,29,1114.18,938.54,99.67,140.65,0.7035,-1,-1,-1
634,8,324.91,1004.41,96.28,74.60,0.6333,-1,-1,-1
634,4,1716.74,450.02,80.63,215.78,0.7251,-1,-1,-1
635,64,1501.00,967.65,95.34,111.34,0.4738,-1,-1,-1
635,62,492.89,538.25,121.06,239.10,0.7705,-1,-1,-1
635,59,1562.79,604.91,107.14,224.68,0.3782,-1,-1,-1
635,58,940.79,928.56,62.41,151.44,0.6761,-1,-1,-1
635,56,1626.47,192.15,65.65,182.64,0.5663,-1,-1,-1
635,52,339.62,302.71,66.97,205.08,0.7042,-1,-1,-1
635,44,806.58,144.89,58.00,173.28,0.4202,-1,-1,-1
635,41,1202.32,954.87,81.77,123.24,0.3277,-1,-1,-1
635,29,1113.50,940.37,101.87,139.40,0.6976,-1,-1,-1
635,8,325.34,1007.50,95.36,71.39,0.6349,-1,-1,-1
635,4,1716.49,450.67,80.74,215.07,0.7386,-1,-1,-1
636,64,1497.25,963.19,97.57,116.81,0.5064,-1,-1,-1
636,63,1426.60,979.16,79.07,100.84,0.4350,-1,-1,-1
636,62,495.21,538.88,114.64,237.56,0.7663,-1,-1,-1
636,59,1562.11,605.59,108.56,224.00,0.3690,-1,-1,-1
636,58,940.79,928.98,59.52,150.52,0.6556,-1,-1,-1
636,56,1625.94,190.61,65.20,183.71,0.5490,-1,-1,-1
636,52,338.66,306.39,68.40,203.97,0.7113,-1,-1,-1
636,44,807.04,145.56,57.08,174.15,0.3971,-1,-1,-1
636,41,1200.85,956.84,81.76,121.90,0.4320,-1,-1,-1
636,29,1113.39,943.39,102.63,136.61,0.6901,-1,-1,-1
636,8,326.93,1010.72,92.11,68.57,0.6310,-1,-1,-1
636,4,1716.19,451.08,81.44,215.70,0.7294,-1,-1,-1
637,64,1495.93,958.56,93.40,120.03,0.5611,-1,-1,-1
637,63,1425.55,978.71,77.86,101.29,0.3244,-1,-1,-1
637,62,497.01,538.87,112.59,236.55,0.7362,-1,-1,-1
637,58,937.54,929.01,61.58,149.55,0.6504,-1,-1,-1
637,56,1625.13,189.66,64.82,184.68,0.5959,-1,-1,-1
637,52,339.33,307.79,67.86,203.80,0.7042,-1,-1,-1
637,44,806.77,145.01,57.74,175.45,0.4152,-1,-1,-1
637,41,1202.16,957.01,79.18,121.26,0.4513,-1,-1,-1
637,29,1113.46,947.08,105.68,132.92,0.6875,-1,-1,-1
637,8,328.18,1014.62,90.07,65.38,0.6054,-1,-1,-1
637,4,1716.49,450.63,81.09,216.62,0.7388,-1,-1,-1
638,65,207.53,254.99,62.86,172.96,0.3484,-1,-1,-1
638,64,1495.59,956.41,93.59,121.93,0.5615,-1,-1,-1
638,63,1421.92,978.53,75.91,101.47,0.5281,-1,-1,-1
638,62,497.65,539.40,101.92,236.26,0.7296,-1,-1,-1
638,58,937.00,929.21,60.21,150.16,0.6524,-1,-1,-1
638,56,1625.12,191.21,63.49,182.31,0.5916,-1,-1,-1
638,52,338.90,308.83,68.19,205.78,0.7074,-1,-1,-1
638,44,806.72,145.04,57.99,174.74,0.4123,-1,-1,-1
638,41,1201.38,959.91,75.76,119.53,0.3875,-1,-1,-1
638,29,1114.18,949.64,108.44,130.36,0.6376,-1,-1,-1
638,8,329.12,1019.94,87.03,60.06,0.5723,-1,-1,-1
638,4,1716.90,451.06,79.74,215.31,0.7217,-1,-1,-1
639,65,208.50,249.98,62.28,175.14,0.3378,-1,-1,-1
639,64,1492.64,952.24,95.36,126.58,0.4898,-1,-1,-1
639,63,1417.62,978.95,77.49,101.05,0.5719,-1,-1,-1
639,62,499.79,540.07,94.15,235.60,0.7106,-1,-1,-1
639,58,934.15,928.49,60.53,151.18,0.6440,-1,-1,-1
639,56,1624.84,191.19,63.13,182.13,0.6120,-1,-1,-1
639,52,338.86,309.79,67.65,205.84,0.7236,-1,-1,-1
639,44,806.09,143.51,58.41,176.93,0.4024,-1,-1,-1
639,41,1200.85,961.42,73.93,118.58,0.3345,-1,-1,-1
639,29,1115.61,951.43,114.56,128.57,0.5277,-1,-1,-1
639,8,331.20,1024.50,81.85,55.50,0.5290,-1,-1,-1
639,4,1717.11,451.95,79.64,216.02,0.7480,-1,-1,-1
640,65,209.15,247.76,60.97,177.76,0.3803,-1,-1,-1
640,64,1490.91,950.69,95.82,128.30,0.4895,-1,-1,-1
640,63,1414.31,977.40,78.07,102.60,0.5617,-1,-1,-1
640,62,500.36,539.82,86.32,236.28,0.7164,-1,-1,-1
640,59,1564.60,606.91,107.71,220.23,0.3088,-1,-1,-1
640,58,931.72,928.26,61.70,151.74,0.6262,-1,-1,-1
640,56,1625.57,191.42,61.01,182.04,0.6054,-1,-1,-1
640,52,338.60,310.18,68.79,206.67,0.7184,-1,-1,-1
640,44,806.59,144.69,58.23,175.92,0.4134,-1,-1,-1
640,41,1197.84,962.76,75.92,117.24,0.3444,-1,-1,-1
640,29,1117.27,954.13,106.63,125.87,0.5271,-1,-1,-1
640,8,334.13,1028.05,71.06,51.95,0.4240,-1,-1,-1
640,4,1716.34,451.99,80.50,214.89,0.7389,-1,-1,-1
641,65,210.17,249.62,61.35,175.01,0.3863,-1,-1,-1
641,64,1485.21,948.66,99.50,129.80,0.5460,-1,-1,-1
641,63,1412.39,975.06,77.63,104.94,0.5783,-1,-1,-1
641,62,499.80,539.41,81.34,236.26,0.7126,-1,-1,-1
641,59,1564.78,603.68,108.33,223.58,0.3213,-1,-1,-1
641,58,930.22,927.87,62.09,151.98,0.6146,-1,-1,-1
641,56,1624.64,188.92,61.44,182.31,0.5624,-1,-1,-1
641,52,338.01,311.31,68.68,204.46,0.7136,-1,-1,-1
641,44,806.26,143.82,58.79,176.45,0.4105,-1,-1,-1
641,41,1196.66,961.88,76.50,117.60,0.4452,-1,-1,-1
641,29,1119.51,956.21,96.49,123.79,0.6080,-1,-1,-1
641,4,1716.21,452.22,81.07,214.01,0.7382,-1,-1,-1
642,65,212.03,241.69,57.74,182.47,0.3444,-1,-1,-1
642,64,1485.21,946.48,94.90,132.14,0.5385,-1,-1,-1
642,63,1410.65,972.33,75.83,107.67,0.6041,-1,-1,-1
642,62,495.76,538.78,76.17,238.06,0.7327,-1,-1,-1
642,58,926.79,927.71,62.53,152.29,0.6156,-1,-1,-1
642,56,1625.50,190.56,58.81,179.52,0.5609,-1,-1,-1
642,52,338.15,311.21,69.16,204.58,0.7164,-1,-1,-1
642,44,805.88,145.12,59.26,175.12,0.4085,-1,-1,-1
642,41,1193.20,964.13,79.65,115.87,0.5287,-1,-1,-1
642,29,1122.73,957.46,87.29,122.54,0.6295,-1,-1,-1
642,8,344.93,1034.27,41.70,45.73,0.3235,-1,-1,-1
642,4,1716.25,452.67,80.33,214.46,0.7297,-1,-1,-1
643,64,1482.41,944.57,93.77,133.36,0.6204,-1,-1,-1
643,63,1406.88,969.63,78.74,110.37,0.6173,-1,-1,-1
643,62,491.11,539.07,69.84,236.11,0.7054,-1,-1,-1
643,58,925.66,927.53,61.87,151.39,0.6346,-1,-1,-1
643,56,1624.16,189.87,58.88,183.43,0.5619,-1,-1,-1
643,52,338.02,312.47,69.25,203.19,0.6933,-1,-1,-1
643,44,805.91,145.56,59.08,174.92,0.4262,-1,-1,-1
643,41,1194.08,966.46,77.91,113.14,0.3814,-1,-1,-1
643,29,1124.05,958.48,83.71,121.52,0.5934,-1,-1,-1
643,4,1715.38,454.18,81.05,213.04,0.7251,-1,-1,-1
644,64,1479.71,944.33,94.34,134.01,0.5813,-1,-1,-1
644,63,1403.01,965.78,80.24,114.22,0.6077,-1,-1,-1
644,62,484.24,539.43,66.22,237.65,0.7518,-1,-1,-1
644,58,923.66,928.43,61.39,151.12,0.6792,-1,-1,-1
644,56,1623.95,188.71,57.59,179.76,0.6115,-1,-1,-1
644,52,337.04,313.30,70.44,202.02,0.7102,-1,-1,-1
644,44,805.92,145.69,58.89,176.00,0.4293,-1,-1,-1
644,41,1198.17,966.18,73.85,113.82,0.3695,-1,-1,-1
644,29,1122.86,959.70,86.12,120.30,0.5942,-1,-1,-1
644,4,1715.26,452.32,81.35,214.09,0.7206,-1,-1,-1
645,64,1474.30,943.83,96.65,135.03,0.5274,-1,-1,-1
645,63,1400.25,963.21,79.37,116.79,0.6036,-1,-1,-1
645,62,475.90,539.98,70.16,238.56,0.7679,-1,-1,-1
645,58,921.55,928.88,62.35,150.36,0.6907,-1,-1,-1
645,56,1623.27,188.18,57.20,178.66,0.6223,-1,-1,-1
645,52,337.30,314.84,70.16,199.76,0.6923,-1,-1,-1
645,44,805.82,145.56,58.93,175.43,0.4718,-1,-1,-1
645,29,1121.65,960.61,91.55,119.39,0.4909,-1,-1,-1
645,4,1715.93,452.85,81.01,213.92,0.7231,-1,-1,-1
646,64,1468.94,941.97,98.16,136.94,0.4548,-1,-1,-1
646,63,1394.15,958.89,83.62,121.11,0.6701,-1,-1,-1
646,62,469.14,538.67,75.75,239.49,0.7729,-1,-1,-1
646,59,1562.22,605.52,107.48,224.60,0.3779,-1,-1,-1
646,58,919.37,928.40,62.83,150.70,0.6762,-1,-1,-1
646,56,1622.39,186.08,58.29,178.36,0.6406,-1,-1,-1
646,52,336.55,317.52,70.41,197.76,0.7011,-1,-1,-1
646,44,806.52,145.75,58.25,174.22,0.4741,-1,-1,-1
646,41,1195.95,969.47,75.41,110.53,0.4401,-1,-1,-1
646,29,1124.69,962.27,78.77,117.73,0.5778,-1,-1,-1
646,4,1715.33,454.22,81.87,213.15,0.7332,-1,-1,-1
647,64,1468.43,939.85,93.30,140.15,0.5786,-1,-1,-1
647,63,1388.80,954.64,88.61,124.99,0.7060,-1,-1,-1
647,62,466.55,538.30,76.31,239.55,0.7621,-1,-1,-1
647,59,1562.08,613.11,108.09,217.49,0.3851,-1,-1,-1
647,58,913.90,928.69,66.12,149.84,0.6719,-1,-1,-1
647,56,1622.01,183.79,58.94,181.89,0.6474,-1,-1,-1
647,52,335.89,320.37,69.59,196.84,0.7118,-1,-1,-1
647,44,806.60,145.72,58.07,173.84,0.4340,-1,-1,-1
647,41,1198.22,972.27,72.97,107.73,0.3718,-1,-1,-1
647,29,1125.85,963.43,73.96,116.57,0.5154,-1,-1,-1
647,4,1715.49,452.98,82.17,214.25,0.7303,-1,-1,-1
648,64,1467.28,937.63,91.24,141.06,0.6300,-1,-1,-1
648,63,1386.72,951.73,88.89,127.50,0.7039,-1,-1,-1
648,62,461.83,537.76,79.17,239.59,0.7501,-1,-1,-1
648,59,1563.17,606.52,106.67,223.11,0.3642,-1,-1,-1
648,58,910.62,929.51,69.28,149.11,0.6894,-1,-1,-1
648,56,1620.42,182.36,59.80,176.24,0.6569,-1,-1,-1
648,52,336.17,320.30,68.42,198.32,0.7189,-1,-1,-1
648,44,806.52,145.64,57.91,173.81,0.4483,-1,-1,-1
648,41,1198.50,976.24,71.95,103.76,0.4524,-1,-1,-1
648,29,1125.09,965.81,76.99,114.19,0.5525,-1,-1,-1
648,4,1716.40,453.02,80.72,212.66,0.7300,-1,-1,-1
649,64,1461.46,932.98,95.08,144.56,0.6276,-1,-1,-1
649,63,1383.21,950.89,88.59,127.69,0.6954,-1,-1,-1
649,62,459.59,538.83,79.74,237.54,0.7668,-1,-1,-1
649,58,906.45,929.68,70.64,149.00,0.7045,-1,-1,-1
649,56,1619.02,181.27,61.07,178.62,0.6598,-1,-1,-1
649,52,335.00,321.20,68.26,200.68,0.7241,-1,-1,-1
649,44,806.43,145.25,58.38,174.15,0.4679,-1,-1,-1
649,41,1195.94,977.95,73.77,102.05,0.4529,-1,-1,-1
649,29,1124.41,968.19,80.43,111.81,0.5294,-1,-1,-1
649,4,1716.78,453.73,82.84,213.39,0.7303,-1,-1,-1
650,64,1455.62,929.18,96.61,148.91,0.6494,-1,-1,-1
650,63,1378.45,947.40,87.44,131.07,0.7015,-1,-1,-1
650,62,455.34,536.80,82.32,239.05,0.7777,-1,-1,-1
650,59,1562.63,605.40,110.40,222.79,0.3273,-1,-1,-1
650,58,904.22,931.86,70.88,146.73,0.7192,-1,-1,-1
650,56,1618.22,179.96,62.23,179.54,0.6246,-1,-1,-1
650,52,334.97,322.46,66.88,204.83,0.7118,-1,-1,-1
650,44,806.23,144.17,58.28,176.41,0.4636,-1,-1,-1
650,41,1193.50,982.16,75.78,97.84,0.4103,-1,-1,-1
650,29,1125.75,971.25,73.42,108.19,0.4841,-1,-1,-1
650,4,1717.51,453.30,79.82,212.83,0.7361,-1,-1,-1
651,64,1456.61,927.17,93.41,152.36,0.6643,-1,-1,-1
651,63,1371.17,946.05,90.31,132.73,0.6959,-1,-1,-1
651,62,454.39,537.18,82.47,238.54,0.7802,-1,-1,-1
651,59,1561.05,602.48,112.49,225.66,0.3183,-1,-1,-1
651,58,902.31,931.28,71.34,147.81,0.7267,-1,-1,-1
651,56,1616.79,177.35,64.12,178.08,0.6210,-1,-1,-1
651,52,333.85,323.05,67.42,205.38,0.7223,-1,-1,-1
651,44,805.32,143.40,59.41,177.47,0.4505,-1,-1,-1
651,41,1193.20,983.09,75.31,96.91,0.4307,-1,-1,-1
651,29,1124.81,972.65,79.11,107.35,0.5225,-1,-1,-1
651,4,1717.46,453.79,80.24,212.43,0.7265,-1,-1,-1
652,64,1455.30,923.47,91.46,155.04,0.6128,-1,-1,-1
652,63,1368.16,943.95,91.82,134.80,0.6666,-1,-1,-1
652,62,452.61,536.63,83.85,238.58,0.7727,-1,-1,-1
652,59,1560.75,601.68,108.90,227.96,0.3299,-1,-1,-1
652,58,900.43,930.81,70.81,147.13,0.6999,-1,-1,-1
652,56,1616.38,174.72,64.13,178.84,0.6513,-1,-1,-1
652,52,333.45,325.61,66.61,205.40,0.7094,-1,-1,-1
652,44,807.70,144.17,57.51,175.66,0.4762,-1,-1,-1
652,41,1185.78,987.77,80.64,92.23,0.4596,-1,-1,-1
652,29,1125.90,976.02,66.15,103.98,0.4880,-1,-1,-1
652,4,1717.40,453.77,79.02,212.44,0.7173,-1,-1,-1
653,64,1450.78,916.97,92.32,162.42,0.6486,-1,-1,-1
653,63,1365.13,941.89,92.29,136.33,0.7056,-1,-1,-1
653,62,450.87,536.57,85.87,238.17,0.7786,-1,-1,-1
653,59,1560.98,597.62,111.55,230.29,0.3987,-1,-1,-1
653,58,899.07,931.76,68.50,145.85,0.6970,-1,-1,-1
653,56,1615.79,174.89,65.48,175.11,0.6824,-1,-1,-1
653,52,333.75,327.19,65.22,205.47,0.7246,-1,-1,-1
653,44,806.24,145.24,58.29,175.00,0.5208,-1,-1,-1
653,41,1190.95,989.08,76.28,89.89,0.5714,-1,-1,-1
653,29,1124.00,980.42,72.85,99.29,0.5604,-1,-1,-1
653,4,1718.45,452.90,78.99,213.31,0.7318,-1,-1,-1
654,64,1449.32,914.64,91.31,164.87,0.6314,-1,-1,-1
654,63,1361.19,940.31,91.71,136.55,0.6923,-1,-1,-1
654,62,452.87,536.28,84.33,238.60,0.7815,-1,-1,-1
654,59,1561.06,598.12,111.20,229.49,0.4414,-1,-1,-1
654,58,899.01,932.49,64.57,145.27,0.6877,-1,-1,-1
654,56,1614.91,173.84,66.98,177.44,0.6420,-1,-1,-1
654,52,334.19,328.79,63.51,206.24,0.7106,-1,-1,-1
654,44,806.67,145.36,57.99,173.37,0.5027,-1,-1,-1
654,41,1196.61,991.51,70.83,86.61,0.5469,-1,-1,-1
654,29,1123.55,983.21,68.65,96.17,0.5156,-1,-1,-1
654,4,1718.93,452.67,78.85,212.83,0.7318,-1,-1,-1
655,64,1445.53,915.47,91.86,164.53,0.6463,-1,-1,-1
655,63,1359.98,938.50,91.53,138.97,0.6736,-1,-1,-1
655,62,453.29,536.21,82.37,238.64,0.7841,-1,-1,-1
655,59,1562.82,599.12,110.07,229.55,0.4137,-1,-1,-1
655,58,895.06,932.19,65.82,145.35,0.6860,-1,-1,-1
655,56,1614.33,167.90,68.50,182.99,0.5926,-1,-1,-1
655,52,333.16,330.46,63.67,204.65,0.6949,-1,-1,-1
655,44,806.31,144.43,58.55,175.47,0.4860,-1,-1,-1
655,41,1200.59,993.76,68.78,84.23,0.5787,-1,-1,-1
655,29,1122.56,986.23,78.05,93.16,0.5838,-1,-1,-1
655,4,1718.36,452.53,79.08,213.47,0.7281,-1,-1,-1
656,64,1440.10,911.13,95.23,168.68,0.6141,-1,-1,-1
656,63,1359.12,935.98,91.10,141.49,0.6803,-1,-1,-1
656,62,455.18,534.71,79.93,239.82,0.7882,-1,-1,-1
656,59,1560.84,595.09,110.40,232.59,0.3197,-1,-1,-1
656,58,891.46,932.44,66.93,144.93,0.7032,-1,-1,-1
656,56,1613.72,166.74,69.37,181.47,0.5935,-1,-1,-1
656,52,331.60,331.57,65.15,206.28,0.6913,-1,-1,-1
656,44,807.60,144.85,56.93,175.12,0.4744,-1,-1,-1
656,41,1200.40,995.06,70.59,83.39,0.5795,-1,-1,-1
656,29,1122.64,988.29,72.10,90.10,0.5594,-1,-1,-1
656,4,1718.78,452.09,78.40,214.26,0.7411,-1,-1,-1
657,64,1434.29,907.69,97.76,171.31,0.6417,-1,-1,-1
657,63,1359.55,932.93,89.83,145.04,0.6722,-1,-1,-1
657,62,455.51,535.16,78.69,239.66,0.7761,-1,-1,-1
657,59,1562.75,593.03,110.11,234.25,0.3878,-1,-1,-1
657,58,887.62,931.83,68.45,146.13,0.6986,-1,-1,-1
657,56,1612.39,168.97,71.47,177.35,0.6009,-1,-1,-1
657,52,329.91,332.93,65.33,205.82,0.6782,-1,-1,-1
657,44,804.79,145.49,60.01,175.79,0.4415,-1,-1,-1
657,41,1196.85,996.41,74.94,82.21,0.5638,-1,-1,-1
657,29,1121.83,989.77,66.97,88.47,0.5345,-1,-1,-1
657,4,1718.50,452.12,79.38,213.91,0.7389,-1,-1,-1
658,64,1432.17,906.10,96.01,172.59,0.6656,-1,-1,-1
658,63,1355.19,929.10,90.77,148.09,0.6751,-1,-1,-1
658,62,453.61,533.70,78.82,240.98,0.7578,-1,-1,-1
658,59,1561.37,596.13,110.66,231.65,0.3065,-1,-1,-1
658,58,885.28,932.52,69.15,145.89,0.7056,-1,-1,-1
658,56,1611.15,168.06,73.26,176.19,0.5996,-1,-1,-1
658,52,328.29,333.48,65.48,205.54,0.6810,-1,-1,-1
658,44,806.18,143.99,59.07,175.09,0.4296,-1,-1,-1
658,41,1194.88,997.97,78.96,80.95,0.5986,-1,-1,-1
658,29,1118.39,989.89,71.90,88.31,0.5451,-1,-1,-1
658,4,1719.12,451.93,77.84,215.07,0.7168,-1,-1,-1
659,66,431.42,127.51,43.46,152.90,0.3096,-1,-1,-1
659,64,1429.65,905.59,95.74,172.36,0.6160,-1,-1,-1
659,63,1352.58,926.64,91.13,150.90,0.6726,-1,-1,-1
659,62,452.19,530.81,79.48,242.25,0.7663,-1,-1,-1
659,58,882.81,932.71,68.14,145.09,0.7050,-1,-1,-1
659,56,1611.31,167.56,74.47,176.38,0.6068,-1,-1,-1
659,52,324.50,332.22,68.96,206.62,0.7251,-1,-1,-1
659,44,806.29,143.72,58.86,177.31,0.4359,-1,-1,-1
659,41,1194.91,999.30,81.55,80.70,0.6218,-1,-1,-1
659,29,1117.40,991.41,78.29,87.24,0.6023,-1,-1,-1
659,4,1718.05,452.27,80.01,214.61,0.7405,-1,-1,-1
660,66,431.83,127.43,43.24,152.89,0.3231,-1,-1,-1
660,64,1427.15,902.95,99.08,174.99,0.6235,-1,-1,-1
660,63,1350.47,923.24,91.60,153.00,0.6755,-1,-1,-1
660,62,449.66,530.29,76.90,239.83,0.7581,-1,-1,-1
660,58,880.77,932.02,67.29,145.46,0.6979,-1,-1,-1
660,56,1612.98,166.81,73.62,178.77,0.6505,-1,-1,-1
660,52,322.57,333.00,69.49,205.48,0.7231,-1,-1,-1
660,44,805.52,144.84,59.18,175.68,0.4488,-1,-1,-1
660,41,1193.74,1002.08,84.15,77.92,0.6209,-1,-1,-1
660,29,1115.23,993.43,78.37,85.19,0.6367,-1,-1,-1
660,4,1718.06,451.77,78.92,214.50,0.7284,-1,-1,-1
661,67,473.33,119.37,55.78,167.07,0.3064,-1,-1,-1
661,66,431.62,130.68,42.76,149.54,0.3159,-1,-1,-1
661,64,1425.79,901.24,99.15,176.28,0.6330,-1,-1,-1
661,63,1348.81,920.69,89.52,155.38,0.6757,-1,-1,-1
661,62,447.89,530.76,69.11,239.16,0.7660,-1,-1,-1
661,59,1558.76,603.26,114.73,223.51,0.3097,-1,-1,-1
661,58,879.13,930.96,65.43,147.94,0.6722,-1,-1,-1
661,56,1614.33,166.98,74.03,174.91,0.6523,-1,-1,-1
661,52,321.58,333.48,69.33,204.19,0.6932,-1,-1,-1
661,44,806.72,144.32,58.38,175.15,0.4406,-1,-1,-1
661,41,1191.94,1005.25,87.02,74.75,0.5829,-1,-1,-1
661,29,1112.31,993.60,74.40,85.25,0.6001,-1,-1,-1
661,4,1718.20,451.92,79.77,213.08,0.7523,-1,-1,-1
662,67,473.51,119.06,56.75,169.79,0.3233,-1,-1,-1
662,66,430.62,134.18,43.55,146.20,0.3287,-1,-1,-1
662,64,1423.71,898.54,100.65,179.68,0.4920,-1,-1,-1
662,63,1345.99,915.31,86.58,161.09,0.6173,-1,-1,-1
662,62,442.74,530.30,70.21,240.16,0.7830,-1,-1,-1
662,59,1560.68,594.98,114.79,233.07,0.3862,-1,-1,-1
662,58,876.23,929.67,64.91,149.61,0.6627,-1,-1,-1
662,56,1613.77,166.04,75.24,175.80,0.6386,-1,-1,-1
662,52,320.80,333.53,69.18,204.50,0.7002,-1,-1,-1
662,44,806.16,142.87,58.60,175.58,0.4637,-1,-1,-1
662,41,1192.91,1005.29,86.73,74.18,0.5340,-1,-1,-1
662,29,1111.48,996.17,74.70,82.61,0.6015,-1,-1,-1
662,4,1717.83,451.72,80.05,213.74,0.7501,-1,-1,-1
663,66,429.78,132.19,44.82,147.53,0.3315,-1,-1,-1
663,64,1422.64,895.97,97.52,184.03,0.6287,-1,-1,-1
663,63,1342.24,910.60,86.89,167.43,0.6736,-1,-1,-1
663,62,438.50,529.13,68.74,239.35,0.8056,-1,-1,-1
663,59,1563.25,601.19,111.83,225.36,0.3760,-1,-1,-1
663,58,874.92,929.39,63.05,149.36,0.6634,-1,-1,-1
663,56,1616.27,164.93,73.34,175.02,0.6155,-1,-1,-1
663,52,320.98,333.98,68.28,203.91,0.7133,-1,-1,-1
663,44,807.09,143.34,57.71,174.92,0.4403,-1,-1,-1
663,41,1193.20,1007.84,84.83,71.20,0.5119,-1,-1,-1
663,29,1110.55,997.70,67.78,80.99,0.5349,-1,-1,-1
663,4,1717.82,452.59,81.94,212.65,0.7382,-1,-1,-1
664,66,431.16,129.71,44.07,150.04,0.3100,-1,-1,-1
664,64,1421.84,892.62,94.15,187.38,0.6075,-1,-1,-1
664,63,1340.81,907.32,85.46,171.42,0.6325,-1,-1,-1
664,62,434.18,527.91,67.53,241.28,0.7957,-1,-1,-1
664,59,1558.85,600.29,114.85,225.93,0.3214,-1,-1,-1
664,58,872.06,929.58,64.34,148.27,0.6803,-1,-1,-1
664,56,1616.86,163.88,73.62,179.67,0.6269,-1,-1,-1
664,52,320.49,335.09,67.87,202.72,0.7019,-1,-1,-1
664,44,805.39,143.07,58.78,175.41,0.4362,-1,-1,-1
664,41,1193.81,1009.66,83.44,69.97,0.4596,-1,-1,-1
664,29,1108.98,1000.59,64.94,78.38,0.5252,-1,-1,-1
664,4,1717.73,452.71,82.44,213.61,0.7254,-1,-1,-1
665,67,474.49,121.41,56.75,167.82,0.3014,-1,-1,-1
665,66,432.29,128.78,42.36,151.09,0.3356,-1,-1,-1
665,64,1417.18,885.04,98.28,194.96,0.6326,-1,-1,-1
665,63,1338.57,904.16,82.37,174.18,0.6502,-1,-1,-1
665,62,431.35,526.38,62.82,244.29,0.7427,-1,-1,-1
665,59,1560.74,597.99,113.14,228.42,0.3468,-1,-1,-1
665,58,868.83,930.73,65.58,148.29,0.6748,-1,-1,-1
665,56,1618.28,162.26,72.48,184.24,0.5986,-1,-1,-1
665,52,317.30,334.60,70.01,203.20,0.6933,-1,-1,-1
665,44,807.27,143.31,57.21,175.09,0.4678,-1,-1,-1
665,41,1195.70,1012.71,72.09,67.29,0.4699,-1,-1,-1
665,29,1105.74,1001.86,77.35,77.88,0.5658,-1,-1,-1
665,4,1718.16,452.34,81.94,213.21,0.7290,-1,-1,-1
666,66,431.53,130.71,44.12,149.54,0.3168,-1,-1,-1
666,64,1413.29,882.37,101.98,197.63,0.6425,-1,-1,-1
666,63,1334.16,903.06,82.08,175.09,0.6552,-1,-1,-1
666,62,428.36,526.71,63.09,247.55,0.7488,-1,-1,-1
666,59,1559.68,599.91,115.28,227.67,0.3517,-1,-1,-1
666,58,867.16,930.15,65.91,148.14,0.6919,-1,-1,-1
666,56,1619.08,160.92,72.21,183.18,0.6060,-1,-1,-1
666,52,312.83,335.58,73.75,204.00,0.6716,-1,-1,-1
666,44,807.70,143.10,56.40,173.20,0.4452,-1,-1,-1
666,41,1194.83,1014.80,70.59,65.20,0.4937,-1,-1,-1
666,29,1104.27,1004.86,78.81,74.28,0.5719,-1,-1,-1
666,4,1717.87,452.03,81.62,214.36,0.7041,-1,-1,-1
667,67,477.75,126.19,53.82,162.83,0.3190,-1,-1,-1
667,66,431.44,131.93,44.50,149.05,0.3316,-1,-1,-1
667,64,1408.44,880.30,99.08,199.70,0.6888,-1,-1,-1
667,63,1331.75,899.87,81.60,179.23,0.6585,-1,-1,-1
667,62,425.90,526.37,63.14,248.14,0.7495,-1,-1,-1
667,59,1559.69,598.66,113.81,227.73,0.4150,-1,-1,-1
667,58,864.43,929.88,66.32,148.45,0.6827,-1,-1,-1
667,56,1620.30,159.45,71.75,184.19,0.6136,-1,-1,-1
667,52,307.66,338.50,79.66,203.46,0.7025,-1,-1,-1
667,44,806.91,144.71,57.33,173.38,0.4433,-1,-1,-1
667,41,1196.10,1017.37,66.52,62.63,0.5361,-1,-1,-1
667,29,1103.60,1007.26,70.20,71.04,0.5468,-1,-1,-1
667,4,1716.87,452.85,82.89,214.18,0.6939,-1,-1,-1
668,67,479.08,122.36,51.91,166.14,0.3396,-1,-1,-1
668,64,1406.56,876.54,98.81,203.46,0.6795,-1,-1,-1
668,63,1330.63,899.23,82.19,179.55,0.6543,-1,-1,-1
668,62,422.84,527.05,64.22,245.13,0.7643,-1,-1,-1
668,59,1559.90,601.68,114.27,225.92,0.3892,-1,-1,-1
668,58,862.38,929.55,66.53,148.60,0.6844,-1,-1,-1
668,56,1622.14,156.59,72.05,182.65,0.5986,-1,-1,-1
668,52,310.17,341.61,76.49,204.36,0.6967,-1,-1,-1
668,44,808.28,142.75,55.75,173.84,0.4513,-1,-1,-1
668,41,1195.81,1020.24,62.76,59.39,0.5499,-1,-1,-1
668,29,1103.87,1009.97,69.90,67.56,0.5577,-1,-1,-1
668,4,1717.04,452.66,83.81,214.07,0.7214,-1,-1,-1
669,67,479.24,124.60,53.84,163.49,0.3491,-1,-1,-1
669,65,225.55,234.14,59.48,172.57,0.3009,-1,-1,-1
669,64,1404.63,874.71,98.54,205.29,0.7232,-1,-1,-1
669,63,1329.62,898.35,80.46,180.27,0.6975,-1,-1,-1
669,62,416.86,527.34,69.80,246.35,0.7523,-1,-1,-1
669,59,1560.23,601.68,114.49,225.78,0.3876,-1,-1,-1
669,58,859.39,930.26,67.43,148.32,0.6618,-1,-1,-1
669,56,1622.61,153.28,72.48,184.58,0.6093,-1,-1,-1
669,52,311.56,345.64,75.19,203.99,0.7223,-1,-1,-1
669,44,807.26,144.85,57.03,173.11,0.4309,-1,-1,-1
669,41,1196.11,1025.43,60.13,54.29,0.4729,-1,-1,-1
669,29,1105.07,1013.18,59.45,63.48,0.4825,-1,-1,-1
669,4,1717.97,451.68,82.72,216.03,0.6932,-1,-1,-1
670,67,478.97,115.02,54.90,173.00,0.3428,-1,-1,-1
670,64,1401.53,870.83,102.57,209.17,0.6870,-1,-1,-1
670,63,1326.90,896.66,80.25,182.23,0.7183,-1,-1,-1
670,62,409.45,527.88,76.00,245.10,0.7736,-1,-1,-1
670,59,1562.46,598.87,111.10,227.30,0.3976,-1,-1,-1
670,58,857.55,929.48,67.98,149.33,0.6725,-1,-1,-1
670,56,1624.19,153.26,71.70,183.82,0.6215,-1,-1,-1
670,52,311.93,346.58,73.39,205.82,0.7316,-1,-1,-1
670,44,805.75,144.84,58.45,174.45,0.4430,-1,-1,-1
670,41,1196.74,1028.57,57.35,50.37,0.4301,-1,-1,-1
670,29,1104.95,1016.44,63.04,60.33,0.4970,-1,-1,-1
670,4,1716.74,452.22,84.53,214.68,0.7121,-1,-1,-1
671,67,478.31,117.46,56.29,171.15,0.3793,-1,-1,-1
671,64,1400.80,866.15,101.18,213.60,0.6964,-1,-1,-1
671,63,1325.10,895.74,78.14,183.24,0.7101,-1,-1,-1
671,62,405.36,527.55,78.65,245.48,0.7842,-1,-1,-1
671,59,1561.90,601.71,113.47,226.00,0.4000,-1,-1,-1
671,58,855.66,930.15,68.22,148.43,0.6827,-1,-1,-1
671,56,1625.52,152.23,70.30,181.74,0.6199,-1,-1,-1
671,52,311.50,347.68,73.43,208.79,0.7608,-1,-1,-1
671,44,806.77,144.49,57.25,174.10,0.4937,-1,-1,-1
671,41,1197.56,1032.13,51.68,47.51,0.3958,-1,-1,-1
671,29,1103.90,1020.40,52.81,57.11,0.5071,-1,-1,-1
671,4,1716.59,452.75,85.25,214.27,0.7191,-1,-1,-1
672,67,480.49,125.93,52.25,163.97,0.3249,-1,-1,-1
672,66,429.86,135.36,45.16,152.06,0.3578,-1,-1,-1
672,64,1401.19,861.66,100.11,218.34,0.7249,-1,-1,-1
672,63,1318.91,894.82,82.40,184.92,0.7339,-1,-1,-1
672,62,402.86,528.91,80.65,243.70,0.7850,-1,-1,-1
672,59,1560.22,599.25,114.04,228.24,0.3603,-1,-1,-1
672,58,854.74,929.00,67.23,149.30,0.6781,-1,-1,-1
672,56,1627.29,156.80,68.08,174.19,0.5871,-1,-1,-1
672,52,311.97,348.68,72.10,207.57,0.7652,-1,-1,-1
672,44,806.11,143.48,57.78,176.25,0.4747,-1,-1,-1
672,41,1197.33,1034.34,48.97,45.47,0.3781,-1,-1,-1
672,29,1106.54,1025.08,47.66,53.77,0.4844,-1,-1,-1
672,4,1716.70,451.66,84.63,214.85,0.7046,-1,-1,-1
673,67,480.64,128.17,52.73,163.87,0.3664,-1,-1,-1
673,66,428.44,134.55,45.49,153.70,0.3558,-1,-1,-1
673,65,228.23,233.69,59.84,173.55,0.3533,-1,-1,-1
673,64,1402.78,861.46,94.49,218.50,0.6949,-1,-1,-1
673,63,1316.47,892.05,82.23,187.95,0.7125,-1,-1,-1
673,62,400.80,530.76,82.40,242.94,0.7852,-1,-1,-1
673,59,1560.02,600.43,112.47,226.52,0.3478,-1,-1,-1
673,58,853.99,929.74,66.16,149.51,0.6823,-1,-1,-1
673,56,1627.45,156.46,67.86,175.49,0.5826,-1,-1,-1
673,52,312.09,351.03,71.42,207.86,0.7736,-1,-1,-1
673,44,807.68,144.10,56.21,175.66,0.4712,-1,-1,-1
673,41,1197.08,1035.67,44.04,44.13,0.3757,-1,-1,-1
673,29,1108.20,1029.64,45.01,50.03,0.4311,-1,-1,-1
673,4,1716.35,452.78,86.16,214.77,0.7265,-1,-1,-1
674,67,479.55,128.89,52.74,166.78,0.4240,-1,-1,-1
674,66,429.06,134.32,45.62,155.49,0.3387,-1,-1,-1
674,64,1400.26,859.51,92.49,220.49,0.5810,-1,-1,-1
674,63,1312.63,888.79,82.60,191.15,0.7254,-1,-1,-1
674,62,397.83,530.56,84.61,243.60,0.7806,-1,-1,-1
674,59,1564.74,599.04,103.37,227.80,0.4024,-1,-1,-1
674,58,851.39,929.05,65.49,150.71,0.6867,-1,-1,-1
674,56,1627.87,156.61,67.32,173.28,0.5287,-1,-1,-1
674,52,311.25,351.60,72.38,209.09,0.7630,-1,-1,-1
674,44,807.13,144.60,56.86,174.76,0.4518,-1,-1,-1
674,41,1196.60,1036.74,43.18,43.26,0.3225,-1,-1,-1
674,29,1109.23,1031.36,42.72,48.64,0.4070,-1,-1,-1
674,4,1715.63,452.52,87.96,215.11,0.7273,-1,-1,-1
675,67,479.18,126.45,54.06,172.36,0.4519,-1,-1,-1
675,66,429.78,134.39,45.59,158.76,0.3499,-1,-1,-1
675,65,230.46,230.86,63.58,177.75,0.3060,-1,-1,-1
675,64,1393.09,863.05,107.45,216.95,0.5469,-1,-1,-1
675,63,1305.45,886.06,85.47,193.38,0.7486,-1,-1,-1
675,62,393.90,528.68,88.54,245.59,0.7813,-1,-1,-1
675,59,1560.19,614.63,111.64,214.60,0.4198,-1,-1,-1
675,58,851.48,930.54,62.82,149.46,0.6795,-1,-1,-1
675,56,1627.52,156.27,67.13,174.46,0.5496,-1,-1,-1
675,52,312.14,352.94,71.83,210.25,0.7552,-1,-1,-1
675,44,806.27,144.40,57.92,175.51,0.4832,-1,-1,-1
675,41,1196.12,1041.48,43.44,38.52,0.3339,-1,-1,-1
675,29,1109.21,1035.88,41.79,44.12,0.3527,-1,-1,-1
675,4,1715.67,452.48,87.73,213.47,0.7090,-1,-1,-1
676,67,480.43,128.83,55.19,171.83,0.4890,-1,-1,-1
676,66,427.78,141.11,48.33,152.44,0.3070,-1,-1,-1
676,64,1380.90,862.26,106.87,217.74,0.6202,-1,-1,-1
676,63,1302.19,883.02,84.39,196.98,0.7679,-1,-1,-1
676,62,390.12,530.87,91.97,244.07,0.7892,-1,-1,-1
676,58,849.65,930.71,61.66,149.29,0.6681,-1,-1,-1
676,56,1627.63,154.93,66.37,181.06,0.5771,-1,-1,-1
676,52,312.20,355.30,70.75,208.87,0.7453,-1,-1,-1
676,44,807.48,144.86,56.64,174.58,0.4155,-1,-1,-1
676,41,1195.89,1043.07,44.92,36.93,0.3279,-1,-1,-1
676,4,1716.66,453.28,86.37,212.64,0.7213,-1,-1,-1
677,67,479.03,129.49,56.34,174.28,0.4869,-1,-1,-1
677,66,425.92,141.76,48.41,153.85,0.3165,-1,-1,-1
677,65,232.91,229.32,65.25,176.76,0.3569,-1,-1,-1
677,64,1373.29,859.66,106.31,220.34,0.6729,-1,-1,-1
677,63,1299.79,879.03,84.83,199.62,0.7792,-1,-1,-1
677,62,383.52,530.91,97.48,244.33,0.7918,-1,-1,-1
677,58,848.13,930.39,62.34,149.44,0.6736,-1,-1,-1
677,56,1626.63,156.65,65.83,174.41,0.5574,-1,-1,-1
677,52,311.59,355.14,72.26,209.24,0.7470,-1,-1,-1
677,44,806.19,145.55,57.28,172.76,0.4292,-1,-1,-1
677,41,1195.77,1045.09,47.42,34.91,0.3254,-1,-1,-1
677,4,1716.04,453.16,87.24,213.34,0.7147,-1,-1,-1
678,67,480.07,130.62,56.41,173.43,0.4899,-1,-1,-1
678,65,235.35,233.67,58.14,171.24,0.3679,-1,-1,-1
678,64,1370.23,859.96,107.43,220.04,0.6417,-1,-1,-1
678,63,1292.18,876.47,87.15,203.53,0.7790,-1,-1,-1
678,62,378.05,531.56,103.18,243.51,0.7889,-1,-1,-1
678,59,1560.88,606.47,109.55,220.62,0.3382,-1,-1,-1
678,58,846.64,929.12,63.08,150.45,0.6765,-1,-1,-1
678,56,1624.95,156.73,67.14,173.29,0.5407,-1,-1,-1
678,52,311.78,356.54,71.66,208.97,0.7369,-1,-1,-1
678,44,806.66,144.69,57.06,173.32,0.4273,-1,-1,-1
678,41,1194.53,1047.73,50.11,32.27,0.3038,-1,-1,-1
678,4,1716.23,453.31,87.19,213.57,0.6945,-1,-1,-1
679,67,480.92,131.71,55.01,173.47,0.5017,-1,-1,-1
679,65,236.87,234.32,56.76,167.89,0.3748,-1,-1,-1
679,64,1371.19,858.23,103.75,221.77,0.6363,-1,-1,-1
679,63,1287.41,873.84,89.87,206.16,0.7928,-1,-1,-1
679,62,372.10,531.35,107.90,243.94,0.7829,-1,-1,-1
679,59,1561.62,599.09,111.61,228.28,0.4564,-1,-1,-1
679,58,844.55,926.90,65.81,153.10,0.6986,-1,-1,-1
679,56,1624.85,156.82,66.74,173.57,0.5722,-1,-1,-1
679,52,312.45,355.61,69.25,209.84,0.7149,-1,-1,-1
679,44,806.01,145.23,57.33,173.24,0.4359,-1,-1,-1
679,4,1715.88,452.34,86.05,212.77,0.6949,-1,-1,-1
680,67,479.25,132.98,57.85,173.12,0.4887,-1,-1,-1
680,65,238.56,233.06,55.11,167.34,0.3295,-1,-1,-1
680,64,1368.27,857.39,100.73,222.61,0.6468,-1,-1,-1
680,63,1285.20,870.93,88.65,209.07,0.7655,-1,-1,-1
680,62,367.57,530.37,110.82,244.96,0.7844,-1,-1,-1
680,59,1560.02,620.04,108.92,209.19,0.3474,-1,-1,-1
680,58,844.22,927.42,63.89,152.58,0.7241,-1,-1,-1
680,56,1624.51,155.12,66.58,172.76,0.5886,-1,-1,-1
680,52,310.79,356.57,71.79,207.80,0.7216,-1,-1,-1
680,44,805.97,145.28,56.28,173.66,0.4523,-1,-1,-1
680,4,1715.97,453.20,87.80,213.63,0.7331,-1,-1,-1
681,67,479.07,132.15,57.27,174.45,0.4730,-1,-1,-1
681,65,239.37,233.71,55.37,164.80,0.4028,-1,-1,-1
681,64,1369.70,854.06,95.29,225.94,0.6770,-1,-1,-1
681,63,1279.60,868.28,89.96,211.01,0.7400,-1,-1,-1
681,62,359.25,530.55,118.39,244.85,0.8077,-1,-1,-1
681,59,1559.61,624.25,110.26,204.68,0.3386,-1,-1,-1
681,58,841.65,925.63,68.35,153.76,0.7210,-1,-1,-1
681,56,1623.50,156.97,66.00,171.78,0.6199,-1,-1,-1
681,52,311.82,356.67,70.79,207.00,0.7008,-1,-1,-1
681,44,808.68,145.12,53.63,171.94,0.4534,-1,-1,-1
681,4,1717.09,453.35,86.38,213.28,0.7227,-1,-1,-1
682,67,479.24,131.66,57.91,174.46,0.4575,-1,-1,-1
682,65,238.14,231.25,61.29,170.78,0.3066,-1,-1,-1
682,64,1371.42,850.27,90.43,229.73,0.7175,-1,-1,-1
682,63,1277.22,865.35,90.46,214.22,0.7595,-1,-1,-1
682,62,357.98,530.51,119.69,244.06,0.8011,-1,-1,-1
682,59,1562.04,603.73,108.40,223.64,0.3482,-1,-1,-1
682,58,838.64,924.08,71.13,155.37,0.7308,-1,-1,-1
682,56,1623.38,155.25,66.53,174.36,0.5935,-1,-1,-1
682,52,310.12,357.85,72.49,206.94,0.7168,-1,-1,-1
682,44,807.00,144.62,54.64,173.55,0.4272,-1,-1,-1
682,4,1716.36,453.33,86.53,213.69,0.7354,-1,-1,-1
683,67,480.60,130.83,56.00,175.91,0.4436,-1,-1,-1
683,64,1367.06,844.60,91.33,235.40,0.7205,-1,-1,-1
683,63,1271.69,863.89,93.93,215.57,0.7658,-1,-1,-1
683,62,353.64,530.29,122.67,245.04,0.7994,-1,-1,-1
683,59,1562.45,603.06,110.61,224.74,0.3800,-1,-1,-1
683,58,836.28,924.11,73.25,155.36,0.7289,-1,-1,-1
683,56,1621.62,155.31,65.74,177.07,0.5767,-1,-1,-1
683,52,310.60,356.93,70.77,207.38,0.7246,-1,-1,-1
683,44,809.04,145.18,52.90,171.47,0.4260,-1,-1,-1
683,4,1716.90,453.98,86.38,213.03,0.7299,-1,-1,-1
684,67,481.65,135.58,55.91,170.66,0.4282,-1,-1,-1
684,66,426.20,142.55,46.62,153.14,0.3503,-1,-1,-1
684,64,1359.85,839.95,94.31,240.05,0.7311,-1,-1,-1
684,63,1267.06,861.84,95.67,215.85,0.7916,-1,-1,-1
684,62,353.18,527.58,120.52,247.58,0.7920,-1,-1,-1
684,59,1560.20,618.18,108.52,211.33,0.3495,-1,-1,-1
684,58,833.98,923.34,75.15,156.20,0.7272,-1,-1,-1
684,56,1620.52,155.42,64.66,178.17,0.5946,-1,-1,-1
684,52,310.12,357.56,70.14,206.89,0.7257,-1,-1,-1
684,44,806.63,145.10,54.65,173.63,0.4355,-1,-1,-1
684,4,1716.02,453.22,85.86,214.19,0.7208,-1,-1,-1
685,67,479.75,135.55,58.23,170.91,0.4336,-1,-1,-1
685,64,1358.71,837.95,91.87,242.05,0.7492,-1,-1,-1
685,63,1266.73,860.11,92.36,217.01,0.7939,-1,-1,-1
685,62,352.29,527.55,119.59,248.71,0.7988,-1,-1,-1
685,59,1562.46,602.05,108.60,225.85,0.4143,-1,-1,-1
685,58,829.55,923.63,79.34,155.83,0.7381,-1,-1,-1
685,56,1620.26,153.82,63.73,182.30,0.5787,-1,-1,-1
685,52,310.11,359.58,69.68,206.57,0.7168,-1,-1,-1
685,44,807.84,145.22,53.06,172.10,0.3863,-1,-1,-1
685,4,1715.70,452.53,85.17,214.43,0.7323,-1,-1,-1
686,67,480.08,136.36,56.92,169.96,0.4759,-1,-1,-1
686,66,424.31,143.50,49.25,155.75,0.3443,-1,-1,-1
686,64,1356.68,832.49,91.55,246.65,0.7471,-1,-1,-1
686,63,1264.43,857.79,93.95,220.44,0.7988,-1,-1,-1
686,62,352.45,528.84,115.97,247.74,0.8010,-1,-1,-1
686,59,1560.42,615.53,109.30,214.47,0.3935,-1,-1,-1
686,58,828.56,922.29,80.59,156.34,0.7461,-1,-1,-1
686,56,1618.87,151.59,64.85,181.85,0.5290,-1,-1,-1
686,52,309.43,363.19,68.20,206.68,0.7141,-1,-1,-1
686,44,807.34,145.13,52.81,171.73,0.3848,-1,-1,-1
686,4,1715.49,451.57,86.24,215.07,0.7438,-1,-1,-1
687,67,479.23,134.32,59.11,171.18,0.5025,-1,-1,-1
687,66,425.68,148.62,47.36,150.33,0.3640,-1,-1,-1
687,64,1352.81,830.18,91.58,249.33,0.7661,-1,-1,-1
687,63,1262.48,856.31,90.90,223.69,0.7735,-1,-1,-1
687,62,353.16,529.31,108.93,248.31,0.7981,-1,-1,-1
687,59,1560.08,600.51,111.87,227.16,0.4141,-1,-1,-1
687,58,827.52,922.89,80.96,156.11,0.7349,-1,-1,-1
687,56,1617.65,149.85,63.86,182.18,0.5446,-1,-1,-1
687,52,310.20,366.52,66.56,206.94,0.7051,-1,-1,-1
687,44,808.37,144.71,51.36,170.96,0.3753,-1,-1,-1
687,4,1715.78,451.94,86.43,214.04,0.7524,-1,-1,-1
688,67,480.98,134.95,57.17,171.06,0.4923,-1,-1,-1
688,64,1348.25,830.60,91.57,249.40,0.7938,-1,-1,-1
688,63,1261.97,853.57,87.93,226.43,0.7830,-1,-1,-1
688,62,353.99,528.79,105.00,249.30,0.8143,-1,-1,-1
688,59,1560.38,613.42,109.79,215.97,0.4336,-1,-1,-1
688,58,824.61,923.34,83.50,155.51,0.7342,-1,-1,-1
688,56,1614.58,147.15,64.53,175.53,0.5622,-1,-1,-1
688,52,310.41,368.89,65.60,207.09,0.7048,-1,-1,-1
688,44,807.22,143.47,52.26,171.93,0.3820,-1,-1,-1
688,4,1715.41,453.01,88.07,214.25,0.7614,-1,-1,-1
689,67,481.57,133.16,57.09,172.91,0.5107,-1,-1,-1
689,66,426.42,145.81,47.56,156.51,0.3172,-1,-1,-1
689,64,1344.88,827.49,94.46,252.51,0.7898,-1,-1,-1
689,63,1259.94,851.04,86.27,228.96,0.7724,-1,-1,-1
689,62,356.69,529.67,101.22,248.46,0.8143,-1,-1,-1
689,59,1558.85,597.69,113.95,229.91,0.4653,-1,-1,-1
689,58,822.67,924.08,84.64,154.87,0.7303,-1,-1,-1
689,56,1614.27,144.72,65.12,177.71,0.5714,-1,-1,-1
689,52,310.78,369.54,63.80,206.22,0.7071,-1,-1,-1
689,44,807.53,143.19,51.00,171.97,0.3368,-1,-1,-1
689,4,1715.23,451.80,85.99,215.14,0.7515,-1,-1,-1
690,67,480.75,133.26,57.87,174.06,0.4953,-1,-1,-1
690,66,426.57,149.33,47.35,154.82,0.3627,-1,-1,-1
690,64,1340.67,824.23,92.78,255.77,0.7714,-1,-1,-1
690,63,1258.46,848.13,86.76,231.87,0.7242,-1,-1,-1
690,62,359.41,529.19,96.07,250.26,0.8186,-1,-1,-1
690,59,1561.62,597.03,112.55,229.89,0.4765,-1,-1,-1
690,58,822.24,925.76,85.90,152.50,0.7443,-1,-1,-1
690,56,1612.56,143.41,65.74,178.45,0.5984,-1,-1,-1
690,52,310.36,372.56,62.88,207.68,0.6979,-1,-1,-1
690,44,805.69,140.63,50.34,171.30,0.3104,-1,-1,-1
690,4,1715.80,450.96,87.28,217.13,0.7247,-1,-1,-1
691,67,479.03,134.07,59.95,177.05,0.4975,-1,-1,-1
691,66,426.32,147.55,47.69,158.95,0.4158,-1,-1,-1
691,64,1334.94,823.85,97.55,256.15,0.7798,-1,-1,-1
691,63,1257.33,845.24,85.24,233.42,0.7876,-1,-1,-1
691,62,365.37,531.55,88.60,248.99,0.8251,-1,-1,-1
691,59,1564.64,598.19,110.03,229.66,0.5050,-1,-1,-1
691,58,823.17,926.17,84.41,151.65,0.7387,-1,-1,-1
691,56,1610.53,141.54,65.27,179.00,0.6324,-1,-1,-1
691,52,309.59,375.17,63.61,207.81,0.7122,-1,-1,-1
691,44,804.04,140.56,51.52,171.00,0.3554,-1,-1,-1
691,4,1715.93,452.03,87.43,216.68,0.7421,-1,-1,-1
692,67,480.87,135.57,58.36,179.83,0.5244,-1,-1,-1
692,66,427.40,151.33,46.66,157.06,0.4642,-1,-1,-1
692,64,1332.27,823.25,95.98,256.75,0.7621,-1,-1,-1
692,63,1256.60,841.72,83.01,236.11,0.7949,-1,-1,-1
692,62,369.72,533.92,84.09,248.98,0.8116,-1,-1,-1
692,59,1562.17,601.50,112.55,226.09,0.4442,-1,-1,-1
692,58,823.17,928.32,83.54,148.36,0.7438,-1,-1,-1
692,56,1608.99,140.57,66.13,179.39,0.6501,-1,-1,-1
692,52,308.55,374.37,64.07,211.66,0.7244,-1,-1,-1
692,44,805.38,141.67,51.23,173.73,0.3665,-1,-1,-1
692,4,1716.31,452.79,87.17,214.82,0.7370,-1,-1,-1
693,67,481.32,138.76,56.88,178.58,0.4972,-1,-1,-1
693,66,427.65,155.30,46.39,154.50,0.4493,-1,-1,-1
693,64,1329.96,820.92,93.79,259.08,0.7655,-1,-1,-1
693,63,1254.13,838.27,82.03,241.57,0.8202,-1,-1,-1
693,62,374.02,534.49,78.73,250.61,0.8115,-1,-1,-1
693,59,1562.20,601.49,112.39,226.00,0.4972,-1,-1,-1
693,58,823.72,928.15,82.99,148.74,0.7416,-1,-1,-1
693,56,1608.32,138.46,65.69,178.66,0.6570,-1,-1,-1
693,52,307.23,373.95,64.18,214.85,0.7135,-1,-1,-1
693,44,805.01,141.57,50.87,173.11,0.3682,-1,-1,-1
693,4,1716.18,451.21,86.39,216.51,0.7278,-1,-1,-1
694,67,481.00,140.68,57.07,177.80,0.5083,-1,-1,-1
694,66,427.28,154.84,47.16,155.79,0.4792,-1,-1,-1
694,64,1327.83,819.34,94.03,260.66,0.7708,-1,-1,-1
694,63,1252.57,834.74,80.88,244.09,0.8164,-1,-1,-1
694,62,377.92,534.98,75.17,249.41,0.8164,-1,-1,-1
694,59,1562.52,600.58,111.64,226.98,0.5111,-1,-1,-1
694,58,823.02,928.64,85.08,148.21,0.7645,-1,-1,-1
694,56,1606.49,135.75,66.30,179.26,0.6391,-1,-1,-1
694,52,305.74,374.53,65.22,215.70,0.7028,-1,-1,-1
694,44,805.20,140.65,49.85,173.62,0.3445,-1,-1,-1
694,4,1715.77,451.61,87.29,217.19,0.7421,-1,-1,-1
695,67,480.15,143.14,59.32,176.40,0.5269,-1,-1,-1
695,66,428.43,155.48,45.85,154.45,0.4001,-1,-1,-1
695,64,1327.85,817.99,92.64,261.87,0.7504,-1,-1,-1
695,63,1249.71,831.26,81.04,246.82,0.7896,-1,-1,-1
695,62,380.10,535.12,72.38,249.96,0.8113,-1,-1,-1
695,59,1562.10,599.83,111.48,227.97,0.4235,-1,-1,-1
695,58,822.85,930.71,85.54,146.76,0.7507,-1,-1,-1
695,56,1606.60,135.58,65.49,178.75,0.6302,-1,-1,-1
695,52,305.43,374.40,65.33,215.21,0.6673,-1,-1,-1
695,44,805.09,137.60,48.73,175.53,0.3660,-1,-1,-1
695,4,1717.11,452.44,86.12,215.29,0.7255,-1,-1,-1
696,67,481.52,147.91,57.73,171.90,0.5443,-1,-1,-1
696,66,427.48,158.00,47.01,151.05,0.4007,-1,-1,-1
696,64,1325.87,815.49,92.49,264.51,0.7585,-1,-1,-1
696,63,1244.62,830.00,81.80,247.77,0.7860,-1,-1,-1
696,62,381.74,535.33,69.49,250.92,0.8033,-1,-1,-1
696,59,1561.35,601.40,112.78,225.43,0.4149,-1,-1,-1
696,58,823.70,931.53,84.78,146.64,0.7369,-1,-1,-1
696,56,1605.27,134.88,65.81,179.99,0.6066,-1,-1,-1
696,52,302.83,374.84,67.98,214.47,0.6334,-1,-1,-1
696,44,805.00,137.49,48.15,174.93,0.3303,-1,-1,-1
696,4,1717.14,452.14,86.39,214.70,0.7150,-1,-1,-1
697,67,480.18,149.45,58.83,171.82,0.5394,-1,-1,-1
697,66,428.22,157.29,47.30,152.65,0.4386,-1,-1,-1
697,64,1321.69,812.27,95.04,267.73,0.7815,-1,-1,-1
697,63,1241.95,828.66,82.25,249.55,0.7673,-1,-1,-1
697,62,382.48,536.59,68.63,249.94,0.7923,-1,-1,-1
697,59,1561.63,601.62,111.70,224.63,0.4153,-1,-1,-1
697,58,825.14,932.81,83.66,145.47,0.7475,-1,-1,-1
697,56,1602.19,135.43,68.07,178.05,0.5435,-1,-1,-1
697,52,299.49,375.58,71.07,214.63,0.6345,-1,-1,-1
697,44,803.98,138.89,47.63,177.08,0.3471,-1,-1,-1
697,4,1716.34,452.56,87.34,214.77,0.7074,-1,-1,-1
698,67,479.96,150.48,57.90,170.75,0.5219,-1,-1,-1
698,66,427.16,154.73,48.30,155.22,0.4168,-1,-1,-1
698,64,1318.27,809.51,95.97,270.49,0.7909,-1,-1,-1
698,63,1238.23,827.77,82.70,250.14,0.7713,-1,-1,-1
698,62,383.63,537.36,67.84,248.66,0.7955,-1,-1,-1
698,59,1559.64,609.66,113.26,218.73,0.4399,-1,-1,-1
698,58,826.74,931.59,82.45,146.98,0.7643,-1,-1,-1
698,56,1602.78,134.92,67.38,178.15,0.5206,-1,-1,-1
698,52,299.08,376.07,71.62,214.04,0.6224,-1,-1,-1
698,44,804.32,139.11,46.70,176.22,0.3733,-1,-1,-1
698,4,1717.54,452.51,85.72,214.55,0.7374,-1,-1,-1
699,67,479.22,150.81,59.97,170.65,0.5512,-1,-1,-1
699,66,425.29,153.45,50.58,156.92,0.4549,-1,-1,-1
699,64,1317.31,804.99,91.35,273.43,0.8005,-1,-1,-1
699,63,1232.80,825.18,86.49,252.39,0.7674,-1,-1,-1
699,62,384.21,537.62,65.38,248.04,0.7808,-1,-1,-1
699,59,1564.89,599.78,110.69,226.53,0.4246,-1,-1,-1
699,58,827.18,932.43,82.86,146.11,0.7653,-1,-1,-1
699,56,1599.93,133.97,69.67,181.64,0.4062,-1,-1,-1
699,52,298.25,376.05,72.31,212.89,0.6508,-1,-1,-1
699,44,804.78,137.80,45.91,178.23,0.3273,-1,-1,-1
699,4,1718.02,452.27,84.47,215.34,0.7190,-1,-1,-1
700,67,479.39,149.66,59.74,172.11,0.5277,-1,-1,-1
700,66,427.65,153.37,48.49,156.77,0.3925,-1,-1,-1
700,64,1314.77,802.07,90.74,274.15,0.7929,-1,-1,-1
700,63,1230.69,823.34,87.23,252.12,0.7665,-1,-1,-1
700,62,384.76,539.02,64.85,247.24,0.7898,-1,-1,-1
700,59,1561.13,613.22,110.40,214.52,0.4461,-1,-1,-1
700,58,829.28,932.67,82.07,146.07,0.7653,-1,-1,-1
700,56,1598.30,133.95,71.26,180.78,0.3633,-1,-1,-1
700,52,296.83,375.97,72.51,212.84,0.6561,-1,-1,-1
700,44,803.05,134.39,47.79,180.23,0.3099,-1,-1,-1
700,4,1717.85,452.67,84.66,213.73,0.7242,-1,-1,-1
701,67,479.96,150.36,59.27,171.06,0.5432,-1,-1,-1
701,66,428.80,153.48,46.39,156.85,0.3801,-1,-1,-1
701,64,1313.17,798.23,92.90,273.16,0.7866,-1,-1,-1
701,63,1227.14,819.82,90.02,256.42,0.8027,-1,-1,-1
701,62,385.06,539.18,63.25,245.97,0.7570,-1,-1,-1
701,59,1561.45,600.40,113.72,226.43,0.3881,-1,-1,-1
701,58,829.96,931.99,85.03,146.35,0.7712,-1,-1,-1
701,56,1597.44,135.30,72.39,180.20,0.3544,-1,-1,-1
701,52,295.88,377.38,74.10,210.38,0.6499,-1,-1,-1
701,44,802.89,136.87,47.79,176.49,0.3474,-1,-1,-1
701,4,1717.10,452.35,86.41,215.86,0.7202,-1,-1,-1
702,67,480.68,148.91,57.91,171.69,0.5419,-1,-1,-1
702,66,430.13,151.26,46.95,160.03,0.3212,-1,-1,-1
702,64,1310.68,792.91,93.27,261.85,0.7727,-1,-1,-1
702,63,1221.12,817.34,94.60,257.42,0.7635,-1,-1,-1
702,62,385.84,539.83,60.83,245.00,0.7416,-1,-1,-1
702,59,1560.48,626.40,111.02,201.31,0.3466,-1,-1,-1
702,58,832.85,933.33,82.75,145.32,0.7709,-1,-1,-1
702,56,1598.39,135.21,70.57,179.95,0.3892,-1,-1,-1
702,52,295.91,376.14,73.95,212.26,0.6844,-1,-1,-1
702,44,798.82,137.81,52.37,176.31,0.3632,-1,-1,-1
702,4,1717.14,451.36,86.62,215.86,0.7403,-1,-1,-1
703,67,479.60,148.77,59.06,170.00,0.5238,-1,-1,-1
703,66,427.61,157.19,47.53,151.33,0.3399,-1,-1,-1
703,64,1309.24,788.92,93.31,260.64,0.7815,-1,-1,-1
703,63,1221.26,816.01,90.48,257.77,0.7740,-1,-1,-1
703,62,387.00,540.35,59.08,244.69,0.7365,-1,-1,-1
703,59,1560.36,602.43,113.36,224.83,0.3816,-1,-1,-1
703,58,834.66,933.76,82.94,144.50,0.7771,-1,-1,-1
703,56,1601.09,130.44,67.93,186.33,0.4389,-1,-1,-1
703,52,295.29,376.98,74.60,213.70,0.6905,-1,-1,-1
703,44,799.50,138.19,51.44,175.35,0.3602,-1,-1,-1
703,4,1717.24,451.67,86.34,216.86,0.7374,-1,-1,-1
704,67,478.85,149.30,59.87,169.04,0.5278,-1,-1,-1
704,66,427.06,157.49,48.32,156.09,0.3916,-1,-1,-1
704,65,259.16,207.30,51.29,186.58,0.3153,-1,-1,-1
704,64,1309.87,786.16,90.95,263.71,0.7792,-1,-1,-1
704,63,1220.46,814.54,88.40,259.42,0.7760,-1,-1,-1
704,62,387.41,540.54,59.53,246.33,0.7335,-1,-1,-1
704,59,1560.64,601.89,114.67,225.55,0.3539,-1,-1,-1
704,58,836.41,933.86,84.21,144.45,0.7790,-1,-1,-1
704,56,1599.43,133.79,68.29,182.23,0.5401,-1,-1,-1
704,52,294.38,378.92,75.14,214.83,0.6916,-1,-1,-1
704,44,799.01,138.18,52.53,173.19,0.3671,-1,-1,-1
704,4,1716.76,451.40,87.55,214.52,0.7354,-1,-1,-1
705,67,478.19,149.86,61.87,170.48,0.5468,-1,-1,-1
705,66,428.41,156.70,51.03,157.40,0.3686,-1,-1,-1
705,64,1311.43,784.79,87.44,265.67,0.7674,-1,-1,-1
705,63,1219.47,812.34,86.40,262.47,0.7862,-1,-1,-1
705,62,388.86,540.28,58.98,246.99,0.7422,-1,-1,-1
705,59,1562.50,595.26,113.78,228.79,0.6043,-1,-1,-1
705,58,838.86,933.97,83.61,144.54,0.7727,-1,-1,-1
705,56,1602.02,131.64,66.96,184.64,0.5511,-1,-1,-1
705,52,296.05,379.08,75.10,220.10,0.7031,-1,-1,-1
705,44,797.37,137.82,53.62,173.98,0.3711,-1,-1,-1
705,4,1717.74,452.49,86.04,212.79,0.7272,-1,-1,-1
706,67,478.96,151.97,59.33,167.63,0.5287,-1,-1,-1
706,66,426.68,159.74,50.14,157.95,0.3898,-1,-1,-1
706,64,1309.30,783.40,85.61,266.29,0.7690,-1,-1,-1
706,63,1216.10,808.29,87.54,267.45,0.7793,-1,-1,-1
706,62,389.08,540.75,59.74,245.22,0.7466,-1,-1,-1
706,59,1563.41,595.21,113.79,229.45,0.5005,-1,-1,-1
706,58,840.11,933.29,83.59,145.77,0.7781,-1,-1,-1
706,56,1602.83,130.25,65.47,184.75,0.5999,-1,-1,-1
706,52,293.56,383.77,78.03,219.50,0.7101,-1,-1,-1
706,44,796.78,139.17,53.55,173.04,0.3661,-1,-1,-1
706,4,1717.22,452.33,86.44,214.12,0.7148,-1,-1,-1
707,67,479.62,151.75,57.43,168.76,0.5197,-1,-1,-1
707,66,425.21,156.97,51.54,163.90,0.4236,-1,-1,-1
707,65,259.26,205.66,53.80,187.18,0.3240,-1,-1,-1
707,64,1306.29,782.67,86.00,266.37,0.7674,-1,-1,-1
707,63,1214.41,806.15,85.77,262.01,0.7617,-1,-1,-1
707,62,389.05,541.26,59.56,245.60,0.7637,-1,-1,-1
707,59,1565.07,597.83,112.09,228.02,0.4611,-1,-1,-1
707,58,842.13,934.17,84.39,145.83,0.7790,-1,-1,-1
707,56,1602.87,129.05,65.06,180.95,0.6226,-1,-1,-1
707,52,294.57,388.81,75.48,215.05,0.7153,-1,-1,-1
707,44,795.59,138.48,53.60,173.54,0.4007,-1,-1,-1
707,4,1718.08,453.01,85.43,213.23,0.7275,-1,-1,-1
708,67,479.36,153.53,57.19,167.62,0.4921,-1,-1,-1
708,66,425.19,155.70,50.91,166.91,0.4015,-1,-1,-1
708,65,260.40,203.73,49.68,181.39,0.3307,-1,-1,-1
708,64,1302.59,781.10,87.75,265.36,0.7722,-1,-1,-1
708,63,1212.00,802.58,85.98,263.19,0.7518,-1,-1,-1
708,62,390.56,541.68,57.91,246.37,0.7497,-1,-1,-1
708,59,1564.59,595.76,111.98,228.46,0.5024,-1,-1,-1
708,58,842.95,934.20,85.42,145.80,0.7764,-1,-1,-1
708,56,1602.63,128.64,64.66,175.13,0.6098,-1,-1,-1
708,52,295.09,390.66,73.86,214.45,0.7163,-1,-1,-1
708,44,795.06,139.42,54.17,173.23,0.3948,-1,-1,-1
708,4,1717.41,452.64,86.00,213.96,0.7245,-1,-1,-1
709,67,479.23,155.49,59.37,167.25,0.4916,-1,-1,-1
709,66,425.39,152.96,52.59,170.26,0.4154,-1,-1,-1
709,65,260.27,202.80,49.96,183.50,0.3037,-1,-1,-1
709,64,1296.28,781.77,93.13,262.64,0.7592,-1,-1,-1
709,63,1208.95,799.54,84.22,260.01,0.7684,-1,-1,-1
709,62,391.30,542.31,58.93,244.53,0.7567,-1,-1,-1
709,59,1563.70,595.44,112.10,230.72,0.4489,-1,-1,-1
709,58,843.93,934.30,86.10,145.70,0.7833,-1,-1,-1
709,56,1602.48,126.68,65.17,173.00,0.6341,-1,-1,-1
709,52,295.15,392.65,72.64,214.02,0.7231,-1,-1,-1
709,44,795.41,139.36,53.42,173.60,0.4195,-1,-1,-1
709,4,1717.77,451.45,85.95,214.32,0.7200,-1,-1,-1
710,67,479.35,159.14,58.34,167.24,0.5068,-1,-1,-1
710,66,425.13,155.50,49.37,168.71,0.3795,-1,-1,-1
710,65,260.85,207.20,52.09,181.51,0.3293,-1,-1,-1
710,64,1287.24,781.26,99.07,264.11,0.7590,-1,-1,-1
710,63,1206.89,795.43,82.61,260.25,0.7846,-1,-1,-1
710,62,391.03,542.62,61.30,242.54,0.7452,-1,-1,-1
710,59,1565.59,593.13,111.57,231.42,0.5051,-1,-1,-1
710,58,845.05,935.60,85.20,144.40,0.7713,-1,-1,-1
710,56,1602.68,125.57,64.40,173.98,0.6536,-1,-1,-1
710,52,295.85,393.95,71.68,215.34,0.7366,-1,-1,-1
710,44,793.99,139.44,52.37,172.21,0.3815,-1,-1,-1
710,4,1718.54,452.10,85.63,213.89,0.7333,-1,-1,-1
711,67,478.55,157.75,59.09,170.59,0.5223,-1,-1,-1
711,64,1276.01,780.94,106.53,265.86,0.7515,-1,-1,-1
711,63,1203.05,793.72,84.43,258.84,0.7883,-1,-1,-1
711,62,390.65,543.74,64.79,241.43,0.7454,-1,-1,-1
711,59,1565.17,601.57,108.29,224.82,0.3698,-1,-1,-1
711,58,845.69,934.21,85.30,145.79,0.7832,-1,-1,-1
711,56,1602.45,122.70,64.51,174.19,0.6325,-1,-1,-1
711,52,295.76,394.00,70.88,219.99,0.7365,-1,-1,-1
711,44,794.03,140.52,49.19,172.96,0.3783,-1,-1,-1
711,4,1718.23,452.57,86.09,213.67,0.7146,-1,-1,-1
712,69,556.87,111.12,63.05,176.24,0.3120,-1,-1,-1
712,67,478.70,159.24,59.41,170.63,0.5247,-1,-1,-1
712,64,1276.08,779.88,102.57,266.05,0.7514,-1,-1,-1
712,63,1199.86,791.66,83.28,256.60,0.7994,-1,-1,-1
712,62,391.26,544.12,66.29,240.96,0.7236,-1,-1,-1
712,59,1565.13,599.17,109.84,226.64,0.4534,-1,-1,-1
712,58,847.43,934.35,84.69,145.65,0.7795,-1,-1,-1
712,56,1603.12,122.44,63.72,174.91,0.6188,-1,-1,-1
712,52,297.09,395.51,71.02,219.52,0.7128,-1,-1,-1
712,44,793.82,140.19,49.03,170.29,0.3158,-1,-1,-1
712,4,1717.40,451.34,87.45,216.89,0.7093,-1,-1,-1
713,69,556.40,108.85,61.17,177.96,0.3072,-1,-1,-1
713,67,478.08,161.68,59.81,170.14,0.5201,-1,-1,-1
713,66,423.51,166.77,48.35,158.85,0.3026,-1,-1,-1
713,64,1276.71,778.81,97.85,262.48,0.7627,-1,-1,-1
713,63,1193.83,790.60,86.82,259.41,0.7921,-1,-1,-1
713,62,392.15,544.46,70.86,239.27,0.6745,-1,-1,-1
713,59,1569.47,597.98,107.37,226.18,0.6175,-1,-1,-1
713,58,849.10,934.09,84.17,145.91,0.7792,-1,-1,-1
713,56,1602.88,121.58,62.78,175.14,0.6734,-1,-1,-1
713,52,297.48,397.33,71.94,218.47,0.6889,-1,-1,-1
713,44,792.33,139.10,48.71,172.79,0.3768,-1,-1,-1
713,4,1718.16,451.77,85.78,214.28,0.6983,-1,-1,-1
714,67,477.70,162.54,58.93,172.07,0.5314,-1,-1,-1
714,65,262.16,208.03,51.97,181.92,0.3214,-1,-1,-1
714,64,1274.64,776.39,96.22,257.86,0.7391,-1,-1,-1
714,63,1190.65,788.22,88.17,262.84,0.7903,-1,-1,-1
714,62,391.12,544.87,75.64,239.20,0.6888,-1,-1,-1
714,59,1571.99,597.04,103.77,227.07,0.6246,-1,-1,-1
714,58,851.97,934.41,82.45,145.59,0.7794,-1,-1,-1
714,56,1602.32,120.53,62.73,176.07,0.6532,-1,-1,-1
714,52,297.16,401.11,71.59,221.30,0.6886,-1,-1,-1
714,44,791.93,139.77,48.40,173.83,0.3283,-1,-1,-1
714,4,1718.10,451.64,86.42,214.61,0.6929,-1,-1,-1
715,67,478.14,164.13,58.49,172.44,0.5139,-1,-1,-1
715,65,261.39,206.44,53.64,178.99,0.3236,-1,-1,-1
715,64,1274.33,771.42,91.65,255.55,0.7948,-1,-1,-1
715,63,1190.67,787.06,81.38,263.14,0.7982,-1,-1,-1
715,62,392.01,544.37,79.47,240.06,0.6996,-1,-1,-1
715,59,1572.81,598.04,103.42,226.71,0.6125,-1,-1,-1
715,58,852.52,934.92,81.45,145.08,0.7796,-1,-1,-1
715,56,1601.25,120.11,63.66,178.25,0.6155,-1,-1,-1
715,52,298.03,401.41,70.58,221.00,0.6816,-1,-1,-1
715,44,791.27,139.49,48.17,174.06,0.3432,-1,-1,-1
715,4,1717.71,452.17,85.70,214.82,0.6747,-1,-1,-1
716,67,476.89,164.22,59.99,172.45,0.4767,-1,-1,-1
716,65,262.64,205.87,52.69,181.27,0.3205,-1,-1,-1
716,64,1273.01,768.40,89.96,255.59,0.8012,-1,-1,-1
716,63,1188.83,786.43,81.41,264.51,0.7995,-1,-1,-1
716,62,392.07,545.93,83.66,239.38,0.7121,-1,-1,-1
716,59,1571.87,598.61,103.39,225.83,0.5778,-1,-1,-1
716,58,853.16,935.44,81.33,144.56,0.7728,-1,-1,-1
716,56,1601.25,119.77,62.29,180.08,0.6096,-1,-1,-1
716,52,298.03,401.63,71.16,220.58,0.6750,-1,-1,-1
716,44,790.25,139.99,48.87,171.94,0.3868,-1,-1,-1
716,4,1716.91,452.46,86.63,213.67,0.6656,-1,-1,-1
717,69,554.41,113.59,61.10,174.39,0.4222,-1,-1,-1
717,67,474.53,160.00,62.95,179.19,0.4700,-1,-1,-1
717,64,1270.88,762.55,90.01,259.26,0.7826,-1,-1,-1
717,63,1186.23,785.09,83.17,264.37,0.8037,-1,-1,-1
717,62,391.26,545.94,86.86,239.33,0.7085,-1,-1,-1
717,59,1570.69,598.92,106.51,225.99,0.5815,-1,-1,-1
717,58,854.39,935.51,79.85,144.49,0.7799,-1,-1,-1
717,56,1600.51,119.43,61.69,179.59,0.5445,-1,-1,-1
717,52,298.55,402.74,72.27,219.30,0.6754,-1,-1,-1
717,44,789.62,140.09,48.92,171.07,0.4008,-1,-1,-1
717,4,1718.58,451.44,85.70,214.38,0.6951,-1,-1,-1
718,69,554.50,112.43,59.82,175.40,0.3244,-1,-1,-1
718,67,473.60,161.05,63.21,179.11,0.5016,-1,-1,-1
718,64,1267.56,759.07,87.43,255.10,0.7456,-1,-1,-1
718,63,1184.50,783.77,83.14,265.82,0.7977,-1,-1,-1
718,62,391.53,546.46,87.21,239.77,0.7147,-1,-1,-1
718,59,1570.86,599.88,105.77,224.34,0.5941,-1,-1,-1
718,58,853.64,935.69,80.86,144.31,0.7747,-1,-1,-1
718,56,1600.42,119.04,60.84,181.35,0.5508,-1,-1,-1
718,52,298.46,403.11,72.63,218.92,0.6787,-1,-1,-1
718,44,789.87,140.89,47.63,168.05,0.4084,-1,-1,-1
718,4,1718.65,450.40,85.67,215.21,0.6959,-1,-1,-1
719,69,553.97,110.06,60.33,177.11,0.3235,-1,-1,-1
719,67,475.56,162.75,60.68,177.91,0.4775,-1,-1,-1
719,66,420.83,159.74,50.91,167.79,0.3043,-1,-1,-1
719,64,1265.61,755.28,86.68,258.45,0.7410,-1,-1,-1
719,63,1183.25,783.23,82.46,264.16,0.7967,-1,-1,-1
719,62,391.62,547.02,89.41,241.51,0.6983,-1,-1,-1
719,59,1568.23,595.56,108.30,229.14,0.5255,-1,-1,-1
719,58,853.10,936.20,81.03,143.80,0.7829,-1,-1,-1
719,56,1600.76,118.00,58.84,180.78,0.4605,-1,-1,-1
719,52,299.41,403.36,71.77,211.94,0.6651,-1,-1,-1
719,44,788.06,139.62,49.46,168.99,0.3420,-1,-1,-1
719,4,1717.80,451.76,86.06,214.38,0.7024,-1,-1,-1
720,69,553.56,115.04,59.19,172.32,0.3309,-1,-1,-1
720,67,475.76,165.94,59.36,171.88,0.4787,-1,-1,-1
720,66,420.34,160.06,51.55,171.53,0.3330,-1,-1,-1
720,64,1264.12,750.49,84.91,262.33,0.7351,-1,-1,-1
720,63,1181.39,781.47,82.98,265.63,0.7844,-1,-1,-1
720,62,392.22,547.98,89.07,240.77,0.6963,-1,-1,-1
720,59,1580.13,601.80,92.62,225.42,0.5027,-1,-1,-1
720,58,852.21,938.01,81.57,141.99,0.7854,-1,-1,-1
720,56,1600.35,118.56,58.86,178.94,0.4611,-1,-1,-1
720,52,299.46,405.94,72.37,208.95,0.7029,-1,-1,-1
720,44,787.14,139.24,50.05,170.05,0.3394,-1,-1,-1
720,4,1718.41,451.71,85.33,214.38,0.7063,-1,-1,-1
721,69,552.49,111.01,60.30,176.29,0.3900,-1,-1,-1
721,67,475.73,166.09,60.38,171.43,0.5106,-1,-1,-1
721,66,419.03,155.55,53.43,176.57,0.4123,-1,-1,-1
721,64,1262.38,748.60,84.66,266.06,0.7341,-1,-1,-1
721,63,1179.83,779.28,81.05,265.69,0.7742,-1,-1,-1
721,62,393.73,548.97,92.99,241.94,0.6842,-1,-1,-1
721,59,1568.51,597.70,106.19,226.86,0.5825,-1,-1,-1
721,58,851.84,938.10,81.98,141.90,0.7843,-1,-1,-1
721,56,1600.19,119.63,58.25,175.96,0.5476,-1,-1,-1
721,52,299.49,407.95,73.06,210.89,0.7202,-1,-1,-1
721,44,789.53,140.36,46.93,169.39,0.3120,-1,-1,-1
721,4,1718.81,451.07,86.17,215.82,0.6962,-1,-1,-1
722,69,550.65,115.08,61.81,172.08,0.4480,-1,-1,-1
722,67,474.43,163.98,60.90,171.94,0.5147,-1,-1,-1
722,66,419.88,157.31,53.97,175.21,0.4086,-1,-1,-1
722,64,1256.18,748.00,88.19,261.08,0.7688,-1,-1,-1
722,63,1177.89,773.45,78.78,268.56,0.7862,-1,-1,-1
722,62,394.98,550.31,93.79,241.17,0.7130,-1,-1,-1
722,59,1568.47,594.90,107.30,230.15,0.5770,-1,-1,-1
722,58,850.82,938.55,82.69,141.45,0.7860,-1,-1,-1
722,56,1600.50,119.81,57.01,174.65,0.5207,-1,-1,-1
722,52,299.20,409.22,72.88,213.87,0.7361,-1,-1,-1
722,4,1718.17,452.36,86.74,213.62,0.7181,-1,-1,-1
723,69,550.78,110.75,60.43,177.58,0.4183,-1,-1,-1
723,67,474.59,165.93,61.42,170.34,0.5328,-1,-1,-1
723,66,418.91,161.65,53.76,172.30,0.4883,-1,-1,-1
723,65,264.87,207.82,51.04,176.81,0.3321,-1,-1,-1
723,64,1253.47,746.22,88.26,268.51,0.7719,-1,-1,-1
723,63,1175.83,770.54,78.44,259.89,0.7740,-1,-1,-1
723,62,395.57,551.22,94.66,242.46,0.7220,-1,-1,-1
723,59,1565.92,594.22,108.80,231.05,0.5558,-1,-1,-1
723,58,850.99,938.46,81.34,141.54,0.7834,-1,-1,-1
723,56,1600.27,117.91,56.47,176.84,0.3251,-1,-1,-1
723,52,298.99,410.15,73.30,217.04,0.7558,-1,-1,-1
723,44,788.97,139.01,47.59,172.21,0.3038,-1,-1,-1
723,4,1718.59,451.09,85.32,216.00,0.7181,-1,-1,-1
724,69,550.34,118.07,59.25,169.48,0.4557,-1,-1,-1
724,67,472.92,165.02,61.82,171.52,0.5627,-1,-1,-1
724,66,417.79,163.93,53.85,174.56,0.4975,-1,-1,-1
724,64,1248.86,745.00,86.58,267.43,0.7719,-1,-1,-1
724,63,1174.06,767.70,75.86,245.69,0.7737,-1,-1,-1
724,62,397.47,551.55,92.37,243.36,0.7247,-1,-1,-1
724,59,1565.95,592.61,109.02,232.27,0.5181,-1,-1,-1
724,58,849.09,939.01,82.46,140.99,0.7879,-1,-1,-1
724,56,1599.41,116.67,56.45,178.67,0.3462,-1,-1,-1
724,52,298.90,411.97,72.82,218.53,0.7638,-1,-1,-1
724,4,1719.11,451.86,85.66,215.36,0.6994,-1,-1,-1
725,69,550.21,115.87,59.23,171.34,0.4516,-1,-1,-1
725,67,471.92,167.81,63.65,171.07,0.5602,-1,-1,-1
725,66,418.39,165.34,51.82,173.72,0.4812,-1,-1,-1
725,64,1243.61,745.27,89.96,267.98,0.7704,-1,-1,-1
725,63,1171.73,763.95,76.36,248.42,0.7733,-1,-1,-1
725,62,401.64,551.21,91.64,242.36,0.7179,-1,-1,-1
725,59,1565.66,595.73,108.84,228.80,0.5291,-1,-1,-1
725,58,847.92,941.35,82.64,138.65,0.7785,-1,-1,-1
725,56,1598.67,116.24,56.83,176.73,0.3818,-1,-1,-1
725,52,299.34,414.54,72.97,217.39,0.7559,-1,-1,-1
725,4,1718.25,452.03,86.16,214.77,0.6960,-1,-1,-1
726,69,549.53,119.55,58.78,168.46,0.4488,-1,-1,-1
726,67,472.90,169.46,61.77,173.85,0.5721,-1,-1,-1
726,66,418.47,167.71,52.81,173.42,0.5194,-1,-1,-1
726,65,264.08,214.60,48.85,170.76,0.3036,-1,-1,-1
726,64,1241.80,744.12,88.89,269.83,0.7934,-1,-1,-1
726,63,1170.43,759.80,77.14,247.50,0.7817,-1,-1,-1
726,62,403.66,552.48,93.22,242.76,0.7403,-1,-1,-1
726,59,1564.62,593.40,110.55,230.97,0.5169,-1,-1,-1
726,58,845.92,942.39,83.97,137.61,0.7847,-1,-1,-1
726,56,1598.38,115.44,55.88,176.35,0.4358,-1,-1,-1
726,52,299.28,415.96,72.31,217.56,0.7590,-1,-1,-1
726,4,1717.56,452.30,86.03,213.98,0.6995,-1,-1,-1
727,69,549.92,118.96,58.32,169.09,0.3399,-1,-1,-1
727,67,473.77,171.52,60.07,174.54,0.5431,-1,-1,-1
727,66,416.49,174.15,54.12,166.26,0.5383,-1,-1,-1
727,64,1239.41,742.55,91.32,268.72,0.8174,-1,-1,-1
727,63,1167.43,756.10,78.42,243.46,0.7972,-1,-1,-1
727,62,403.10,552.56,94.63,244.93,0.7691,-1,-1,-1
727,59,1564.03,598.03,110.62,228.19,0.4532,-1,-1,-1
727,58,844.72,943.01,83.93,136.99,0.7868,-1,-1,-1
727,56,1598.31,113.05,55.16,177.67,0.4517,-1,-1,-1
727,52,299.64,418.76,72.15,216.35,0.7687,-1,-1,-1
727,4,1719.50,451.74,84.31,214.46,0.7039,-1,-1,-1
728,69,549.19,114.54,59.17,173.06,0.3399,-1,-1,-1
728,67,473.81,171.01,58.97,177.18,0.5218,-1,-1,-1
728,66,419.17,174.57,54.45,170.92,0.4946,-1,-1,-1
728,65,263.26,215.02,49.40,169.74,0.3165,-1,-1,-1
728,64,1238.11,742.57,90.75,268.29,0.8205,-1,-1,-1
728,63,1163.84,753.89,79.84,249.26,0.8115,-1,-1,-1
728,62,404.34,551.89,93.58,245.35,0.7879,-1,-1,-1
728,59,1580.44,602.11,92.85,223.72,0.4385,-1,-1,-1
728,58,843.10,942.30,84.70,137.70,0.7852,-1,-1,-1
728,56,1597.79,112.05,56.01,179.64,0.5472,-1,-1,-1
728,52,298.54,419.00,73.35,221.15,0.7558,-1,-1,-1
728,4,1718.74,452.37,85.27,213.09,0.7058,-1,-1,-1
729,69,549.29,115.57,58.46,172.09,0.3830,-1,-1,-1
729,67,473.70,171.31,59.11,180.19,0.5279,-1,-1,-1
729,66,420.50,179.20,51.80,165.76,0.4525,-1,-1,-1
729,64,1235.59,741.14,91.41,266.48,0.8278,-1,-1,-1
729,63,1162.50,750.83,78.03,253.48,0.8182,-1,-1,-1
729,62,403.92,552.61,93.09,243.41,0.7756,-1,-1,-1
729,59,1565.50,597.02,110.75,228.87,0.4973,-1,-1,-1
729,58,841.40,944.19,85.92,135.81,0.7926,-1,-1,-1
729,56,1597.50,109.72,55.77,178.34,0.5599,-1,-1,-1
729,52,298.79,420.26,71.80,221.90,0.7511,-1,-1,-1
729,4,1718.32,451.10,85.91,215.08,0.7096,-1,-1,-1
730,69,549.23,116.78,58.81,170.34,0.4120,-1,-1,-1
730,67,470.11,167.41,61.74,184.25,0.4249,-1,-1,-1
730,66,417.94,181.42,54.43,164.72,0.4711,-1,-1,-1
730,65,262.03,213.35,51.80,175.07,0.3767,-1,-1,-1
730,64,1232.50,739.54,92.37,269.15,0.8114,-1,-1,-1
730,63,1158.05,749.89,79.48,257.77,0.8186,-1,-1,-1
730,62,406.18,552.68,91.19,243.55,0.7977,-1,-1,-1
730,59,1581.81,597.87,91.72,228.28,0.4972,-1,-1,-1
730,58,839.78,943.89,86.61,135.79,0.7832,-1,-1,-1
730,56,1597.59,108.24,55.37,176.65,0.4598,-1,-1,-1
730,52,298.43,421.05,71.64,222.85,0.7344,-1,-1,-1
730,4,1718.55,451.92,86.52,214.45,0.7114,-1,-1,-1
731,70,321.43,210.55,57.17,160.78,0.3864,-1,-1,-1
731,69,549.27,119.60,59.23,166.48,0.3687,-1,-1,-1
731,67,470.10,168.41,61.84,184.42,0.4298,-1,-1,-1
731,66,417.19,183.01,53.75,163.22,0.4707,-1,-1,-1
731,65,261.99,212.01,50.74,174.35,0.3872,-1,-1,-1
731,64,1230.64,736.99,89.12,270.38,0.7998,-1,-1,-1
731,63,1155.52,748.33,78.82,258.60,0.8074,-1,-1,-1
731,62,407.77,553.20,90.10,242.75,0.8102,-1,-1,-1
731,59,1566.84,596.40,109.12,227.97,0.5689,-1,-1,-1
731,58,838.29,943.81,86.82,136.07,0.7830,-1,-1,-1
731,56,1598.30,106.73,54.95,176.80,0.4633,-1,-1,-1
731,52,297.80,421.26,71.61,221.46,0.7155,-1,-1,-1
731,4,1718.92,452.37,85.62,214.02,0.7044,-1,-1,-1
732,70,321.73,208.21,59.19,165.02,0.3861,-1,-1,-1
732,69,548.99,113.46,60.36,173.24,0.4498,-1,-1,-1
732,67,470.20,173.64,62.43,180.72,0.4670,-1,-1,-1
732,66,417.15,181.25,53.03,165.74,0.4669,-1,-1,-1
732,65,262.73,213.90,49.57,171.83,0.3593,-1,-1,-1
732,64,1229.58,734.50,89.04,268.52,0.8156,-1,-1,-1
732,63,1152.81,746.82,79.69,260.69,0.8078,-1,-1,-1
732,62,412.81,553.17,87.28,243.44,0.8058,-1,-1,-1
732,59,1566.31,595.04,109.17,230.05,0.5140,-1,-1,-1
732,58,838.41,944.70,85.35,135.24,0.7824,-1,-1,-1
732,56,1599.81,105.30,53.75,176.67,0.5162,-1,-1,-1
732,52,297.30,421.67,72.64,221.38,0.6782,-1,-1,-1
732,4,1717.37,451.93,87.50,214.85,0.6971,-1,-1,-1
733,70,322.64,210.22,57.15,161.48,0.3590,-1,-1,-1
733,69,549.21,113.53,59.49,173.51,0.3824,-1,-1,-1
733,67,472.02,172.85,60.46,182.76,0.4834,-1,-1,-1
733,66,417.20,185.82,50.81,155.91,0.4655,-1,-1,-1
733,64,1227.96,729.81,86.18,256.66,0.7857,-1,-1,-1
733,63,1150.17,746.18,79.77,263.33,0.7687,-1,-1,-1
733,62,415.29,552.58,84.99,243.94,0.7861,-1,-1,-1
733,59,1565.97,592.68,110.29,232.14,0.5170,-1,-1,-1
733,58,836.66,944.66,86.15,134.94,0.7718,-1,-1,-1
733,56,1600.82,104.86,53.22,174.87,0.4991,-1,-1,-1
733,52,296.41,422.42,73.15,220.27,0.6552,-1,-1,-1
733,4,1717.03,451.92,87.79,215.32,0.6986,-1,-1,-1
734,70,324.31,208.19,58.19,164.49,0.4053,-1,-1,-1
734,69,549.26,112.75,58.68,174.84,0.4289,-1,-1,-1
734,67,472.13,173.12,60.23,182.12,0.4479,-1,-1,-1
734,66,419.95,182.68,48.38,159.87,0.4036,-1,-1,-1
734,65,264.05,214.03,47.12,166.70,0.3278,-1,-1,-1
734,64,1227.85,727.47,83.29,248.16,0.7811,-1,-1,-1
734,63,1147.83,747.68,80.77,260.74,0.7761,-1,-1,-1
734,62,420.75,552.92,80.55,245.78,0.7891,-1,-1,-1
734,59,1580.53,599.53,92.04,227.57,0.4543,-1,-1,-1
734,58,836.16,944.79,86.05,134.74,0.7785,-1,-1,-1
734,56,1601.11,104.04,54.04,175.51,0.3565,-1,-1,-1
734,52,295.94,423.07,73.45,219.06,0.6433,-1,-1,-1
734,4,1717.25,452.07,87.35,217.85,0.7048,-1,-1,-1
735,70,325.25,206.15,57.94,165.57,0.4047,-1,-1,-1
735,69,549.17,115.00,59.62,171.37,0.3819,-1,-1,-1
735,67,470.89,174.84,61.97,180.92,0.4435,-1,-1,-1
735,66,419.39,185.07,48.13,156.27,0.4329,-1,-1,-1
735,65,263.38,213.44,47.02,169.75,0.3013,-1,-1,-1
735,64,1222.94,720.93,85.56,247.31,0.7747,-1,-1,-1
735,63,1143.42,744.90,83.85,263.21,0.7573,-1,-1,-1
735,62,425.15,553.74,78.21,245.21,0.7804,-1,-1,-1
735,59,1587.04,598.00,85.64,229.24,0.5276,-1,-1,-1
735,58,834.67,945.19,87.25,134.39,0.7784,-1,-1,-1
735,52,294.91,424.39,73.73,216.53,0.6151,-1,-1,-1
735,4,1718.72,452.45,86.18,213.88,0.6873,-1,-1,-1
736,70,325.72,207.47,57.49,166.08,0.4053,-1,-1,-1
736,69,548.35,112.42,61.58,175.64,0.4189,-1,-1,-1
736,67,472.95,172.91,60.34,183.84,0.4605,-1,-1,-1
736,66,419.01,185.67,48.68,156.38,0.4227,-1,-1,-1
736,64,1220.46,716.24,84.99,247.57,0.7767,-1,-1,-1
736,63,1142.29,741.45,85.02,260.33,0.7666,-1,-1,-1
736,62,432.61,553.49,72.83,246.02,0.8009,-1,-1,-1
736,59,1568.68,595.99,107.10,228.44,0.5908,-1,-1,-1
736,58,834.06,945.03,87.59,134.90,0.7757,-1,-1,-1
736,52,294.56,425.17,74.01,215.96,0.6421,-1,-1,-1
736,4,1718.38,451.36,86.17,213.51,0.6987,-1,-1,-1
737,70,327.21,209.65,56.94,165.07,0.4228,-1,-1,-1
737,69,548.35,112.50,61.93,175.78,0.4122,-1,-1,-1
737,67,472.64,174.68,60.65,180.51,0.4148,-1,-1,-1
737,66,418.37,186.13,49.29,156.23,0.4038,-1,-1,-1
737,64,1221.07,711.42,82.82,253.06,0.7642,-1,-1,-1
737,63,1139.05,739.43,86.26,260.29,0.7512,-1,-1,-1
737,62,436.46,554.26,71.42,246.09,0.7952,-1,-1,-1
737,59,1584.70,595.91,89.79,230.93,0.5010,-1,-1,-1
737,58,834.66,946.50,86.66,133.18,0.7825,-1,-1,-1
737,52,294.84,426.35,73.09,213.71,0.6180,-1,-1,-1
737,4,1718.55,451.46,86.24,214.07,0.7115,-1,-1,-1
738,70,327.77,212.46,57.88,161.37,0.4164,-1,-1,-1
738,69,548.71,109.72,63.40,179.13,0.4259,-1,-1,-1
738,67,471.70,168.24,59.38,187.17,0.3635,-1,-1,-1
738,66,416.04,186.05,50.56,157.88,0.3804,-1,-1,-1
738,64,1221.01,709.68,79.94,257.19,0.7669,-1,-1,-1
738,63,1136.76,737.19,83.83,264.40,0.7496,-1,-1,-1
738,62,439.97,554.74,69.47,248.05,0.8004,-1,-1,-1
738,59,1569.28,595.02,106.15,229.68,0.5407,-1,-1,-1
738,58,834.78,946.07,86.75,133.46,0.7773,-1,-1,-1
738,52,294.37,427.10,74.10,214.36,0.6739,-1,-1,-1
738,44,789.44,140.48,46.05,169.89,0.3332,-1,-1,-1
738,4,1718.29,451.38,86.06,213.67,0.7167,-1,-1,-1
739,70,327.78,210.65,58.75,163.58,0.4294,-1,-1,-1
739,69,548.52,115.42,63.53,173.35,0.4715,-1,-1,-1
739,67,470.78,172.95,61.41,182.68,0.4537,-1,-1,-1
739,66,413.92,185.32,51.17,158.62,0.4275,-1,-1,-1
739,64,1219.75,707.94,79.77,260.39,0.7536,-1,-1,-1
739,63,1135.50,735.51,82.06,258.51,0.7798,-1,-1,-1
739,62,443.32,555.21,68.58,250.27,0.7880,-1,-1,-1
739,59,1571.51,588.67,104.47,235.81,0.6001,-1,-1,-1
739,58,834.48,946.02,87.40,133.97,0.7796,-1,-1,-1
739,52,294.46,427.87,74.13,215.67,0.6560,-1,-1,-1
739,44,788.48,139.63,46.91,170.58,0.3079,-1,-1,-1
739,4,1719.77,450.44,85.12,214.29,0.7205,-1,-1,-1
740,70,328.60,206.68,58.96,167.24,0.3752,-1,-1,-1
740,69,549.08,111.80,63.51,176.63,0.5203,-1,-1,-1
740,67,470.16,169.14,61.96,186.29,0.4465,-1,-1,-1
740,66,412.71,186.89,52.87,160.43,0.4273,-1,-1,-1
740,64,1218.23,706.80,78.99,263.39,0.7533,-1,-1,-1
740,63,1133.04,733.01,83.83,252.31,0.7807,-1,-1,-1
740,62,445.43,554.85,68.99,250.46,0.7675,-1,-1,-1
740,59,1570.66,595.03,104.12,229.16,0.6094,-1,-1,-1
740,58,834.83,945.93,87.20,133.93,0.7758,-1,-1,-1
740,52,294.25,430.23,76.00,218.41,0.6927,-1,-1,-1
740,4,1718.10,452.79,86.69,212.49,0.7353,-1,-1,-1
741,70,330.32,208.19,57.25,162.91,0.3605,-1,-1,-1
741,69,550.62,111.34,63.00,177.12,0.4604,-1,-1,-1
741,67,469.81,171.29,61.13,184.41,0.4810,-1,-1,-1
741,66,411.12,190.36,53.52,161.85,0.4199,-1,-1,-1
741,64,1216.40,706.40,79.14,261.28,0.7452,-1,-1,-1
741,63,1130.93,730.45,80.80,248.29,0.7658,-1,-1,-1
741,62,447.45,556.82,67.80,251.37,0.7569,-1,-1,-1
741,59,1572.70,593.73,101.69,230.79,0.6256,-1,-1,-1
741,58,835.44,946.21,87.15,133.79,0.7819,-1,-1,-1
741,52,294.39,431.98,75.71,221.47,0.6893,-1,-1,-1
741,4,1718.29,451.93,86.44,213.10,0.7293,-1,-1,-1
742,70,332.80,209.40,55.06,159.60,0.3222,-1,-1,-1
742,69,552.29,111.55,61.04,176.99,0.3323,-1,-1,-1
742,67,468.74,171.64,62.03,183.86,0.4605,-1,-1,-1
742,66,409.10,196.16,56.37,157.41,0.5108,-1,-1,-1
742,64,1208.27,706.01,86.10,261.61,0.7563,-1,-1,-1
742,63,1127.29,726.97,79.84,248.48,0.7711,-1,-1,-1
742,62,449.61,556.21,68.27,252.25,0.7699,-1,-1,-1
742,59,1573.02,593.51,102.15,231.35,0.6465,-1,-1,-1
742,58,836.04,946.24,87.47,133.76,0.7763,-1,-1,-1
742,52,295.37,434.45,72.88,220.01,0.6950,-1,-1,-1
742,4,1718.85,452.56,85.11,213.47,0.7059,-1,-1,-1
743,69,552.22,104.46,61.48,183.86,0.3084,-1,-1,-1
743,67,468.29,168.34,58.72,189.20,0.3449,-1,-1,-1
743,66,410.09,200.21,54.59,155.03,0.5355,-1,-1,-1
743,64,1203.22,706.05,87.71,260.70,0.7496,-1,-1,-1
743,63,1124.11,722.86,80.30,249.70,0.7671,-1,-1,-1
743,62,452.77,557.37,74.64,250.66,0.7577,-1,-1,-1
743,59,1571.43,591.32,103.91,233.09,0.5908,-1,-1,-1
743,58,837.09,946.66,86.90,133.34,0.7722,-1,-1,-1
743,52,295.53,437.62,73.49,219.73,0.7123,-1,-1,-1
743,4,1719.62,452.05,83.01,213.67,0.7185,-1,-1,-1
744,70,333.65,209.76,55.00,159.67,0.3415,-1,-1,-1
744,69,552.46,112.28,61.59,177.07,0.3501,-1,-1,-1
744,67,466.26,176.39,59.78,183.67,0.3917,-1,-1,-1
744,66,410.12,200.96,54.18,156.30,0.5220,-1,-1,-1
744,64,1200.30,705.30,86.25,260.29,0.7383,-1,-1,-1
744,63,1123.11,721.16,79.17,249.11,0.7697,-1,-1,-1
744,62,453.88,559.67,82.95,247.23,0.7517,-1,-1,-1
744,59,1571.69,593.62,102.35,230.83,0.6369,-1,-1,-1
744,58,838.06,947.64,86.46,132.36,0.7750,-1,-1,-1
744,52,296.38,440.57,72.36,218.99,0.7052,-1,-1,-1
744,4,1719.63,453.53,83.97,213.21,0.7288,-1,-1,-1
745,70,334.53,212.09,53.64,157.36,0.3425,-1,-1,-1
745,69,552.78,110.60,61.10,178.58,0.3839,-1,-1,-1
745,67,464.67,175.98,60.86,188.62,0.4129,-1,-1,-1
745,66,410.24,202.66,52.95,158.40,0.5486,-1,-1,-1
745,64,1198.61,705.80,86.17,257.26,0.7429,-1,-1,-1
745,63,1122.36,719.20,78.92,253.28,0.7687,-1,-1,-1
745,62,455.23,560.76,89.72,244.31,0.7886,-1,-1,-1
745,59,1572.68,592.97,102.30,231.72,0.6416,-1,-1,-1
745,58,839.09,947.82,86.93,132.18,0.7742,-1,-1,-1
745,52,297.30,442.16,71.77,220.44,0.6978,-1,-1,-1
745,4,1718.69,452.72,85.28,213.45,0.7262,-1,-1,-1
746,70,334.47,215.04,55.09,152.77,0.3257,-1,-1,-1
746,67,463.22,181.55,65.33,183.58,0.5110,-1,-1,-1
746,66,409.45,201.20,50.61,161.36,0.5130,-1,-1,-1
746,64,1195.24,702.92,87.13,259.35,0.7509,-1,-1,-1
746,63,1119.42,718.44,80.64,254.39,0.7648,-1,-1,-1
746,62,455.82,561.70,96.29,244.25,0.8047,-1,-1,-1
746,59,1574.25,596.38,100.78,228.36,0.6681,-1,-1,-1
746,58,840.71,948.20,86.39,131.80,0.7822,-1,-1,-1
746,52,298.12,444.21,71.15,222.35,0.6978,-1,-1,-1
746,4,1719.16,453.59,86.10,212.13,0.7106,-1,-1,-1
747,70,334.42,213.70,55.57,154.72,0.3567,-1,-1,-1
747,67,464.91,184.50,61.68,181.52,0.5621,-1,-1,-1
747,66,409.50,203.59,51.78,156.87,0.5427,-1,-1,-1
747,64,1189.50,700.74,88.57,264.19,0.7581,-1,-1,-1
747,63,1117.79,715.92,78.33,256.25,0.7762,-1,-1,-1
747,62,456.60,562.00,98.76,245.96,0.8201,-1,-1,-1
747,59,1570.66,590.92,105.28,233.83,0.5984,-1,-1,-1
747,58,842.75,948.25,85.73,131.75,0.7861,-1,-1,-1
747,52,299.27,444.88,70.55,224.35,0.7237,-1,-1,-1
747,4,1719.38,452.81,84.88,212.89,0.7110,-1,-1,-1
748,70,334.02,207.61,57.59,160.93,0.4272,-1,-1,-1
748,67,463.65,187.15,62.76,179.65,0.5504,-1,-1,-1
748,66,409.36,202.66,50.26,159.72,0.5545,-1,-1,-1
748,64,1187.62,698.44,86.03,258.58,0.8098,-1,-1,-1
748,63,1116.13,714.81,77.38,255.96,0.8037,-1,-1,-1
748,62,456.40,563.66,102.90,245.57,0.8213,-1,-1,-1
748,59,1565.57,596.74,106.44,230.46,0.5217,-1,-1,-1
748,58,844.25,948.65,85.08,131.35,0.7900,-1,-1,-1
748,52,299.00,445.31,71.70,222.69,0.7087,-1,-1,-1
748,4,1718.71,454.06,84.19,212.28,0.7002,-1,-1,-1
749,70,333.71,210.03,56.46,159.66,0.3671,-1,-1,-1
749,67,464.37,187.99,59.12,181.53,0.5757,-1,-1,-1
749,66,409.18,204.26,48.65,157.50,0.5305,-1,-1,-1
749,64,1184.73,696.49,86.09,248.05,0.8111,-1,-1,-1
749,63,1114.98,712.43,75.77,255.89,0.8259,-1,-1,-1
749,62,457.62,564.89,105.17,246.65,0.8096,-1,-1,-1
749,59,1571.32,588.10,104.51,236.21,0.5866,-1,-1,-1
749,58,846.40,950.06,84.45,129.94,0.7888,-1,-1,-1
749,52,300.42,445.45,71.55,224.00,0.6984,-1,-1,-1
749,4,1719.46,454.40,83.10,213.81,0.6840,-1,-1,-1
750,70,334.02,207.42,55.45,161.40,0.3708,-1,-1,-1
750,67,463.56,186.21,60.00,185.86,0.5022,-1,-1,-1
750,66,408.30,202.71,51.95,160.60,0.5512,-1,-1,-1
750,64,1182.87,693.13,86.02,257.54,0.7880,-1,-1,-1
750,63,1113.19,712.02,75.86,257.78,0.8173,-1,-1,-1
750,62,458.44,564.95,105.96,247.62,0.8153,-1,-1,-1
750,59,1572.58,592.20,102.20,232.21,0.6227,-1,-1,-1
750,58,849.29,951.78,82.68,128.22,0.7690,-1,-1,-1
750,52,300.69,446.49,72.11,222.44,0.6981,-1,-1,-1
750,4,1718.41,453.45,85.22,214.09,0.7084,-1,-1,-1
751,70,333.74,205.74,55.71,161.33,0.3886,-1,-1,-1
751,67,462.57,195.70,60.44,179.16,0.4754,-1,-1,-1
751,66,409.45,203.42,49.05,157.49,0.5037,-1,-1,-1
751,65,266.61,206.81,57.91,165.14,0.4230,-1,-1,-1
751,64,1181.32,688.15,82.68,244.44,0.7993,-1,-1,-1
751,63,1110.32,709.42,72.45,254.02,0.8050,-1,-1,-1
751,62,459.11,565.60,106.10,246.68,0.8107,-1,-1,-1
751,59,1571.77,592.45,103.91,231.85,0.6182,-1,-1,-1
751,58,851.61,952.44,82.82,127.56,0.7663,-1,-1,-1
751,52,301.26,446.64,74.37,221.22,0.7020,-1,-1,-1
751,4,1716.28,455.02,86.17,211.21,0.6833,-1,-1,-1
752,70,334.11,204.47,55.08,162.70,0.3598,-1,-1,-1
752,67,461.53,194.87,61.94,181.11,0.4695,-1,-1,-1
752,66,408.91,204.48,48.79,158.00,0.4698,-1,-1,-1
752,65,266.94,207.97,56.63,164.62,0.4075,-1,-1,-1
752,64,1179.77,684.51,81.40,242.64,0.7705,-1,-1,-1
752,63,1107.10,710.54,74.44,254.62,0.7865,-1,-1,-1
752,62,463.90,565.73,103.12,246.12,0.7861,-1,-1,-1
752,59,1567.96,595.54,104.00,230.98,0.5350,-1,-1,-1
752,58,853.08,952.12,83.26,127.88,0.7692,-1,-1,-1
752,52,301.20,447.61,75.56,221.59,0.7226,-1,-1,-1
752,4,1716.77,453.65,85.36,213.63,0.6902,-1,-1,-1
753,70,332.63,200.77,56.85,166.56,0.3525,-1,-1,-1
753,67,460.52,193.68,60.94,182.76,0.4561,-1,-1,-1
753,66,408.37,205.82,48.23,154.15,0.5116,-1,-1,-1
753,65,268.53,205.65,55.07,166.62,0.3662,-1,-1,-1
753,64,1174.66,679.53,83.27,251.13,0.7473,-1,-1,-1
753,63,1106.35,707.94,72.18,256.06,0.7784,-1,-1,-1
753,62,467.91,566.12,99.75,245.97,0.7558,-1,-1,-1
753,59,1571.22,591.39,104.79,232.57,0.5775,-1,-1,-1
753,58,854.92,952.44,82.98,127.56,0.7730,-1,-1,-1
753,52,301.03,448.46,77.14,219.64,0.7256,-1,-1,-1
753,4,1716.36,452.69,84.90,214.69,0.6775,-1,-1,-1
754,70,332.10,202.15,56.93,165.38,0.3116,-1,-1,-1
754,67,461.05,192.27,60.60,184.46,0.4169,-1,-1,-1
754,66,407.16,204.27,48.24,157.28,0.5002,-1,-1,-1
754,65,267.93,204.28,50.06,170.69,0.3811,-1,-1,-1
754,64,1172.82,676.32,83.48,252.76,0.7508,-1,-1,-1
754,63,1103.94,704.22,73.14,261.73,0.7821,-1,-1,-1
754,62,475.20,566.22,91.89,246.31,0.7269,-1,-1,-1
754,59,1569.98,591.42,104.58,233.23,0.5082,-1,-1,-1
754,58,856.42,952.21,83.65,127.42,0.7782,-1,-1,-1
754,52,300.60,449.96,78.60,216.30,0.7194,-1,-1,-1
754,4,1715.79,454.00,85.68,212.18,0.6706,-1,-1,-1
755,67,456.91,190.80,63.95,188.25,0.4010,-1,-1,-1
755,66,405.65,207.80,51.01,153.36,0.4304,-1,-1,-1
755,65,268.56,203.44,56.38,168.89,0.3184,-1,-1,-1
755,64,1170.32,672.79,83.08,257.91,0.7576,-1,-1,-1
755,63,1101.47,701.90,73.19,259.43,0.7651,-1,-1,-1
755,62,480.86,567.56,84.01,246.69,0.7218,-1,-1,-1
755,59,1572.23,590.63,102.91,234.40,0.5950,-1,-1,-1
755,58,858.67,952.13,83.11,127.87,0.7787,-1,-1,-1
755,52,300.81,451.15,79.15,215.30,0.7351,-1,-1,-1
755,4,1716.86,452.05,82.46,214.25,0.6759,-1,-1,-1
756,67,457.30,192.57,62.93,183.93,0.4607,-1,-1,-1
756,66,404.03,206.77,51.28,154.79,0.4663,-1,-1,-1
756,65,269.05,202.45,56.14,168.88,0.3263,-1,-1,-1
756,64,1168.81,672.26,83.20,259.22,0.7701,-1,-1,-1
756,63,1100.03,697.27,72.91,248.83,0.7613,-1,-1,-1
756,62,490.11,567.25,74.91,247.64,0.6993,-1,-1,-1
756,59,1571.02,589.46,103.50,235.41,0.5745,-1,-1,-1
756,58,858.75,952.00,85.29,127.78,0.7795,-1,-1,-1
756,52,300.83,452.77,81.60,214.77,0.7345,-1,-1,-1
756,4,1716.91,453.84,82.11,214.44,0.6734,-1,-1,-1
757,67,453.33,189.38,67.17,187.30,0.5041,-1,-1,-1
757,66,403.97,204.03,50.93,159.75,0.4471,-1,-1,-1
757,64,1168.38,671.49,82.67,259.04,0.7721,-1,-1,-1
757,63,1097.54,693.69,74.96,246.68,0.7605,-1,-1,-1
757,62,499.34,566.86,69.84,245.41,0.7101,-1,-1,-1
757,59,1570.47,595.22,103.58,230.87,0.4618,-1,-1,-1
757,58,859.62,953.46,86.12,126.54,0.7813,-1,-1,-1
757,52,300.82,455.31,81.39,217.60,0.7446,-1,-1,-1
757,4,1717.94,453.38,80.27,213.31,0.6814,-1,-1,-1
758,67,454.11,188.27,65.62,190.67,0.4782,-1,-1,-1
758,66,404.47,204.64,49.33,162.93,0.4705,-1,-1,-1
758,65,271.64,200.98,53.78,170.45,0.3173,-1,-1,-1
758,64,1166.01,671.64,85.28,258.78,0.7699,-1,-1,-1
758,63,1095.02,690.45,77.24,236.61,0.7666,-1,-1,-1
758,62,503.04,565.18,70.10,248.31,0.7183,-1,-1,-1
758,59,1569.28,590.29,107.14,233.82,0.4407,-1,-1,-1
758,58,860.78,953.50,86.55,126.50,0.7722,-1,-1,-1
758,52,300.48,458.53,81.25,220.15,0.7486,-1,-1,-1
758,4,1718.20,452.83,79.28,213.14,0.7094,-1,-1,-1
759,67,452.68,188.47,67.21,189.00,0.4777,-1,-1,-1
759,66,404.67,205.81,49.20,163.04,0.5152,-1,-1,-1
759,64,1162.28,671.25,89.43,260.00,0.7584,-1,-1,-1
759,63,1093.73,687.93,76.33,240.90,0.7503,-1,-1,-1
759,62,507.84,565.11,68.47,249.37,0.7154,-1,-1,-1
759,59,1569.52,594.13,106.26,229.88,0.5488,-1,-1,-1
759,58,862.76,954.62,87.54,125.38,0.7555,-1,-1,-1
759,52,300.67,459.07,81.02,223.59,0.7501,-1,-1,-1
759,4,1718.52,452.81,78.33,213.19,0.6913,-1,-1,-1
760,67,450.96,186.35,68.69,188.92,0.4792,-1,-1,-1
760,66,404.78,207.33,51.23,167.11,0.4921,-1,-1,-1
760,65,274.85,205.50,50.12,166.02,0.3738,-1,-1,-1
760,64,1160.81,669.68,89.29,259.28,0.7647,-1,-1,-1
760,63,1091.70,686.93,77.13,244.91,0.7465,-1,-1,-1
760,62,511.63,564.91,69.97,249.77,0.7246,-1,-1,-1
760,59,1571.41,594.15,104.12,229.91,0.6340,-1,-1,-1
760,58,864.17,954.65,89.58,125.35,0.7562,-1,-1,-1
760,52,300.97,462.62,80.86,224.14,0.7344,-1,-1,-1
760,4,1718.54,452.96,77.82,212.85,0.6996,-1,-1,-1
761,67,449.98,190.21,70.10,184.91,0.4993,-1,-1,-1
761,66,404.45,208.13,52.04,168.14,0.4125,-1,-1,-1
761,64,1158.07,668.23,89.85,261.44,0.7654,-1,-1,-1
761,63,1089.55,685.63,76.79,244.22,0.7418,-1,-1,-1
761,62,514.72,565.40,71.59,248.42,0.7490,-1,-1,-1
761,59,1570.06,594.73,105.17,229.32,0.6093,-1,-1,-1
761,58,865.43,954.60,90.83,125.40,0.7731,-1,-1,-1
761,52,300.83,464.88,80.76,222.80,0.7138,-1,-1,-1
761,4,1716.25,453.20,79.45,211.72,0.7151,-1,-1,-1
762,67,451.56,192.44,68.55,185.44,0.5034,-1,-1,-1
762,66,404.99,209.11,53.32,169.90,0.5092,-1,-1,-1
762,65,276.13,204.37,48.28,165.72,0.3852,-1,-1,-1
762,64,1156.34,667.26,89.20,262.12,0.7526,-1,-1,-1
762,63,1088.24,683.41,75.30,246.11,0.7448,-1,-1,-1
762,62,517.32,567.50,74.27,246.49,0.7714,-1,-1,-1
762,59,1571.09,594.06,104.41,230.75,0.6271,-1,-1,-1
762,58,867.01,955.22,89.05,124.78,0.7772,-1,-1,-1
762,52,301.22,467.14,79.78,222.81,0.7276,-1,-1,-1
762,4,1717.36,453.96,78.60,210.32,0.7044,-1,-1,-1
763,70,331.10,202.47,56.00,164.82,0.3038,-1,-1,-1
763,67,454.28,202.66,62.64,176.97,0.4843,-1,-1,-1
763,66,405.48,209.37,52.15,170.23,0.5250,-1,-1,-1
763,65,277.12,199.74,48.47,169.85,0.4191,-1,-1,-1
763,64,1155.01,664.53,85.73,260.34,0.7502,-1,-1,-1
763,63,1081.59,682.84,80.40,247.82,0.7474,-1,-1,-1
763,62,519.55,567.85,75.39,245.70,0.7638,-1,-1,-1
763,59,1570.28,594.32,104.45,230.26,0.6032,-1,-1,-1
763,58,867.39,955.69,89.22,124.31,0.7779,-1,-1,-1
763,52,301.09,468.73,77.78,224.41,0.7422,-1,-1,-1
763,4,1718.63,454.84,78.77,212.01,0.7114,-1,-1,-1
764,67,454.67,204.12,61.53,178.66,0.5303,-1,-1,-1
764,66,404.26,208.36,52.92,173.25,0.5255,-1,-1,-1
764,65,277.73,195.61,47.25,174.20,0.3953,-1,-1,-1
764,64,1152.20,660.07,86.79,261.77,0.7564,-1,-1,-1
764,63,1081.73,680.00,77.24,253.03,0.7462,-1,-1,-1
764,62,520.78,568.38,77.21,245.18,0.7566,-1,-1,-1
764,59,1570.69,592.88,104.11,231.59,0.5376,-1,-1,-1
764,58,868.03,956.37,88.76,123.63,0.7731,-1,-1,-1
764,52,299.35,468.71,77.51,227.79,0.7414,-1,-1,-1
764,4,1718.38,453.70,79.09,212.23,0.7216,-1,-1,-1
765,69,540.20,107.93,72.88,181.82,0.3542,-1,-1,-1
765,67,454.97,205.23,61.05,179.84,0.5458,-1,-1,-1
765,66,401.32,209.14,55.42,173.60,0.5037,-1,-1,-1
765,65,278.62,188.84,47.91,181.12,0.3457,-1,-1,-1
765,64,1150.02,660.26,86.32,258.72,0.7426,-1,-1,-1
765,63,1079.23,678.34,77.11,254.29,0.7340,-1,-1,-1
765,62,521.03,568.40,84.76,245.89,0.7479,-1,-1,-1
765,59,1571.00,592.79,104.31,231.31,0.5526,-1,-1,-1
765,58,868.46,957.00,87.98,123.00,0.7695,-1,-1,-1
765,52,299.10,469.40,75.89,229.78,0.7125,-1,-1,-1
765,4,1718.99,453.13,77.94,213.64,0.7135,-1,-1,-1
766,70,326.48,193.40,56.46,172.19,0.3611,-1,-1,-1
766,67,454.39,202.85,60.38,185.86,0.4858,-1,-1,-1
766,66,400.37,211.00,55.44,171.18,0.4876,-1,-1,-1
766,65,278.93,199.86,49.65,169.75,0.3804,-1,-1,-1
766,64,1146.42,656.76,89.20,256.30,0.7225,-1,-1,-1
766,63,1075.97,677.87,80.70,255.86,0.7215,-1,-1,-1
766,62,522.96,569.65,92.34,245.53,0.7486,-1,-1,-1
766,59,1570.55,591.00,104.38,233.62,0.6039,-1,-1,-1
766,58,869.38,956.82,87.25,123.18,0.7582,-1,-1,-1
766,52,297.50,470.25,74.06,228.42,0.6357,-1,-1,-1
766,4,1718.66,455.55,77.51,209.56,0.7409,-1,-1,-1
767,70,328.66,193.28,56.22,171.98,0.3799,-1,-1,-1
767,67,454.05,202.50,60.00,186.86,0.4781,-1,-1,-1
767,66,400.58,210.92,55.38,172.16,0.4537,-1,-1,-1
767,65,278.78,197.60,50.65,169.67,0.3820,-1,-1,-1
767,64,1145.22,653.31,85.96,252.18,0.7162,-1,-1,-1
767,63,1074.42,675.60,80.27,255.42,0.7361,-1,-1,-1
767,62,524.10,569.64,89.61,246.87,0.7565,-1,-1,-1
767,59,1582.97,598.33,89.17,228.19,0.5039,-1,-1,-1
767,58,868.80,957.35,88.06,122.65,0.7592,-1,-1,-1
767,52,295.95,471.71,74.28,227.20,0.5971,-1,-1,-1
767,4,1718.64,455.35,77.77,211.56,0.7280,-1,-1,-1
768,70,326.49,193.22,57.15,168.47,0.3652,-1,-1,-1
768,67,452.32,198.01,61.84,194.46,0.5084,-1,-1,-1
768,66,402.44,208.83,53.21,174.43,0.3987,-1,-1,-1
768,65,279.47,192.78,51.17,174.33,0.3631,-1,-1,-1
768,64,1142.47,650.36,85.14,246.83,0.7492,-1,-1,-1
768,63,1074.23,673.79,79.18,255.56,0.7418,-1,-1,-1
768,62,524.07,569.75,90.21,247.14,0.7619,-1,-1,-1
768,59,1570.66,590.30,104.57,234.19,0.5488,-1,-1,-1
768,58,869.36,957.39,87.98,122.61,0.7705,-1,-1,-1
768,52,294.50,472.57,74.34,226.17,0.6011,-1,-1,-1
768,4,1720.22,452.84,76.39,213.66,0.7128,-1,-1,-1
769,70,329.58,193.76,55.17,167.06,0.3350,-1,-1,-1
769,67,452.93,194.48,60.88,197.57,0.4057,-1,-1,-1
769,66,402.77,204.54,54.20,178.90,0.3595,-1,-1,-1
769,65,280.27,197.51,49.47,168.71,0.3347,-1,-1,-1
769,64,1141.43,647.80,81.54,243.45,0.7917,-1,-1,-1
769,63,1070.05,670.54,80.11,253.44,0.7828,-1,-1,-1
769,62,524.22,572.15,91.65,244.15,0.7594,-1,-1,-1
769,59,1574.67,594.80,92.71,231.99,0.3888,-1,-1,-1
769,58,869.01,958.26,89.35,121.74,0.7755,-1,-1,-1
769,52,294.00,472.87,75.58,226.45,0.6541,-1,-1,-1
769,4,1720.04,454.17,76.16,210.28,0.7265,-1,-1,-1
770,70,327.87,192.99,55.47,166.25,0.3099,-1,-1,-1
770,67,452.26,197.63,61.22,193.99,0.3884,-1,-1,-1
770,66,404.11,208.13,51.81,177.22,0.3616,-1,-1,-1
770,65,279.97,199.88,50.04,165.79,0.3315,-1,-1,-1
770,64,1140.22,646.25,79.45,240.51,0.8173,-1,-1,-1
770,63,1066.08,669.54,80.36,250.19,0.7980,-1,-1,-1
770,62,524.41,571.80,92.95,244.75,0.7696,-1,-1,-1
770,59,1578.71,595.33,93.52,230.90,0.4265,-1,-1,-1
770,58,869.55,957.22,90.10,122.78,0.7877,-1,-1,-1
770,52,293.88,473.96,75.58,224.40,0.6364,-1,-1,-1
770,4,1720.74,455.29,75.91,209.44,0.7270,-1,-1,-1
771,70,330.91,196.01,59.55,166.23,0.3077,-1,-1,-1
771,67,452.39,200.67,59.71,193.23,0.5157,-1,-1,-1
771,66,403.78,207.50,51.60,177.66,0.3454,-1,-1,-1
771,65,280.77,201.53,48.89,162.65,0.3336,-1,-1,-1
771,64,1138.27,644.55,79.20,242.86,0.8068,-1,-1,-1
771,63,1063.55,667.09,81.22,241.13,0.8049,-1,-1,-1
771,62,525.38,572.07,91.83,243.83,0.7607,-1,-1,-1
771,59,1562.86,600.13,108.93,227.11,0.4356,-1,-1,-1
771,58,869.83,957.63,90.16,122.37,0.7910,-1,-1,-1
771,52,292.57,474.04,74.83,224.15,0.6696,-1,-1,-1
771,4,1722.54,452.59,74.95,213.95,0.7258,-1,-1,-1
772,67,452.54,202.65,59.80,190.44,0.5192,-1,-1,-1
772,66,403.66,213.13,50.89,172.12,0.4030,-1,-1,-1
772,64,1136.51,642.04,79.67,246.65,0.7852,-1,-1,-1
772,63,1061.82,664.47,82.46,240.76,0.8002,-1,-1,-1
772,62,527.77,571.13,90.43,243.38,0.7492,-1,-1,-1
772,59,1568.92,586.30,106.81,237.99,0.5420,-1,-1,-1
772,58,870.15,957.96,91.41,122.04,0.7937,-1,-1,-1
772,52,292.62,475.64,74.19,222.77,0.6668,-1,-1,-1
772,4,1722.70,453.36,74.97,212.06,0.7253,-1,-1,-1
773,67,451.87,206.69,60.32,185.75,0.4464,-1,-1,-1
773,66,403.48,213.69,50.45,168.34,0.4177,-1,-1,-1
773,64,1135.25,641.08,78.52,246.56,0.7657,-1,-1,-1
773,63,1061.15,660.92,77.87,238.25,0.8114,-1,-1,-1
773,62,533.88,569.94,86.47,243.79,0.7281,-1,-1,-1
773,59,1572.27,601.14,99.27,225.22,0.4884,-1,-1,-1
773,58,870.76,957.96,90.47,122.04,0.8031,-1,-1,-1
773,52,292.32,476.37,75.20,222.50,0.6814,-1,-1,-1
773,4,1722.12,451.76,73.72,211.89,0.7321,-1,-1,-1
774,67,452.32,203.77,59.38,187.58,0.3813,-1,-1,-1
774,66,402.33,213.01,50.35,171.89,0.3978,-1,-1,-1
774,64,1132.50,640.08,80.91,246.46,0.7612,-1,-1,-1
774,63,1059.46,660.59,75.09,237.36,0.7758,-1,-1,-1
774,62,537.73,569.50,82.54,244.47,0.7210,-1,-1,-1
774,59,1572.77,599.93,99.17,226.65,0.5105,-1,-1,-1
774,58,870.92,957.85,91.23,122.15,0.7987,-1,-1,-1
774,52,291.26,477.60,77.56,221.90,0.7174,-1,-1,-1
774,4,1723.65,452.08,72.43,212.02,0.7193,-1,-1,-1
775,67,451.35,202.78,59.59,188.10,0.4344,-1,-1,-1
775,66,401.36,219.35,52.04,167.38,0.4486,-1,-1,-1
775,64,1126.53,639.20,85.58,250.86,0.7751,-1,-1,-1
775,63,1056.56,658.14,74.57,238.81,0.7550,-1,-1,-1
775,62,543.06,570.14,79.06,243.66,0.7003,-1,-1,-1
775,59,1566.59,596.31,104.66,230.42,0.4854,-1,-1,-1
775,58,871.14,957.77,91.33,122.23,0.8051,-1,-1,-1
775,52,290.66,478.60,77.13,222.35,0.7412,-1,-1,-1
775,4,1723.41,453.25,72.41,209.64,0.7299,-1,-1,-1
776,67,450.52,200.72,60.51,190.23,0.3955,-1,-1,-1
776,66,401.43,215.43,49.99,171.84,0.4295,-1,-1,-1
776,64,1128.25,637.06,81.33,253.16,0.7791,-1,-1,-1
776,63,1054.60,654.34,72.92,241.34,0.7633,-1,-1,-1
776,62,548.67,571.32,73.70,242.66,0.6931,-1,-1,-1
776,59,1569.96,597.92,101.80,228.48,0.5502,-1,-1,-1
776,58,871.26,958.84,90.73,121.16,0.7918,-1,-1,-1
776,52,289.93,480.01,77.00,223.03,0.7494,-1,-1,-1
776,4,1723.12,452.40,72.40,211.18,0.7378,-1,-1,-1
777,66,402.33,218.61,49.62,168.96,0.3459,-1,-1,-1
777,64,1125.91,635.65,81.07,254.46,0.7135,-1,-1,-1
777,63,1051.74,651.82,75.00,245.89,0.7516,-1,-1,-1
777,62,552.95,571.58,71.12,244.49,0.7100,-1,-1,-1
777,59,1569.44,594.77,103.47,230.75,0.4942,-1,-1,-1
777,58,872.44,959.42,90.07,120.58,0.7874,-1,-1,-1
777,52,289.41,480.95,76.94,226.76,0.7679,-1,-1,-1
777,4,1723.89,452.34,71.87,210.20,0.7363,-1,-1,-1
778,69,545.97,119.39,62.85,170.19,0.3347,-1,-1,-1
778,67,448.19,203.30,61.60,187.03,0.3154,-1,-1,-1
778,64,1126.22,633.95,79.43,253.22,0.7311,-1,-1,-1
778,63,1051.00,649.66,74.20,248.07,0.7582,-1,-1,-1
778,62,560.66,571.80,64.85,245.49,0.7169,-1,-1,-1
778,59,1569.62,590.91,105.29,233.40,0.5984,-1,-1,-1
778,58,872.55,959.13,90.58,120.87,0.7888,-1,-1,-1
778,52,289.99,484.20,75.74,224.80,0.7581,-1,-1,-1
778,4,1723.43,452.57,72.49,210.43,0.7487,-1,-1,-1
779,66,398.58,222.90,53.06,171.11,0.3513,-1,-1,-1
779,64,1118.31,631.99,84.75,254.47,0.7264,-1,-1,-1
779,63,1049.36,646.64,73.99,251.16,0.7557,-1,-1,-1
779,62,565.45,571.96,64.22,249.93,0.7201,-1,-1,-1
779,59,1571.73,587.87,103.46,236.30,0.6011,-1,-1,-1
779,58,873.20,959.05,90.20,120.95,0.7902,-1,-1,-1
779,52,289.42,487.14,75.04,224.24,0.7577,-1,-1,-1
779,4,1722.42,452.13,73.45,211.21,0.7449,-1,-1,-1
780,66,399.28,225.29,52.19,170.05,0.3891,-1,-1,-1
780,64,1117.40,629.35,83.64,256.00,0.7423,-1,-1,-1
780,63,1047.69,646.16,74.61,251.25,0.7534,-1,-1,-1
780,62,568.58,572.69,62.93,246.64,0.7034,-1,-1,-1
780,59,1570.29,587.85,104.62,235.98,0.6152,-1,-1,-1
780,58,872.99,959.30,90.06,120.70,0.7826,-1,-1,-1
780,52,289.73,489.85,74.41,225.18,0.7534,-1,-1,-1
780,4,1723.10,452.15,73.17,211.68,0.7448,-1,-1,-1
781,67,450.19,216.06,54.88,184.00,0.3348,-1,-1,-1
781,66,400.45,224.01,52.10,171.50,0.3665,-1,-1,-1
781,64,1113.10,627.06,84.11,255.32,0.7636,-1,-1,-1
781,63,1044.81,649.34,77.41,242.22,0.7502,-1,-1,-1
781,62,570.37,570.48,63.58,254.54,0.6858,-1,-1,-1
781,59,1572.18,591.21,102.52,232.33,0.6607,-1,-1,-1
781,58,873.83,958.93,88.98,121.07,0.7804,-1,-1,-1
781,52,289.41,491.12,74.34,226.88,0.7642,-1,-1,-1
781,4,1723.72,451.50,72.11,211.38,0.7389,-1,-1,-1
782,67,447.46,215.14,57.94,186.56,0.3240,-1,-1,-1
782,66,399.99,226.84,53.24,168.09,0.3825,-1,-1,-1
782,64,1110.99,624.75,81.83,245.53,0.7756,-1,-1,-1
782,63,1044.53,645.51,74.12,248.61,0.7431,-1,-1,-1
782,62,569.86,572.35,66.73,257.68,0.6348,-1,-1,-1
782,59,1570.23,592.31,103.91,231.65,0.5863,-1,-1,-1
782,58,874.52,958.52,87.91,121.48,0.7724,-1,-1,-1
782,52,289.97,492.51,73.98,231.13,0.7716,-1,-1,-1
782,4,1722.55,451.21,73.46,211.05,0.7389,-1,-1,-1
783,67,445.54,216.36,59.53,189.20,0.3802,-1,-1,-1
783,66,398.39,222.88,52.18,170.44,0.3817,-1,-1,-1
783,64,1110.41,622.08,79.47,241.61,0.7566,-1,-1,-1
783,63,1043.99,645.00,73.50,248.46,0.7384,-1,-1,-1
783,62,572.22,572.76,67.63,259.12,0.6390,-1,-1,-1
783,59,1571.84,593.26,103.33,230.71,0.6513,-1,-1,-1
783,58,875.46,958.09,86.77,121.91,0.7678,-1,-1,-1
783,52,290.19,493.60,73.70,234.26,0.7750,-1,-1,-1
783,4,1722.87,452.32,74.61,210.89,0.7194,-1,-1,-1
784,67,445.83,217.36,62.50,189.10,0.3650,-1,-1,-1
784,66,400.24,227.66,50.84,168.48,0.4662,-1,-1,-1
784,64,1106.88,618.69,79.68,237.85,0.7695,-1,-1,-1
784,63,1043.51,643.65,70.33,244.92,0.7439,-1,-1,-1
784,62,575.06,573.10,67.02,243.95,0.5588,-1,-1,-1
784,59,1573.03,597.56,100.90,226.55,0.6971,-1,-1,-1
784,58,876.24,958.10,85.27,121.90,0.7525,-1,-1,-1
784,52,290.05,494.54,74.18,234.36,0.7647,-1,-1,-1
784,4,1722.62,451.95,74.37,212.50,0.7113,-1,-1,-1
785,67,444.71,218.06,63.44,190.67,0.4169,-1,-1,-1
785,66,399.49,227.01,50.68,169.14,0.4633,-1,-1,-1
785,64,1104.79,615.74,79.78,239.81,0.7504,-1,-1,-1
785,63,1042.04,642.18,71.26,246.07,0.7487,-1,-1,-1
785,62,580.26,573.51,64.00,243.22,0.5797,-1,-1,-1
785,59,1571.78,593.41,102.35,230.81,0.6280,-1,-1,-1
785,58,877.89,956.46,83.06,123.54,0.7633,-1,-1,-1
785,52,290.55,495.50,73.78,233.61,0.7666,-1,-1,-1
785,4,1722.56,452.08,74.79,211.48,0.7247,-1,-1,-1
786,71,468.78,72.12,63.80,175.48,0.3817,-1,-1,-1
786,67,444.78,220.45,62.31,189.37,0.4393,-1,-1,-1
786,66,399.18,229.44,50.70,166.11,0.4727,-1,-1,-1
786,64,1102.84,615.38,76.38,238.31,0.7506,-1,-1,-1
786,63,1040.47,639.72,70.89,244.59,0.7319,-1,-1,-1
786,62,582.81,575.81,65.73,239.59,0.5837,-1,-1,-1
786,59,1571.08,593.90,102.07,230.54,0.6492,-1,-1,-1
786,58,878.45,956.21,81.40,123.79,0.7569,-1,-1,-1
786,52,290.12,496.72,74.58,232.48,0.7664,-1,-1,-1
786,4,1722.89,451.19,72.94,211.85,0.7279,-1,-1,-1
787,71,468.95,71.86,63.90,178.83,0.4264,-1,-1,-1
787,67,442.34,221.29,65.39,185.97,0.4265,-1,-1,-1
787,66,398.59,232.63,50.72,163.46,0.4849,-1,-1,-1
787,65,283.13,190.96,46.28,174.44,0.3075,-1,-1,-1
787,64,1102.54,611.75,74.67,244.27,0.7827,-1,-1,-1
787,63,1037.97,636.28,70.96,244.06,0.7425,-1,-1,-1
787,62,584.45,577.84,76.03,237.59,0.5937,-1,-1,-1
787,59,1571.46,595.24,102.88,229.11,0.6599,-1,-1,-1
787,58,879.54,955.56,79.55,124.44,0.7693,-1,-1,-1
787,52,290.10,497.78,76.11,230.75,0.7492,-1,-1,-1
787,4,1723.06,452.71,74.50,211.05,0.7241,-1,-1,-1
788,71,469.30,73.15,63.21,179.67,0.4461,-1,-1,-1
788,69,545.54,111.81,62.86,179.35,0.3175,-1,-1,-1
788,67,443.59,222.19,61.85,187.08,0.4997,-1,-1,-1
788,66,396.63,229.83,52.98,165.96,0.4637,-1,-1,-1
788,64,1100.08,610.84,75.32,246.32,0.7645,-1,-1,-1
788,63,1035.30,633.71,71.36,237.67,0.7382,-1,-1,-1
788,62,587.39,579.33,74.84,238.20,0.5402,-1,-1,-1
788,59,1573.75,594.23,101.62,229.87,0.6774,-1,-1,-1
788,58,878.69,955.28,79.93,124.72,0.7727,-1,-1,-1
788,52,289.09,499.03,77.70,229.24,0.7402,-1,-1,-1
788,4,1723.05,452.67,73.75,211.77,0.7079,-1,-1,-1
789,71,468.64,74.10,64.83,184.90,0.4625,-1,-1,-1
789,69,545.52,115.61,61.53,177.27,0.3195,-1,-1,-1
789,67,444.21,222.76,58.80,186.19,0.4820,-1,-1,-1
789,66,396.19,228.70,55.02,168.42,0.4556,-1,-1,-1
789,64,1096.22,609.00,77.86,250.84,0.7917,-1,-1,-1
789,63,1031.54,630.72,74.14,234.20,0.7267,-1,-1,-1
789,62,588.83,580.43,75.89,236.02,0.5924,-1,-1,-1
789,59,1570.47,594.37,103.83,230.19,0.6658,-1,-1,-1
789,58,878.63,955.65,79.61,124.35,0.7686,-1,-1,-1
789,52,288.12,500.63,79.17,227.30,0.7459,-1,-1,-1
789,4,1723.76,452.95,73.58,213.31,0.7222,-1,-1,-1
790,71,471.46,73.48,62.58,182.92,0.4612,-1,-1,-1
790,69,546.21,114.42,61.97,177.25,0.3042,-1,-1,-1
790,67,444.64,224.88,58.58,184.85,0.4169,-1,-1,-1
790,66,398.48,231.87,53.72,168.43,0.4161,-1,-1,-1
790,64,1095.11,607.62,78.76,251.62,0.7808,-1,-1,-1
790,63,1030.44,629.25,73.80,220.27,0.7181,-1,-1,-1
790,62,591.63,582.40,75.28,235.52,0.5954,-1,-1,-1
790,59,1571.16,593.92,103.11,229.99,0.6713,-1,-1,-1
790,58,878.52,953.60,80.02,126.40,0.7739,-1,-1,-1
790,52,288.67,501.61,78.78,224.23,0.7442,-1,-1,-1
790,4,1723.53,452.04,71.83,212.34,0.7282,-1,-1,-1
791,71,471.52,72.34,62.32,182.18,0.4286,-1,-1,-1
791,69,546.35,112.03,62.09,179.16,0.3368,-1,-1,-1
791,67,442.25,222.55,61.40,185.82,0.4587,-1,-1,-1
791,66,396.71,231.44,54.13,169.28,0.4139,-1,-1,-1
791,64,1092.84,607.11,81.75,253.56,0.7687,-1,-1,-1
791,63,1028.76,626.67,74.72,225.90,0.7301,-1,-1,-1
791,62,594.52,583.28,75.81,233.84,0.6072,-1,-1,-1
791,59,1570.31,593.29,102.90,231.11,0.7024,-1,-1,-1
791,58,880.35,953.85,76.93,126.15,0.7571,-1,-1,-1
791,52,288.29,502.27,79.01,224.96,0.7393,-1,-1,-1
791,4,1722.61,453.01,74.30,213.06,0.7328,-1,-1,-1
792,71,471.03,72.13,62.92,187.40,0.3991,-1,-1,-1
792,69,547.68,112.90,60.24,178.92,0.3219,-1,-1,-1
792,67,442.18,224.97,60.99,185.24,0.4488,-1,-1,-1
792,66,395.20,233.28,56.20,170.73,0.4273,-1,-1,-1
792,64,1091.95,606.86,83.40,255.66,0.7663,-1,-1,-1
792,63,1027.04,623.79,74.66,235.65,0.7442,-1,-1,-1
792,62,595.65,584.08,76.34,233.14,0.5915,-1,-1,-1
792,59,1569.13,589.79,104.26,234.53,0.6778,-1,-1,-1
792,58,881.65,953.23,73.94,126.77,0.7581,-1,-1,-1
792,52,288.00,503.49,79.07,224.46,0.7441,-1,-1,-1
792,4,1722.40,452.47,73.80,212.37,0.7483,-1,-1,-1
793,71,470.26,72.41,64.45,192.81,0.3896,-1,-1,-1
793,69,547.44,114.09,59.73,176.71,0.3212,-1,-1,-1
793,67,442.06,225.90,59.69,184.38,0.4410,-1,-1,-1
793,66,394.67,236.27,55.07,169.80,0.4423,-1,-1,-1
793,65,284.19,182.40,46.35,182.28,0.4081,-1,-1,-1
793,64,1091.02,606.01,83.53,255.74,0.7805,-1,-1,-1
793,63,1024.90,620.24,75.18,241.56,0.7597,-1,-1,-1
793,62,598.95,585.46,74.19,228.80,0.5970,-1,-1,-1
793,59,1569.71,592.16,103.59,231.75,0.7009,-1,-1,-1
793,58,881.72,952.38,73.18,127.62,0.7587,-1,-1,-1
793,52,288.40,506.77,78.91,225.93,0.7208,-1,-1,-1
793,4,1723.04,452.40,72.66,211.98,0.7369,-1,-1,-1
794,71,469.00,73.35,66.36,191.37,0.4194,-1,-1,-1
794,67,440.27,226.96,61.70,184.70,0.4771,-1,-1,-1
794,66,396.11,240.37,52.69,165.89,0.4561,-1,-1,-1
794,65,284.07,184.44,46.81,180.22,0.3820,-1,-1,-1
794,64,1089.22,606.45,86.11,255.12,0.7447,-1,-1,-1
794,63,1023.70,618.76,75.96,243.80,0.7601,-1,-1,-1
794,62,601.56,584.50,72.90,239.23,0.5291,-1,-1,-1
794,59,1569.77,589.65,103.58,234.32,0.6843,-1,-1,-1
794,58,882.06,950.72,69.61,129.28,0.7507,-1,-1,-1
794,52,288.46,509.56,79.12,229.09,0.7037,-1,-1,-1
794,4,1722.34,452.65,75.06,212.78,0.7553,-1,-1,-1
795,71,470.22,73.91,65.61,191.85,0.4336,-1,-1,-1
795,67,438.75,224.62,63.18,187.47,0.4588,-1,-1,-1
795,66,394.68,233.61,56.04,175.81,0.4297,-1,-1,-1
795,65,284.27,183.32,47.24,181.89,0.3830,-1,-1,-1
795,64,1087.12,604.27,87.11,256.23,0.7676,-1,-1,-1
795,63,1020.97,616.12,76.69,245.41,0.7833,-1,-1,-1
795,62,603.81,583.51,72.36,262.01,0.4700,-1,-1,-1
795,59,1569.17,589.66,104.75,234.85,0.6857,-1,-1,-1
795,58,882.71,949.55,66.71,130.45,0.7328,-1,-1,-1
795,52,288.49,511.21,77.46,232.27,0.7138,-1,-1,-1
795,4,1722.04,452.72,73.75,210.90,0.7577,-1,-1,-1
796,71,468.96,75.36,68.11,187.60,0.3838,-1,-1,-1
796,70,342.32,186.10,48.44,172.08,0.3591,-1,-1,-1
796,67,440.70,227.16,61.00,186.06,0.4974,-1,-1,-1
796,66,394.38,239.54,53.12,170.95,0.4845,-1,-1,-1
796,65,284.16,185.09,47.71,180.35,0.3454,-1,-1,-1
796,64,1086.18,602.85,84.29,253.93,0.7896,-1,-1,-1
796,63,1019.13,616.32,75.10,245.19,0.8024,-1,-1,-1
796,62,607.18,584.77,71.89,281.71,0.4869,-1,-1,-1
796,59,1570.54,588.08,103.32,236.86,0.6232,-1,-1,-1
796,58,882.40,949.24,65.44,130.76,0.7514,-1,-1,-1
796,52,288.21,513.51,77.73,234.35,0.7401,-1,-1,-1
796,4,1723.27,451.97,73.17,211.93,0.7578,-1,-1,-1
797,71,470.61,76.26,66.60,179.88,0.3106,-1,-1,-1
797,70,342.80,187.35,47.40,170.75,0.3615,-1,-1,-1
797,67,444.63,235.64,52.97,179.73,0.5166,-1,-1,-1
797,66,395.60,241.12,52.18,169.64,0.4827,-1,-1,-1
797,65,283.97,186.47,47.55,174.55,0.3077,-1,-1,-1
797,64,1085.56,600.36,82.35,255.43,0.8018,-1,-1,-1
797,63,1017.33,615.13,74.58,247.43,0.8130,-1,-1,-1
797,62,609.88,584.39,69.94,280.48,0.4513,-1,-1,-1
797,59,1569.46,591.39,101.85,235.69,0.5976,-1,-1,-1
797,58,881.89,948.01,65.17,131.99,0.7461,-1,-1,-1
797,52,288.00,515.69,76.18,233.07,0.7356,-1,-1,-1
797,4,1723.66,451.31,72.93,214.06,0.7452,-1,-1,-1
798,70,342.30,187.04,48.30,170.97,0.3556,-1,-1,-1
798,67,444.24,235.18,54.15,183.76,0.5096,-1,-1,-1
798,66,395.36,237.40,54.65,175.47,0.4814,-1,-1,-1
798,65,284.19,184.91,47.25,178.57,0.3239,-1,-1,-1
798,64,1083.58,598.46,83.04,254.48,0.8041,-1,-1,-1
798,63,1016.39,614.19,74.72,246.89,0.8080,-1,-1,-1
798,62,611.62,585.65,67.42,272.03,0.4427,-1,-1,-1
798,59,1571.90,590.79,102.24,234.01,0.6813,-1,-1,-1
798,58,882.00,946.48,63.42,133.52,0.7294,-1,-1,-1
798,52,287.17,516.25,76.83,236.36,0.7573,-1,-1,-1
798,4,1723.31,451.86,72.88,212.51,0.7495,-1,-1,-1
799,67,443.93,237.35,55.97,184.29,0.5634,-1,-1,-1
799,66,395.02,239.84,54.07,173.49,0.5211,-1,-1,-1
799,65,283.40,186.41,48.33,177.01,0.3133,-1,-1,-1
799,64,1082.44,594.37,81.94,252.09,0.7767,-1,-1,-1
799,63,1014.42,616.77,72.81,244.81,0.7762,-1,-1,-1
799,59,1570.48,585.08,103.46,239.51,0.6103,-1,-1,-1
799,58,882.16,945.25,61.95,134.75,0.7109,-1,-1,-1
799,52,286.45,519.60,76.64,233.47,0.7682,-1,-1,-1
799,4,1724.19,451.98,71.43,212.11,0.7432,-1,-1,-1
800,71,474.17,79.82,62.44,173.63,0.3136,-1,-1,-1
800,70,344.19,188.28,47.61,166.54,0.3345,-1,-1,-1
800,67,441.55,235.03,57.44,188.57,0.5495,-1,-1,-1
800,66,395.32,238.56,54.15,174.59,0.5144,-1,-1,-1
800,64,1082.00,590.70,82.25,240.99,0.7350,-1,-1,-1
800,63,1012.09,615.66,74.16,244.42,0.7837,-1,-1,-1
800,59,1571.10,587.98,102.98,237.18,0.6171,-1,-1,-1
800,58,882.46,944.21,61.17,135.79,0.6971,-1,-1,-1
800,52,284.91,522.48,76.97,236.88,0.7765,-1,-1,-1
800,4,1723.16,452.17,72.60,211.18,0.7392,-1,-1,-1
801,71,476.03,81.67,60.24,176.77,0.3017,-1,-1,-1
801,67,441.99,236.44,57.46,188.98,0.5203,-1,-1,-1
801,66,397.06,241.00,51.85,170.28,0.5205,-1,-1,-1
801,64,1078.53,587.87,82.27,235.26,0.7594,-1,-1,-1
801,63,1008.62,613.13,74.98,243.82,0.7725,-1,-1,-1
801,59,1570.29,595.53,101.90,232.87,0.5833,-1,-1,-1
801,58,881.48,942.76,61.71,137.24,0.6649,-1,-1,-1
801,52,283.31,522.88,77.18,236.61,0.8035,-1,-1,-1
801,4,1722.52,452.55,73.08,212.47,0.7341,-1,-1,-1
802,67,442.36,236.43,56.98,190.27,0.5692,-1,-1,-1
802,66,395.57,239.04,54.88,173.86,0.4896,-1,-1,-1
802,64,1077.15,584.72,79.71,231.26,0.7487,-1,-1,-1
802,63,1009.29,611.67,72.56,245.56,0.7647,-1,-1,-1
802,59,1567.89,594.95,104.03,233.61,0.5789,-1,-1,-1
802,58,882.12,941.71,59.75,138.29,0.6457,-1,-1,-1
802,52,282.30,524.17,76.27,234.75,0.8038,-1,-1,-1
802,4,1722.69,451.79,72.93,211.59,0.7441,-1,-1,-1
803,71,474.98,83.94,60.77,184.52,0.3114,-1,-1,-1
803,67,442.41,238.43,56.21,189.04,0.5477,-1,-1,-1
803,66,395.77,238.42,53.65,174.47,0.4963,-1,-1,-1
803,64,1077.13,582.56,76.57,235.76,0.7599,-1,-1,-1
803,63,1006.62,608.72,74.29,247.21,0.7585,-1,-1,-1
803,59,1567.70,597.22,104.20,230.17,0.5043,-1,-1,-1
803,58,881.04,942.76,59.36,137.24,0.6703,-1,-1,-1
803,52,281.46,525.09,76.91,234.41,0.7998,-1,-1,-1
803,4,1722.57,452.83,72.88,212.10,0.7408,-1,-1,-1
804,71,475.90,84.06,58.93,185.69,0.4084,-1,-1,-1
804,67,442.60,239.21,56.09,189.12,0.5600,-1,-1,-1
804,66,395.83,239.74,53.05,172.74,0.5354,-1,-1,-1
804,64,1076.65,579.41,74.68,238.84,0.7575,-1,-1,-1
804,63,1004.10,605.49,74.19,245.21,0.7368,-1,-1,-1
804,59,1567.03,595.96,105.12,231.51,0.5806,-1,-1,-1
804,58,880.36,941.31,60.44,138.69,0.6739,-1,-1,-1
804,52,280.72,526.59,75.25,232.48,0.7956,-1,-1,-1
804,4,1722.35,452.52,73.12,212.34,0.7466,-1,-1,-1
805,71,474.88,83.00,59.83,186.34,0.3923,-1,-1,-1
805,67,442.88,240.25,57.19,187.58,0.6111,-1,-1,-1
805,66,395.39,242.38,51.81,170.57,0.5297,-1,-1,-1
805,64,1075.88,577.42,73.83,243.33,0.7712,-1,-1,-1
805,63,1002.24,602.00,72.07,239.43,0.7570,-1,-1,-1
805,59,1567.27,594.55,105.30,232.68,0.6028,-1,-1,-1
805,58,880.50,939.29,60.60,140.71,0.6637,-1,-1,-1
805,52,278.81,527.16,76.73,232.24,0.8017,-1,-1,-1
805,4,1721.38,453.19,74.36,212.42,0.7363,-1,-1,-1
806,71,474.03,83.07,60.92,187.40,0.4026,-1,-1,-1
806,70,347.74,192.64,44.22,157.97,0.3206,-1,-1,-1
806,67,444.20,238.81,55.66,188.53,0.4945,-1,-1,-1
806,66,394.48,236.29,53.93,178.05,0.4834,-1,-1,-1
806,64,1076.37,575.16,71.91,245.96,0.7755,-1,-1,-1
806,63,1000.05,599.45,71.78,237.65,0.7664,-1,-1,-1
806,59,1569.96,595.81,102.24,232.19,0.6064,-1,-1,-1
806,58,880.26,938.39,60.88,141.61,0.6655,-1,-1,-1
806,52,277.58,528.07,77.41,231.35,0.8027,-1,-1,-1
806,4,1721.67,452.54,74.22,212.36,0.7466,-1,-1,-1
807,71,476.60,83.12,60.02,188.32,0.3521,-1,-1,-1
807,67,444.08,238.60,55.46,187.75,0.4903,-1,-1,-1
807,66,393.64,238.34,55.04,178.97,0.4864,-1,-1,-1
807,65,282.79,186.73,49.99,176.44,0.3118,-1,-1,-1
807,64,1074.98,574.35,72.41,245.51,0.7759,-1,-1,-1
807,63,997.93,597.15,71.74,234.71,0.7669,-1,-1,-1
807,59,1569.67,598.25,102.24,229.45,0.6052,-1,-1,-1
807,58,880.28,937.44,59.92,142.56,0.6362,-1,-1,-1
807,52,277.30,528.96,77.51,229.91,0.7921,-1,-1,-1
807,4,1721.82,454.24,75.45,212.98,0.7263,-1,-1,-1
808,71,474.94,85.16,62.86,191.44,0.3449,-1,-1,-1
808,67,442.19,241.41,58.73,185.80,0.5658,-1,-1,-1
808,66,393.12,246.84,54.41,171.35,0.4970,-1,-1,-1
808,65,282.86,186.87,50.03,173.75,0.3018,-1,-1,-1
808,64,1071.88,573.64,74.69,245.06,0.7734,-1,-1,-1
808,63,997.75,595.24,69.84,231.20,0.7692,-1,-1,-1
808,59,1570.64,592.33,104.55,232.58,0.6523,-1,-1,-1
808,58,880.13,936.59,59.71,143.41,0.6370,-1,-1,-1
808,52,277.11,530.10,76.76,228.89,0.7949,-1,-1,-1
808,4,1722.07,453.92,75.17,212.36,0.7256,-1,-1,-1
809,67,439.25,240.27,62.09,186.60,0.5257,-1,-1,-1
809,66,391.68,248.25,54.78,174.31,0.4405,-1,-1,-1
809,65,283.25,187.26,49.57,177.57,0.3138,-1,-1,-1
809,64,1069.34,573.46,76.35,246.08,0.7830,-1,-1,-1
809,63,996.52,593.66,68.22,234.56,0.7700,-1,-1,-1
809,59,1569.98,595.20,103.76,229.44,0.6829,-1,-1,-1
809,58,880.54,937.10,59.21,142.61,0.6371,-1,-1,-1
809,52,276.08,531.57,77.49,228.42,0.8009,-1,-1,-1
809,4,1721.78,455.66,74.80,209.78,0.7306,-1,-1,-1
810,71,472.98,84.49,64.16,188.79,0.3253,-1,-1,-1
810,67,439.33,244.84,61.93,182.53,0.5844,-1,-1,-1
810,66,390.72,254.23,54.73,172.16,0.4382,-1,-1,-1
810,64,1066.55,573.50,77.45,244.13,0.7691,-1,-1,-1
810,63,994.94,592.53,69.47,237.12,0.7627,-1,-1,-1
810,59,1570.04,596.10,104.12,228.93,0.6897,-1,-1,-1
810,58,879.79,936.21,60.30,142.57,0.6510,-1,-1,-1
810,52,275.71,533.22,77.27,229.01,0.7917,-1,-1,-1
810,4,1722.44,452.21,73.51,213.83,0.7344,-1,-1,-1
811,71,472.92,84.01,66.83,195.44,0.3104,-1,-1,-1
811,67,439.82,244.25,61.90,183.96,0.5262,-1,-1,-1
811,66,391.12,252.36,55.39,175.44,0.4032,-1,-1,-1
811,64,1065.73,571.71,77.31,245.94,0.7718,-1,-1,-1
811,63,992.28,592.07,68.91,237.00,0.7655,-1,-1,-1
811,59,1571.11,598.99,102.86,225.30,0.7004,-1,-1,-1
811,58,878.74,935.66,63.32,143.19,0.6637,-1,-1,-1
811,52,275.21,535.31,78.11,231.63,0.7993,-1,-1,-1
811,4,1722.49,452.27,73.04,211.90,0.7317,-1,-1,-1
812,67,441.30,244.06,59.96,182.37,0.5487,-1,-1,-1
812,66,390.40,254.93,53.40,171.70,0.4487,-1,-1,-1
812,64,1063.74,571.00,75.69,245.20,0.7598,-1,-1,-1
812,63,991.82,590.95,67.08,239.08,0.7570,-1,-1,-1
812,59,1571.45,593.90,102.00,230.28,0.6671,-1,-1,-1
812,58,878.50,935.60,62.87,143.37,0.6740,-1,-1,-1
812,52,274.98,536.81,77.81,233.71,0.7988,-1,-1,-1
812,4,1723.51,451.86,72.73,213.47,0.7283,-1,-1,-1
813,67,440.18,241.47,60.84,185.28,0.4715,-1,-1,-1
813,66,389.49,256.08,53.42,173.89,0.4938,-1,-1,-1
813,64,1063.51,569.35,73.77,247.65,0.7509,-1,-1,-1
813,63,988.81,590.81,68.05,239.49,0.7703,-1,-1,-1
813,59,1570.59,597.45,103.98,227.00,0.6668,-1,-1,-1
813,58,877.67,935.76,64.01,143.21,0.6731,-1,-1,-1
813,52,273.84,538.18,78.26,237.86,0.7924,-1,-1,-1
813,4,1723.33,452.01,72.67,213.12,0.7350,-1,-1,-1
814,71,472.11,89.47,65.62,183.99,0.3129,-1,-1,-1
814,67,439.15,245.40,61.84,182.25,0.5471,-1,-1,-1
814,66,388.85,257.55,52.42,177.23,0.4727,-1,-1,-1
814,64,1062.07,567.14,73.62,241.91,0.7253,-1,-1,-1
814,63,986.69,589.78,67.30,235.87,0.7691,-1,-1,-1
814,59,1571.15,597.27,103.20,227.65,0.6824,-1,-1,-1
814,58,877.25,935.41,63.80,143.28,0.6510,-1,-1,-1
814,52,272.83,540.07,78.92,235.03,0.7853,-1,-1,-1
814,4,1723.77,452.67,72.50,212.13,0.7233,-1,-1,-1
815,71,471.97,89.76,64.11,184.52,0.3861,-1,-1,-1
815,67,438.05,244.07,63.22,186.92,0.4972,-1,-1,-1
815,66,388.17,260.33,52.17,174.14,0.4829,-1,-1,-1
815,65,284.51,185.11,51.73,173.99,0.3365,-1,-1,-1
815,64,1061.43,565.38,70.84,231.72,0.7497,-1,-1,-1
815,63,985.77,589.89,67.12,231.38,0.7670,-1,-1,-1
815,59,1571.42,595.90,104.13,228.42,0.6792,-1,-1,-1
815,58,877.32,935.03,63.90,144.18,0.6605,-1,-1,-1
815,52,272.43,542.33,78.63,235.18,0.7998,-1,-1,-1
815,4,1723.73,452.93,72.40,211.24,0.7360,-1,-1,-1
816,71,472.40,89.70,62.16,183.19,0.3830,-1,-1,-1
816,67,436.53,249.14,63.71,186.37,0.5222,-1,-1,-1
816,66,386.50,261.72,54.79,173.70,0.4871,-1,-1,-1
816,65,284.70,185.42,52.92,173.07,0.3138,-1,-1,-1
816,64,1060.32,564.22,69.22,228.95,0.7785,-1,-1,-1
816,63,983.28,588.67,68.66,225.69,0.7579,-1,-1,-1
816,59,1572.01,596.56,102.71,228.06,0.6863,-1,-1,-1
816,58,876.34,934.24,64.26,144.93,0.6881,-1,-1,-1
816,52,271.33,545.53,79.84,238.46,0.8063,-1,-1,-1
816,4,1724.34,452.06,71.51,213.19,0.7308,-1,-1,-1
817,73,1629.87,3.05,47.18,134.86,0.3798,-1,-1,-1
817,71,472.80,91.81,61.17,184.38,0.4441,-1,-1,-1
817,67,437.78,251.92,61.58,184.26,0.5881,-1,-1,-1
817,66,386.17,264.64,55.06,168.72,0.5317,-1,-1,-1
817,64,1058.27,560.82,67.19,229.74,0.8025,-1,-1,-1
817,63,981.52,586.69,67.93,221.75,0.7637,-1,-1,-1
817,59,1570.70,597.44,104.03,227.05,0.6839,-1,-1,-1
817,58,875.85,934.15,63.29,144.69,0.6948,-1,-1,-1
817,52,270.98,548.41,80.25,235.62,0.8118,-1,-1,-1
817,4,1723.44,455.18,72.99,208.94,0.7357,-1,-1,-1
818,72,787.79,129.21,66.25,181.72,0.3252,-1,-1,-1
818,71,474.04,93.72,58.23,183.50,0.3777,-1,-1,-1
818,67,438.06,256.13,60.85,183.78,0.5604,-1,-1,-1
818,66,385.80,266.71,52.67,166.32,0.5097,-1,-1,-1
818,65,285.72,185.19,53.83,172.61,0.3160,-1,-1,-1
818,64,1055.48,558.35,68.17,230.65,0.7996,-1,-1,-1
818,63,981.05,585.64,66.95,216.53,0.7789,-1,-1,-1
818,59,1569.33,593.11,104.83,232.04,0.6827,-1,-1,-1
818,58,874.35,933.69,64.73,145.64,0.7192,-1,-1,-1
818,52,271.84,550.46,79.77,239.29,0.8097,-1,-1,-1
818,4,1722.60,451.94,73.14,214.16,0.7292,-1,-1,-1
819,72,790.35,132.12,63.38,178.40,0.3427,-1,-1,-1
819,71,472.80,95.06,59.13,187.95,0.4016,-1,-1,-1
819,69,556.26,123.64,62.67,163.92,0.3196,-1,-1,-1
819,67,436.59,255.88,61.13,186.93,0.6078,-1,-1,-1
819,66,384.52,264.33,54.11,167.82,0.5215,-1,-1,-1
819,64,1050.88,554.06,72.39,235.72,0.8177,-1,-1,-1
819,63,979.69,583.84,64.56,216.68,0.8198,-1,-1,-1
819,59,1570.81,597.30,102.66,227.58,0.7101,-1,-1,-1
819,58,873.27,934.67,66.51,144.77,0.7205,-1,-1,-1
819,52,272.40,551.56,78.78,238.89,0.7909,-1,-1,-1
819,4,1723.24,452.76,72.55,212.40,0.7255,-1,-1,-1
820,72,789.06,131.04,64.87,180.61,0.3460,-1,-1,-1
820,71,473.10,93.13,58.44,193.22,0.5043,-1,-1,-1
820,67,436.58,260.72,61.90,183.73,0.6609,-1,-1,-1
820,66,383.39,265.06,55.12,169.10,0.5370,-1,-1,-1
820,64,1045.99,553.35,75.96,236.19,0.8184,-1,-1,-1
820,63,977.11,579.57,65.87,219.50,0.8337,-1,-1,-1
820,59,1570.71,596.06,103.76,228.38,0.7060,-1,-1,-1
820,58,873.00,935.10,64.78,144.90,0.7123,-1,-1,-1
820,52,273.33,552.08,77.88,239.63,0.8014,-1,-1,-1
820,4,1722.69,455.97,73.85,209.21,0.7248,-1,-1,-1
821,72,789.14,132.99,64.57,179.07,0.3237,-1,-1,-1
821,71,472.67,88.24,59.72,202.18,0.4888,-1,-1,-1
821,67,435.14,260.29,63.37,188.51,0.6444,-1,-1,-1
821,66,381.79,264.45,55.60,170.98,0.5339,-1,-1,-1
821,64,1043.73,551.80,78.62,236.45,0.8370,-1,-1,-1
821,63,975.09,576.47,66.76,221.06,0.8350,-1,-1,-1
821,59,1570.59,597.14,103.33,227.60,0.6986,-1,-1,-1
821,58,873.10,934.78,65.04,145.22,0.7219,-1,-1,-1
821,52,273.08,552.51,78.39,238.14,0.7833,-1,-1,-1
821,4,1723.61,452.35,72.35,213.10,0.7161,-1,-1,-1
822,72,788.29,133.86,65.55,176.95,0.3747,-1,-1,-1
822,71,472.69,89.64,58.94,202.35,0.4757,-1,-1,-1
822,67,436.12,261.25,62.53,187.19,0.6090,-1,-1,-1
822,66,383.75,263.94,53.24,171.12,0.4871,-1,-1,-1
822,64,1041.48,550.65,81.22,237.60,0.8329,-1,-1,-1
822,63,973.09,573.50,67.97,215.10,0.8117,-1,-1,-1
822,59,1572.21,596.07,102.26,228.30,0.7126,-1,-1,-1
822,58,872.40,935.67,65.70,144.33,0.7200,-1,-1,-1
822,52,273.03,554.06,79.29,237.57,0.7679,-1,-1,-1
822,4,1722.68,453.22,73.72,212.40,0.7221,-1,-1,-1
823,72,788.43,134.08,65.79,177.59,0.3531,-1,-1,-1
823,71,471.57,91.42,60.51,200.89,0.4625,-1,-1,-1
823,67,437.69,261.67,60.70,187.08,0.6342,-1,-1,-1
823,66,381.28,268.30,56.06,167.56,0.5639,-1,-1,-1
823,64,1041.11,549.61,82.84,241.02,0.8220,-1,-1,-1
823,63,971.84,569.30,68.53,226.82,0.8129,-1,-1,-1
823,59,1570.97,595.28,103.21,228.93,0.6896,-1,-1,-1
823,58,872.00,936.54,64.97,143.44,0.7139,-1,-1,-1
823,52,273.25,554.74,79.38,236.53,0.7802,-1,-1,-1
823,4,1722.47,453.28,73.43,212.51,0.7327,-1,-1,-1
824,72,788.32,133.01,66.37,178.69,0.3812,-1,-1,-1
824,71,472.43,92.48,59.03,200.63,0.4809,-1,-1,-1
824,67,437.08,262.05,60.88,187.37,0.6669,-1,-1,-1
824,66,382.67,270.77,54.24,166.75,0.5498,-1,-1,-1
824,64,1036.85,548.09,88.04,243.76,0.7980,-1,-1,-1
824,63,967.19,568.37,69.46,231.89,0.7733,-1,-1,-1
824,59,1570.59,596.45,104.28,228.22,0.6785,-1,-1,-1
824,58,870.98,936.76,66.37,141.98,0.7266,-1,-1,-1
824,52,272.70,555.41,80.58,236.18,0.7699,-1,-1,-1
824,4,1722.36,456.34,74.27,209.75,0.7123,-1,-1,-1
825,72,790.85,133.88,64.05,178.03,0.3887,-1,-1,-1
825,71,471.76,94.35,60.09,199.32,0.4356,-1,-1,-1
825,67,436.51,262.60,61.31,187.39,0.6562,-1,-1,-1
825,66,382.12,271.38,54.17,168.69,0.5607,-1,-1,-1
825,65,290.88,180.64,55.66,179.03,0.3278,-1,-1,-1
825,64,1036.42,548.50,91.72,244.70,0.7935,-1,-1,-1
825,63,966.32,566.82,68.10,232.93,0.7744,-1,-1,-1
825,59,1571.86,599.50,101.77,224.80,0.6947,-1,-1,-1
825,58,870.25,937.53,65.82,142.04,0.6987,-1,-1,-1
825,52,272.25,557.25,81.06,233.82,0.7743,-1,-1,-1
825,4,1721.52,454.20,75.52,212.10,0.7155,-1,-1,-1
826,72,795.09,133.81,59.07,179.37,0.3367,-1,-1,-1
826,71,471.60,92.73,60.81,199.22,0.4356,-1,-1,-1
826,67,435.04,263.74,62.48,186.47,0.6900,-1,-1,-1
826,66,382.16,271.83,53.43,167.50,0.5281,-1,-1,-1
826,64,1035.78,547.71,92.01,241.78,0.7726,-1,-1,-1
826,63,963.89,565.30,68.38,234.47,0.7711,-1,-1,-1
826,59,1572.34,596.54,102.20,227.35,0.6844,-1,-1,-1
826,58,868.52,937.85,67.36,142.15,0.7044,-1,-1,-1
826,52,272.09,559.11,81.42,231.90,0.7889,-1,-1,-1
826,4,1720.11,455.85,76.77,209.01,0.7349,-1,-1,-1
827,73,1638.44,5.59,49.22,143.58,0.3145,-1,-1,-1
827,72,790.63,131.64,65.56,180.28,0.3424,-1,-1,-1
827,71,471.20,96.35,61.41,195.04,0.4097,-1,-1,-1
827,67,436.09,264.38,61.11,185.13,0.6707,-1,-1,-1
827,66,380.14,271.65,55.04,169.35,0.5155,-1,-1,-1
827,64,1034.13,546.78,92.77,241.62,0.7692,-1,-1,-1
827,63,963.19,563.86,67.41,231.40,0.7663,-1,-1,-1
827,59,1571.25,596.73,103.72,227.50,0.6702,-1,-1,-1
827,58,868.89,939.19,67.36,140.81,0.7118,-1,-1,-1
827,52,271.78,559.97,81.77,231.10,0.7893,-1,-1,-1
827,4,1721.11,454.32,76.14,211.41,0.7306,-1,-1,-1
828,72,791.06,132.74,65.42,178.98,0.3351,-1,-1,-1
828,71,471.53,96.74,60.84,194.23,0.4335,-1,-1,-1
828,67,436.50,263.99,60.55,185.10,0.6804,-1,-1,-1
828,66,375.82,271.59,58.60,173.73,0.5266,-1,-1,-1
828,64,1033.82,544.73,93.75,243.76,0.7915,-1,-1,-1
828,63,959.95,563.47,69.28,230.60,0.7605,-1,-1,-1
828,59,1572.85,595.77,102.36,228.57,0.6735,-1,-1,-1
828,58,868.45,939.37,67.23,140.63,0.7060,-1,-1,-1
828,52,271.96,561.66,81.37,231.03,0.7899,-1,-1,-1
828,4,1721.18,453.19,74.46,212.17,0.7415,-1,-1,-1
829,72,793.70,133.52,64.25,178.50,0.3184,-1,-1,-1
829,71,472.33,99.10,60.29,196.00,0.4354,-1,-1,-1
829,67,436.57,264.25,60.64,185.19,0.6978,-1,-1,-1
829,66,377.99,272.42,56.92,175.87,0.5466,-1,-1,-1
829,64,1032.52,543.11,91.89,244.03,0.7744,-1,-1,-1
829,63,959.12,561.80,69.20,232.79,0.7779,-1,-1,-1
829,59,1571.69,596.23,103.44,227.54,0.6825,-1,-1,-1
829,58,870.22,939.45,65.23,140.55,0.7160,-1,-1,-1
829,52,271.81,562.36,81.57,234.28,0.7948,-1,-1,-1
829,4,1721.99,452.79,73.91,212.61,0.7360,-1,-1,-1
830,72,796.28,134.15,61.30,178.67,0.3171,-1,-1,-1
830,71,472.98,102.78,59.83,193.39,0.3677,-1,-1,-1
830,67,435.54,266.07,61.41,183.35,0.6683,-1,-1,-1
830,66,371.87,272.30,61.20,177.43,0.5590,-1,-1,-1
830,64,1032.86,540.78,92.25,245.75,0.7963,-1,-1,-1
830,63,958.63,562.33,67.80,232.36,0.8000,-1,-1,-1
830,59,1572.26,593.64,102.17,230.29,0.6844,-1,-1,-1
830,58,867.92,941.08,67.80,138.92,0.7040,-1,-1,-1
830,52,272.69,563.59,80.23,238.87,0.7992,-1,-1,-1
830,4,1721.47,452.62,74.38,212.79,0.7462,-1,-1,-1
831,72,799.07,134.27,57.87,179.97,0.3394,-1,-1,-1
831,71,471.59,103.60,63.91,194.71,0.3578,-1,-1,-1
831,67,435.39,266.53,61.45,183.96,0.6205,-1,-1,-1
831,66,371.59,273.60,60.20,180.69,0.5294,-1,-1,-1
831,64,1031.97,538.22,91.36,247.04,0.7989,-1,-1,-1
831,63,957.25,562.80,67.99,232.74,0.8019,-1,-1,-1
831,59,1573.17,593.75,100.97,230.54,0.7007,-1,-1,-1
831,58,869.23,941.39,66.04,138.61,0.7119,-1,-1,-1
831,52,272.43,566.09,80.12,242.97,0.8094,-1,-1,-1
831,4,1721.69,456.04,75.27,209.88,0.7316,-1,-1,-1
832,72,798.06,134.31,61.10,179.39,0.3399,-1,-1,-1
832,67,435.70,267.66,63.02,184.02,0.6232,-1,-1,-1
832,66,371.21,273.50,60.89,181.59,0.5165,-1,-1,-1
832,64,1031.18,535.33,86.68,245.16,0.7806,-1,-1,-1
832,63,955.29,562.61,68.33,231.18,0.7727,-1,-1,-1
832,59,1573.34,592.31,101.64,231.74,0.6935,-1,-1,-1
832,58,869.21,942.41,67.02,137.59,0.6855,-1,-1,-1
832,52,271.85,569.25,80.78,242.62,0.8221,-1,-1,-1
832,4,1721.01,452.81,74.82,212.95,0.7500,-1,-1,-1
833,72,798.38,135.08,60.74,177.58,0.3588,-1,-1,-1
833,67,435.34,267.24,63.06,187.74,0.6193,-1,-1,-1
833,66,369.65,271.54,62.21,184.52,0.4361,-1,-1,-1
833,64,1030.78,532.96,85.03,231.54,0.7928,-1,-1,-1
833,63,953.36,560.23,68.66,232.26,0.7715,-1,-1,-1
833,59,1572.42,590.77,102.08,233.33,0.6650,-1,-1,-1
833,58,869.28,943.50,67.30,136.50,0.7043,-1,-1,-1
833,52,270.63,571.76,81.33,243.98,0.8198,-1,-1,-1
833,4,1720.49,452.86,75.45,213.33,0.7516,-1,-1,-1
834,72,799.30,135.16,61.26,178.53,0.3472,-1,-1,-1
834,67,435.87,267.74,62.06,190.37,0.5848,-1,-1,-1
834,66,368.00,272.42,62.32,182.94,0.3891,-1,-1,-1
834,64,1031.43,528.37,82.22,231.55,0.8011,-1,-1,-1
834,63,951.56,553.87,69.04,239.73,0.7567,-1,-1,-1
834,59,1571.84,590.21,103.60,234.04,0.6833,-1,-1,-1
834,58,868.81,943.96,69.53,136.04,0.7144,-1,-1,-1
834,52,270.01,574.09,81.03,243.59,0.8161,-1,-1,-1
834,4,1719.26,455.37,77.95,209.98,0.7543,-1,-1,-1
835,72,803.83,135.28,56.37,176.30,0.3552,-1,-1,-1
835,67,438.12,271.25,60.34,189.19,0.6503,-1,-1,-1
835,66,372.99,280.36,56.81,171.99,0.4336,-1,-1,-1
835,64,1031.19,525.83,79.78,231.60,0.7955,-1,-1,-1
835,63,949.17,552.40,69.35,238.44,0.7589,-1,-1,-1
835,59,1570.55,588.68,104.55,235.37,0.6458,-1,-1,-1
835,58,867.54,943.19,72.15,136.81,0.6995,-1,-1,-1
835,52,270.07,576.39,79.17,245.19,0.8264,-1,-1,-1
835,4,1719.69,453.01,77.91,214.41,0.7451,-1,-1,-1
836,72,803.93,135.86,56.93,176.18,0.3889,-1,-1,-1
836,67,439.25,273.80,58.00,189.46,0.6295,-1,-1,-1
836,66,372.74,279.79,57.12,173.22,0.4678,-1,-1,-1
836,64,1032.59,523.04,75.65,233.65,0.7917,-1,-1,-1
836,63,949.04,550.00,67.69,226.57,0.7774,-1,-1,-1
836,59,1570.52,591.24,104.22,233.20,0.6680,-1,-1,-1
836,58,864.31,942.97,77.88,137.03,0.7307,-1,-1,-1
836,52,269.24,579.05,79.81,244.74,0.8161,-1,-1,-1
836,4,1718.43,456.41,78.55,209.84,0.7407,-1,-1,-1
837,72,799.76,134.81,63.88,178.48,0.3657,-1,-1,-1
837,67,440.48,277.88,56.31,187.04,0.6281,-1,-1,-1
837,66,371.37,279.91,58.37,172.84,0.4109,-1,-1,-1
837,64,1033.17,520.39,72.30,234.34,0.7739,-1,-1,-1
837,63,946.99,547.68,67.86,226.42,0.7742,-1,-1,-1
837,59,1568.91,589.60,107.18,235.07,0.6256,-1,-1,-1
837,58,865.29,943.26,76.80,136.74,0.7276,-1,-1,-1
837,52,268.38,580.16,79.61,244.14,0.8030,-1,-1,-1
837,4,1720.31,453.83,77.02,213.79,0.7498,-1,-1,-1
838,72,804.40,135.62,58.62,177.13,0.3656,-1,-1,-1
838,67,435.04,272.73,62.79,193.82,0.6386,-1,-1,-1
838,66,355.30,276.44,72.55,177.79,0.4532,-1,-1,-1
838,64,1033.80,519.54,70.53,234.92,0.7759,-1,-1,-1
838,63,944.91,545.85,67.07,227.55,0.7840,-1,-1,-1
838,59,1571.31,592.19,104.37,231.82,0.6795,-1,-1,-1
838,58,865.26,943.34,76.95,136.58,0.7207,-1,-1,-1
838,52,267.83,581.65,79.15,242.07,0.7860,-1,-1,-1
838,4,1718.26,456.12,79.01,207.60,0.7586,-1,-1,-1
839,72,804.34,137.02,60.33,176.14,0.3825,-1,-1,-1
839,67,436.52,276.88,61.52,190.10,0.6195,-1,-1,-1
839,66,371.13,280.99,56.25,171.93,0.4413,-1,-1,-1
839,64,1034.45,519.51,69.86,235.03,0.7687,-1,-1,-1
839,63,944.69,543.24,66.49,229.27,0.7773,-1,-1,-1
839,59,1570.45,591.51,105.74,232.33,0.6146,-1,-1,-1
839,58,865.27,942.28,77.58,137.35,0.7167,-1,-1,-1
839,52,266.24,582.78,80.11,240.15,0.7657,-1,-1,-1
839,4,1719.91,452.46,75.92,212.67,0.7573,-1,-1,-1
840,72,806.42,137.30,58.39,175.24,0.4501,-1,-1,-1
840,67,434.33,274.07,63.17,193.26,0.6566,-1,-1,-1
840,66,353.86,275.23,72.45,178.22,0.5063,-1,-1,-1
840,64,1033.87,519.13,69.55,233.67,0.7632,-1,-1,-1
840,63,943.03,541.52,66.51,229.34,0.7690,-1,-1,-1
840,59,1569.84,594.30,106.62,230.15,0.6464,-1,-1,-1
840,58,865.53,943.70,77.47,135.82,0.7150,-1,-1,-1
840,52,263.63,583.90,81.00,239.13,0.7398,-1,-1,-1
840,4,1720.32,452.81,75.87,212.06,0.7561,-1,-1,-1
841,72,803.32,136.03,64.39,175.57,0.3900,-1,-1,-1
841,71,472.89,108.31,61.65,195.92,0.3450,-1,-1,-1
841,67,437.51,279.26,57.57,190.25,0.6528,-1,-1,-1
841,66,356.02,275.55,69.64,179.69,0.5064,-1,-1,-1
841,64,1032.21,518.67,69.44,233.28,0.7483,-1,-1,-1
841,63,941.58,540.15,66.59,231.14,0.7724,-1,-1,-1
841,59,1571.30,593.96,105.26,230.77,0.6779,-1,-1,-1
841,58,867.24,943.57,78.37,135.98,0.7294,-1,-1,-1
841,52,262.83,585.21,81.98,236.92,0.7613,-1,-1,-1
841,4,1719.79,452.21,76.63,212.73,0.7451,-1,-1,-1
842,72,804.48,136.61,62.48,174.95,0.4137,-1,-1,-1
842,67,438.10,278.59,57.88,189.59,0.6420,-1,-1,-1
842,66,370.06,283.36,54.95,172.20,0.5128,-1,-1,-1
842,64,1027.40,517.29,73.07,232.91,0.7374,-1,-1,-1
842,63,939.71,539.48,65.94,232.62,0.7718,-1,-1,-1
842,59,1572.72,594.66,104.19,229.69,0.6516,-1,-1,-1
842,58,866.48,943.46,79.18,136.29,0.7155,-1,-1,-1
842,52,262.36,585.57,82.63,236.87,0.7750,-1,-1,-1
842,4,1719.47,456.20,77.61,209.09,0.7273,-1,-1,-1
843,72,806.23,137.25,61.84,175.01,0.3583,-1,-1,-1
843,71,468.99,110.55,64.25,202.18,0.3015,-1,-1,-1
843,67,438.18,280.83,58.62,187.46,0.6735,-1,-1,-1
843,66,367.21,283.20,58.89,175.59,0.5539,-1,-1,-1
843,64,1023.69,517.02,76.11,233.55,0.7529,-1,-1,-1
843,63,938.57,538.88,65.91,232.17,0.7839,-1,-1,-1
843,59,1570.73,592.94,105.55,232.14,0.6287,-1,-1,-1
843,58,866.96,943.71,80.16,135.77,0.7209,-1,-1,-1
843,52,260.77,586.48,84.12,235.72,0.7887,-1,-1,-1
843,4,1718.56,455.96,79.15,208.51,0.7331,-1,-1,-1
844,72,805.86,137.01,62.68,174.50,0.3828,-1,-1,-1
844,71,469.47,111.64,63.47,199.44,0.3069,-1,-1,-1
844,67,438.18,281.70,58.64,186.90,0.6718,-1,-1,-1
844,66,359.71,280.12,66.07,182.63,0.5286,-1,-1,-1
844,64,1021.50,516.78,75.53,231.71,0.7796,-1,-1,-1
844,63,938.04,536.73,65.48,233.77,0.7891,-1,-1,-1
844,59,1571.49,592.27,103.34,232.39,0.6326,-1,-1,-1
844,58,867.35,943.19,79.64,136.42,0.7209,-1,-1,-1
844,52,261.45,587.54,83.27,235.31,0.7975,-1,-1,-1
844,4,1719.36,453.36,78.27,212.48,0.7415,-1,-1,-1
845,72,805.30,137.51,63.65,174.30,0.3501,-1,-1,-1
845,67,438.52,280.75,57.57,188.46,0.6711,-1,-1,-1
845,66,360.98,282.96,63.81,181.88,0.5546,-1,-1,-1
845,64,1021.68,516.90,72.88,228.85,0.7744,-1,-1,-1
845,63,936.43,536.36,66.76,234.00,0.7750,-1,-1,-1
845,59,1570.57,592.81,103.78,231.39,0.6423,-1,-1,-1
845,58,866.55,943.56,80.66,136.03,0.7122,-1,-1,-1
845,52,261.23,588.29,83.55,235.64,0.7993,-1,-1,-1
845,4,1717.91,456.66,78.93,207.62,0.7519,-1,-1,-1
846,72,805.82,137.25,63.18,175.34,0.3669,-1,-1,-1
846,67,438.65,282.12,57.10,186.64,0.6582,-1,-1,-1
846,66,358.94,284.30,65.84,181.85,0.5691,-1,-1,-1
846,64,1020.24,515.63,74.02,229.17,0.7744,-1,-1,-1
846,63,934.63,535.49,67.09,232.17,0.7836,-1,-1,-1
846,59,1570.05,595.39,104.47,229.00,0.6633,-1,-1,-1
846,58,866.43,944.57,81.02,134.78,0.7198,-1,-1,-1
846,52,260.91,589.42,84.37,237.12,0.7940,-1,-1,-1
846,4,1718.15,455.85,79.10,208.35,0.7435,-1,-1,-1
847,72,802.08,138.13,69.32,174.65,0.3748,-1,-1,-1
847,67,439.19,281.29,56.08,186.30,0.6362,-1,-1,-1
847,66,359.30,288.53,65.25,179.39,0.5601,-1,-1,-1
847,64,1018.86,512.74,73.06,234.36,0.7550,-1,-1,-1
847,63,933.71,534.47,66.97,230.21,0.7622,-1,-1,-1
847,59,1569.81,593.74,104.57,230.25,0.6555,-1,-1,-1
847,58,866.88,944.61,81.92,134.97,0.6942,-1,-1,-1
847,52,260.83,593.40,84.66,236.52,0.7787,-1,-1,-1
847,4,1717.66,453.92,80.24,211.13,0.7453,-1,-1,-1
848,72,803.91,139.17,68.38,173.01,0.3571,-1,-1,-1
848,67,437.10,280.20,57.58,188.52,0.6349,-1,-1,-1
848,66,357.86,288.34,65.50,180.30,0.5680,-1,-1,-1
848,64,1017.55,510.76,71.56,227.08,0.7526,-1,-1,-1
848,63,932.97,532.67,66.39,230.22,0.7654,-1,-1,-1
848,59,1570.35,593.60,104.65,230.08,0.6407,-1,-1,-1
848,58,866.39,944.54,82.18,134.76,0.7063,-1,-1,-1
848,52,261.94,595.64,83.57,238.06,0.7984,-1,-1,-1
848,4,1717.73,452.78,78.70,211.78,0.7521,-1,-1,-1
849,72,806.54,137.53,64.74,174.44,0.3697,-1,-1,-1
849,67,436.75,279.45,57.03,189.42,0.6432,-1,-1,-1
849,66,355.53,294.26,67.85,176.94,0.6083,-1,-1,-1
849,64,1015.49,509.16,68.27,222.05,0.7446,-1,-1,-1
849,63,932.09,530.18,65.43,231.26,0.7694,-1,-1,-1
849,59,1572.95,594.68,102.11,229.85,0.6757,-1,-1,-1
849,58,866.41,945.35,83.00,133.99,0.6872,-1,-1,-1
849,52,261.78,597.62,84.11,242.78,0.7931,-1,-1,-1
849,4,1717.92,453.57,79.49,211.04,0.7523,-1,-1,-1
850,72,807.35,137.53,64.44,174.49,0.3723,-1,-1,-1
850,67,437.84,276.31,60.64,196.78,0.6310,-1,-1,-1
850,66,353.10,296.99,70.43,175.80,0.5998,-1,-1,-1
850,64,1013.46,506.06,67.66,224.57,0.8032,-1,-1,-1
850,63,931.83,527.46,63.64,232.45,0.7859,-1,-1,-1
850,59,1572.67,595.02,103.08,229.31,0.6770,-1,-1,-1
850,58,867.20,945.02,82.57,133.76,0.6975,-1,-1,-1
850,52,261.96,599.53,84.38,241.47,0.7987,-1,-1,-1
850,4,1718.58,453.28,78.64,213.38,0.7484,-1,-1,-1
851,72,803.70,139.15,69.21,172.32,0.3805,-1,-1,-1
851,71,469.24,123.87,62.39,189.73,0.3290,-1,-1,-1
851,67,438.16,285.66,57.11,190.32,0.6271,-1,-1,-1
851,66,351.37,298.65,71.27,174.00,0.5639,-1,-1,-1
851,64,1008.42,503.46,70.24,225.38,0.8157,-1,-1,-1
851,63,929.41,525.52,64.84,235.39,0.7968,-1,-1,-1
851,59,1572.33,593.38,103.31,230.94,0.6592,-1,-1,-1
851,58,867.92,945.02,83.59,133.85,0.7024,-1,-1,-1
851,52,262.10,600.84,84.58,243.10,0.8084,-1,-1,-1
851,4,1717.56,452.77,78.45,210.84,0.7410,-1,-1,-1
852,72,808.67,137.63,63.24,173.87,0.3583,-1,-1,-1
852,71,467.48,124.04,64.16,188.05,0.4051,-1,-1,-1
852,67,437.62,289.10,55.31,188.08,0.5880,-1,-1,-1
852,66,349.45,298.44,72.90,175.65,0.5337,-1,-1,-1
852,64,1007.06,501.87,69.49,226.56,0.8068,-1,-1,-1
852,63,928.72,522.86,63.53,216.21,0.7426,-1,-1,-1
852,59,1570.72,593.70,105.30,230.44,0.6429,-1,-1,-1
852,58,868.83,945.11,83.31,133.97,0.7012,-1,-1,-1
852,52,264.42,603.70,82.98,243.74,0.8042,-1,-1,-1
852,4,1717.43,456.59,79.75,208.28,0.7368,-1,-1,-1
853,72,807.16,137.71,64.26,175.16,0.3889,-1,-1,-1
853,71,464.39,123.31,66.97,194.13,0.4544,-1,-1,-1
853,67,436.80,291.50,58.39,188.65,0.5944,-1,-1,-1
853,66,347.28,297.40,74.14,177.37,0.4831,-1,-1,-1
853,64,1002.52,500.47,72.42,227.56,0.8231,-1,-1,-1
853,63,926.76,520.49,65.96,210.16,0.7779,-1,-1,-1
853,59,1570.63,593.08,104.06,231.29,0.6011,-1,-1,-1
853,58,868.71,945.13,83.08,134.21,0.7003,-1,-1,-1
853,52,264.94,606.32,84.07,243.90,0.8005,-1,-1,-1
853,4,1719.24,453.31,78.52,211.44,0.7237,-1,-1,-1
854,72,807.36,137.73,64.58,174.67,0.3741,-1,-1,-1
854,71,462.21,121.74,68.88,197.85,0.4868,-1,-1,-1
854,67,437.27,288.71,57.64,194.72,0.6082,-1,-1,-1
854,66,347.49,296.27,72.75,178.34,0.4767,-1,-1,-1
854,64,997.21,498.78,77.25,229.86,0.8229,-1,-1,-1
854,63,926.93,517.87,65.70,220.09,0.7967,-1,-1,-1
854,59,1568.34,594.30,106.96,229.94,0.6004,-1,-1,-1
854,58,868.72,944.81,83.74,134.11,0.7023,-1,-1,-1
854,52,264.74,606.77,84.84,245.89,0.8177,-1,-1,-1
854,4,1717.10,457.09,80.29,207.31,0.7266,-1,-1,-1
855,74,1074.50,0.00,57.38,117.11,0.3091,-1,-1,-1
855,72,806.80,137.57,65.23,176.51,0.3574,-1,-1,-1
855,71,465.70,124.37,65.20,197.28,0.5024,-1,-1,-1
855,67,435.83,290.71,58.88,194.62,0.6362,-1,-1,-1
855,66,343.70,300.73,75.23,174.49,0.4919,-1,-1,-1
855,64,997.15,496.79,77.07,231.96,0.7965,-1,-1,-1
855,63,926.34,515.21,64.91,221.86,0.7906,-1,-1,-1
855,59,1570.44,592.64,104.87,231.67,0.6229,-1,-1,-1
855,58,869.97,944.46,82.67,134.46,0.7198,-1,-1,-1
855,52,266.78,608.66,83.68,246.06,0.8214,-1,-1,-1
855,4,1717.31,456.65,80.12,207.62,0.7334,-1,-1,-1
856,72,806.93,137.17,64.52,175.33,0.3595,-1,-1,-1
856,71,467.58,125.48,62.72,195.35,0.4604,-1,-1,-1
856,67,435.48,292.59,58.39,195.49,0.6016,-1,-1,-1
856,66,344.45,299.26,73.51,177.41,0.4823,-1,-1,-1
856,64,995.54,495.45,80.08,233.74,0.8204,-1,-1,-1
856,63,925.20,512.27,65.42,223.86,0.8039,-1,-1,-1
856,59,1571.49,591.99,104.81,232.66,0.6387,-1,-1,-1
856,58,872.24,944.53,81.33,134.20,0.7288,-1,-1,-1
856,52,267.31,610.27,83.93,243.15,0.8049,-1,-1,-1
856,4,1717.39,457.13,80.54,209.38,0.7432,-1,-1,-1
857,72,807.80,137.55,63.54,174.29,0.3358,-1,-1,-1
857,71,468.70,128.71,61.73,196.18,0.4171,-1,-1,-1
857,67,434.89,294.09,59.46,194.94,0.6071,-1,-1,-1
857,66,350.12,304.58,66.16,168.98,0.5090,-1,-1,-1
857,64,995.61,495.08,80.67,234.88,0.8036,-1,-1,-1
857,63,921.31,511.13,67.09,226.13,0.7819,-1,-1,-1
857,59,1572.10,592.53,104.50,232.09,0.6287,-1,-1,-1
857,58,873.02,943.61,80.01,135.01,0.7174,-1,-1,-1
857,52,269.14,610.61,82.71,241.50,0.7872,-1,-1,-1
857,4,1718.40,453.73,77.47,213.31,0.7290,-1,-1,-1
858,74,1077.94,0.00,56.36,122.69,0.3702,-1,-1,-1
858,72,805.81,137.38,65.61,173.23,0.3386,-1,-1,-1
858,71,468.20,130.63,62.59,195.20,0.3979,-1,-1,-1
858,67,432.32,293.74,65.71,194.31,0.5716,-1,-1,-1
858,66,345.72,303.93,73.00,173.41,0.5353,-1,-1,-1
858,64,991.06,494.37,85.09,235.34,0.8000,-1,-1,-1
858,63,920.38,510.24,66.69,224.11,0.7667,-1,-1,-1
858,59,1573.28,594.93,102.62,229.56,0.6807,-1,-1,-1
858,58,873.64,943.46,80.13,135.46,0.7259,-1,-1,-1
858,52,270.26,611.43,82.61,242.28,0.7963,-1,-1,-1
858,4,1716.72,457.71,80.54,208.29,0.7344,-1,-1,-1
859,75,1405.02,1018.99,65.12,60.21,0.4435,-1,-1,-1
859,74,1078.91,0.00,55.95,122.44,0.3132,-1,-1,-1
859,72,807.42,137.21,63.90,173.91,0.3453,-1,-1,-1
859,71,470.15,133.02,61.74,194.23,0.3148,-1,-1,-1
859,67,435.34,299.80,59.53,187.76,0.5973,-1,-1,-1
859,66,345.87,303.13,73.36,174.34,0.5203,-1,-1,-1
859,64,992.43,494.78,83.99,234.20,0.7931,-1,-1,-1
859,63,918.30,507.07,66.72,228.24,0.7699,-1,-1,-1
859,59,1573.02,593.78,103.67,230.85,0.6466,-1,-1,-1
859,58,874.96,943.93,79.40,135.26,0.7380,-1,-1,-1
859,52,269.37,610.83,84.92,243.81,0.8008,-1,-1,-1
859,4,1715.13,457.52,82.12,209.78,0.7313,-1,-1,-1
860,75,1403.02,1017.02,69.68,62.98,0.5023,-1,-1,-1
860,74,1080.28,0.00,56.17,122.61,0.3294,-1,-1,-1
860,72,806.04,137.81,65.19,172.47,0.3366,-1,-1,-1
860,71,468.56,132.62,63.76,195.14,0.4132,-1,-1,-1
860,67,434.16,300.40,59.41,188.57,0.6098,-1,-1,-1
860,66,345.85,300.48,73.41,178.88,0.5332,-1,-1,-1
860,64,988.96,493.90,87.43,234.89,0.7729,-1,-1,-1
860,63,916.60,505.59,66.83,229.28,0.7683,-1,-1,-1
860,59,1572.48,593.28,104.59,230.70,0.6051,-1,-1,-1
860,58,875.49,942.25,79.59,137.28,0.7250,-1,-1,-1
860,52,269.98,611.60,84.92,241.71,0.8107,-1,-1,-1
860,4,1715.67,456.17,81.27,210.07,0.7423,-1,-1,-1
861,75,1399.75,1015.01,75.38,64.99,0.5852,-1,-1,-1
861,72,806.07,137.53,64.90,173.32,0.3157,-1,-1,-1
861,71,469.17,132.12,63.85,195.96,0.4185,-1,-1,-1
861,67,431.10,299.75,64.54,188.37,0.5888,-1,-1,-1
861,66,348.51,302.24,66.71,178.50,0.5316,-1,-1,-1
861,64,988.74,492.93,87.86,234.48,0.7823,-1,-1,-1
861,63,915.26,503.15,66.40,232.51,0.7795,-1,-1,-1
861,59,1572.08,598.79,102.88,225.48,0.6545,-1,-1,-1
861,58,876.70,943.01,80.14,136.99,0.7459,-1,-1,-1
861,52,269.99,612.95,86.08,240.56,0.8143,-1,-1,-1
861,4,1714.99,456.35,82.53,209.64,0.7506,-1,-1,-1
862,75,1392.76,1012.37,81.52,67.63,0.6174,-1,-1,-1
862,74,1081.88,0.00,57.92,123.70,0.3268,-1,-1,-1
862,72,807.26,137.34,63.32,174.65,0.3181,-1,-1,-1
862,71,470.90,132.72,64.30,196.38,0.4271,-1,-1,-1
862,67,433.69,299.23,59.44,187.16,0.5820,-1,-1,-1
862,66,348.33,303.13,67.16,181.45,0.4917,-1,-1,-1
862,64,989.03,491.22,84.53,234.16,0.7789,-1,-1,-1
862,63,914.82,502.20,65.87,233.99,0.7652,-1,-1,-1
862,59,1571.63,596.78,104.85,227.06,0.6384,-1,-1,-1
862,58,877.98,943.86,78.51,136.14,0.7286,-1,-1,-1
862,52,269.97,612.62,85.32,240.20,0.8132,-1,-1,-1
862,4,1715.99,456.61,81.93,210.54,0.7357,-1,-1,-1
863,75,1390.16,1009.25,82.49,70.75,0.6325,-1,-1,-1
863,74,1083.07,0.00,57.35,124.15,0.3439,-1,-1,-1
863,71,471.67,134.23,65.35,192.39,0.3794,-1,-1,-1
863,67,432.73,301.06,60.43,187.44,0.5942,-1,-1,-1
863,66,346.77,308.22,68.25,180.19,0.5695,-1,-1,-1
863,64,989.54,488.99,84.78,235.12,0.7992,-1,-1,-1
863,63,913.16,501.30,66.05,232.48,0.7735,-1,-1,-1
863,59,1571.50,594.22,105.03,229.54,0.6398,-1,-1,-1
863,58,879.80,942.43,78.01,137.18,0.7323,-1,-1,-1
863,52,270.23,613.41,85.77,240.76,0.8161,-1,-1,-1
863,4,1716.43,456.49,81.27,210.32,0.7413,-1,-1,-1
864,75,1387.06,1004.90,85.18,75.10,0.6630,-1,-1,-1
864,74,1083.99,0.00,57.42,127.19,0.3949,-1,-1,-1
864,71,472.77,137.18,64.33,187.71,0.3042,-1,-1,-1
864,67,432.54,302.42,61.96,187.09,0.5668,-1,-1,-1
864,66,346.86,309.95,67.03,178.46,0.5453,-1,-1,-1
864,64,986.31,486.00,84.66,236.32,0.8033,-1,-1,-1
864,63,912.98,500.72,65.44,232.12,0.7636,-1,-1,-1
864,59,1572.70,594.07,104.35,229.60,0.6343,-1,-1,-1
864,58,880.87,942.43,78.36,137.06,0.7422,-1,-1,-1
864,52,271.05,614.93,85.51,239.83,0.8134,-1,-1,-1
864,4,1716.28,457.35,82.25,209.78,0.7394,-1,-1,-1
865,75,1384.60,1001.12,89.03,78.88,0.6825,-1,-1,-1
865,74,1084.82,1.39,57.56,127.95,0.3840,-1,-1,-1
865,67,432.23,302.79,62.70,187.07,0.5807,-1,-1,-1
865,66,346.79,312.47,69.99,178.85,0.5940,-1,-1,-1
865,64,986.25,483.98,83.56,235.72,0.7996,-1,-1,-1
865,63,911.20,499.10,65.40,227.87,0.7618,-1,-1,-1
865,59,1571.81,594.08,105.16,229.92,0.6471,-1,-1,-1
865,58,882.23,942.73,78.73,137.27,0.7300,-1,-1,-1
865,52,272.91,617.97,84.02,244.78,0.8339,-1,-1,-1
865,4,1717.37,456.64,80.84,208.04,0.7306,-1,-1,-1
866,75,1382.11,997.77,91.28,82.23,0.6805,-1,-1,-1
866,74,1085.71,1.23,57.50,131.84,0.3090,-1,-1,-1
866,72,805.14,137.52,65.02,172.25,0.3055,-1,-1,-1
866,71,471.73,138.30,64.24,185.74,0.3211,-1,-1,-1
866,67,432.39,303.82,62.66,186.25,0.5397,-1,-1,-1
866,66,344.87,313.93,71.82,177.61,0.5722,-1,-1,-1
866,64,985.04,481.26,83.65,233.71,0.7926,-1,-1,-1
866,63,909.51,497.47,66.45,226.18,0.7878,-1,-1,-1
866,59,1572.23,594.34,104.96,229.18,0.6133,-1,-1,-1
866,58,883.44,942.64,80.03,137.36,0.7356,-1,-1,-1
866,52,273.64,619.99,83.60,248.52,0.8293,-1,-1,-1
866,4,1718.31,456.97,79.93,209.03,0.7199,-1,-1,-1
867,75,1381.15,993.67,92.44,86.33,0.6755,-1,-1,-1
867,74,1086.07,0.00,57.29,133.72,0.3158,-1,-1,-1
867,72,804.76,137.41,64.25,172.41,0.3254,-1,-1,-1
867,71,471.73,137.37,62.61,185.91,0.3147,-1,-1,-1
867,67,432.59,300.11,59.48,191.40,0.5471,-1,-1,-1
867,66,345.22,318.79,69.72,174.37,0.5582,-1,-1,-1
867,64,984.64,478.03,82.40,228.41,0.7734,-1,-1,-1
867,63,906.66,496.43,68.59,220.88,0.7793,-1,-1,-1
867,59,1572.52,592.82,104.40,230.87,0.6162,-1,-1,-1
867,58,886.40,941.71,78.81,138.29,0.7371,-1,-1,-1
867,52,273.93,620.81,84.14,251.20,0.8260,-1,-1,-1
867,4,1718.20,456.91,80.14,210.26,0.7131,-1,-1,-1
868,75,1380.01,987.65,93.45,92.35,0.6578,-1,-1,-1
868,74,1087.47,0.00,53.89,135.31,0.3569,-1,-1,-1
868,67,433.04,300.14,57.91,197.73,0.5584,-1,-1,-1
868,66,344.96,317.90,69.40,174.93,0.5317,-1,-1,-1
868,64,987.16,475.48,77.29,221.52,0.7795,-1,-1,-1
868,63,904.42,494.79,69.50,218.34,0.7654,-1,-1,-1
868,59,1573.72,592.38,102.23,230.87,0.6527,-1,-1,-1
868,58,888.65,941.42,78.65,138.58,0.7426,-1,-1,-1
868,52,272.69,622.09,85.95,253.34,0.8356,-1,-1,-1
868,4,1718.33,456.85,78.92,208.87,0.7017,-1,-1,-1
869,75,1380.23,984.31,92.44,95.69,0.6840,-1,-1,-1
869,74,1087.70,0.59,53.49,134.19,0.3373,-1,-1,-1
869,67,432.06,301.93,61.18,199.36,0.4986,-1,-1,-1
869,66,346.98,314.16,68.10,178.00,0.4881,-1,-1,-1
869,64,988.16,473.04,74.37,224.27,0.7591,-1,-1,-1
869,63,903.08,492.56,70.87,212.89,0.7710,-1,-1,-1
869,59,1573.17,594.42,103.53,229.14,0.6360,-1,-1,-1
869,58,892.73,940.82,77.52,139.18,0.7296,-1,-1,-1
869,52,273.43,625.28,85.73,248.61,0.8311,-1,-1,-1
869,4,1718.27,457.37,80.08,208.69,0.7090,-1,-1,-1
870,75,1379.82,982.89,92.45,97.11,0.7185,-1,-1,-1
870,74,1087.77,0.00,52.25,134.79,0.3206,-1,-1,-1
870,67,434.80,316.03,56.27,190.38,0.5617,-1,-1,-1
870,66,359.19,318.88,57.93,171.26,0.5091,-1,-1,-1
870,64,989.84,472.37,69.75,223.41,0.7482,-1,-1,-1
870,63,901.33,490.91,70.31,215.52,0.7292,-1,-1,-1
870,59,1574.26,594.81,102.21,229.14,0.6515,-1,-1,-1
870,58,894.60,940.74,76.50,139.26,0.7350,-1,-1,-1
870,52,273.97,627.96,85.81,251.38,0.8334,-1,-1,-1
870,4,1717.84,458.05,80.39,205.70,0.7187,-1,-1,-1
871,75,1377.89,980.02,93.58,99.98,0.7133,-1,-1,-1
871,74,1087.97,0.00,51.44,134.14,0.3005,-1,-1,-1
871,67,435.10,315.78,55.14,190.29,0.5790,-1,-1,-1
871,66,355.77,315.39,59.05,176.78,0.4939,-1,-1,-1
871,64,989.73,469.70,67.92,225.77,0.7532,-1,-1,-1
871,63,899.81,488.36,70.47,215.96,0.7350,-1,-1,-1
871,59,1573.64,594.64,102.16,230.01,0.6155,-1,-1,-1
871,58,897.03,941.81,74.99,138.19,0.7387,-1,-1,-1
871,52,275.43,630.64,85.57,254.58,0.8329,-1,-1,-1
871,4,1717.43,457.42,80.78,208.61,0.7022,-1,-1,-1
872,76,416.23,158.39,51.31,162.27,0.3159,-1,-1,-1
872,75,1375.45,976.64,96.00,103.36,0.7118,-1,-1,-1
872,74,1087.24,0.00,52.59,137.36,0.3734,-1,-1,-1
872,67,434.34,317.69,54.88,191.81,0.5834,-1,-1,-1
872,66,355.73,312.95,58.33,179.89,0.4970,-1,-1,-1
872,64,988.84,468.55,67.45,226.76,0.7477,-1,-1,-1
872,63,898.34,487.54,70.91,217.56,0.7403,-1,-1,-1
872,59,1571.33,595.97,104.58,228.39,0.6100,-1,-1,-1
872,58,898.07,941.60,76.43,138.40,0.7318,-1,-1,-1
872,52,277.52,633.05,82.61,255.13,0.8344,-1,-1,-1
872,4,1717.13,458.07,80.93,208.32,0.7109,-1,-1,-1
873,76,415.37,159.20,49.60,162.61,0.3102,-1,-1,-1
873,75,1373.27,975.16,96.64,104.84,0.7210,-1,-1,-1
873,74,1087.16,2.31,53.49,142.28,0.3506,-1,-1,-1
873,67,433.46,316.34,58.10,194.21,0.6026,-1,-1,-1
873,66,355.73,314.71,58.27,177.17,0.5165,-1,-1,-1
873,64,989.90,468.69,66.33,224.78,0.7415,-1,-1,-1
873,63,898.37,486.71,70.41,220.83,0.7347,-1,-1,-1
873,59,1570.92,596.25,105.28,227.82,0.5868,-1,-1,-1
873,58,900.33,941.58,76.43,138.42,0.7335,-1,-1,-1
873,52,276.98,633.94,83.96,255.20,0.8348,-1,-1,-1
873,4,1717.05,458.17,80.64,207.82,0.7080,-1,-1,-1
874,77,1405.08,10.93,60.70,152.52,0.3253,-1,-1,-1
874,75,1371.41,974.63,97.06,105.37,0.7276,-1,-1,-1
874,74,1087.15,0.99,55.10,141.11,0.3403,-1,-1,-1
874,67,431.47,313.13,59.78,196.95,0.6156,-1,-1,-1
874,66,355.01,315.30,56.84,177.64,0.5331,-1,-1,-1
874,64,989.86,467.88,66.14,225.06,0.7302,-1,-1,-1
874,63,898.31,483.86,69.61,222.22,0.7178,-1,-1,-1
874,59,1572.59,597.30,104.27,226.93,0.6303,-1,-1,-1
874,58,900.17,940.85,77.35,139.15,0.7366,-1,-1,-1
874,52,277.12,634.95,85.63,254.47,0.8305,-1,-1,-1
874,4,1718.58,458.36,79.33,208.16,0.6924,-1,-1,-1
875,77,1406.05,9.66,60.79,153.82,0.3095,-1,-1,-1
875,75,1370.37,972.66,96.38,107.34,0.7075,-1,-1,-1
875,67,431.68,311.94,60.28,198.71,0.5708,-1,-1,-1
875,66,354.78,318.90,58.55,174.57,0.5193,-1,-1,-1
875,64,990.06,467.49,65.65,225.46,0.7285,-1,-1,-1
875,63,896.28,483.19,69.28,221.05,0.7288,-1,-1,-1
875,59,1572.74,597.27,103.93,226.36,0.6245,-1,-1,-1
875,58,902.24,940.01,76.38,139.99,0.7271,-1,-1,-1
875,52,279.88,635.31,83.00,252.95,0.8214,-1,-1,-1
875,4,1717.88,458.47,79.45,206.89,0.6882,-1,-1,-1
876,76,413.60,160.90,46.37,162.67,0.3110,-1,-1,-1
876,75,1367.63,971.45,97.16,108.55,0.7049,-1,-1,-1
876,74,1086.78,0.00,57.71,146.83,0.3065,-1,-1,-1
876,67,431.97,313.79,59.83,195.85,0.5738,-1,-1,-1
876,66,352.89,319.41,62.46,176.14,0.4859,-1,-1,-1
876,64,989.25,467.71,65.56,226.62,0.7278,-1,-1,-1
876,63,896.10,482.80,68.34,223.18,0.7302,-1,-1,-1
876,59,1573.19,598.53,102.00,225.28,0.6204,-1,-1,-1
876,58,901.72,940.03,78.97,139.97,0.7460,-1,-1,-1
876,52,279.88,635.85,85.13,253.41,0.8137,-1,-1,-1
876,4,1718.87,457.80,79.05,207.78,0.6894,-1,-1,-1
877,75,1365.50,968.68,98.23,111.32,0.6994,-1,-1,-1
877,74,1086.31,0.00,59.01,148.99,0.3409,-1,-1,-1
877,67,430.88,314.10,61.68,195.00,0.5504,-1,-1,-1
877,66,353.53,321.62,60.40,178.28,0.5162,-1,-1,-1
877,64,986.99,466.40,67.25,227.48,0.7182,-1,-1,-1
877,63,895.82,482.86,68.66,223.49,0.7215,-1,-1,-1
877,59,1573.23,597.36,103.28,226.69,0.6015,-1,-1,-1
877,58,902.59,939.25,78.35,140.75,0.7300,-1,-1,-1
877,52,281.40,637.37,82.23,252.52,0.7986,-1,-1,-1
877,4,1718.52,458.00,79.60,207.66,0.6726,-1,-1,-1
878,78,1775.18,684.35,62.96,220.97,0.3673,-1,-1,-1
878,75,1361.48,966.37,101.91,113.63,0.7179,-1,-1,-1
878,74,1085.67,0.00,60.47,149.40,0.4432,-1,-1,-1
878,67,429.50,316.87,61.43,193.43,0.5514,-1,-1,-1
878,66,355.38,321.32,58.20,182.99,0.4858,-1,-1,-1
878,64,987.10,465.27,66.04,226.75,0.7105,-1,-1,-1
878,63,895.51,480.75,67.31,224.49,0.7171,-1,-1,-1
878,59,1574.00,596.91,102.21,227.58,0.5767,-1,-1,-1
878,58,903.60,939.22,80.14,140.78,0.7352,-1,-1,-1
878,52,282.58,638.86,84.76,251.24,0.7850,-1,-1,-1
878,4,1719.45,457.44,77.96,207.53,0.6352,-1,-1,-1
879,78,1771.52,680.64,66.85,252.41,0.3977,-1,-1,-1
879,75,1361.75,963.70,100.74,116.30,0.7322,-1,-1,-1
879,74,1085.91,0.00,60.56,152.62,0.4387,-1,-1,-1
879,67,428.90,312.95,61.78,197.70,0.5046,-1,-1,-1
879,66,352.22,323.31,61.52,183.57,0.4133,-1,-1,-1
879,64,984.43,464.67,67.18,226.40,0.6853,-1,-1,-1
879,63,894.77,480.89,66.49,223.14,0.7193,-1,-1,-1
879,59,1573.85,599.79,100.81,225.03,0.5910,-1,-1,-1
879,58,903.15,938.99,80.87,141.01,0.7363,-1,-1,-1
879,52,283.14,640.38,85.79,249.76,0.7806,-1,-1,-1
879,4,1719.29,457.01,78.42,208.22,0.6272,-1,-1,-1
880,78,1768.44,680.10,67.56,261.11,0.4027,-1,-1,-1
880,75,1362.12,960.07,100.22,119.93,0.7307,-1,-1,-1
880,74,1086.13,0.00,61.29,154.27,0.3941,-1,-1,-1
880,67,428.07,319.28,62.60,189.34,0.5744,-1,-1,-1
880,66,337.18,323.15,77.38,185.33,0.4249,-1,-1,-1
880,64,983.73,462.46,67.03,225.25,0.6944,-1,-1,-1
880,63,894.50,478.35,66.81,223.27,0.6972,-1,-1,-1
880,59,1574.38,596.69,100.97,227.08,0.6113,-1,-1,-1
880,58,904.82,937.87,79.77,142.13,0.7404,-1,-1,-1
880,52,284.51,641.27,83.40,249.09,0.7548,-1,-1,-1
880,4,1720.23,457.34,77.08,207.84,0.6361,-1,-1,-1
881,78,1767.04,681.25,70.64,256.14,0.3959,-1,-1,-1
881,75,1360.66,956.93,99.31,123.07,0.7437,-1,-1,-1
881,74,1087.94,0.00,59.42,155.85,0.3402,-1,-1,-1
881,67,428.48,320.54,60.85,188.36,0.5271,-1,-1,-1
881,66,338.07,324.80,74.71,188.05,0.4011,-1,-1,-1
881,64,982.33,459.71,65.55,223.54,0.7040,-1,-1,-1
881,63,894.58,477.01,65.73,220.68,0.6619,-1,-1,-1
881,59,1573.20,598.87,102.77,225.54,0.5649,-1,-1,-1
881,58,904.58,937.72,80.89,142.28,0.7481,-1,-1,-1
881,52,284.89,642.30,85.64,248.07,0.7755,-1,-1,-1
881,4,1719.63,457.57,78.61,208.08,0.6281,-1,-1,-1
882,78,1763.64,681.44,71.71,250.42,0.4364,-1,-1,-1
882,75,1359.28,951.94,98.93,128.06,0.7455,-1,-1,-1
882,72,807.63,137.86,56.81,175.38,0.3030,-1,-1,-1
882,67,428.91,321.20,60.34,187.25,0.5302,-1,-1,-1
882,66,338.02,329.31,73.58,183.71,0.3438,-1,-1,-1
882,64,980.50,456.24,65.33,221.79,0.6957,-1,-1,-1
882,63,894.12,474.19,65.08,226.49,0.6668,-1,-1,-1
882,59,1574.88,597.24,100.60,227.09,0.6035,-1,-1,-1
882,58,904.92,937.19,81.78,142.81,0.7536,-1,-1,-1
882,52,285.40,643.62,86.19,246.89,0.7643,-1,-1,-1
882,4,1720.69,457.88,76.41,208.19,0.6425,-1,-1,-1
883,78,1763.03,683.48,73.30,243.05,0.4765,-1,-1,-1
883,75,1358.62,948.63,97.66,130.59,0.7896,-1,-1,-1
883,67,427.87,318.45,61.67,189.64,0.5487,-1,-1,-1
883,66,336.18,331.80,75.57,181.89,0.4040,-1,-1,-1
883,64,978.87,454.20,66.54,218.48,0.7291,-1,-1,-1
883,63,893.46,470.60,63.71,206.32,0.6739,-1,-1,-1
883,59,1575.25,596.70,98.88,227.52,0.5789,-1,-1,-1
883,58,904.45,937.06,81.72,142.94,0.7434,-1,-1,-1
883,52,285.99,645.20,87.18,245.70,0.7838,-1,-1,-1
883,4,1721.64,457.87,76.11,207.68,0.6432,-1,-1,-1
884,78,1762.05,683.98,72.55,225.80,0.5459,-1,-1,-1
884,75,1356.95,943.37,95.96,135.42,0.7981,-1,-1,-1
884,67,427.92,319.43,59.95,191.69,0.5485,-1,-1,-1
884,66,332.99,335.09,77.62,178.88,0.3966,-1,-1,-1
884,64,976.03,451.61,67.49,219.62,0.6878,-1,-1,-1
884,63,892.19,466.73,62.61,219.87,0.6516,-1,-1,-1
884,59,1576.26,598.23,98.31,226.24,0.5570,-1,-1,-1
884,58,905.81,938.23,81.60,141.77,0.7342,-1,-1,-1
884,52,287.02,648.47,85.92,243.60,0.7819,-1,-1,-1
884,4,1722.36,457.70,74.87,207.80,0.6227,-1,-1,-1
885,78,1759.39,684.58,75.81,220.42,0.5180,-1,-1,-1
885,75,1357.27,939.13,93.98,140.87,0.8064,-1,-1,-1
885,67,427.61,319.02,60.67,197.15,0.5348,-1,-1,-1
885,66,336.84,331.98,74.60,182.14,0.3672,-1,-1,-1
885,64,974.04,449.15,69.00,219.88,0.7030,-1,-1,-1
885,63,892.00,464.56,62.28,221.06,0.6926,-1,-1,-1
885,59,1574.75,599.64,99.60,224.77,0.5474,-1,-1,-1
885,58,907.18,937.38,80.65,142.62,0.7217,-1,-1,-1
885,52,287.07,649.91,85.70,244.64,0.7685,-1,-1,-1
885,4,1722.07,457.85,75.53,206.98,0.6058,-1,-1,-1
886,78,1757.78,684.58,79.35,225.24,0.4773,-1,-1,-1
886,75,1356.21,935.16,92.68,144.49,0.8078,-1,-1,-1
886,67,427.55,320.52,59.12,198.42,0.4820,-1,-1,-1
886,66,332.77,335.96,78.35,177.78,0.3754,-1,-1,-1
886,64,970.29,446.08,72.01,222.92,0.7012,-1,-1,-1
886,63,891.48,460.78,62.58,220.10,0.6875,-1,-1,-1
886,59,1575.25,598.06,100.96,226.63,0.5658,-1,-1,-1
886,58,906.62,936.72,81.62,143.28,0.7281,-1,-1,-1
886,52,288.34,652.17,84.47,246.60,0.7485,-1,-1,-1
886,4,1721.62,457.48,75.23,207.64,0.6148,-1,-1,-1
887,78,1758.41,684.64,75.39,222.87,0.5125,-1,-1,-1
887,75,1353.95,931.19,95.35,146.50,0.7670,-1,-1,-1
887,71,467.83,160.39,69.54,196.86,0.3003,-1,-1,-1
887,67,426.34,323.52,61.82,199.60,0.4812,-1,-1,-1
887,66,329.64,337.38,79.88,176.00,0.3584,-1,-1,-1
887,64,970.24,444.78,72.09,224.28,0.7186,-1,-1,-1
887,63,890.82,462.34,62.86,213.99,0.7272,-1,-1,-1
887,59,1575.07,599.79,100.25,224.55,0.5511,-1,-1,-1
887,58,908.24,937.35,80.95,142.65,0.7179,-1,-1,-1
887,52,288.65,654.23,83.55,246.98,0.7591,-1,-1,-1
887,4,1721.72,456.99,75.27,207.96,0.6180,-1,-1,-1
888,78,1756.40,685.43,77.50,224.00,0.5528,-1,-1,-1
888,75,1354.12,930.27,93.51,149.73,0.7718,-1,-1,-1
888,71,470.14,160.24,68.79,200.05,0.3342,-1,-1,-1
888,67,427.10,326.26,61.10,199.74,0.5072,-1,-1,-1
888,66,329.69,338.50,78.70,175.01,0.4272,-1,-1,-1
888,64,969.03,444.39,74.03,223.02,0.7357,-1,-1,-1
888,63,890.79,457.79,63.26,221.63,0.7334,-1,-1,-1
888,59,1575.49,599.14,100.96,225.95,0.5529,-1,-1,-1
888,58,908.67,937.05,80.16,142.95,0.7101,-1,-1,-1
888,52,290.09,655.80,82.15,248.59,0.7447,-1,-1,-1
888,4,1720.71,458.34,76.44,206.49,0.6287,-1,-1,-1
889,78,1757.36,683.33,76.91,230.37,0.5117,-1,-1,-1
889,75,1349.93,926.03,97.83,153.52,0.7713,-1,-1,-1
889,74,1101.48,0.59,59.18,160.37,0.3397,-1,-1,-1
889,71,467.86,162.49,70.16,198.63,0.3035,-1,-1,-1
889,67,427.40,324.32,60.44,199.73,0.5056,-1,-1,-1
889,66,331.14,340.09,76.57,172.80,0.4198,-1,-1,-1
889,64,968.15,443.86,75.83,224.59,0.7418,-1,-1,-1
889,63,890.68,456.53,62.83,222.25,0.7349,-1,-1,-1
889,59,1575.58,599.73,98.59,224.63,0.5395,-1,-1,-1
889,58,909.68,937.58,80.36,142.42,0.7267,-1,-1,-1
889,52,291.91,658.95,80.10,247.25,0.7298,-1,-1,-1
889,4,1720.40,456.79,77.49,208.45,0.6433,-1,-1,-1
890,78,1755.43,682.66,78.19,237.30,0.4971,-1,-1,-1
890,75,1346.52,925.49,99.18,154.51,0.7562,-1,-1,-1
890,74,1101.79,5.80,59.95,155.24,0.3591,-1,-1,-1
890,71,466.00,162.85,72.37,198.96,0.3463,-1,-1,-1
890,67,423.40,329.23,62.85,201.25,0.5097,-1,-1,-1
890,66,333.78,341.66,72.04,170.90,0.4892,-1,-1,-1
890,64,965.79,443.51,77.18,224.87,0.7269,-1,-1,-1
890,63,890.14,457.39,62.32,218.63,0.7161,-1,-1,-1
890,59,1575.03,599.79,99.43,225.10,0.5308,-1,-1,-1
890,58,911.59,937.30,78.07,142.70,0.7378,-1,-1,-1
890,52,291.56,659.62,80.80,251.26,0.7122,-1,-1,-1
890,4,1720.01,456.39,78.38,209.93,0.6654,-1,-1,-1
891,78,1753.95,683.07,79.38,236.67,0.5384,-1,-1,-1
891,75,1345.56,926.27,99.41,153.73,0.7919,-1,-1,-1
891,74,1102.89,5.54,60.11,156.36,0.3881,-1,-1,-1
891,71,470.02,165.82,68.29,194.81,0.3706,-1,-1,-1
891,67,422.71,329.59,63.30,201.19,0.5162,-1,-1,-1
891,66,338.31,340.14,66.70,173.98,0.4811,-1,-1,-1
891,64,963.20,443.59,81.81,226.02,0.7229,-1,-1,-1
891,63,889.36,455.34,62.37,218.96,0.7333,-1,-1,-1
891,59,1576.05,597.03,99.22,227.68,0.5408,-1,-1,-1
891,58,910.74,937.82,79.01,142.18,0.7348,-1,-1,-1
891,52,293.81,662.15,79.10,252.63,0.7010,-1,-1,-1
891,4,1721.47,457.03,75.65,208.92,0.6462,-1,-1,-1
892,78,1753.68,682.34,79.39,234.76,0.5399,-1,-1,-1
892,75,1341.61,924.39,103.95,155.61,0.7794,-1,-1,-1
892,74,1104.77,7.77,58.50,155.94,0.4668,-1,-1,-1
892,71,469.01,165.46,69.80,197.59,0.4127,-1,-1,-1
892,67,421.13,331.71,64.66,199.67,0.5443,-1,-1,-1
892,66,338.56,342.03,65.26,172.17,0.5024,-1,-1,-1
892,64,961.91,443.76,83.70,226.76,0.7302,-1,-1,-1
892,63,887.98,456.50,62.72,219.95,0.6969,-1,-1,-1
892,59,1573.67,596.09,100.97,228.64,0.5359,-1,-1,-1
892,58,911.23,937.72,77.99,142.28,0.7293,-1,-1,-1
892,52,295.09,664.22,78.59,253.56,0.7621,-1,-1,-1
892,4,1720.85,456.51,76.93,209.17,0.6460,-1,-1,-1
893,78,1752.58,681.80,81.42,237.87,0.5611,-1,-1,-1
893,75,1337.97,921.03,106.53,158.97,0.7807,-1,-1,-1
893,74,1104.57,8.62,59.54,156.37,0.3930,-1,-1,-1
893,71,478.36,172.42,60.24,189.47,0.4138,-1,-1,-1
893,67,422.10,333.75,64.37,196.60,0.5464,-1,-1,-1
893,66,339.30,345.20,66.19,171.16,0.5257,-1,-1,-1
893,64,961.65,442.08,83.77,226.82,0.7444,-1,-1,-1
893,63,885.56,455.71,63.30,219.22,0.7198,-1,-1,-1
893,59,1574.88,595.29,100.02,229.10,0.5350,-1,-1,-1
893,58,912.67,937.95,77.40,142.05,0.7340,-1,-1,-1
893,52,297.45,664.24,77.97,255.52,0.7772,-1,-1,-1
893,4,1721.67,457.15,76.20,208.54,0.6383,-1,-1,-1
894,78,1751.65,680.23,82.94,242.98,0.5689,-1,-1,-1
894,75,1334.68,917.35,106.40,162.65,0.7872,-1,-1,-1
894,71,470.78,168.76,68.63,192.39,0.4280,-1,-1,-1
894,67,420.57,333.08,65.58,198.33,0.5133,-1,-1,-1
894,66,340.87,345.22,65.27,173.47,0.4428,-1,-1,-1
894,64,961.63,441.28,84.41,226.77,0.7483,-1,-1,-1
894,63,885.82,455.74,62.27,218.60,0.6968,-1,-1,-1
894,59,1573.56,592.86,101.50,232.26,0.5025,-1,-1,-1
894,58,913.16,937.96,75.93,142.04,0.7381,-1,-1,-1
894,52,297.40,666.64,79.08,254.67,0.7549,-1,-1,-1
894,4,1720.22,457.32,77.61,208.16,0.6377,-1,-1,-1
895,78,1751.24,681.83,82.72,237.92,0.5809,-1,-1,-1
895,75,1331.90,917.24,106.16,162.76,0.7862,-1,-1,-1
895,74,1106.33,14.21,59.06,153.98,0.3734,-1,-1,-1
895,71,475.39,170.88,64.77,191.28,0.4873,-1,-1,-1
895,67,420.09,333.32,65.02,197.85,0.5185,-1,-1,-1
895,66,340.17,345.63,64.21,179.77,0.4963,-1,-1,-1
895,64,962.32,441.04,84.17,225.80,0.7439,-1,-1,-1
895,63,883.59,455.42,62.24,218.78,0.7147,-1,-1,-1
895,59,1573.12,596.37,101.36,228.32,0.5249,-1,-1,-1
895,58,913.27,938.33,76.69,141.67,0.7413,-1,-1,-1
895,52,298.03,668.05,79.77,252.83,0.7257,-1,-1,-1
895,4,1720.11,456.75,77.35,208.75,0.6312,-1,-1,-1
896,78,1749.99,682.10,84.16,238.75,0.5842,-1,-1,-1
896,75,1332.52,913.43,102.00,166.57,0.7726,-1,-1,-1
896,74,1107.62,16.04,58.38,151.90,0.4134,-1,-1,-1
896,71,474.38,169.91,66.61,191.64,0.4863,-1,-1,-1
896,67,420.33,333.60,64.66,197.50,0.5074,-1,-1,-1
896,66,339.87,346.67,64.28,178.95,0.5137,-1,-1,-1
896,64,962.03,438.71,84.32,226.47,0.7395,-1,-1,-1
896,63,884.85,455.68,60.26,215.83,0.6948,-1,-1,-1
896,59,1572.97,597.88,101.38,226.86,0.5778,-1,-1,-1
896,58,913.29,938.67,75.33,141.33,0.7138,-1,-1,-1
896,52,298.67,668.00,81.76,251.94,0.7385,-1,-1,-1
896,4,1719.64,457.29,77.58,208.54,0.6309,-1,-1,-1
897,78,1750.42,680.48,82.07,238.64,0.5733,-1,-1,-1
897,75,1331.17,908.23,100.43,171.77,0.7777,-1,-1,-1
897,74,1108.00,16.24,57.86,153.52,0.3380,-1,-1,-1
897,71,469.77,170.24,70.33,192.86,0.4452,-1,-1,-1
897,67,419.67,335.24,65.67,194.57,0.4865,-1,-1,-1
897,66,339.77,349.10,65.68,180.62,0.4860,-1,-1,-1
897,64,963.26,435.92,82.07,227.33,0.7410,-1,-1,-1
897,63,882.53,451.92,62.53,219.73,0.7087,-1,-1,-1
897,59,1573.41,598.65,100.78,226.05,0.5731,-1,-1,-1
897,58,913.07,939.07,76.08,140.93,0.7349,-1,-1,-1
897,52,297.74,668.61,86.07,253.41,0.7480,-1,-1,-1
897,4,1719.84,457.11,77.50,207.55,0.6426,-1,-1,-1
898,78,1751.30,680.71,80.61,239.36,0.5426,-1,-1,-1
898,75,1328.96,903.66,99.07,176.34,0.7875,-1,-1,-1
898,74,1108.81,16.90,55.41,152.09,0.3032,-1,-1,-1
898,71,468.67,171.72,73.54,190.21,0.4349,-1,-1,-1
898,67,418.55,334.50,65.45,194.62,0.5061,-1,-1,-1
898,66,339.78,354.78,62.73,179.36,0.4905,-1,-1,-1
898,64,962.79,433.72,81.04,225.68,0.7278,-1,-1,-1
898,63,881.21,450.43,62.39,218.63,0.6763,-1,-1,-1
898,59,1574.35,596.97,101.81,227.26,0.5849,-1,-1,-1
898,58,911.53,940.00,75.65,139.90,0.7346,-1,-1,-1
898,52,297.23,669.96,90.39,251.39,0.7631,-1,-1,-1
898,4,1720.14,457.06,76.97,208.62,0.6439,-1,-1,-1
899,78,1751.22,680.13,79.66,240.47,0.5110,-1,-1,-1
899,75,1328.19,899.46,96.50,180.54,0.7948,-1,-1,-1
899,74,1109.89,16.80,52.94,152.35,0.3596,-1,-1,-1
899,71,468.56,170.64,74.18,192.92,0.4393,-1,-1,-1
899,67,418.06,336.21,65.88,193.05,0.5086,-1,-1,-1
899,66,338.36,356.82,65.70,177.72,0.5336,-1,-1,-1
899,64,962.45,431.47,80.12,222.28,0.7280,-1,-1,-1
899,63,879.57,446.86,62.59,211.93,0.6650,-1,-1,-1
899,59,1574.78,600.51,101.34,223.61,0.5779,-1,-1,-1
899,58,912.27,941.02,73.81,138.92,0.7416,-1,-1,-1
899,52,298.01,669.97,91.50,252.36,0.7685,-1,-1,-1
899,4,1720.45,457.05,75.54,209.04,0.6377,-1,-1,-1
900,78,1752.14,681.13,77.68,238.30,0.5398,-1,-1,-1
900,75,1327.05,895.22,97.45,184.78,0.7993,-1,-1,-1
900,74,1110.57,14.87,52.02,155.40,0.3768,-1,-1,-1
900,71,468.43,171.28,75.61,190.45,0.4059,-1,-1,-1
900,67,417.58,335.74,66.25,197.19,0.5178,-1,-1,-1
900,66,337.10,355.59,65.30,181.06,0.5388,-1,-1,-1
900,64,962.53,428.15,78.74,222.52,0.7234,-1,-1,-1
900,63,877.98,445.18,61.74,213.75,0.6728,-1,-1,-1
900,59,1574.83,600.77,100.01,223.46,0.5754,-1,-1,-1
900,58,912.77,942.77,72.36,136.74,0.7254,-1,-1,-1
900,52,297.91,670.96,95.41,252.27,0.7706,-1,-1,-1
900,4,1720.62,455.78,75.97,209.77,0.6200,-1,-1,-1
901,78,1749.59,683.03,78.19,236.85,0.5600,-1,-1,-1
901,75,1325.11,892.16,97.30,187.84,0.8131,-1,-1,-1
901,74,1110.16,14.96,52.92,158.08,0.3342,-1,-1,-1
901,71,468.71,172.98,77.56,189.19,0.3450,-1,-1,-1
901,67,415.46,337.99,67.85,197.52,0.5250,-1,-1,-1
901,66,334.91,352.17,69.67,181.62,0.4905,-1,-1,-1
901,64,964.55,424.42,75.22,222.60,0.7155,-1,-1,-1
901,63,876.45,442.14,63.28,210.86,0.6634,-1,-1,-1
901,59,1575.72,598.68,101.78,225.87,0.5802,-1,-1,-1
901,58,912.93,943.39,71.90,135.81,0.7374,-1,-1,-1
901,52,297.70,672.68,97.80,249.19,0.7864,-1,-1,-1
901,4,1721.71,457.41,75.65,206.98,0.6040,-1,-1,-1
902,78,1749.86,682.11,78.31,238.86,0.5495,-1,-1,-1
902,75,1323.20,888.97,95.83,191.03,0.8059,-1,-1,-1
902,74,1110.53,17.15,52.25,158.43,0.3089,-1,-1,-1
902,71,470.45,173.93,75.69,183.54,0.3178,-1,-1,-1
902,67,418.02,338.03,65.87,202.13,0.5162,-1,-1,-1
902,66,333.81,352.08,71.84,181.28,0.4254,-1,-1,-1
902,64,965.99,422.52,72.35,217.55,0.7305,-1,-1,-1
902,63,874.97,440.27,63.38,210.75,0.6951,-1,-1,-1
902,59,1577.46,598.97,98.92,225.00,0.5819,-1,-1,-1
902,58,913.75,944.36,69.20,134.81,0.7262,-1,-1,-1
902,52,297.52,675.03,99.30,249.75,0.8124,-1,-1,-1
902,4,1721.47,456.75,75.37,208.08,0.6088,-1,-1,-1
903,78,1751.35,680.34,78.63,242.21,0.5654,-1,-1,-1
903,75,1320.91,884.81,96.25,195.18,0.7816,-1,-1,-1
903,74,1110.92,18.43,52.31,159.70,0.3012,-1,-1,-1
903,71,470.77,174.20,75.68,182.40,0.3100,-1,-1,-1
903,67,415.65,340.91,67.91,202.30,0.5508,-1,-1,-1
903,66,332.00,351.47,73.60,182.00,0.3670,-1,-1,-1
903,64,966.71,420.97,70.14,217.59,0.7163,-1,-1,-1
903,63,874.63,438.20,63.10,210.85,0.6913,-1,-1,-1
903,59,1578.38,598.78,97.95,225.64,0.5936,-1,-1,-1
903,58,913.03,945.44,69.60,134.56,0.7352,-1,-1,-1
903,52,298.11,676.70,98.52,254.51,0.8225,-1,-1,-1
903,4,1720.74,457.46,75.79,208.40,0.5955,-1,-1,-1
904,78,1751.66,682.40,80.15,240.18,0.5873,-1,-1,-1
904,75,1318.33,880.89,94.85,199.11,0.7711,-1,-1,-1
904,74,1110.95,20.08,53.45,158.46,0.3790,-1,-1,-1
904,71,470.65,173.47,68.92,190.94,0.3136,-1,-1,-1
904,67,419.75,344.01,64.03,202.53,0.4946,-1,-1,-1
904,66,325.86,353.50,78.56,179.42,0.3806,-1,-1,-1
904,64,967.22,420.61,68.99,217.15,0.7101,-1,-1,-1
904,63,873.85,437.08,63.50,214.75,0.7103,-1,-1,-1
904,59,1576.99,599.42,99.28,224.54,0.5480,-1,-1,-1
904,58,913.77,946.40,68.45,133.60,0.7205,-1,-1,-1
904,52,299.06,678.94,97.52,254.02,0.8374,-1,-1,-1
904,4,1722.39,457.18,74.50,207.43,0.6276,-1,-1,-1
905,78,1752.91,682.60,78.69,244.27,0.5761,-1,-1,-1
905,75,1316.52,878.05,94.64,200.58,0.7484,-1,-1,-1
905,74,1110.87,21.60,54.48,159.92,0.3494,-1,-1,-1
905,67,418.13,349.02,64.17,198.88,0.4792,-1,-1,-1
905,66,348.40,354.83,54.65,178.89,0.4176,-1,-1,-1
905,64,966.34,418.75,70.17,219.28,0.7309,-1,-1,-1
905,63,874.42,435.16,61.44,213.53,0.7179,-1,-1,-1
905,59,1576.74,598.44,99.50,226.19,0.5775,-1,-1,-1
905,58,913.10,947.64,68.94,132.36,0.7272,-1,-1,-1
905,52,300.96,680.49,96.24,259.28,0.8372,-1,-1,-1
905,4,1722.14,456.75,74.76,208.25,0.6411,-1,-1,-1
906,78,1752.71,683.03,79.47,238.58,0.6101,-1,-1,-1
906,75,1315.46,876.54,92.17,202.55,0.7588,-1,-1,-1
906,74,1109.80,22.74,56.08,159.50,0.3373,-1,-1,-1
906,71,469.86,169.74,69.74,201.92,0.3102,-1,-1,-1
906,67,414.74,348.86,65.70,201.78,0.5891,-1,-1,-1
906,66,349.88,353.82,52.76,181.14,0.4333,-1,-1,-1
906,64,966.28,418.09,69.02,217.80,0.7333,-1,-1,-1
906,63,873.08,434.95,61.23,214.82,0.7389,-1,-1,-1
906,59,1578.24,599.04,98.35,225.27,0.5944,-1,-1,-1
906,58,912.81,949.44,68.99,130.56,0.7253,-1,-1,-1
906,52,303.31,682.66,94.00,261.40,0.8410,-1,-1,-1
906,4,1721.00,456.59,75.04,209.10,0.6352,-1,-1,-1
907,78,1753.44,683.02,79.66,240.67,0.6243,-1,-1,-1
907,75,1313.01,877.06,94.34,202.94,0.7324,-1,-1,-1
907,74,1108.47,25.42,58.85,160.29,0.3286,-1,-1,-1
907,71,468.38,169.58,72.44,203.13,0.3335,-1,-1,-1
907,67,413.18,344.38,70.22,207.46,0.5855,-1,-1,-1
907,66,348.24,359.42,52.98,175.61,0.4177,-1,-1,-1
907,64,966.75,417.91,69.22,220.47,0.6832,-1,-1,-1
907,63,871.73,432.78,62.90,215.05,0.7308,-1,-1,-1
907,59,1580.24,599.36,95.73,224.66,0.5620,-1,-1,-1
907,58,908.49,949.09,73.82,130.91,0.7463,-1,-1,-1
907,52,305.37,685.20,91.50,255.33,0.8388,-1,-1,-1
907,4,1721.18,457.39,74.99,207.54,0.6206,-1,-1,-1
908,78,1755.12,684.20,78.64,240.75,0.6295,-1,-1,-1
908,75,1309.65,876.52,95.71,203.48,0.7337,-1,-1,-1
908,71,468.68,172.01,72.43,206.39,0.3507,-1,-1,-1
908,67,412.83,346.19,70.04,206.71,0.5885,-1,-1,-1
908,66,321.29,355.56,80.26,178.71,0.4347,-1,-1,-1
908,64,966.82,417.82,67.41,219.79,0.7236,-1,-1,-1
908,63,870.99,432.22,62.46,218.98,0.7244,-1,-1,-1
908,59,1577.03,598.07,98.02,226.67,0.6042,-1,-1,-1
908,58,910.76,950.99,71.48,129.01,0.7265,-1,-1,-1
908,52,307.39,687.73,89.81,257.39,0.8393,-1,-1,-1
908,4,1721.76,457.52,74.32,206.68,0.6251,-1,-1,-1
909,78,1755.47,684.40,78.76,238.61,0.6278,-1,-1,-1
909,75,1308.31,874.43,93.48,205.57,0.7357,-1,-1,-1
909,67,415.50,355.35,63.33,197.28,0.5978,-1,-1,-1
909,66,322.51,358.75,76.92,179.56,0.5402,-1,-1,-1
909,64,966.35,417.26,67.32,223.40,0.7151,-1,-1,-1
909,63,870.72,432.06,61.84,219.30,0.7268,-1,-1,-1
909,59,1579.14,597.25,95.91,226.79,0.5939,-1,-1,-1
909,58,908.23,950.13,73.41,129.87,0.7387,-1,-1,-1
909,52,307.89,689.92,89.56,260.16,0.8418,-1,-1,-1
909,4,1721.94,457.03,73.26,207.34,0.6059,-1,-1,-1
910,78,1756.77,683.36,77.08,240.11,0.6107,-1,-1,-1
910,75,1307.34,872.41,92.28,207.59,0.7560,-1,-1,-1
910,71,468.49,177.85,88.16,196.57,0.3873,-1,-1,-1
910,67,413.63,350.54,66.10,201.47,0.6177,-1,-1,-1
910,66,322.18,358.29,78.40,184.05,0.5751,-1,-1,-1
910,64,964.37,417.29,68.85,222.59,0.7157,-1,-1,-1
910,63,870.51,431.49,62.61,219.35,0.7140,-1,-1,-1
910,59,1574.44,598.40,101.27,225.93,0.5758,-1,-1,-1
910,58,907.58,951.09,74.70,128.91,0.7347,-1,-1,-1
910,52,307.68,692.01,89.79,262.69,0.8391,-1,-1,-1
910,4,1721.87,456.53,74.38,208.91,0.6293,-1,-1,-1
911,78,1757.27,683.52,76.78,240.02,0.6093,-1,-1,-1
911,75,1304.96,869.35,90.70,210.65,0.7713,-1,-1,-1
911,71,469.65,177.84,81.45,200.47,0.3049,-1,-1,-1
911,67,415.09,356.52,61.89,196.08,0.6227,-1,-1,-1
911,66,324.20,364.35,76.91,181.67,0.5649,-1,-1,-1
911,64,965.41,415.85,67.14,223.79,0.7069,-1,-1,-1
911,63,870.00,430.55,62.46,220.59,0.7111,-1,-1,-1
911,59,1574.82,599.27,100.48,225.09,0.5520,-1,-1,-1
911,58,907.97,951.67,74.14,128.33,0.7432,-1,-1,-1
911,52,307.67,693.70,89.04,261.93,0.8372,-1,-1,-1
911,4,1721.24,457.70,76.56,206.64,0.6302,-1,-1,-1
912,78,1757.84,683.57,76.63,240.75,0.6185,-1,-1,-1
912,75,1303.16,866.43,90.59,213.54,0.7661,-1,-1,-1
912,67,412.94,352.06,64.03,201.78,0.6219,-1,-1,-1
912,66,325.35,366.99,74.40,181.13,0.5704,-1,-1,-1
912,64,964.25,415.05,66.72,219.97,0.7016,-1,-1,-1
912,63,869.79,429.22,62.53,218.27,0.6916,-1,-1,-1
912,59,1573.71,597.60,101.71,226.63,0.5384,-1,-1,-1
912,58,909.46,953.10,73.23,126.90,0.7405,-1,-1,-1
912,52,307.91,695.22,88.32,263.32,0.8344,-1,-1,-1
912,4,1721.80,456.49,75.48,207.73,0.6298,-1,-1,-1
913,78,1757.67,681.71,77.31,242.21,0.6184,-1,-1,-1
913,75,1302.07,861.04,89.64,218.96,0.7719,-1,-1,-1
913,72,808.25,137.74,56.63,173.37,0.3024,-1,-1,-1
913,67,411.92,351.79,65.75,201.97,0.6023,-1,-1,-1
913,66,327.29,367.62,74.63,183.17,0.5167,-1,-1,-1
913,64,962.92,412.53,66.99,217.60,0.6855,-1,-1,-1
913,63,868.71,426.43,63.28,222.20,0.7051,-1,-1,-1
913,59,1575.85,598.54,98.86,225.75,0.5484,-1,-1,-1
913,58,909.42,952.77,72.95,127.23,0.7402,-1,-1,-1
913,52,307.65,696.24,87.91,261.76,0.8276,-1,-1,-1
913,4,1721.51,455.90,75.74,208.50,0.5954,-1,-1,-1
914,79,1719.44,93.47,52.10,165.08,0.3675,-1,-1,-1
914,78,1758.98,680.40,76.21,244.40,0.5933,-1,-1,-1
914,75,1298.87,857.19,91.03,222.81,0.7724,-1,-1,-1
914,67,412.20,355.75,64.41,196.99,0.5548,-1,-1,-1
914,66,327.58,366.74,74.58,185.51,0.5375,-1,-1,-1
914,64,961.62,410.14,66.75,212.16,0.6979,-1,-1,-1
914,63,868.18,426.00,61.90,216.97,0.6767,-1,-1,-1
914,59,1573.93,597.59,102.10,226.48,0.4662,-1,-1,-1
914,58,908.16,953.17,74.60,126.83,0.7464,-1,-1,-1
914,52,307.57,696.68,88.05,261.03,0.8219,-1,-1,-1
914,4,1722.70,456.08,74.17,208.32,0.6206,-1,-1,-1
915,79,1721.76,92.70,49.21,165.37,0.3630,-1,-1,-1
915,78,1758.20,677.53,76.14,246.33,0.5838,-1,-1,-1
915,75,1298.49,853.44,92.21,226.56,0.7732,-1,-1,-1
915,72,809.75,137.44,54.98,171.82,0.3103,-1,-1,-1
915,67,411.36,355.44,65.11,196.99,0.5398,-1,-1,-1
915,66,329.51,368.70,71.94,185.26,0.5386,-1,-1,-1
915,64,960.70,408.47,65.69,209.50,0.7020,-1,-1,-1
915,63,867.95,421.83,60.78,204.02,0.6632,-1,-1,-1
915,59,1574.28,598.75,100.79,225.64,0.5314,-1,-1,-1
915,58,907.19,953.67,75.19,126.33,0.7472,-1,-1,-1
915,52,307.46,697.76,87.53,260.04,0.8160,-1,-1,-1
915,4,1722.34,456.67,73.20,207.30,0.6139,-1,-1,-1
916,79,1724.61,92.28,46.33,165.48,0.4358,-1,-1,-1
916,78,1757.43,676.39,76.35,252.42,0.5581,-1,-1,-1
916,75,1295.96,849.67,93.22,230.33,0.7698,-1,-1,-1
916,72,806.25,138.04,59.25,177.14,0.3087,-1,-1,-1
916,71,466.29,181.76,69.80,194.08,0.3005,-1,-1,-1
916,67,406.45,347.02,70.90,206.17,0.5001,-1,-1,-1
916,66,328.43,371.40,71.06,183.38,0.5293,-1,-1,-1
916,64,959.24,406.50,64.93,206.89,0.7079,-1,-1,-1
916,63,867.99,419.97,60.27,206.74,0.6699,-1,-1,-1
916,59,1573.62,600.15,100.12,223.62,0.5466,-1,-1,-1
916,58,906.95,953.77,75.53,126.23,0.7440,-1,-1,-1
916,52,307.02,699.46,87.16,258.17,0.7993,-1,-1,-1
916,4,1721.86,456.10,74.45,208.18,0.6029,-1,-1,-1
917,79,1725.53,94.24,45.11,162.75,0.4408,-1,-1,-1
917,78,1758.38,675.67,76.40,251.38,0.5497,-1,-1,-1
917,75,1294.68,845.14,94.55,234.86,0.7742,-1,-1,-1
917,74,1117.16,33.77,56.79,164.44,0.3199,-1,-1,-1
917,72,807.04,137.32,58.10,175.87,0.3113,-1,-1,-1
917,71,461.96,183.08,69.11,196.27,0.4035,-1,-1,-1
917,67,410.48,355.46,63.77,196.78,0.5347,-1,-1,-1
917,66,328.05,371.27,72.26,183.68,0.5522,-1,-1,-1
917,64,957.65,403.80,64.59,208.95,0.7382,-1,-1,-1
917,63,867.49,415.79,59.76,212.62,0.6914,-1,-1,-1
917,59,1573.75,599.66,100.95,224.39,0.4555,-1,-1,-1
917,58,906.64,953.68,75.62,126.32,0.7446,-1,-1,-1
917,52,306.58,701.99,86.69,255.81,0.8086,-1,-1,-1
917,4,1721.23,456.50,74.13,207.86,0.6353,-1,-1,-1
918,79,1726.89,93.87,44.04,166.32,0.4061,-1,-1,-1
918,78,1756.43,674.20,77.46,252.90,0.5495,-1,-1,-1
918,75,1291.03,841.63,94.70,238.37,0.7655,-1,-1,-1
918,74,1117.82,34.51,57.08,167.45,0.3420,-1,-1,-1
918,71,461.12,180.63,68.61,204.20,0.4237,-1,-1,-1
918,67,407.76,350.36,70.07,203.36,0.5585,-1,-1,-1
918,66,328.05,371.37,72.34,183.60,0.5274,-1,-1,-1
918,64,954.02,400.81,66.33,210.93,0.7145,-1,-1,-1
918,63,866.76,414.65,59.88,212.44,0.7008,-1,-1,-1
918,59,1574.45,600.82,99.51,223.35,0.5713,-1,-1,-1
918,58,906.92,954.55,75.44,125.45,0.7494,-1,-1,-1
918,52,306.73,702.49,86.13,254.07,0.7995,-1,-1,-1
918,4,1721.69,455.63,73.53,209.39,0.6127,-1,-1,-1
919,79,1726.46,95.56,44.68,166.15,0.3179,-1,-1,-1
919,78,1759.22,677.14,75.00,250.72,0.5605,-1,-1,-1
919,75,1290.73,839.09,95.15,240.91,0.7651,-1,-1,-1
919,74,1119.65,34.89,58.54,165.31,0.3070,-1,-1,-1
919,71,457.63,183.79,71.99,205.05,0.4636,-1,-1,-1
919,67,406.61,351.59,71.02,206.87,0.5701,-1,-1,-1
919,66,326.36,373.41,74.04,181.79,0.4929,-1,-1,-1
919,64,952.86,398.64,67.68,213.08,0.7158,-1,-1,-1
919,63,865.92,413.20,61.51,214.14,0.7219,-1,-1,-1
919,59,1574.54,598.63,99.41,225.11,0.5454,-1,-1,-1
919,58,906.76,954.72,76.26,125.28,0.7416,-1,-1,-1
919,52,306.97,703.35,86.31,252.30,0.7887,-1,-1,-1
919,4,1721.75,455.46,74.15,210.54,0.6047,-1,-1,-1
920,78,1759.44,678.66,75.79,250.51,0.5530,-1,-1,-1
920,75,1287.59,835.61,95.80,244.39,0.7744,-1,-1,-1
920,74,1119.35,35.62,59.69,167.49,0.3691,-1,-1,-1
920,71,458.17,185.11,71.09,205.10,0.3802,-1,-1,-1
920,67,408.27,354.32,67.89,205.55,0.5471,-1,-1,-1
920,66,327.96,373.68,73.85,182.22,0.4568,-1,-1,-1
920,64,950.92,396.26,68.83,215.73,0.7452,-1,-1,-1
920,63,866.16,408.26,60.93,214.32,0.7462,-1,-1,-1
920,59,1575.39,599.81,98.35,224.07,0.5438,-1,-1,-1
920,58,906.40,955.61,76.44,124.39,0.7421,-1,-1,-1
920,52,306.30,705.46,88.15,253.80,0.7923,-1,-1,-1
920,4,1720.60,455.98,75.31,208.92,0.6088,-1,-1,-1
921,78,1759.32,678.84,75.95,249.98,0.5602,-1,-1,-1
921,75,1288.05,833.91,93.20,246.09,0.7706,-1,-1,-1
921,74,1120.49,38.61,59.23,167.14,0.3984,-1,-1,-1
921,71,458.44,185.79,69.94,209.14,0.3458,-1,-1,-1
921,67,406.89,355.99,68.97,207.58,0.5533,-1,-1,-1
921,66,327.30,373.78,73.89,181.24,0.4751,-1,-1,-1
921,64,947.82,394.92,72.60,217.10,0.7422,-1,-1,-1
921,63,865.81,407.85,61.16,217.33,0.7617,-1,-1,-1
921,59,1574.62,601.23,99.96,222.90,0.5407,-1,-1,-1
921,58,906.20,954.95,75.29,124.93,0.7195,-1,-1,-1
921,52,306.45,706.78,87.43,254.43,0.7887,-1,-1,-1
921,4,1720.94,455.30,75.06,210.67,0.6019,-1,-1,-1
922,78,1759.50,677.47,75.81,250.91,0.5392,-1,-1,-1
922,75,1285.57,832.08,93.32,247.57,0.7847,-1,-1,-1
922,74,1121.37,41.72,59.09,164.10,0.4621,-1,-1,-1
922,72,806.97,136.20,57.78,177.18,0.3111,-1,-1,-1
922,71,457.05,190.45,71.62,201.98,0.4128,-1,-1,-1
922,67,405.85,359.29,68.58,204.56,0.5432,-1,-1,-1
922,66,325.69,374.31,76.79,181.27,0.4931,-1,-1,-1
922,64,946.80,393.57,73.60,218.25,0.7355,-1,-1,-1
922,63,866.04,407.31,60.31,216.36,0.7642,-1,-1,-1
922,59,1575.76,599.60,98.40,224.17,0.4997,-1,-1,-1
922,58,905.59,955.12,76.43,124.88,0.7306,-1,-1,-1
922,52,306.57,708.35,87.31,257.97,0.7728,-1,-1,-1
922,4,1720.64,455.40,74.73,209.61,0.6099,-1,-1,-1
923,78,1759.06,677.73,74.15,249.85,0.5804,-1,-1,-1
923,75,1285.14,830.35,93.23,249.40,0.7878,-1,-1,-1
923,74,1121.95,42.15,58.93,168.37,0.4179,-1,-1,-1
923,71,454.52,192.19,73.60,199.22,0.4586,-1,-1,-1
923,67,405.06,360.89,68.84,204.98,0.5240,-1,-1,-1
923,66,327.15,374.56,73.77,181.16,0.4722,-1,-1,-1
923,64,945.48,393.04,76.33,220.01,0.7378,-1,-1,-1
923,63,865.95,406.85,59.58,217.65,0.7653,-1,-1,-1
923,59,1573.39,598.37,101.76,225.75,0.5155,-1,-1,-1
923,58,906.15,955.64,76.80,124.36,0.7331,-1,-1,-1
923,52,306.65,710.18,87.12,258.46,0.7699,-1,-1,-1
923,4,1719.62,455.96,75.78,210.02,0.6228,-1,-1,-1
924,79,1728.39,98.84,50.04,179.59,0.3200,-1,-1,-1
924,78,1755.54,675.34,75.99,248.52,0.5566,-1,-1,-1
924,75,1282.50,829.75,95.41,248.07,0.7902,-1,-1,-1
924,74,1123.18,44.92,58.65,164.12,0.4015,-1,-1,-1
924,72,806.25,137.34,58.30,175.45,0.3319,-1,-1,-1
924,71,456.82,194.15,71.25,198.39,0.4409,-1,-1,-1
924,67,403.45,362.08,71.46,209.48,0.5491,-1,-1,-1
924,66,328.64,376.33,71.02,179.99,0.5064,-1,-1,-1
924,64,943.73,392.23,79.04,222.04,0.7564,-1,-1,-1
924,63,865.63,406.53,60.07,215.12,0.7514,-1,-1,-1
924,59,1574.42,598.57,99.85,225.63,0.4710,-1,-1,-1
924,58,906.17,955.76,76.69,124.24,0.7354,-1,-1,-1
924,52,307.22,711.64,86.07,262.57,0.7530,-1,-1,-1
924,4,1719.12,455.53,77.11,209.77,0.6289,-1,-1,-1
925,80,1616.45,74.68,49.60,160.04,0.3157,-1,-1,-1
925,78,1755.90,676.61,76.74,248.09,0.5362,-1,-1,-1
925,75,1279.78,829.51,97.35,247.21,0.7775,-1,-1,-1
925,74,1122.73,46.59,58.26,162.91,0.4257,-1,-1,-1
925,71,455.63,196.16,72.81,199.03,0.3688,-1,-1,-1
925,67,401.73,363.39,71.69,211.83,0.5781,-1,-1,-1
925,66,328.13,377.29,70.42,180.26,0.5646,-1,-1,-1
925,64,942.31,392.29,79.10,221.93,0.7579,-1,-1,-1
925,63,864.64,406.34,60.78,215.33,0.7589,-1,-1,-1
925,59,1577.33,597.84,95.72,228.93,0.3548,-1,-1,-1
925,58,906.48,954.75,75.58,125.25,0.7234,-1,-1,-1
925,52,308.10,714.69,85.26,261.41,0.7441,-1,-1,-1
925,4,1718.54,455.32,77.01,210.58,0.6066,-1,-1,-1
926,78,1756.66,677.19,77.21,250.33,0.5901,-1,-1,-1
926,75,1279.69,827.52,93.34,250.75,0.7913,-1,-1,-1
926,74,1123.55,46.38,58.80,164.59,0.4183,-1,-1,-1
926,72,806.21,136.74,58.14,176.11,0.3229,-1,-1,-1
926,71,455.19,200.02,72.46,200.64,0.4078,-1,-1,-1
926,67,400.26,363.53,73.21,212.55,0.5021,-1,-1,-1
926,66,329.16,379.26,68.98,180.22,0.5367,-1,-1,-1
926,64,940.49,392.14,81.04,221.91,0.7608,-1,-1,-1
926,63,864.24,405.86,60.60,215.35,0.7062,-1,-1,-1
926,59,1577.82,598.33,94.65,228.66,0.3216,-1,-1,-1
926,58,907.10,955.39,76.80,124.61,0.7306,-1,-1,-1
926,52,308.19,717.72,86.66,261.08,0.7456,-1,-1,-1
926,4,1719.17,456.10,76.59,209.30,0.5821,-1,-1,-1
927,80,1617.23,75.30,51.01,161.78,0.3156,-1,-1,-1
927,78,1757.03,676.72,77.35,253.42,0.5867,-1,-1,-1
927,75,1276.49,825.51,94.06,252.25,0.8025,-1,-1,-1
927,74,1124.68,46.88,57.51,164.05,0.4166,-1,-1,-1
927,72,806.39,137.11,57.75,175.25,0.3413,-1,-1,-1
927,71,456.23,201.61,71.20,200.44,0.3876,-1,-1,-1
927,67,401.65,364.96,71.23,211.57,0.4956,-1,-1,-1
927,66,329.71,382.96,67.33,181.14,0.5717,-1,-1,-1
927,64,940.57,391.32,81.00,220.29,0.7728,-1,-1,-1
927,63,863.46,405.09,60.70,213.50,0.7404,-1,-1,-1
927,59,1573.71,597.74,100.66,226.21,0.4301,-1,-1,-1
927,58,907.41,954.84,74.94,125.16,0.7388,-1,-1,-1
927,52,308.83,720.61,85.93,264.24,0.7487,-1,-1,-1
927,4,1719.10,456.14,76.40,209.25,0.6108,-1,-1,-1
928,78,1756.08,675.76,78.25,253.00,0.5878,-1,-1,-1
928,75,1274.41,822.43,92.47,256.30,0.7776,-1,-1,-1
928,74,1125.47,46.31,57.59,166.80,0.4995,-1,-1,-1
928,72,804.70,136.94,59.42,175.15,0.3209,-1,-1,-1
928,71,456.68,204.39,69.17,198.17,0.3634,-1,-1,-1
928,67,399.28,363.60,73.35,212.37,0.5132,-1,-1,-1
928,66,329.73,384.25,67.77,185.42,0.5212,-1,-1,-1
928,64,941.27,389.96,80.04,220.89,0.7681,-1,-1,-1
928,63,862.63,404.22,61.04,214.69,0.7362,-1,-1,-1
928,59,1578.98,598.12,94.12,228.74,0.4137,-1,-1,-1
928,58,906.82,954.70,76.11,125.30,0.7216,-1,-1,-1
928,52,311.81,725.68,83.39,264.13,0.7731,-1,-1,-1
928,4,1718.76,456.36,76.40,208.77,0.6035,-1,-1,-1
929,80,1617.77,77.08,53.43,159.86,0.3456,-1,-1,-1
929,79,1731.50,101.10,46.05,179.52,0.3083,-1,-1,-1
929,78,1755.39,676.84,79.37,251.46,0.5929,-1,-1,-1
929,75,1273.44,816.98,91.32,260.74,0.7776,-1,-1,-1
929,74,1126.24,46.09,56.84,163.90,0.5010,-1,-1,-1
929,72,807.99,136.84,56.07,176.24,0.3260,-1,-1,-1
929,71,454.48,204.40,74.04,199.71,0.3310,-1,-1,-1
929,67,398.44,364.29,74.06,211.85,0.5727,-1,-1,-1
929,66,329.59,385.55,70.25,187.58,0.5343,-1,-1,-1
929,64,941.01,388.31,78.92,221.41,0.7693,-1,-1,-1
929,63,860.77,401.58,62.83,216.69,0.7447,-1,-1,-1
929,59,1580.85,598.72,91.81,227.70,0.3673,-1,-1,-1
929,58,907.37,954.99,76.05,125.01,0.7314,-1,-1,-1
929,52,312.99,726.93,83.90,265.19,0.7942,-1,-1,-1
929,4,1718.46,456.15,76.58,209.39,0.6084,-1,-1,-1
930,81,310.25,168.06,70.49,191.41,0.3112,-1,-1,-1
930,80,1618.34,78.50,53.50,159.03,0.3846,-1,-1,-1
930,79,1732.92,106.24,48.12,178.86,0.3696,-1,-1,-1
930,78,1751.91,677.25,83.94,251.21,0.5856,-1,-1,-1
930,75,1271.77,813.65,92.25,266.35,0.7958,-1,-1,-1
930,74,1126.16,45.45,56.60,163.59,0.4967,-1,-1,-1
930,72,807.53,137.42,56.77,174.84,0.3351,-1,-1,-1
930,67,397.95,364.73,72.96,208.28,0.5127,-1,-1,-1
930,66,329.53,387.27,72.01,187.95,0.4994,-1,-1,-1
930,64,940.88,385.75,78.63,222.79,0.7702,-1,-1,-1
930,63,860.81,399.25,62.80,214.17,0.7166,-1,-1,-1
930,59,1580.91,598.25,91.27,227.87,0.3754,-1,-1,-1
930,58,905.79,954.34,76.56,125.51,0.7200,-1,-1,-1
930,52,314.15,728.86,83.43,260.98,0.7749,-1,-1,-1
930,4,1719.51,456.38,75.68,209.12,0.5980,-1,-1,-1
931,80,1620.67,78.69,51.49,158.21,0.3546,-1,-1,-1
931,79,1733.62,106.94,48.00,177.75,0.3079,-1,-1,-1
931,78,1750.53,675.52,84.03,252.81,0.6234,-1,-1,-1
931,75,1270.96,809.38,90.71,270.62,0.7848,-1,-1,-1
931,74,1126.09,46.35,56.64,164.19,0.4467,-1,-1,-1
931,72,807.98,137.55,56.42,173.43,0.3163,-1,-1,-1
931,67,396.37,367.61,74.18,204.08,0.4996,-1,-1,-1
931,66,328.88,388.25,72.03,189.49,0.5056,-1,-1,-1
931,64,941.36,383.70,76.82,219.95,0.7591,-1,-1,-1
931,63,860.41,399.45,61.89,201.16,0.6983,-1,-1,-1
931,59,1576.01,597.57,97.57,226.44,0.5223,-1,-1,-1
931,58,906.87,955.07,77.31,124.93,0.7318,-1,-1,-1
931,52,315.56,730.52,83.89,258.20,0.7859,-1,-1,-1
931,4,1719.15,456.32,76.23,208.79,0.5657,-1,-1,-1
932,80,1621.05,79.59,51.02,159.46,0.3496,-1,-1,-1
932,79,1734.82,107.63,48.08,176.25,0.3087,-1,-1,-1
932,78,1749.45,675.54,85.73,251.89,0.6179,-1,-1,-1
932,75,1269.79,804.76,90.74,275.24,0.7909,-1,-1,-1
932,74,1125.59,47.71,58.19,166.07,0.4085,-1,-1,-1
932,72,808.29,136.87,56.28,175.52,0.3141,-1,-1,-1
932,67,397.12,364.83,73.09,209.56,0.4782,-1,-1,-1
932,66,328.91,388.57,71.08,187.29,0.4642,-1,-1,-1
932,64,942.61,380.99,75.99,217.39,0.7429,-1,-1,-1
932,63,859.60,396.35,62.27,201.43,0.6502,-1,-1,-1
932,59,1576.65,598.12,96.90,226.05,0.5564,-1,-1,-1
932,58,907.58,954.40,76.56,125.60,0.7312,-1,-1,-1
932,52,317.40,731.43,83.11,256.01,0.7792,-1,-1,-1
932,4,1720.10,455.96,75.12,209.74,0.5775,-1,-1,-1
933,81,313.82,169.13,69.96,186.52,0.3065,-1,-1,-1
933,80,1622.75,80.99,49.89,159.66,0.3199,-1,-1,-1
933,79,1735.08,106.39,50.47,176.59,0.3051,-1,-1,-1
933,78,1749.10,674.69,84.39,254.21,0.6320,-1,-1,-1
933,75,1269.60,801.95,89.60,274.71,0.7759,-1,-1,-1
933,74,1126.36,50.21,57.41,165.52,0.3775,-1,-1,-1
933,67,394.28,366.18,75.21,207.36,0.5205,-1,-1,-1
933,66,329.26,389.83,69.85,187.03,0.4273,-1,-1,-1
933,64,941.72,378.75,76.63,213.11,0.7369,-1,-1,-1
933,63,858.82,394.92,62.57,198.40,0.6496,-1,-1,-1
933,59,1574.98,595.26,99.25,229.14,0.5287,-1,-1,-1
933,58,907.54,954.49,77.16,125.51,0.7425,-1,-1,-1
933,52,317.66,733.01,84.89,257.02,0.7951,-1,-1,-1
933,4,1720.05,455.89,74.78,209.89,0.5546,-1,-1,-1
934,79,1736.66,106.11,50.24,173.80,0.3328,-1,-1,-1
934,78,1748.85,675.53,85.49,251.81,0.6120,-1,-1,-1
934,75,1268.51,799.13,88.94,272.37,0.7779,-1,-1,-1
934,74,1127.46,53.92,57.13,161.86,0.3718,-1,-1,-1
934,72,808.09,137.42,55.86,175.84,0.3118,-1,-1,-1
934,67,393.38,368.17,75.10,206.17,0.5510,-1,-1,-1
934,66,330.41,391.40,69.84,186.26,0.3428,-1,-1,-1
934,64,943.05,376.26,74.58,213.68,0.7235,-1,-1,-1
934,63,858.12,392.95,63.24,202.23,0.6638,-1,-1,-1
934,59,1576.40,596.03,97.73,228.58,0.5561,-1,-1,-1
934,58,907.59,953.79,77.55,126.21,0.7531,-1,-1,-1
934,52,318.07,734.19,86.17,256.06,0.8050,-1,-1,-1
934,4,1720.17,455.89,74.55,210.13,0.5786,-1,-1,-1
935,80,1619.74,84.65,55.25,157.24,0.3246,-1,-1,-1
935,79,1735.69,109.32,52.00,170.81,0.3073,-1,-1,-1
935,78,1748.96,674.26,86.98,255.42,0.6214,-1,-1,-1
935,75,1268.03,796.22,89.43,272.20,0.7687,-1,-1,-1
935,74,1127.49,55.95,57.58,163.86,0.4229,-1,-1,-1
935,72,808.14,137.20,56.15,175.65,0.3047,-1,-1,-1
935,67,391.30,369.23,77.66,205.62,0.5370,-1,-1,-1
935,66,344.03,395.14,57.72,181.30,0.3328,-1,-1,-1
935,64,944.74,374.09,70.34,210.60,0.7356,-1,-1,-1
935,63,858.28,390.76,63.08,201.80,0.6730,-1,-1,-1
935,59,1575.82,596.05,98.67,228.99,0.5823,-1,-1,-1
935,58,907.30,953.52,77.53,126.48,0.7410,-1,-1,-1
935,52,318.44,735.87,89.18,256.28,0.8269,-1,-1,-1
935,4,1720.50,456.41,74.80,209.27,0.5758,-1,-1,-1
936,78,1749.32,674.35,86.39,253.75,0.6010,-1,-1,-1
936,75,1266.93,792.99,90.55,278.26,0.7685,-1,-1,-1
936,74,1126.92,57.74,59.59,164.34,0.4373,-1,-1,-1
936,67,390.01,368.51,78.85,214.37,0.6008,-1,-1,-1
936,66,342.25,394.75,58.97,180.81,0.3719,-1,-1,-1
936,64,944.58,373.93,68.83,210.31,0.7077,-1,-1,-1
936,63,859.00,388.85,62.39,208.73,0.6699,-1,-1,-1
936,59,1576.88,596.65,98.03,227.36,0.5668,-1,-1,-1
936,58,907.97,951.76,76.60,127.63,0.7264,-1,-1,-1
936,52,318.77,736.53,90.65,254.39,0.8216,-1,-1,-1
936,4,1721.20,455.86,72.97,208.73,0.5634,-1,-1,-1
937,78,1749.00,674.08,86.32,255.32,0.6190,-1,-1,-1
937,75,1264.99,790.95,92.00,279.63,0.7771,-1,-1,-1
937,74,1125.85,58.91,60.91,167.18,0.4212,-1,-1,-1
937,67,388.99,368.77,79.45,218.80,0.6128,-1,-1,-1
937,66,343.11,394.48,57.69,181.75,0.3769,-1,-1,-1
937,64,945.00,373.25,67.06,211.21,0.6935,-1,-1,-1
937,63,858.63,388.56,62.25,209.68,0.6907,-1,-1,-1
937,59,1575.33,595.84,100.08,228.40,0.5397,-1,-1,-1
937,58,908.05,952.54,77.25,127.46,0.7438,-1,-1,-1
937,52,319.01,737.75,93.58,253.42,0.8362,-1,-1,-1
937,4,1721.48,456.51,73.00,208.99,0.5541,-1,-1,-1
938,78,1747.86,673.67,87.28,254.77,0.6244,-1,-1,-1
938,75,1263.36,788.28,91.38,283.87,0.7856,-1,-1,-1
938,74,1127.22,61.01,60.37,165.23,0.4438,-1,-1,-1
938,67,390.23,371.18,78.49,218.11,0.5657,-1,-1,-1
938,66,343.54,393.53,58.36,182.34,0.3943,-1,-1,-1
938,64,944.63,370.68,65.50,214.75,0.7005,-1,-1,-1
938,63,858.12,386.38,62.18,209.66,0.6819,-1,-1,-1
938,59,1576.25,597.15,98.31,227.30,0.5625,-1,-1,-1
938,58,909.53,951.37,75.86,128.63,0.7534,-1,-1,-1
938,52,319.19,738.26,95.21,255.15,0.8322,-1,-1,-1
938,4,1720.20,456.74,74.47,208.90,0.5756,-1,-1,-1
939,78,1747.08,675.11,85.97,253.98,0.6276,-1,-1,-1
939,75,1262.66,786.28,90.98,284.71,0.7898,-1,-1,-1
939,74,1126.43,61.86,61.91,166.98,0.4555,-1,-1,-1
939,67,391.15,379.85,78.03,212.53,0.5987,-1,-1,-1
939,66,343.53,393.08,58.02,183.54,0.3960,-1,-1,-1
939,64,944.81,370.10,65.49,214.79,0.6717,-1,-1,-1
939,63,858.33,386.88,61.77,210.75,0.6653,-1,-1,-1
939,59,1574.82,594.43,99.12,229.94,0.5192,-1,-1,-1
939,58,912.07,950.46,74.71,129.54,0.7241,-1,-1,-1
939,52,319.70,739.63,94.50,258.58,0.8306,-1,-1,-1
939,4,1720.98,456.44,73.14,210.14,0.5561,-1,-1,-1
940,78,1746.28,673.78,86.31,253.54,0.6367,-1,-1,-1
940,75,1260.87,784.98,89.48,284.91,0.7855,-1,-1,-1
940,74,1126.45,63.74,63.55,167.79,0.4517,-1,-1,-1
940,67,391.50,383.41,75.92,209.73,0.5963,-1,-1,-1
940,66,342.37,393.15,58.05,183.74,0.4061,-1,-1,-1
940,64,943.60,369.93,66.08,214.83,0.6938,-1,-1,-1
940,63,859.09,386.75,61.11,210.98,0.6760,-1,-1,-1
940,59,1574.89,595.54,98.76,228.68,0.5341,-1,-1,-1
940,58,912.20,949.30,74.62,130.70,0.7626,-1,-1,-1
940,52,320.81,740.66,93.26,262.96,0.8254,-1,-1,-1
940,4,1720.78,456.10,73.50,209.93,0.5598,-1,-1,-1
941,78,1747.08,674.15,87.47,254.31,0.6634,-1,-1,-1
941,75,1259.06,783.73,89.46,287.73,0.7842,-1,-1,-1
941,74,1128.34,65.26,62.48,167.40,0.4480,-1,-1,-1
941,71,483.08,211.72,54.23,179.64,0.3003,-1,-1,-1
941,67,390.08,383.17,76.67,212.75,0.6218,-1,-1,-1
941,66,342.45,393.96,55.60,183.60,0.3776,-1,-1,-1
941,64,942.33,368.84,65.65,216.63,0.7174,-1,-1,-1
941,63,858.54,386.17,61.83,211.91,0.7099,-1,-1,-1
941,59,1574.72,595.39,98.74,229.54,0.5664,-1,-1,-1
941,58,912.28,948.32,75.46,131.68,0.7508,-1,-1,-1
941,52,321.83,743.26,93.56,269.41,0.8184,-1,-1,-1
941,4,1719.43,456.55,74.65,208.64,0.5796,-1,-1,-1
942,78,1746.50,672.24,88.39,253.64,0.6575,-1,-1,-1
942,75,1256.77,783.75,90.11,286.01,0.7772,-1,-1,-1
942,74,1129.21,66.21,63.13,168.65,0.4668,-1,-1,-1
942,67,391.49,385.77,75.86,211.81,0.5924,-1,-1,-1
942,66,341.33,393.34,58.31,185.93,0.3793,-1,-1,-1
942,64,941.78,368.67,65.83,215.77,0.7135,-1,-1,-1
942,63,858.61,385.13,61.88,212.67,0.7002,-1,-1,-1
942,59,1574.55,594.76,99.02,230.06,0.5422,-1,-1,-1
942,58,913.47,947.12,74.20,132.88,0.7633,-1,-1,-1
942,52,322.62,747.46,92.84,269.10,0.8173,-1,-1,-1
942,4,1720.09,456.10,73.97,210.28,0.5557,-1,-1,-1
943,78,1745.78,671.27,87.87,255.19,0.6667,-1,-1,-1
943,75,1255.83,782.53,89.00,285.94,0.7747,-1,-1,-1
943,74,1129.62,66.32,62.29,166.64,0.4225,-1,-1,-1
943,71,480.33,213.29,56.58,183.25,0.3026,-1,-1,-1
943,67,392.85,387.30,74.94,210.48,0.5725,-1,-1,-1
943,66,338.62,396.43,58.28,186.04,0.3419,-1,-1,-1
943,64,940.27,366.93,67.11,217.31,0.7137,-1,-1,-1
943,63,858.17,383.70,62.56,212.12,0.6832,-1,-1,-1
943,59,1575.00,595.72,98.55,228.52,0.5499,-1,-1,-1
943,58,914.38,945.49,73.86,134.51,0.7552,-1,-1,-1
943,52,323.12,751.00,92.89,266.24,0.8183,-1,-1,-1
943,4,1720.02,456.34,73.71,209.29,0.5684,-1,-1,-1
944,78,1745.69,673.56,87.02,253.90,0.6762,-1,-1,-1
944,75,1253.18,779.87,90.60,286.40,0.7733,-1,-1,-1
944,74,1131.78,64.81,61.37,165.62,0.4174,-1,-1,-1
944,67,392.34,387.77,75.35,209.26,0.5445,-1,-1,-1
944,66,338.22,402.55,58.43,186.62,0.3285,-1,-1,-1
944,64,938.64,366.20,66.88,216.76,0.6971,-1,-1,-1
944,63,858.07,381.75,62.16,214.09,0.6918,-1,-1,-1
944,59,1575.04,594.37,97.84,230.01,0.5495,-1,-1,-1
944,58,915.84,944.26,73.94,135.74,0.7347,-1,-1,-1
944,52,323.60,754.47,92.05,262.44,0.8222,-1,-1,-1
944,4,1720.30,456.47,72.87,210.42,0.5648,-1,-1,-1
945,78,1745.06,673.80,87.18,253.05,0.6794,-1,-1,-1
945,75,1252.88,777.28,89.20,288.62,0.7645,-1,-1,-1
945,74,1133.10,65.63,59.85,163.89,0.4163,-1,-1,-1
945,71,475.77,214.57,60.41,185.83,0.3326,-1,-1,-1
945,67,392.81,388.29,75.38,209.29,0.5454,-1,-1,-1
945,66,338.12,412.09,61.29,183.61,0.3733,-1,-1,-1
945,64,940.67,364.24,63.48,216.60,0.6923,-1,-1,-1
945,63,857.28,379.02,63.09,212.31,0.6942,-1,-1,-1
945,59,1575.63,596.17,98.03,228.37,0.5618,-1,-1,-1
945,58,916.12,943.70,74.12,136.30,0.7562,-1,-1,-1
945,52,323.95,756.62,91.04,263.64,0.8237,-1,-1,-1
945,4,1719.60,455.86,73.83,211.45,0.5423,-1,-1,-1
946,78,1742.56,673.08,89.85,252.94,0.6628,-1,-1,-1
946,75,1250.38,774.70,89.85,281.82,0.7757,-1,-1,-1
946,74,1135.08,66.04,58.78,164.71,0.4410,-1,-1,-1
946,72,808.00,135.61,55.58,177.49,0.3112,-1,-1,-1
946,71,477.42,215.33,58.80,184.93,0.3412,-1,-1,-1
946,67,390.79,388.14,75.68,209.85,0.5930,-1,-1,-1
946,66,326.69,408.91,69.78,188.66,0.4698,-1,-1,-1
946,64,939.06,362.41,62.98,215.87,0.6465,-1,-1,-1
946,63,856.83,376.63,64.58,214.51,0.6504,-1,-1,-1
946,59,1576.71,597.57,96.61,225.75,0.5648,-1,-1,-1
946,58,918.71,943.61,72.09,136.39,0.7575,-1,-1,-1
946,52,324.45,759.87,90.80,264.58,0.8213,-1,-1,-1
946,4,1719.55,457.42,74.18,208.13,0.5699,-1,-1,-1
947,78,1743.83,668.45,88.89,255.02,0.6924,-1,-1,-1
947,75,1249.35,771.37,89.10,280.07,0.7634,-1,-1,-1
947,74,1138.27,67.19,55.16,161.82,0.3953,-1,-1,-1
947,71,476.48,215.61,60.36,185.22,0.3207,-1,-1,-1
947,67,392.35,387.98,74.09,210.24,0.5920,-1,-1,-1
947,66,329.07,411.71,67.30,187.58,0.4788,-1,-1,-1
947,64,937.62,360.76,62.44,210.00,0.6500,-1,-1,-1
947,63,856.22,374.08,64.63,210.79,0.6626,-1,-1,-1
947,59,1576.64,597.19,97.95,227.13,0.5841,-1,-1,-1
947,58,918.96,941.42,72.05,138.58,0.7545,-1,-1,-1
947,52,323.80,760.37,91.37,268.05,0.8234,-1,-1,-1
947,4,1719.88,457.79,73.18,208.78,0.5717,-1,-1,-1
948,78,1739.62,669.62,94.70,255.36,0.6820,-1,-1,-1
948,75,1248.21,768.60,86.32,277.05,0.7740,-1,-1,-1
948,74,1139.33,68.08,57.58,163.33,0.4260,-1,-1,-1
948,71,476.94,215.33,60.54,184.58,0.3200,-1,-1,-1
948,67,391.77,388.10,74.48,209.90,0.5573,-1,-1,-1
948,66,329.37,412.76,65.39,188.17,0.4743,-1,-1,-1
948,64,936.92,357.40,61.19,207.70,0.6512,-1,-1,-1
948,63,856.06,370.61,64.18,211.60,0.6636,-1,-1,-1
948,59,1575.97,595.16,98.49,228.90,0.5927,-1,-1,-1
948,58,919.63,940.02,72.56,139.98,0.7533,-1,-1,-1
948,52,323.19,762.59,90.33,269.37,0.8271,-1,-1,-1
948,4,1719.91,457.15,72.89,209.07,0.5740,-1,-1,-1
949,78,1743.20,670.50,88.35,249.98,0.6773,-1,-1,-1
949,75,1248.03,763.61,85.37,273.50,0.7645,-1,-1,-1
949,74,1140.73,68.71,59.01,166.16,0.3900,-1,-1,-1
949,71,475.44,216.38,61.56,181.68,0.3138,-1,-1,-1
949,67,392.12,390.17,73.62,207.93,0.5629,-1,-1,-1
949,66,323.78,412.79,68.81,191.10,0.5553,-1,-1,-1
949,64,934.49,355.45,63.00,209.91,0.6399,-1,-1,-1
949,63,855.39,368.51,64.65,211.54,0.6666,-1,-1,-1
949,59,1577.06,594.48,97.72,230.15,0.5767,-1,-1,-1
949,58,920.92,939.13,72.09,140.87,0.7383,-1,-1,-1
949,52,323.46,763.76,90.84,268.09,0.8215,-1,-1,-1
949,4,1719.75,456.69,72.79,208.91,0.5777,-1,-1,-1
950,78,1742.81,666.94,89.52,257.49,0.6786,-1,-1,-1
950,75,1246.56,758.74,85.11,265.63,0.7694,-1,-1,-1
950,74,1143.18,68.19,61.29,167.96,0.3581,-1,-1,-1
950,71,474.53,216.66,61.68,180.60,0.3306,-1,-1,-1
950,67,390.50,389.56,74.60,209.34,0.5827,-1,-1,-1
950,66,326.06,413.85,67.17,189.82,0.5086,-1,-1,-1
950,64,930.51,351.91,65.46,209.53,0.6467,-1,-1,-1
950,63,856.10,366.63,64.43,204.19,0.6536,-1,-1,-1
950,59,1575.58,595.02,98.86,228.75,0.5693,-1,-1,-1
950,58,922.70,937.27,70.21,142.73,0.7550,-1,-1,-1
950,52,322.54,764.80,90.14,266.91,0.8230,-1,-1,-1
950,4,1719.88,456.05,73.19,210.38,0.5727,-1,-1,-1
951,78,1743.15,667.60,88.80,254.93,0.6548,-1,-1,-1
951,75,1245.03,753.89,85.17,266.27,0.7680,-1,-1,-1
951,74,1143.93,71.10,62.02,163.15,0.3803,-1,-1,-1
951,71,474.86,218.32,62.49,179.12,0.3397,-1,-1,-1
951,67,390.79,390.38,74.54,206.80,0.5053,-1,-1,-1
951,66,322.04,414.19,72.32,189.57,0.4991,-1,-1,-1
951,64,930.04,349.25,65.72,210.79,0.6531,-1,-1,-1
951,63,854.93,365.17,65.57,205.72,0.6689,-1,-1,-1
951,59,1575.78,594.70,99.37,229.46,0.5819,-1,-1,-1
951,58,922.16,936.76,71.26,143.24,0.7625,-1,-1,-1
951,52,322.02,766.53,90.72,265.09,0.8162,-1,-1,-1
951,4,1719.72,456.05,73.42,211.17,0.5726,-1,-1,-1
952,78,1742.12,668.16,90.98,256.67,0.6679,-1,-1,-1
952,75,1242.17,751.33,86.88,267.51,0.7634,-1,-1,-1
952,74,1146.72,73.75,59.04,163.46,0.3475,-1,-1,-1
952,71,474.41,220.55,63.64,176.29,0.3215,-1,-1,-1
952,67,392.49,390.40,73.08,206.73,0.5189,-1,-1,-1
952,66,324.42,414.40,69.82,189.12,0.4304,-1,-1,-1
952,64,929.68,346.99,65.66,212.85,0.6930,-1,-1,-1
952,63,854.24,363.86,66.28,205.99,0.6924,-1,-1,-1
952,59,1575.05,596.14,100.53,227.87,0.5735,-1,-1,-1
952,58,923.60,935.95,70.93,144.05,0.7729,-1,-1,-1
952,52,322.21,768.06,89.91,264.27,0.8045,-1,-1,-1
952,4,1719.44,456.40,73.30,210.98,0.5727,-1,-1,-1
953,78,1741.98,668.62,90.90,255.42,0.6718,-1,-1,-1
953,75,1241.37,750.64,86.43,266.03,0.7806,-1,-1,-1
953,74,1146.58,74.45,59.12,166.17,0.3902,-1,-1,-1
953,71,476.31,220.39,62.44,176.42,0.3693,-1,-1,-1
953,67,391.02,394.25,75.24,208.23,0.5565,-1,-1,-1
953,66,321.70,413.41,72.39,190.85,0.4322,-1,-1,-1
953,64,927.21,346.25,67.22,211.73,0.7091,-1,-1,-1
953,63,852.50,362.46,68.69,207.32,0.6848,-1,-1,-1
953,59,1576.16,594.47,99.54,229.36,0.6086,-1,-1,-1
953,58,924.77,935.35,70.76,144.65,0.7791,-1,-1,-1
953,52,321.36,769.69,89.46,262.76,0.8140,-1,-1,-1
953,4,1719.21,457.06,74.00,209.42,0.5685,-1,-1,-1
954,78,1742.06,669.77,90.91,254.72,0.6838,-1,-1,-1
954,75,1237.52,748.96,89.19,266.91,0.7783,-1,-1,-1
954,74,1147.24,77.28,59.39,165.93,0.3978,-1,-1,-1
954,72,808.21,136.46,54.88,175.18,0.3041,-1,-1,-1
954,71,476.80,221.50,63.16,175.80,0.3803,-1,-1,-1
954,67,388.66,394.01,77.01,211.48,0.6118,-1,-1,-1
954,66,321.93,414.32,68.98,189.15,0.4592,-1,-1,-1
954,64,925.50,345.42,68.65,211.84,0.7075,-1,-1,-1
954,63,852.24,360.94,67.69,208.34,0.6719,-1,-1,-1
954,59,1576.48,596.73,98.47,227.86,0.5793,-1,-1,-1
954,58,925.45,934.63,70.20,145.37,0.7648,-1,-1,-1
954,52,322.56,771.22,88.59,261.46,0.8180,-1,-1,-1
954,4,1719.91,456.55,73.77,209.64,0.5803,-1,-1,-1
955,78,1742.13,668.53,90.55,253.86,0.6739,-1,-1,-1
955,75,1237.30,746.42,87.72,268.97,0.7887,-1,-1,-1
955,74,1148.24,79.60,60.74,164.34,0.3768,-1,-1,-1
955,71,476.70,222.89,65.18,176.87,0.3828,-1,-1,-1
955,67,389.13,396.96,78.05,213.11,0.5813,-1,-1,-1
955,66,320.24,417.84,70.33,178.30,0.4153,-1,-1,-1
955,64,925.70,344.11,69.24,212.01,0.6882,-1,-1,-1
955,63,852.51,360.74,67.05,209.01,0.6669,-1,-1,-1
955,59,1576.23,593.51,99.29,230.40,0.5890,-1,-1,-1
955,58,926.38,934.44,68.86,145.56,0.7775,-1,-1,-1
955,52,322.31,772.92,88.45,259.59,0.8191,-1,-1,-1
955,4,1718.94,455.92,74.86,210.52,0.5749,-1,-1,-1
956,78,1741.70,667.78,91.00,254.13,0.6593,-1,-1,-1
956,75,1235.07,744.33,87.67,269.84,0.7903,-1,-1,-1
956,74,1149.44,80.70,61.12,163.05,0.3008,-1,-1,-1
956,71,478.74,221.55,65.10,180.61,0.4048,-1,-1,-1
956,67,389.47,400.81,77.18,212.64,0.6061,-1,-1,-1
956,66,321.23,418.39,68.92,180.59,0.4536,-1,-1,-1
956,64,924.00,344.28,71.61,215.46,0.6933,-1,-1,-1
956,63,851.37,360.81,67.64,210.56,0.6590,-1,-1,-1
956,59,1579.31,594.81,96.36,229.14,0.5553,-1,-1,-1
956,58,926.04,933.58,70.04,146.42,0.7814,-1,-1,-1
956,52,321.68,772.80,88.88,259.27,0.8290,-1,-1,-1
956,4,1719.92,456.56,73.75,210.16,0.5840,-1,-1,-1
957,82,424.88,235.37,59.42,189.54,0.4077,-1,-1,-1
957,78,1738.96,669.81,94.39,250.74,0.6714,-1,-1,-1
957,75,1232.02,743.49,91.58,256.00,0.7516,-1,-1,-1
957,71,477.28,225.22,67.91,177.43,0.4348,-1,-1,-1
957,67,388.07,404.47,77.75,213.34,0.6151,-1,-1,-1
957,66,323.05,418.72,66.32,181.83,0.4301,-1,-1,-1
957,64,921.04,344.19,74.07,215.06,0.6919,-1,-1,-1
957,63,850.73,361.33,67.24,207.31,0.6749,-1,-1,-1
957,59,1582.20,593.28,93.57,230.66,0.5683,-1,-1,-1
957,58,925.99,933.28,71.04,146.72,0.7785,-1,-1,-1
957,52,321.99,773.66,87.98,259.60,0.8344,-1,-1,-1
957,4,1719.04,456.17,74.39,210.11,0.5700,-1,-1,-1
958,82,424.09,236.74,59.85,194.18,0.4600,-1,-1,-1
958,78,1739.14,667.67,94.62,254.49,0.6622,-1,-1,-1
958,75,1231.13,742.11,91.04,260.07,0.7563,-1,-1,-1
958,74,1150.63,79.78,59.78,162.95,0.3158,-1,-1,-1
958,71,480.68,228.58,65.57,176.81,0.3705,-1,-1,-1
958,67,387.31,405.06,77.57,215.89,0.6002,-1,-1,-1
958,66,324.10,419.21,66.14,184.23,0.4485,-1,-1,-1
958,64,923.38,343.82,72.87,215.56,0.6937,-1,-1,-1
958,63,850.03,360.34,68.04,207.78,0.6791,-1,-1,-1
958,59,1580.03,595.65,95.74,227.93,0.5445,-1,-1,-1
958,58,926.80,932.86,70.87,147.14,0.7847,-1,-1,-1
958,52,322.12,774.83,87.77,263.51,0.8281,-1,-1,-1
958,4,1719.10,455.85,74.56,210.66,0.5804,-1,-1,-1
959,82,423.05,236.99,61.05,194.16,0.4966,-1,-1,-1
959,78,1741.87,668.73,88.91,251.72,0.6474,-1,-1,-1
959,75,1227.75,741.02,93.52,250.45,0.7575,-1,-1,-1
959,74,1151.45,80.13,59.64,165.14,0.3734,-1,-1,-1
959,71,486.03,232.23,61.61,176.60,0.3646,-1,-1,-1
959,67,386.31,409.01,77.21,213.40,0.6066,-1,-1,-1
959,66,321.50,420.94,68.06,187.22,0.5236,-1,-1,-1
959,64,924.50,343.34,71.23,216.21,0.6845,-1,-1,-1
959,63,850.41,359.31,67.83,205.14,0.6788,-1,-1,-1
959,59,1581.05,596.69,94.05,227.72,0.5644,-1,-1,-1
959,58,927.18,932.97,70.66,147.03,0.7848,-1,-1,-1
959,52,321.86,777.34,87.25,263.38,0.7966,-1,-1,-1
959,4,1719.04,456.55,74.47,208.94,0.5786,-1,-1,-1
960,82,422.52,237.10,61.69,196.42,0.5238,-1,-1,-1
960,78,1741.75,668.91,90.88,252.26,0.6833,-1,-1,-1
960,75,1224.66,739.11,94.12,258.20,0.7922,-1,-1,-1
960,74,1151.76,80.38,59.61,166.56,0.4256,-1,-1,-1
960,71,487.02,232.27,62.07,178.70,0.3803,-1,-1,-1
960,67,391.81,412.77,74.03,210.70,0.5333,-1,-1,-1
960,66,323.97,419.66,63.90,188.80,0.4975,-1,-1,-1
960,64,924.48,341.41,71.18,216.23,0.6972,-1,-1,-1
960,63,849.99,355.34,67.22,207.50,0.6895,-1,-1,-1
960,59,1579.29,591.98,97.50,231.89,0.5784,-1,-1,-1
960,58,927.30,932.34,71.24,147.66,0.7890,-1,-1,-1
960,52,321.74,779.80,86.97,263.02,0.8039,-1,-1,-1
960,4,1719.00,455.45,74.87,210.79,0.5899,-1,-1,-1
961,82,422.54,239.13,61.80,196.60,0.4801,-1,-1,-1
961,78,1741.53,670.07,91.13,252.52,0.6780,-1,-1,-1
961,75,1221.51,736.55,95.39,256.73,0.7769,-1,-1,-1
961,74,1152.99,78.49,57.87,168.38,0.4792,-1,-1,-1
961,71,487.89,229.05,62.09,183.22,0.3735,-1,-1,-1
961,67,391.16,412.57,74.54,211.08,0.5709,-1,-1,-1
961,66,320.90,422.00,65.47,191.77,0.5797,-1,-1,-1
961,64,924.64,340.32,71.59,217.29,0.6921,-1,-1,-1
961,63,848.96,352.05,66.03,205.42,0.6873,-1,-1,-1
961,59,1576.71,593.57,99.49,230.20,0.5444,-1,-1,-1
961,58,927.95,931.97,70.73,148.03,0.7794,-1,-1,-1
961,52,322.64,784.76,86.09,260.86,0.8183,-1,-1,-1
961,4,1719.41,455.54,74.85,210.61,0.5979,-1,-1,-1
962,82,420.63,242.55,63.65,195.80,0.4941,-1,-1,-1
962,78,1741.52,665.62,92.44,260.54,0.6723,-1,-1,-1
962,75,1220.65,732.62,93.42,256.53,0.7652,-1,-1,-1
962,74,1153.76,81.34,58.33,167.95,0.4078,-1,-1,-1
962,71,489.46,231.73,61.24,181.96,0.3577,-1,-1,-1
962,67,392.55,415.17,73.75,208.64,0.5327,-1,-1,-1
962,66,319.63,420.39,66.29,197.43,0.5736,-1,-1,-1
962,64,925.74,338.31,71.16,216.42,0.6876,-1,-1,-1
962,63,848.31,349.30,66.54,202.99,0.6835,-1,-1,-1
962,59,1576.40,590.06,100.98,233.73,0.5480,-1,-1,-1
962,58,928.02,932.10,71.19,147.90,0.7879,-1,-1,-1
962,52,322.62,786.83,85.76,260.10,0.8296,-1,-1,-1
962,4,1719.40,455.43,73.90,209.51,0.5954,-1,-1,-1
963,82,420.00,241.88,64.16,196.44,0.4981,-1,-1,-1
963,78,1741.41,668.39,91.87,253.94,0.6642,-1,-1,-1
963,75,1219.51,730.04,91.48,261.45,0.7676,-1,-1,-1
963,71,489.03,231.63,62.95,181.57,0.3812,-1,-1,-1
963,67,392.21,415.02,74.14,209.01,0.5556,-1,-1,-1
963,66,319.97,419.56,66.02,201.40,0.5820,-1,-1,-1
963,64,924.64,335.82,70.56,218.53,0.6828,-1,-1,-1
963,63,848.88,347.93,64.23,202.99,0.6767,-1,-1,-1
963,59,1574.03,591.80,104.20,232.25,0.5528,-1,-1,-1
963,58,928.52,931.85,70.97,148.15,0.7773,-1,-1,-1
963,52,323.51,789.74,86.44,264.08,0.8184,-1,-1,-1
963,4,1719.45,455.33,74.20,209.80,0.5762,-1,-1,-1
964,82,420.50,242.64,61.64,200.57,0.4693,-1,-1,-1
964,78,1741.41,664.83,92.17,258.55,0.6717,-1,-1,-1
964,75,1219.11,727.16,88.57,269.37,0.7787,-1,-1,-1
964,74,1151.37,86.34,61.69,166.48,0.3105,-1,-1,-1
964,71,490.40,230.93,61.97,181.61,0.3875,-1,-1,-1
964,67,392.03,416.40,73.88,207.54,0.5664,-1,-1,-1
964,66,319.94,420.83,67.20,202.99,0.6053,-1,-1,-1
964,64,923.22,333.47,71.28,217.09,0.6622,-1,-1,-1
964,63,848.01,346.70,63.15,202.43,0.6553,-1,-1,-1
964,59,1575.21,588.73,101.16,235.87,0.5439,-1,-1,-1
964,58,928.09,932.18,71.42,147.82,0.7844,-1,-1,-1
964,52,325.05,792.60,84.77,268.58,0.8267,-1,-1,-1
964,4,1719.06,455.81,74.05,210.23,0.5696,-1,-1,-1
965,82,419.85,243.75,61.13,199.26,0.4535,-1,-1,-1
965,78,1741.82,669.64,92.57,254.11,0.6875,-1,-1,-1
965,75,1217.09,722.57,89.40,266.42,0.7901,-1,-1,-1
965,74,1152.71,89.06,63.29,164.18,0.3246,-1,-1,-1
965,71,490.61,230.41,63.34,183.56,0.4307,-1,-1,-1
965,67,392.23,416.98,73.22,206.39,0.5655,-1,-1,-1
965,66,318.29,428.94,67.35,193.69,0.6122,-1,-1,-1
965,64,924.05,331.08,71.38,213.43,0.6827,-1,-1,-1
965,63,849.39,343.94,60.54,200.80,0.6583,-1,-1,-1
965,59,1575.52,589.57,100.58,234.80,0.5981,-1,-1,-1
965,58,928.33,931.94,71.41,147.93,0.7783,-1,-1,-1
965,52,326.19,795.44,84.52,273.59,0.8256,-1,-1,-1
965,4,1719.47,455.83,74.31,209.11,0.5921,-1,-1,-1
966,82,419.88,243.90,60.30,199.60,0.4303,-1,-1,-1
966,80,1645.81,120.49,59.20,158.21,0.3061,-1,-1,-1
966,78,1742.41,669.48,92.43,254.99,0.6890,-1,-1,-1
966,75,1216.38,719.19,89.66,259.99,0.7831,-1,-1,-1
966,74,1152.32,91.17,64.45,165.48,0.3647,-1,-1,-1
966,71,491.25,230.60,63.35,182.54,0.4289,-1,-1,-1
966,67,388.04,413.89,76.22,209.88,0.5527,-1,-1,-1
966,66,319.51,434.32,65.47,188.11,0.6088,-1,-1,-1
966,64,924.77,330.14,70.30,206.89,0.7019,-1,-1,-1
966,63,849.34,342.80,60.63,200.31,0.6743,-1,-1,-1
966,59,1574.79,591.02,102.39,233.04,0.6062,-1,-1,-1
966,58,927.86,932.32,72.20,147.68,0.7737,-1,-1,-1
966,52,327.78,798.10,82.87,276.73,0.8303,-1,-1,-1
966,4,1719.09,455.92,74.06,209.95,0.5747,-1,-1,-1
967,82,417.58,245.26,64.33,197.20,0.3987,-1,-1,-1
967,78,1741.81,670.15,91.54,253.92,0.7124,-1,-1,-1
967,75,1217.26,715.38,87.20,260.41,0.7859,-1,-1,-1
967,71,492.64,230.92,62.49,183.05,0.4412,-1,-1,-1
967,67,392.83,418.45,72.11,204.23,0.5479,-1,-1,-1
967,66,314.50,432.78,70.76,191.68,0.5865,-1,-1,-1
967,64,926.59,328.25,68.65,207.30,0.7082,-1,-1,-1
967,63,850.09,340.80,60.73,202.61,0.6842,-1,-1,-1
967,59,1573.30,590.40,104.52,233.64,0.5919,-1,-1,-1
967,58,927.64,932.16,72.71,147.84,0.7772,-1,-1,-1
967,52,328.90,799.03,82.36,273.78,0.7979,-1,-1,-1
967,4,1719.11,455.80,74.10,210.22,0.5813,-1,-1,-1
968,82,415.35,245.35,66.73,196.55,0.3634,-1,-1,-1
968,80,1647.44,123.66,58.71,164.80,0.3137,-1,-1,-1
968,78,1740.60,668.56,94.03,256.13,0.6959,-1,-1,-1
968,75,1215.17,712.37,88.24,262.29,0.7840,-1,-1,-1
968,74,1152.56,93.08,65.76,171.57,0.3210,-1,-1,-1
968,71,493.21,231.21,61.92,183.69,0.5041,-1,-1,-1
968,67,393.62,418.63,71.76,203.36,0.5535,-1,-1,-1
968,66,312.48,432.99,72.01,191.72,0.5852,-1,-1,-1
968,64,926.82,325.26,68.83,208.33,0.7233,-1,-1,-1
968,63,848.22,339.77,61.88,204.71,0.6942,-1,-1,-1
968,59,1574.51,589.35,103.06,234.89,0.6150,-1,-1,-1
968,58,927.37,931.61,72.51,148.39,0.7811,-1,-1,-1
968,52,329.71,799.95,84.08,274.97,0.7965,-1,-1,-1
968,4,1718.98,456.02,73.75,210.59,0.5841,-1,-1,-1
969,80,1648.15,124.95,58.37,164.88,0.3091,-1,-1,-1
969,78,1740.11,668.21,93.14,254.15,0.6979,-1,-1,-1
969,75,1213.33,709.42,90.28,264.71,0.7818,-1,-1,-1
969,71,492.94,233.44,63.01,184.18,0.4677,-1,-1,-1
969,67,393.70,420.79,71.48,202.68,0.5211,-1,-1,-1
969,66,306.13,432.80,79.85,192.26,0.5695,-1,-1,-1
969,64,927.20,323.99,68.35,207.65,0.7283,-1,-1,-1
969,63,848.87,338.99,60.77,206.15,0.6961,-1,-1,-1
969,59,1574.10,590.82,105.38,233.26,0.6192,-1,-1,-1
969,58,927.52,932.21,71.61,147.79,0.7817,-1,-1,-1
969,52,330.60,801.80,85.28,272.98,0.7832,-1,-1,-1
969,4,1719.03,456.46,73.53,210.45,0.5898,-1,-1,-1
970,80,1649.30,125.28,57.11,164.69,0.3216,-1,-1,-1
970,78,1739.81,668.31,93.68,253.04,0.6947,-1,-1,-1
970,75,1211.92,707.87,90.94,267.07,0.7811,-1,-1,-1
970,71,493.98,235.19,63.83,185.11,0.4767,-1,-1,-1
970,67,389.22,416.48,76.22,212.14,0.5198,-1,-1,-1
970,66,301.53,436.19,84.54,188.55,0.4559,-1,-1,-1
970,64,927.86,323.38,65.97,208.33,0.7035,-1,-1,-1
970,63,848.68,338.72,60.83,206.50,0.6998,-1,-1,-1
970,59,1575.43,591.80,103.35,232.67,0.6189,-1,-1,-1
970,58,926.96,932.05,71.75,147.95,0.7808,-1,-1,-1
970,52,331.47,803.32,86.16,271.82,0.7934,-1,-1,-1
970,4,1719.05,455.75,73.73,210.01,0.5883,-1,-1,-1
971,80,1649.82,126.49,56.68,164.19,0.3213,-1,-1,-1
971,78,1740.22,670.58,91.97,251.84,0.6854,-1,-1,-1
971,75,1210.37,707.30,90.82,268.77,0.7933,-1,-1,-1
971,71,493.94,236.27,64.09,187.03,0.4632,-1,-1,-1
971,67,392.29,422.91,74.41,214.27,0.5195,-1,-1,-1
971,66,301.56,434.70,84.68,190.53,0.3818,-1,-1,-1
971,64,927.92,322.98,65.89,207.85,0.7118,-1,-1,-1
971,63,848.65,338.23,60.44,208.08,0.7055,-1,-1,-1
971,59,1575.14,590.40,103.94,233.90,0.5856,-1,-1,-1
971,58,926.87,932.47,71.29,147.53,0.7796,-1,-1,-1
971,52,329.95,803.36,90.01,271.26,0.7872,-1,-1,-1
971,4,1719.13,456.15,74.59,210.64,0.5866,-1,-1,-1
972,78,1740.51,668.81,92.38,255.66,0.6969,-1,-1,-1
972,75,1207.74,707.10,92.53,268.81,0.7898,-1,-1,-1
972,71,493.45,239.11,64.89,184.92,0.4043,-1,-1,-1
972,67,386.82,418.24,78.72,217.49,0.5285,-1,-1,-1
972,66,326.29,437.75,60.27,187.39,0.3570,-1,-1,-1
972,64,927.60,322.29,65.73,207.24,0.6951,-1,-1,-1
972,63,848.47,338.22,60.33,208.48,0.6766,-1,-1,-1
972,59,1575.07,590.28,103.63,233.75,0.5744,-1,-1,-1
972,58,926.90,932.65,69.72,147.35,0.7639,-1,-1,-1
972,52,329.52,804.36,93.03,269.58,0.7705,-1,-1,-1
972,4,1719.77,455.85,73.40,209.70,0.5875,-1,-1,-1
973,82,413.84,250.05,64.67,191.15,0.3072,-1,-1,-1
973,78,1737.80,668.79,97.02,254.86,0.6946,-1,-1,-1
973,75,1206.94,705.37,89.56,268.65,0.7940,-1,-1,-1
973,71,494.89,240.80,62.81,184.47,0.4479,-1,-1,-1
973,67,387.79,419.17,77.40,219.44,0.5479,-1,-1,-1
973,66,327.52,434.75,58.42,192.19,0.4686,-1,-1,-1
973,64,927.86,321.74,64.97,207.54,0.6990,-1,-1,-1
973,63,847.27,336.40,61.87,208.09,0.6859,-1,-1,-1
973,59,1574.81,591.12,103.73,233.22,0.6075,-1,-1,-1
973,58,926.18,933.67,70.56,146.33,0.7776,-1,-1,-1
973,52,329.20,806.21,95.90,266.85,0.7737,-1,-1,-1
973,4,1718.89,455.81,74.15,210.70,0.5754,-1,-1,-1
974,82,413.65,250.67,64.95,189.00,0.3230,-1,-1,-1
974,78,1740.29,670.78,92.17,253.02,0.6886,-1,-1,-1
974,75,1205.45,703.33,91.09,270.43,0.7964,-1,-1,-1
974,71,496.34,243.11,61.84,184.70,0.4500,-1,-1,-1
974,67,387.64,421.91,76.23,218.83,0.5678,-1,-1,-1
974,66,327.17,435.99,58.82,190.79,0.4759,-1,-1,-1
974,64,926.97,321.81,65.13,207.15,0.7106,-1,-1,-1
974,63,847.61,335.48,61.31,208.59,0.6670,-1,-1,-1
974,59,1576.95,589.00,102.06,234.98,0.6299,-1,-1,-1
974,58,926.02,932.79,69.27,147.21,0.7693,-1,-1,-1
974,52,328.43,807.10,98.14,266.35,0.7683,-1,-1,-1
974,4,1719.39,455.34,72.79,209.88,0.5483,-1,-1,-1
975,82,410.81,251.40,69.30,191.20,0.4296,-1,-1,-1
975,80,1651.80,127.41,58.85,162.69,0.3290,-1,-1,-1
975,78,1737.41,669.05,96.65,254.82,0.6915,-1,-1,-1
975,75,1203.99,702.74,88.81,270.27,0.7914,-1,-1,-1
975,71,495.96,244.43,63.40,187.31,0.4649,-1,-1,-1
975,67,387.59,424.05,76.70,217.99,0.5706,-1,-1,-1
975,66,326.79,437.38,58.70,191.17,0.4977,-1,-1,-1
975,64,926.86,321.01,64.44,209.41,0.6912,-1,-1,-1
975,63,846.98,333.33,61.60,208.49,0.6644,-1,-1,-1
975,59,1577.95,589.83,101.46,234.35,0.6055,-1,-1,-1
975,58,924.49,933.77,69.92,146.23,0.7596,-1,-1,-1
975,52,328.12,808.83,99.54,264.39,0.7802,-1,-1,-1
975,4,1718.69,455.14,73.97,210.94,0.5847,-1,-1,-1
976,82,411.04,252.37,68.13,190.95,0.4364,-1,-1,-1
976,80,1656.80,127.67,54.24,157.47,0.3451,-1,-1,-1
976,78,1737.52,671.35,96.62,251.88,0.7115,-1,-1,-1
976,75,1201.28,700.85,89.70,270.29,0.8040,-1,-1,-1
976,74,1168.55,100.10,63.65,169.14,0.3275,-1,-1,-1
976,71,496.16,245.69,63.59,189.50,0.4554,-1,-1,-1
976,67,388.31,426.44,75.45,218.41,0.5746,-1,-1,-1
976,66,325.06,436.65,59.91,191.36,0.5089,-1,-1,-1
976,64,925.04,320.38,65.32,211.80,0.6925,-1,-1,-1
976,63,846.37,332.29,61.81,204.40,0.6729,-1,-1,-1
976,59,1578.77,588.66,101.08,235.31,0.6043,-1,-1,-1
976,58,924.17,934.03,68.63,145.97,0.7340,-1,-1,-1
976,52,328.46,811.29,100.32,264.40,0.7744,-1,-1,-1
976,4,1719.40,457.46,73.34,208.39,0.5698,-1,-1,-1
977,82,407.22,255.72,70.91,188.10,0.4143,-1,-1,-1
977,80,1657.78,129.37,55.26,158.85,0.4568,-1,-1,-1
977,78,1737.07,669.27,96.41,252.74,0.7140,-1,-1,-1
977,75,1201.51,698.53,86.52,273.63,0.7906,-1,-1,-1
977,71,495.05,247.85,64.45,187.93,0.4398,-1,-1,-1
977,67,387.15,428.71,75.60,216.47,0.5713,-1,-1,-1
977,66,323.09,436.30,63.88,195.30,0.4871,-1,-1,-1
977,64,922.63,317.27,65.14,214.31,0.6807,-1,-1,-1
977,63,846.33,330.27,61.50,202.62,0.6670,-1,-1,-1
977,59,1577.18,588.22,103.23,236.26,0.6113,-1,-1,-1
977,58,921.92,933.68,70.20,146.32,0.7406,-1,-1,-1
977,52,328.45,813.46,101.81,265.89,0.7845,-1,-1,-1
977,4,1719.27,456.55,73.47,210.30,0.5577,-1,-1,-1
978,83,1780.15,164.32,56.62,170.72,0.3127,-1,-1,-1
978,82,407.84,259.97,69.50,185.61,0.4146,-1,-1,-1
978,80,1658.60,131.15,54.53,160.00,0.4048,-1,-1,-1
978,78,1737.13,669.81,95.36,252.83,0.7105,-1,-1,-1
978,75,1199.74,695.75,85.93,274.18,0.7881,-1,-1,-1
978,71,495.43,249.36,64.48,186.79,0.4551,-1,-1,-1
978,67,387.94,429.78,73.72,216.11,0.5478,-1,-1,-1
978,66,321.12,438.88,67.00,196.37,0.4358,-1,-1,-1
978,64,922.88,316.99,64.96,211.31,0.6797,-1,-1,-1
978,63,845.26,327.95,62.65,199.33,0.6668,-1,-1,-1
978,59,1577.38,589.53,102.51,234.76,0.6101,-1,-1,-1
978,58,922.35,934.38,68.40,145.62,0.7364,-1,-1,-1
978,52,329.31,816.40,99.98,263.60,0.7919,-1,-1,-1
978,4,1719.31,457.51,73.58,208.82,0.5441,-1,-1,-1
979,82,405.06,260.86,70.83,185.14,0.4549,-1,-1,-1
979,80,1660.23,132.59,54.02,159.23,0.3734,-1,-1,-1
979,78,1736.99,669.06,96.17,252.96,0.7056,-1,-1,-1
979,75,1199.65,691.76,85.76,276.11,0.7898,-1,-1,-1
979,71,496.34,249.37,63.23,186.86,0.4908,-1,-1,-1
979,67,388.13,432.10,74.89,214.69,0.5983,-1,-1,-1
979,66,307.68,439.09,81.45,201.48,0.5163,-1,-1,-1
979,64,922.50,316.11,63.82,208.67,0.6810,-1,-1,-1
979,63,845.09,324.95,62.57,198.45,0.6505,-1,-1,-1
979,59,1575.43,590.55,104.13,233.27,0.6154,-1,-1,-1
979,58,922.00,935.06,67.62,144.94,0.7401,-1,-1,-1
979,52,330.41,818.79,99.15,261.21,0.8078,-1,-1,-1
979,4,1718.79,456.60,73.53,210.00,0.5311,-1,-1,-1
980,82,403.90,257.37,73.77,189.02,0.4439,-1,-1,-1
980,80,1661.77,133.67,53.65,160.68,0.4010,-1,-1,-1
980,78,1737.49,667.55,97.22,255.02,0.6970,-1,-1,-1
980,75,1199.38,687.81,86.25,271.47,0.7733,-1,-1,-1
980,74,1176.88,110.90,61.29,164.40,0.3733,-1,-1,-1
980,71,494.87,248.62,65.73,188.28,0.4459,-1,-1,-1
980,67,388.31,431.56,75.09,216.49,0.6376,-1,-1,-1
980,66,308.21,437.93,80.16,208.47,0.6048,-1,-1,-1
980,64,921.97,314.80,63.28,208.11,0.6859,-1,-1,-1
980,63,845.22,324.65,60.54,198.40,0.6298,-1,-1,-1
980,59,1574.55,590.82,105.83,233.53,0.6262,-1,-1,-1
980,58,921.31,935.92,66.46,144.08,0.7516,-1,-1,-1
980,52,330.05,822.27,98.32,257.73,0.8206,-1,-1,-1
980,4,1720.02,456.73,72.52,209.09,0.5465,-1,-1,-1
981,82,402.98,256.61,75.18,192.21,0.4356,-1,-1,-1
981,80,1661.58,136.26,55.12,158.85,0.3921,-1,-1,-1
981,78,1739.90,669.72,91.36,252.41,0.6993,-1,-1,-1
981,75,1198.10,684.20,85.77,265.45,0.7788,-1,-1,-1
981,74,1178.04,112.30,61.15,163.66,0.3760,-1,-1,-1
981,71,495.43,248.42,64.32,186.51,0.4566,-1,-1,-1
981,67,387.89,432.97,73.67,215.58,0.5307,-1,-1,-1
981,66,309.62,440.50,78.93,206.43,0.5154,-1,-1,-1
981,64,920.14,312.99,63.67,207.19,0.6629,-1,-1,-1
981,63,844.62,322.44,59.96,200.12,0.6148,-1,-1,-1
981,59,1575.21,590.22,104.76,234.24,0.6282,-1,-1,-1
981,58,920.54,936.60,66.64,143.40,0.7438,-1,-1,-1
981,52,330.12,826.23,98.18,253.77,0.8241,-1,-1,-1
981,4,1718.94,456.68,74.48,209.80,0.5477,-1,-1,-1
982,82,399.70,259.70,77.66,191.77,0.4463,-1,-1,-1
982,80,1660.95,139.14,56.41,156.75,0.4021,-1,-1,-1
982,78,1737.03,668.15,97.46,254.77,0.7034,-1,-1,-1
982,75,1196.86,680.51,85.85,263.39,0.7700,-1,-1,-1
982,74,1179.97,114.38,61.27,164.16,0.3613,-1,-1,-1
982,71,495.29,248.88,64.46,184.41,0.4611,-1,-1,-1
982,67,391.28,441.94,70.92,206.51,0.5094,-1,-1,-1
982,66,311.14,443.25,77.98,207.08,0.4843,-1,-1,-1
982,64,922.02,310.66,61.59,203.57,0.6537,-1,-1,-1
982,63,840.68,319.36,65.06,198.34,0.6028,-1,-1,-1
982,59,1575.21,589.89,106.04,233.85,0.6245,-1,-1,-1
982,58,918.76,937.26,67.66,142.74,0.7421,-1,-1,-1
982,52,330.46,829.35,96.82,250.65,0.8211,-1,-1,-1
982,4,1719.52,457.18,73.71,209.09,0.5411,-1,-1,-1
983,82,396.65,259.06,81.10,193.62,0.4448,-1,-1,-1
983,80,1660.60,139.87,58.22,157.02,0.3755,-1,-1,-1
983,78,1739.85,671.01,89.86,250.59,0.6794,-1,-1,-1
983,75,1194.55,677.56,87.34,256.56,0.7635,-1,-1,-1
983,74,1180.49,114.36,62.04,166.16,0.3234,-1,-1,-1
983,71,494.25,249.11,65.68,184.61,0.4812,-1,-1,-1
983,67,388.84,435.09,71.61,214.21,0.5049,-1,-1,-1
983,66,309.81,446.36,75.31,205.57,0.5077,-1,-1,-1
983,64,922.76,308.77,60.99,204.70,0.6711,-1,-1,-1
983,63,840.06,317.64,64.86,205.23,0.6493,-1,-1,-1
983,59,1575.32,588.77,105.53,235.31,0.6071,-1,-1,-1
983,58,917.05,937.79,67.90,142.21,0.7388,-1,-1,-1
983,52,330.27,832.76,94.69,247.24,0.8261,-1,-1,-1
983,4,1719.93,456.75,73.77,210.38,0.5336,-1,-1,-1
984,84,320.52,260.89,58.21,184.84,0.3920,-1,-1,-1
984,82,398.47,259.07,81.42,192.41,0.3960,-1,-1,-1
984,80,1661.79,140.93,57.75,158.39,0.3629,-1,-1,-1
984,78,1739.89,669.05,92.48,252.72,0.6940,-1,-1,-1
984,75,1193.60,673.73,88.50,255.62,0.7555,-1,-1,-1
984,74,1181.94,117.38,60.21,163.17,0.3199,-1,-1,-1
984,71,494.00,250.42,65.87,184.08,0.5097,-1,-1,-1
984,67,392.70,443.72,69.24,204.73,0.5212,-1,-1,-1
984,66,310.98,451.04,73.36,202.59,0.4628,-1,-1,-1
984,64,921.58,308.24,61.96,203.64,0.6784,-1,-1,-1
984,63,839.07,317.28,67.75,201.56,0.6542,-1,-1,-1
984,59,1575.16,585.88,106.39,237.84,0.6224,-1,-1,-1
984,58,917.66,938.79,67.06,141.21,0.7370,-1,-1,-1
984,52,329.47,834.63,95.40,245.37,0.8257,-1,-1,-1
984,4,1719.11,457.57,74.98,210.24,0.5407,-1,-1,-1
985,84,319.80,262.45,55.85,185.21,0.3796,-1,-1,-1
985,82,398.45,260.33,79.11,191.24,0.3303,-1,-1,-1
985,80,1663.71,141.83,56.61,159.93,0.3615,-1,-1,-1
985,78,1740.03,670.89,89.81,250.84,0.6748,-1,-1,-1
985,75,1191.56,670.73,89.85,260.28,0.7659,-1,-1,-1
985,74,1182.94,118.26,60.68,162.18,0.3205,-1,-1,-1
985,71,493.90,251.07,66.81,185.71,0.5409,-1,-1,-1
985,67,391.00,443.95,70.81,205.30,0.5319,-1,-1,-1
985,66,304.95,456.68,75.36,192.75,0.4351,-1,-1,-1
985,64,920.74,305.65,62.30,205.01,0.6613,-1,-1,-1
985,63,837.03,316.48,70.25,201.95,0.6294,-1,-1,-1
985,59,1574.98,587.53,107.29,236.42,0.6107,-1,-1,-1
985,58,915.16,940.07,67.74,139.93,0.7294,-1,-1,-1
985,52,329.05,836.18,95.17,243.82,0.8160,-1,-1,-1
985,4,1719.43,458.26,74.98,208.70,0.5182,-1,-1,-1
986,84,320.27,263.89,54.99,185.61,0.3518,-1,-1,-1
986,82,395.78,258.43,82.60,195.11,0.3927,-1,-1,-1
986,80,1665.76,142.83,55.11,156.22,0.3688,-1,-1,-1
986,78,1740.02,670.14,90.92,252.48,0.6858,-1,-1,-1
986,75,1190.52,667.94,88.42,257.87,0.7548,-1,-1,-1
986,71,493.42,253.24,67.59,184.99,0.5204,-1,-1,-1
986,67,391.56,444.65,70.18,205.41,0.5416,-1,-1,-1
986,66,302.19,458.52,77.72,192.43,0.4429,-1,-1,-1
986,64,920.06,303.73,63.57,206.40,0.6645,-1,-1,-1
986,63,838.55,317.12,66.58,206.15,0.6418,-1,-1,-1
986,59,1574.90,584.19,107.49,239.96,0.6151,-1,-1,-1
986,58,915.12,940.54,67.36,139.46,0.7140,-1,-1,-1
986,52,329.28,837.05,94.52,242.95,0.7982,-1,-1,-1
986,4,1720.43,457.52,73.72,208.88,0.4963,-1,-1,-1
987,84,318.27,265.21,55.22,187.53,0.3694,-1,-1,-1
987,82,395.80,256.12,79.08,197.09,0.3742,-1,-1,-1
987,80,1668.20,144.39,54.31,154.90,0.3979,-1,-1,-1
987,78,1740.28,670.43,90.97,251.82,0.6777,-1,-1,-1
987,75,1191.25,666.49,87.70,258.15,0.7518,-1,-1,-1
987,71,494.04,253.93,67.07,188.14,0.5080,-1,-1,-1
987,67,391.15,444.84,70.59,206.10,0.5456,-1,-1,-1
987,66,301.44,457.34,78.71,194.91,0.4665,-1,-1,-1
987,64,919.18,302.29,65.54,205.61,0.6763,-1,-1,-1
987,63,835.01,315.74,71.40,203.17,0.6329,-1,-1,-1
987,59,1574.60,585.69,106.82,238.85,0.6257,-1,-1,-1
987,58,912.37,940.72,68.81,139.28,0.7141,-1,-1,-1
987,52,329.74,838.54,93.04,241.46,0.7835,-1,-1,-1
987,4,1719.39,457.39,74.94,209.45,0.5071,-1,-1,-1
988,84,314.63,270.61,56.26,182.48,0.3978,-1,-1,-1
988,82,398.61,256.27,74.54,197.30,0.4432,-1,-1,-1
988,80,1671.16,144.20,52.85,154.64,0.4021,-1,-1,-1
988,78,1740.02,668.90,91.34,252.80,0.6802,-1,-1,-1
988,75,1189.68,665.11,88.33,258.71,0.7257,-1,-1,-1
988,71,494.15,255.48,67.91,187.74,0.4962,-1,-1,-1
988,67,387.33,440.23,73.68,215.14,0.5705,-1,-1,-1
988,66,299.95,458.98,79.00,194.25,0.4701,-1,-1,-1
988,64,919.37,301.11,66.48,208.37,0.6513,-1,-1,-1
988,63,835.28,314.93,70.90,204.59,0.6254,-1,-1,-1
988,59,1575.21,586.26,105.54,238.07,0.6245,-1,-1,-1
988,58,913.23,941.25,66.85,138.75,0.7182,-1,-1,-1
988,52,328.96,839.85,93.36,240.15,0.7765,-1,-1,-1
988,4,1720.49,457.78,74.41,210.01,0.5131,-1,-1,-1
989,84,314.15,275.01,56.09,176.04,0.3819,-1,-1,-1
989,82,399.07,258.01,72.27,199.68,0.4667,-1,-1,-1
989,80,1672.15,145.36,52.82,157.46,0.4346,-1,-1,-1
989,78,1740.45,669.60,91.37,252.66,0.6845,-1,-1,-1
989,75,1187.67,664.93,88.96,244.32,0.7236,-1,-1,-1
989,74,1188.90,123.32,52.57,166.46,0.3304,-1,-1,-1
989,71,494.64,257.04,66.52,186.76,0.4885,-1,-1,-1
989,67,387.84,442.56,72.56,218.29,0.6151,-1,-1,-1
989,66,299.50,459.78,78.39,193.93,0.4852,-1,-1,-1
989,64,919.04,300.75,67.59,208.14,0.6212,-1,-1,-1
989,63,835.08,313.67,70.57,203.92,0.6213,-1,-1,-1
989,59,1575.91,584.74,104.63,239.72,0.6467,-1,-1,-1
989,58,911.90,941.57,66.41,138.43,0.7061,-1,-1,-1
989,52,328.17,841.74,94.43,238.26,0.7704,-1,-1,-1
989,4,1720.56,458.91,75.53,208.42,0.4904,-1,-1,-1
990,84,315.24,275.74,54.92,175.08,0.3136,-1,-1,-1
990,82,407.40,262.50,60.97,199.10,0.4406,-1,-1,-1
990,80,1673.20,144.76,53.54,160.32,0.4375,-1,-1,-1
990,78,1740.40,668.50,90.32,253.20,0.6725,-1,-1,-1
990,75,1186.96,663.91,86.77,239.65,0.7089,-1,-1,-1
990,74,1191.08,121.45,50.88,168.41,0.4001,-1,-1,-1
990,71,497.83,259.48,63.62,185.79,0.4607,-1,-1,-1
990,67,388.04,444.56,72.97,218.09,0.6322,-1,-1,-1
990,66,298.96,459.63,77.97,194.87,0.4840,-1,-1,-1
990,64,920.32,300.64,66.59,206.65,0.6093,-1,-1,-1
990,63,835.18,312.72,70.86,204.82,0.6362,-1,-1,-1
990,59,1574.24,585.18,105.73,239.21,0.6419,-1,-1,-1
990,58,910.01,941.67,66.92,138.33,0.7079,-1,-1,-1
990,52,327.68,843.47,94.55,236.53,0.7772,-1,-1,-1
990,4,1721.29,457.52,75.61,208.34,0.5169,-1,-1,-1
991,84,315.38,273.63,56.53,178.83,0.3035,-1,-1,-1
991,82,401.61,262.97,65.71,202.74,0.4708,-1,-1,-1
991,80,1673.32,145.35,55.50,161.93,0.4350,-1,-1,-1
991,78,1739.19,667.79,90.53,254.67,0.6912,-1,-1,-1
991,75,1186.62,661.35,87.39,255.54,0.7374,-1,-1,-1
991,71,498.74,260.64,61.92,186.93,0.5417,-1,-1,-1
991,67,386.68,444.98,73.49,220.55,0.5914,-1,-1,-1
991,66,299.03,458.29,77.65,195.31,0.4329,-1,-1,-1
991,64,920.50,299.68,65.92,211.96,0.5670,-1,-1,-1
991,63,835.60,312.02,69.53,202.90,0.6165,-1,-1,-1
991,59,1574.42,585.76,107.87,238.81,0.6632,-1,-1,-1
991,58,910.00,942.86,66.70,137.14,0.7298,-1,-1,-1
991,52,327.50,844.97,94.06,235.03,0.7793,-1,-1,-1
991,4,1719.57,458.02,78.56,208.78,0.5168,-1,-1,-1
992,82,399.82,263.09,68.50,206.42,0.5013,-1,-1,-1
992,80,1672.34,146.66,58.61,161.93,0.4459,-1,-1,-1
992,78,1739.90,668.71,89.26,254.30,0.6794,-1,-1,-1
992,75,1183.96,660.05,87.61,259.07,0.7234,-1,-1,-1
992,74,1190.93,118.82,59.97,173.77,0.3278,-1,-1,-1
992,71,496.22,261.82,64.50,187.81,0.5680,-1,-1,-1
992,67,385.22,448.58,73.91,218.25,0.6131,-1,-1,-1
992,66,299.82,456.54,77.90,197.08,0.4765,-1,-1,-1
992,64,919.69,300.25,66.85,211.17,0.6110,-1,-1,-1
992,63,835.46,311.17,68.62,196.76,0.6174,-1,-1,-1
992,59,1575.25,585.06,106.99,239.31,0.6801,-1,-1,-1
992,58,908.94,943.10,66.62,136.90,0.7290,-1,-1,-1
992,52,327.59,846.44,93.04,233.56,0.7836,-1,-1,-1
992,4,1719.01,458.00,79.55,208.50,0.5465,-1,-1,-1
993,84,313.04,278.12,57.59,177.53,0.3272,-1,-1,-1
993,82,404.28,266.36,62.82,199.44,0.5004,-1,-1,-1
993,80,1671.98,147.74,60.49,164.86,0.3878,-1,-1,-1
993,78,1740.19,667.49,91.44,255.75,0.6830,-1,-1,-1
993,75,1182.49,658.63,88.41,253.85,0.7071,-1,-1,-1
993,74,1191.76,120.30,61.16,174.26,0.3519,-1,-1,-1
993,71,497.24,263.17,63.97,186.18,0.5462,-1,-1,-1
993,67,383.29,452.52,75.24,218.60,0.6139,-1,-1,-1
993,66,302.87,461.54,75.81,193.62,0.5123,-1,-1,-1
993,64,921.82,299.16,63.90,211.05,0.5873,-1,-1,-1
993,63,837.07,310.56,66.57,197.68,0.6131,-1,-1,-1
993,59,1574.80,585.48,106.85,238.59,0.6827,-1,-1,-1
993,58,908.51,943.97,67.51,136.03,0.7398,-1,-1,-1
993,52,327.57,847.65,92.59,232.35,0.7817,-1,-1,-1
993,4,1719.55,457.07,78.23,210.51,0.5240,-1,-1,-1
994,84,315.56,279.65,58.71,173.65,0.3573,-1,-1,-1
994,82,401.74,265.82,65.54,203.58,0.5158,-1,-1,-1
994,80,1669.64,150.05,63.54,162.22,0.3436,-1,-1,-1
994,78,1737.33,670.98,98.07,253.25,0.6769,-1,-1,-1
994,75,1181.23,656.08,87.98,260.32,0.7178,-1,-1,-1
994,74,1192.58,122.28,60.78,176.91,0.3021,-1,-1,-1
994,71,499.45,264.67,62.57,184.11,0.5247,-1,-1,-1
994,67,381.24,454.51,76.08,216.93,0.6203,-1,-1,-1
994,66,305.56,462.98,72.70,194.31,0.5318,-1,-1,-1
994,64,922.55,297.49,65.91,210.03,0.5909,-1,-1,-1
994,63,839.26,307.35,62.96,200.75,0.6284,-1,-1,-1
994,59,1575.82,585.38,105.50,238.87,0.6778,-1,-1,-1
994,58,906.47,943.88,69.99,136.12,0.7346,-1,-1,-1
994,52,328.76,849.88,90.07,230.12,0.7849,-1,-1,-1
994,4,1718.66,458.11,79.76,209.34,0.5429,-1,-1,-1
995,84,313.25,279.07,59.10,179.48,0.3529,-1,-1,-1
995,82,402.57,265.41,63.69,207.60,0.5076,-1,-1,-1
995,80,1668.94,153.18,65.85,161.34,0.3463,-1,-1,-1
995,78,1737.78,670.34,96.90,254.61,0.6804,-1,-1,-1
995,75,1177.49,654.36,86.59,252.27,0.7371,-1,-1,-1
995,71,499.85,265.80,62.53,184.11,0.4955,-1,-1,-1
995,67,381.72,455.37,74.93,217.74,0.6164,-1,-1,-1
995,66,305.98,463.24,71.95,197.67,0.5616,-1,-1,-1
995,64,921.86,295.31,66.61,210.40,0.5860,-1,-1,-1
995,63,839.95,305.87,62.46,196.29,0.5837,-1,-1,-1
995,59,1576.78,586.63,103.85,237.59,0.6634,-1,-1,-1
995,58,906.65,944.68,69.17,135.32,0.7332,-1,-1,-1
995,52,329.37,852.54,90.45,227.46,0.7781,-1,-1,-1
995,4,1719.37,458.30,79.17,208.67,0.5493,-1,-1,-1
996,84,311.87,278.34,57.94,179.32,0.3618,-1,-1,-1
996,82,402.87,268.42,62.85,208.15,0.5283,-1,-1,-1
996,80,1670.21,153.87,64.09,164.33,0.3364,-1,-1,-1
996,78,1740.45,669.92,90.15,252.62,0.6783,-1,-1,-1
996,75,1177.33,651.42,85.71,258.71,0.7636,-1,-1,-1
996,71,499.71,265.41,63.45,185.33,0.4857,-1,-1,-1
996,67,380.23,456.11,76.03,216.91,0.6265,-1,-1,-1
996,66,307.76,463.02,69.38,205.04,0.5760,-1,-1,-1
996,64,922.08,293.64,68.75,209.60,0.5695,-1,-1,-1
996,63,840.44,304.15,62.08,195.38,0.6332,-1,-1,-1
996,59,1575.98,586.03,104.24,237.97,0.6559,-1,-1,-1
996,58,906.99,945.24,67.82,134.76,0.7314,-1,-1,-1
996,52,329.43,853.54,90.45,226.46,0.7834,-1,-1,-1
996,4,1720.18,458.41,77.91,208.00,0.5570,-1,-1,-1
997,84,310.75,277.74,57.59,184.49,0.3516,-1,-1,-1
997,82,400.69,266.94,64.26,209.18,0.4746,-1,-1,-1
997,80,1669.76,156.30,65.86,162.35,0.3439,-1,-1,-1
997,78,1741.32,670.34,88.21,251.73,0.6757,-1,-1,-1
997,75,1176.16,647.85,84.23,256.68,0.7589,-1,-1,-1
997,71,503.27,263.74,60.95,186.00,0.5057,-1,-1,-1
997,67,381.02,456.72,75.97,216.59,0.6297,-1,-1,-1
997,66,307.52,464.94,70.34,204.92,0.5935,-1,-1,-1
997,64,922.91,290.73,65.58,211.45,0.5854,-1,-1,-1
997,63,841.78,302.11,60.17,194.79,0.6103,-1,-1,-1
997,59,1576.31,586.65,103.17,237.17,0.6556,-1,-1,-1
997,58,906.14,945.51,68.73,134.49,0.7350,-1,-1,-1
997,52,328.96,857.49,91.73,222.51,0.7796,-1,-1,-1
997,4,1720.20,458.00,78.61,208.81,0.5358,-1,-1,-1
998,84,311.47,278.78,59.35,183.02,0.3914,-1,-1,-1
998,82,400.19,269.02,63.57,206.20,0.3998,-1,-1,-1
998,80,1669.81,159.72,66.64,158.86,0.4059,-1,-1,-1
998,78,1741.36,669.89,87.83,255.04,0.6841,-1,-1,-1
998,75,1176.25,641.99,83.44,256.62,0.7626,-1,-1,-1
998,71,503.96,264.03,60.90,186.32,0.5320,-1,-1,-1
998,67,379.92,457.41,78.17,216.25,0.5858,-1,-1,-1
998,66,307.47,468.84,71.22,202.31,0.5816,-1,-1,-1
998,64,923.12,288.42,67.03,210.37,0.5793,-1,-1,-1
998,63,842.51,298.46,60.98,196.80,0.5723,-1,-1,-1
998,59,1576.58,586.67,104.10,237.95,0.6741,-1,-1,-1
998,58,905.30,945.49,69.23,134.51,0.7316,-1,-1,-1
998,52,329.37,860.70,91.26,219.30,0.7689,-1,-1,-1
998,4,1721.78,458.32,76.47,209.11,0.5768,-1,-1,-1
999,82,401.55,269.84,61.75,204.64,0.4263,-1,-1,-1
999,80,1671.54,161.98,65.02,160.53,0.4195,-1,-1,-1
999,78,1741.40,669.22,88.73,254.34,0.6791,-1,-1,-1
999,75,1175.96,638.53,82.41,254.43,0.7532,-1,-1,-1
999,71,502.43,265.59,62.16,185.91,0.5102,-1,-1,-1
999,67,378.86,457.07,79.87,216.81,0.5332,-1,-1,-1
999,66,307.86,467.20,70.49,206.04,0.5907,-1,-1,-1
999,64,924.24,286.11,69.30,210.65,0.5775,-1,-1,-1
999,63,843.11,296.49,60.59,197.88,0.5637,-1,-1,-1
999,59,1578.28,586.85,102.36,237.09,0.6478,-1,-1,-1
999,58,905.45,945.92,68.86,134.08,0.7230,-1,-1,-1
999,52,329.80,864.54,91.67,215.46,0.7804,-1,-1,-1
999,4,1721.05,458.16,76.70,209.51,0.5488,-1,-1,-1
1000,84,309.81,279.63,59.51,186.36,0.3016,-1,-1,-1
1000,82,400.26,269.30,66.37,207.61,0.3396,-1,-1,-1
1000,80,1673.15,163.02,62.85,161.90,0.3706,-1,-1,-1
1000,78,1742.04,672.12,88.91,251.86,0.6619,-1,-1,-1
1000,75,1174.13,636.88,84.75,252.69,0.7515,-1,-1,-1
1000,71,503.44,264.64,62.05,185.85,0.4705,-1,-1,-1
1000,67,377.17,457.64,83.65,216.74,0.5379,-1,-1,-1
1000,66,306.89,470.90,71.72,203.24,0.6247,-1,-1,-1
1000,64,925.91,284.50,65.38,205.64,0.5492,-1,-1,-1
1000,63,842.93,295.14,60.94,200.92,0.5322,-1,-1,-1
1000,59,1576.85,586.10,102.49,237.95,0.6529,-1,-1,-1
1000,58,905.75,946.13,68.24,133.87,0.7309,-1,-1,-1
1000,52,330.60,867.80,91.37,212.20,0.7948,-1,-1,-1
1000,4,1721.40,457.54,75.46,209.78,0.5489,-1,-1,-1
1001,84,308.29,280.21,60.63,186.01,0.3203,-1,-1,-1
1001,82,399.03,269.52,68.38,205.69,0.3875,-1,-1,-1
1001,80,1674.09,163.88,61.37,161.07,0.3799,-1,-1,-1
1001,78,1741.76,667.89,86.17,256.09,0.6405,-1,-1,-1
1001,75,1175.16,634.87,84.41,254.28,0.7635,-1,-1,-1
1001,71,503.02,267.30,61.99,186.44,0.4800,-1,-1,-1
1001,67,377.05,457.70,80.81,216.50,0.5263,-1,-1,-1
1001,66,306.47,472.03,72.69,201.68,0.5712,-1,-1,-1
1001,64,926.48,283.02,65.40,202.01,0.5577,-1,-1,-1
1001,63,843.46,294.68,60.36,201.17,0.5509,-1,-1,-1
1001,59,1574.24,586.16,105.60,237.82,0.6570,-1,-1,-1
1001,58,905.26,946.61,69.15,133.39,0.7318,-1,-1,-1
1001,52,332.88,870.37,90.77,209.63,0.7964,-1,-1,-1
1001,4,1720.49,458.64,75.48,208.98,0.5612,-1,-1,-1
1002,84,306.48,280.40,63.19,188.64,0.3102,-1,-1,-1
1002,80,1674.82,164.00,60.77,160.66,0.3238,-1,-1,-1
1002,78,1743.13,671.57,83.11,252.86,0.6527,-1,-1,-1
1002,75,1175.68,633.07,84.06,256.69,0.7693,-1,-1,-1
1002,71,502.09,268.30,63.23,188.33,0.5040,-1,-1,-1
1002,67,379.23,458.15,80.33,216.04,0.5527,-1,-1,-1
1002,66,304.73,476.62,74.46,197.75,0.5345,-1,-1,-1
1002,64,927.50,282.09,62.49,203.63,0.5639,-1,-1,-1
1002,63,843.18,294.47,60.22,203.28,0.5458,-1,-1,-1
1002,59,1573.00,586.82,107.36,237.49,0.6614,-1,-1,-1
1002,58,904.07,946.69,69.69,133.31,0.7413,-1,-1,-1
1002,52,334.61,873.71,90.78,206.29,0.7898,-1,-1,-1
1002,4,1721.05,458.18,73.88,210.44,0.5532,-1,-1,-1
1003,84,307.16,281.48,63.55,187.55,0.3863,-1,-1,-1
1003,82,397.46,263.33,71.30,212.26,0.3292,-1,-1,-1
1003,80,1676.63,163.21,59.02,161.67,0.3412,-1,-1,-1
1003,78,1744.13,673.62,85.00,251.98,0.6627,-1,-1,-1
1003,75,1174.30,629.72,84.44,260.27,0.7760,-1,-1,-1
1003,71,500.68,270.15,65.09,191.43,0.5763,-1,-1,-1
1003,67,379.18,459.30,78.83,215.59,0.5891,-1,-1,-1
1003,66,302.73,473.25,76.76,200.79,0.5407,-1,-1,-1
1003,64,926.91,279.79,64.91,202.89,0.5803,-1,-1,-1
1003,63,842.98,293.97,60.85,203.00,0.5568,-1,-1,-1
1003,59,1574.05,588.22,106.77,235.86,0.6752,-1,-1,-1
1003,58,905.41,947.56,68.41,132.44,0.7487,-1,-1,-1
1003,52,336.69,875.85,89.07,204.15,0.7921,-1,-1,-1
1003,4,1720.68,459.83,73.26,209.12,0.5568,-1,-1,-1
1004,85,592.93,549.15,87.35,243.19,0.4447,-1,-1,-1
1004,84,306.39,284.14,63.50,183.38,0.4078,-1,-1,-1
1004,80,1679.07,163.82,57.75,162.03,0.3164,-1,-1,-1
1004,78,1744.34,673.06,86.56,254.04,0.6369,-1,-1,-1
1004,75,1172.44,630.30,85.53,258.08,0.7751,-1,-1,-1
1004,71,501.40,272.40,64.11,190.56,0.5786,-1,-1,-1
1004,67,379.64,457.97,79.53,219.69,0.6278,-1,-1,-1
1004,66,301.37,473.35,76.07,199.29,0.4464,-1,-1,-1
1004,64,926.70,280.73,63.27,202.34,0.6026,-1,-1,-1
1004,63,844.70,294.18,57.43,205.48,0.5928,-1,-1,-1
1004,59,1574.22,587.81,106.57,236.52,0.6681,-1,-1,-1
1004,58,904.53,947.60,68.95,132.40,0.7351,-1,-1,-1
1004,52,338.70,877.85,89.27,202.15,0.7990,-1,-1,-1
1004,4,1719.42,458.27,74.74,210.77,0.5262,-1,-1,-1
1005,85,600.91,547.74,75.19,243.15,0.4584,-1,-1,-1
1005,84,305.68,285.98,63.84,184.18,0.4616,-1,-1,-1
1005,80,1678.52,164.98,59.16,158.55,0.3724,-1,-1,-1
1005,78,1744.51,673.85,87.85,253.67,0.6365,-1,-1,-1
1005,75,1170.92,628.55,85.66,260.18,0.7778,-1,-1,-1
1005,71,500.10,275.11,64.68,187.27,0.6128,-1,-1,-1
1005,67,379.98,459.50,79.16,222.54,0.5918,-1,-1,-1
1005,66,319.79,483.40,59.58,187.80,0.4009,-1,-1,-1
1005,64,927.83,279.46,63.10,202.80,0.6233,-1,-1,-1
1005,63,844.56,293.86,57.45,204.95,0.6141,-1,-1,-1
1005,59,1574.85,587.64,106.30,237.07,0.6475,-1,-1,-1
1005,58,904.24,947.72,69.26,132.28,0.7350,-1,-1,-1
1005,52,341.09,878.67,88.87,201.33,0.8003,-1,-1,-1
1005,4,1720.11,457.90,73.40,212.24,0.5431,-1,-1,-1
1006,85,598.15,547.40,79.11,244.58,0.4775,-1,-1,-1
1006,84,308.02,288.89,62.13,184.78,0.4340,-1,-1,-1
1006,80,1680.11,165.54,59.47,157.85,0.3663,-1,-1,-1
1006,78,1745.57,670.86,88.17,254.65,0.5952,-1,-1,-1
1006,75,1168.94,628.11,87.60,261.40,0.7661,-1,-1,-1
1006,71,502.29,277.31,62.05,186.57,0.5683,-1,-1,-1
1006,67,381.59,460.53,78.27,222.33,0.5393,-1,-1,-1
1006,66,321.08,483.33,58.48,186.83,0.4029,-1,-1,-1
1006,64,929.07,279.22,61.79,202.19,0.5953,-1,-1,-1
1006,63,843.99,292.26,59.29,203.13,0.6559,-1,-1,-1
1006,59,1574.56,588.76,106.40,235.82,0.6681,-1,-1,-1
1006,58,904.85,949.03,68.39,130.97,0.7280,-1,-1,-1
1006,52,342.35,880.81,89.84,199.19,0.8022,-1,-1,-1
1006,4,1719.43,457.89,73.99,210.78,0.5258,-1,-1,-1
1007,85,597.94,548.03,79.21,243.55,0.4774,-1,-1,-1
1007,84,306.74,291.39,63.15,186.01,0.4829,-1,-1,-1
1007,80,1683.80,165.77,56.62,157.76,0.3577,-1,-1,-1
1007,78,1746.43,670.36,89.03,257.82,0.6240,-1,-1,-1
1007,75,1167.13,628.53,88.41,258.69,0.7632,-1,-1,-1
1007,71,502.27,279.92,62.43,187.81,0.5996,-1,-1,-1
1007,67,385.00,466.63,79.51,225.78,0.5612,-1,-1,-1
1007,66,320.06,482.08,60.19,188.48,0.4471,-1,-1,-1
1007,64,931.28,275.02,58.40,206.65,0.6568,-1,-1,-1
1007,63,844.15,291.14,59.51,201.39,0.6932,-1,-1,-1
1007,59,1575.54,590.02,104.75,234.26,0.6647,-1,-1,-1
1007,58,905.09,948.72,67.80,131.28,0.7241,-1,-1,-1
1007,52,343.82,882.54,91.24,197.46,0.8142,-1,-1,-1
1007,4,1719.04,458.43,75.90,210.75,0.5488,-1,-1,-1
1008,85,597.16,548.25,79.87,244.03,0.5272,-1,-1,-1
1008,84,305.66,292.15,63.89,186.83,0.4912,-1,-1,-1
1008,82,390.74,277.03,76.02,153.37,0.3341,-1,-1,-1
1008,80,1685.73,165.80,55.60,157.36,0.3615,-1,-1,-1
1008,78,1746.15,672.85,88.34,255.40,0.5956,-1,-1,-1
1008,75,1165.15,626.84,87.34,259.52,0.7601,-1,-1,-1
1008,71,500.37,280.80,63.73,189.51,0.5673,-1,-1,-1
1008,67,382.20,463.74,79.28,223.45,0.5746,-1,-1,-1
1008,66,318.61,483.40,62.50,189.75,0.4972,-1,-1,-1
1008,64,931.58,273.91,57.71,208.35,0.6630,-1,-1,-1
1008,63,844.70,288.49,59.30,201.88,0.6847,-1,-1,-1
1008,59,1575.36,588.60,105.60,236.35,0.6722,-1,-1,-1
1008,58,904.81,949.21,68.05,130.79,0.7353,-1,-1,-1
1008,52,344.92,883.39,92.36,196.61,0.8085,-1,-1,-1
1008,4,1718.87,458.39,75.51,211.30,0.5501,-1,-1,-1
1009,85,593.36,548.01,83.68,244.48,0.5680,-1,-1,-1
1009,84,305.28,294.21,62.71,182.03,0.4538,-1,-1,-1
1009,82,388.48,280.58,77.72,197.69,0.3298,-1,-1,-1
1009,80,1687.15,167.21,54.86,158.83,0.3435,-1,-1,-1
1009,78,1744.95,671.80,90.64,252.62,0.5846,-1,-1,-1
1009,75,1160.27,624.96,87.16,260.13,0.7601,-1,-1,-1
1009,71,501.43,279.68,61.67,191.26,0.5674,-1,-1,-1
1009,67,381.19,465.73,82.25,224.53,0.5720,-1,-1,-1
1009,66,318.01,484.00,63.51,190.18,0.4915,-1,-1,-1
1009,64,929.04,277.89,60.80,204.15,0.6115,-1,-1,-1
1009,63,844.67,287.81,59.96,195.93,0.6420,-1,-1,-1
1009,59,1575.41,589.35,105.99,235.65,0.6877,-1,-1,-1
1009,58,904.95,949.78,67.82,130.22,0.7389,-1,-1,-1
1009,52,345.27,886.20,96.47,193.80,0.8107,-1,-1,-1
1009,4,1719.74,458.07,77.03,212.33,0.5570,-1,-1,-1
1010,85,592.25,549.98,84.97,242.34,0.5758,-1,-1,-1
1010,84,305.54,294.18,61.19,182.08,0.4088,-1,-1,-1
1010,80,1688.62,167.19,54.98,159.00,0.3134,-1,-1,-1
1010,78,1742.98,670.86,94.05,250.54,0.5456,-1,-1,-1
1010,75,1157.72,623.35,89.47,258.59,0.7589,-1,-1,-1
1010,71,501.52,282.77,60.46,189.38,0.5171,-1,-1,-1
1010,67,380.86,467.16,82.27,226.79,0.5131,-1,-1,-1
1010,66,316.69,483.74,64.73,192.81,0.4843,-1,-1,-1
1010,64,929.49,276.72,61.12,206.50,0.6287,-1,-1,-1
1010,63,844.27,285.18,60.53,197.62,0.6324,-1,-1,-1
1010,59,1575.55,588.95,105.61,235.06,0.6757,-1,-1,-1
1010,58,904.40,949.55,68.85,130.45,0.7317,-1,-1,-1
1010,52,346.28,887.89,96.46,192.11,0.8098,-1,-1,-1
1010,4,1718.74,457.71,78.75,212.30,0.5381,-1,-1,-1
1011,85,592.00,548.98,85.65,243.48,0.5556,-1,-1,-1
1011,84,306.67,295.77,58.78,183.94,0.3642,-1,-1,-1
1011,80,1688.81,169.15,55.33,158.48,0.3303,-1,-1,-1
1011,78,1737.52,672.00,99.76,251.24,0.4300,-1,-1,-1
1011,75,1156.42,621.39,90.13,260.16,0.7504,-1,-1,-1
1011,71,501.36,282.41,59.71,190.83,0.4513,-1,-1,-1
1011,67,379.90,467.80,82.90,228.41,0.4548,-1,-1,-1
1011,66,315.83,484.59,64.99,196.25,0.4338,-1,-1,-1
1011,64,928.46,276.52,62.54,205.20,0.6184,-1,-1,-1
1011,63,845.28,282.46,60.97,194.57,0.5818,-1,-1,-1
1011,59,1575.01,590.20,105.25,234.63,0.6667,-1,-1,-1
1011,58,904.25,949.59,68.48,130.41,0.7364,-1,-1,-1
1011,52,348.31,890.47,96.80,189.53,0.7999,-1,-1,-1
1011,4,1717.89,456.70,79.24,213.32,0.5528,-1,-1,-1
1012,85,590.14,550.30,87.32,242.66,0.5630,-1,-1,-1
1012,84,305.93,296.45,58.09,183.70,0.3180,-1,-1,-1
1012,82,385.34,280.10,72.86,201.40,0.3038,-1,-1,-1
1012,80,1688.62,170.71,56.78,157.45,0.3013,-1,-1,-1
1012,78,1735.76,676.01,100.62,251.17,0.4111,-1,-1,-1
1012,75,1154.45,618.49,89.93,261.13,0.7544,-1,-1,-1
1012,71,499.25,283.81,61.58,188.07,0.4224,-1,-1,-1
1012,67,380.28,469.69,80.78,226.98,0.4323,-1,-1,-1
1012,66,315.33,486.13,66.15,201.99,0.4081,-1,-1,-1
1012,64,930.69,273.73,60.97,205.91,0.5726,-1,-1,-1
1012,63,844.88,281.37,59.72,194.12,0.5903,-1,-1,-1
1012,59,1574.21,588.18,106.21,236.52,0.6592,-1,-1,-1
1012,58,903.82,949.34,69.66,130.66,0.7304,-1,-1,-1
1012,52,348.35,893.19,100.17,186.81,0.8094,-1,-1,-1
1012,4,1718.02,456.30,78.89,213.11,0.5417,-1,-1,-1
1013,85,589.26,550.70,88.35,242.71,0.6115,-1,-1,-1
1013,84,300.23,297.53,63.25,188.29,0.3828,-1,-1,-1
1013,82,384.14,277.58,74.61,202.69,0.3615,-1,-1,-1
1013,78,1732.28,672.98,105.93,255.01,0.3513,-1,-1,-1
1013,75,1154.91,616.32,88.19,258.29,0.7502,-1,-1,-1
1013,71,496.89,283.92,62.68,188.02,0.4205,-1,-1,-1
1013,67,380.37,471.39,80.96,226.47,0.4638,-1,-1,-1
1013,66,313.85,487.14,66.34,207.10,0.3974,-1,-1,-1
1013,64,929.97,271.81,61.56,206.50,0.5838,-1,-1,-1
1013,63,845.45,279.74,59.11,197.07,0.6111,-1,-1,-1
1013,59,1574.98,589.59,106.07,235.08,0.6646,-1,-1,-1
1013,58,903.95,949.14,68.88,130.86,0.7071,-1,-1,-1
1013,52,349.72,895.89,100.90,184.11,0.8033,-1,-1,-1
1013,4,1717.24,456.17,80.14,212.85,0.5711,-1,-1,-1
1014,85,588.34,551.08,87.90,242.69,0.5941,-1,-1,-1
1014,84,301.16,298.63,61.57,185.78,0.3517,-1,-1,-1
1014,78,1721.45,669.91,114.96,256.97,0.4748,-1,-1,-1
1014,75,1153.41,612.94,88.11,260.42,0.7441,-1,-1,-1
1014,71,494.98,285.13,64.98,187.82,0.4461,-1,-1,-1
1014,67,381.39,473.39,76.62,226.20,0.4534,-1,-1,-1
1014,66,293.18,488.96,84.66,207.62,0.4495,-1,-1,-1
1014,64,929.69,270.67,60.69,198.81,0.5356,-1,-1,-1
1014,63,843.09,278.52,60.84,197.92,0.5995,-1,-1,-1
1014,59,1572.77,587.26,107.01,236.96,0.6498,-1,-1,-1
1014,58,904.67,948.64,69.08,131.36,0.7122,-1,-1,-1
1014,52,350.06,897.58,101.87,182.42,0.8028,-1,-1,-1
1014,4,1717.44,456.27,80.82,212.60,0.5493,-1,-1,-1
1015,85,588.73,551.87,85.87,241.26,0.5567,-1,-1,-1
1015,84,299.34,299.76,63.25,184.81,0.3010,-1,-1,-1
1015,78,1719.65,670.84,117.15,258.05,0.4076,-1,-1,-1
1015,75,1154.95,611.24,83.13,254.41,0.7575,-1,-1,-1
1015,71,496.86,286.16,62.50,188.09,0.4477,-1,-1,-1
1015,67,380.49,473.99,80.45,226.14,0.5084,-1,-1,-1
1015,66,292.89,492.35,82.51,207.09,0.4842,-1,-1,-1
1015,64,929.65,270.24,58.77,200.76,0.5476,-1,-1,-1
1015,63,841.96,274.49,62.52,203.84,0.5942,-1,-1,-1
1015,59,1573.67,589.23,107.15,235.77,0.6607,-1,-1,-1
1015,58,903.74,949.21,69.48,130.79,0.7080,-1,-1,-1
1015,52,351.39,900.86,101.06,179.14,0.7932,-1,-1,-1
1015,4,1717.28,455.87,81.72,212.75,0.5464,-1,-1,-1
1016,85,587.12,550.91,86.74,242.74,0.5578,-1,-1,-1
1016,84,297.31,299.00,65.32,190.12,0.3598,-1,-1,-1
1016,80,1695.34,176.93,53.19,156.05,0.3257,-1,-1,-1
1016,78,1716.73,668.15,119.06,260.41,0.3897,-1,-1,-1
1016,75,1153.85,607.13,82.97,248.71,0.7732,-1,-1,-1
1016,71,495.86,286.09,62.77,188.22,0.4508,-1,-1,-1
1016,67,379.32,477.71,78.37,224.34,0.5186,-1,-1,-1
1016,66,293.51,495.99,80.58,204.98,0.4959,-1,-1,-1
1016,64,929.65,268.73,58.14,197.52,0.5467,-1,-1,-1
1016,63,842.69,276.95,61.91,198.63,0.5851,-1,-1,-1
1016,59,1573.34,587.71,106.93,237.23,0.6536,-1,-1,-1
1016,58,904.04,948.54,68.10,131.46,0.7218,-1,-1,-1
1016,52,351.94,903.71,102.37,176.10,0.8083,-1,-1,-1
1016,4,1716.93,456.20,81.87,211.86,0.5175,-1,-1,-1
1017,85,587.51,551.82,83.41,239.17,0.5836,-1,-1,-1
1017,84,296.60,298.82,66.25,191.03,0.3538,-1,-1,-1
1017,80,1694.76,177.97,56.38,160.05,0.3136,-1,-1,-1
1017,78,1723.06,676.32,107.40,252.63,0.4352,-1,-1,-1
1017,75,1152.47,603.55,82.95,245.64,0.7647,-1,-1,-1
1017,71,493.79,287.05,64.84,188.84,0.4710,-1,-1,-1
1017,67,379.02,479.24,78.07,222.75,0.4749,-1,-1,-1
1017,66,291.65,505.12,81.64,198.79,0.4687,-1,-1,-1
1017,64,929.29,265.61,59.16,197.10,0.5281,-1,-1,-1
1017,63,844.04,276.76,61.53,199.84,0.5931,-1,-1,-1
1017,59,1573.71,588.29,105.54,237.05,0.6686,-1,-1,-1
1017,58,903.90,948.65,68.29,131.35,0.7078,-1,-1,-1
1017,52,353.18,907.74,101.80,171.31,0.8148,-1,-1,-1
1017,4,1717.14,456.84,81.59,212.98,0.4724,-1,-1,-1
1018,85,586.75,551.61,83.59,239.27,0.5344,-1,-1,-1
1018,84,296.86,299.15,64.80,189.74,0.3592,-1,-1,-1
1018,80,1699.78,177.77,54.10,159.52,0.3380,-1,-1,-1
1018,78,1723.21,680.63,101.42,245.61,0.4475,-1,-1,-1
1018,75,1153.01,600.78,80.67,247.35,0.7482,-1,-1,-1
1018,71,493.66,288.46,64.33,190.99,0.4835,-1,-1,-1
1018,67,379.88,479.93,76.30,219.40,0.5375,-1,-1,-1
1018,66,289.94,507.45,83.39,198.94,0.4973,-1,-1,-1
1018,64,929.91,261.91,60.81,200.50,0.5210,-1,-1,-1
1018,63,843.33,276.23,62.26,201.19,0.5863,-1,-1,-1
1018,59,1573.72,591.23,104.44,233.93,0.6462,-1,-1,-1
1018,58,904.30,948.50,67.67,131.50,0.7167,-1,-1,-1
1018,52,353.78,911.55,102.95,167.21,0.8028,-1,-1,-1
1018,4,1716.22,457.76,83.34,209.66,0.4679,-1,-1,-1
1019,85,587.14,550.75,83.76,242.07,0.4867,-1,-1,-1
1019,84,294.67,298.88,64.71,190.97,0.3835,-1,-1,-1
1019,80,1701.27,176.74,54.25,161.15,0.3700,-1,-1,-1
1019,78,1721.71,676.84,97.68,247.20,0.4619,-1,-1,-1
1019,75,1152.62,598.85,81.16,247.60,0.7362,-1,-1,-1
1019,71,493.19,288.83,65.36,195.37,0.4637,-1,-1,-1
1019,67,379.81,482.15,76.56,215.87,0.5530,-1,-1,-1
1019,66,288.97,508.45,83.09,198.61,0.5367,-1,-1,-1
1019,64,926.34,260.35,65.70,200.85,0.5774,-1,-1,-1
1019,63,843.20,273.08,61.78,203.49,0.5812,-1,-1,-1
1019,59,1573.66,590.45,104.09,235.40,0.6634,-1,-1,-1
1019,58,903.11,948.20,67.74,131.80,0.7163,-1,-1,-1
1019,52,354.02,914.62,102.68,163.78,0.8017,-1,-1,-1
1019,4,1716.29,457.44,83.09,209.66,0.4863,-1,-1,-1
1020,85,584.98,551.53,85.15,240.21,0.5328,-1,-1,-1
1020,84,294.33,298.53,64.48,190.71,0.4003,-1,-1,-1
1020,80,1703.05,177.29,53.00,161.54,0.4367,-1,-1,-1
1020,78,1720.38,671.91,96.22,252.94,0.4646,-1,-1,-1
1020,75,1150.21,596.17,83.65,250.31,0.7270,-1,-1,-1
1020,71,494.07,292.14,64.96,192.43,0.4686,-1,-1,-1
1020,67,379.59,482.90,77.44,214.79,0.5439,-1,-1,-1
1020,66,287.53,508.34,83.19,197.55,0.4306,-1,-1,-1
1020,64,924.30,260.12,66.89,198.77,0.5336,-1,-1,-1
1020,63,843.54,275.92,62.08,199.40,0.5937,-1,-1,-1
1020,59,1575.09,589.32,103.51,236.60,0.6435,-1,-1,-1
1020,58,903.47,947.33,67.80,132.59,0.7093,-1,-1,-1
1020,52,354.80,917.17,102.59,161.74,0.8049,-1,-1,-1
1020,4,1718.17,454.67,80.93,204.58,0.4867,-1,-1,-1
1021,85,583.93,550.48,86.32,240.40,0.5174,-1,-1,-1
1021,84,292.41,299.62,66.41,193.47,0.4331,-1,-1,-1
1021,80,1703.46,178.19,54.31,161.50,0.4308,-1,-1,-1
1021,78,1715.97,672.45,92.36,250.51,0.5407,-1,-1,-1
1021,75,1147.95,593.71,84.15,251.68,0.7216,-1,-1,-1
1021,71,492.21,294.74,66.48,189.61,0.4921,-1,-1,-1
1021,67,378.53,484.66,79.05,215.82,0.5571,-1,-1,-1
1021,66,284.04,506.54,88.29,199.17,0.5323,-1,-1,-1
1021,64,926.39,258.26,65.72,196.06,0.5373,-1,-1,-1
1021,63,843.66,274.69,61.90,199.82,0.6062,-1,-1,-1
1021,59,1574.99,589.41,103.43,237.49,0.6528,-1,-1,-1
1021,58,902.25,945.61,68.87,134.39,0.7017,-1,-1,-1
1021,52,356.30,918.20,100.98,160.56,0.8076,-1,-1,-1
1021,4,1718.75,454.65,80.91,202.64,0.5032,-1,-1,-1
1022,85,583.59,549.75,85.22,240.88,0.5296,-1,-1,-1
1022,84,292.40,299.56,65.26,193.56,0.4441,-1,-1,-1
1022,82,376.09,296.35,73.03,195.06,0.3465,-1,-1,-1
1022,80,1702.40,178.03,57.48,163.31,0.4390,-1,-1,-1
1022,78,1714.64,671.89,92.10,247.43,0.5995,-1,-1,-1
1022,75,1147.54,593.43,85.88,252.77,0.7301,-1,-1,-1
1022,71,492.48,296.46,66.11,188.17,0.4946,-1,-1,-1
1022,67,378.06,485.35,80.77,226.48,0.5689,-1,-1,-1
1022,66,308.47,508.93,63.53,194.99,0.4170,-1,-1,-1
1022,64,925.35,258.53,66.90,197.28,0.5727,-1,-1,-1
1022,63,843.59,273.30,61.77,199.02,0.6094,-1,-1,-1
1022,59,1576.78,589.12,101.39,237.53,0.6496,-1,-1,-1
1022,58,902.84,946.51,67.42,133.27,0.7123,-1,-1,-1
1022,52,358.36,920.12,98.97,158.81,0.8164,-1,-1,-1
1022,4,1718.76,454.70,80.35,198.23,0.5124,-1,-1,-1
1023,85,583.40,550.05,83.75,239.56,0.4699,-1,-1,-1
1023,84,290.07,300.71,66.66,191.76,0.4701,-1,-1,-1
1023,82,376.10,297.73,70.23,196.97,0.3460,-1,-1,-1
1023,80,1701.88,178.63,58.71,165.82,0.4245,-1,-1,-1
1023,78,1712.88,674.71,92.87,245.51,0.6410,-1,-1,-1
1023,75,1147.87,591.07,84.80,255.22,0.7126,-1,-1,-1
1023,71,491.52,297.94,67.05,191.98,0.5012,-1,-1,-1
1023,67,378.24,485.65,80.83,229.89,0.5624,-1,-1,-1
1023,66,287.23,503.92,83.78,201.58,0.4450,-1,-1,-1
1023,64,926.93,257.50,64.91,199.67,0.5377,-1,-1,-1
1023,63,843.34,273.60,61.67,194.49,0.5972,-1,-1,-1
1023,59,1574.59,587.60,103.83,239.27,0.5953,-1,-1,-1
1023,58,902.76,945.81,66.93,133.82,0.7107,-1,-1,-1
1023,52,358.48,922.48,98.92,156.27,0.8094,-1,-1,-1
1023,4,1719.14,455.10,80.71,193.46,0.5301,-1,-1,-1
1024,85,584.94,549.61,80.99,239.88,0.4885,-1,-1,-1
1024,84,289.09,302.21,66.48,191.94,0.4819,-1,-1,-1
1024,80,1701.41,180.30,60.35,166.84,0.3542,-1,-1,-1
1024,78,1711.84,675.87,92.02,244.12,0.5932,-1,-1,-1
1024,75,1145.99,589.72,86.65,254.86,0.6897,-1,-1,-1
1024,71,491.89,298.60,66.24,194.93,0.5345,-1,-1,-1
1024,67,378.43,487.43,80.44,229.15,0.5554,-1,-1,-1
1024,66,286.52,504.97,83.62,200.22,0.4661,-1,-1,-1
1024,64,927.85,257.35,63.81,202.59,0.5887,-1,-1,-1
1024,63,842.78,271.73,62.12,192.61,0.6219,-1,-1,-1
1024,59,1574.74,587.56,103.38,239.18,0.6004,-1,-1,-1
1024,58,903.43,946.45,66.91,133.53,0.7228,-1,-1,-1
1024,52,359.08,924.72,98.99,154.40,0.8090,-1,-1,-1
1024,4,1719.27,454.63,79.29,191.16,0.5644,-1,-1,-1
1025,85,584.55,546.46,78.69,242.94,0.4625,-1,-1,-1
1025,84,288.17,303.04,66.90,193.62,0.4813,-1,-1,-1
1025,80,1699.10,181.94,62.63,173.43,0.3619,-1,-1,-1
1025,78,1711.23,678.20,87.95,242.13,0.6029,-1,-1,-1
1025,75,1143.69,588.68,88.99,254.19,0.6881,-1,-1,-1
1025,71,492.62,300.25,66.08,194.98,0.5059,-1,-1,-1
1025,67,377.85,488.30,78.59,232.46,0.5165,-1,-1,-1
1025,66,286.74,506.46,82.11,198.40,0.4790,-1,-1,-1
1025,64,930.76,257.58,60.51,204.41,0.5805,-1,-1,-1
1025,63,842.77,268.00,61.94,196.24,0.6656,-1,-1,-1
1025,59,1574.54,587.47,102.41,239.53,0.5712,-1,-1,-1
1025,58,902.97,946.04,65.78,133.73,0.7141,-1,-1,-1
1025,52,360.28,926.09,98.16,153.55,0.8113,-1,-1,-1
1025,4,1718.79,454.37,80.85,192.56,0.5434,-1,-1,-1
1026,85,585.35,546.58,76.53,242.14,0.4331,-1,-1,-1
1026,84,288.90,304.49,66.57,194.23,0.4595,-1,-1,-1
1026,82,371.59,300.15,69.92,191.79,0.4350,-1,-1,-1
1026,80,1697.81,184.77,65.66,175.95,0.3752,-1,-1,-1
1026,78,1710.50,683.53,84.35,238.55,0.6241,-1,-1,-1
1026,75,1143.32,588.75,87.17,249.99,0.6915,-1,-1,-1
1026,71,492.85,300.26,66.87,195.71,0.5995,-1,-1,-1
1026,67,377.70,491.69,76.93,232.04,0.5377,-1,-1,-1
1026,66,289.16,503.96,79.67,200.04,0.4842,-1,-1,-1
1026,64,932.66,256.86,59.27,203.93,0.5994,-1,-1,-1
1026,63,843.81,267.05,61.20,189.86,0.6340,-1,-1,-1
1026,59,1576.27,589.12,101.48,238.06,0.6188,-1,-1,-1
1026,58,902.01,945.75,66.59,134.08,0.7180,-1,-1,-1
1026,52,362.00,927.97,96.92,151.13,0.8078,-1,-1,-1
1026,4,1718.87,454.18,80.51,190.61,0.5671,-1,-1,-1
1027,85,585.02,546.98,72.14,242.58,0.4401,-1,-1,-1
1027,84,290.09,306.85,65.35,192.87,0.4447,-1,-1,-1
1027,82,370.22,302.18,70.46,193.43,0.5208,-1,-1,-1
1027,80,1697.86,188.18,66.83,174.74,0.3428,-1,-1,-1
1027,78,1705.44,672.47,84.32,243.91,0.5734,-1,-1,-1
1027,75,1142.26,588.59,86.26,252.55,0.7253,-1,-1,-1
1027,71,493.50,302.26,65.99,193.73,0.6044,-1,-1,-1
1027,67,376.59,494.12,73.84,232.30,0.5658,-1,-1,-1
1027,66,292.01,505.28,76.02,199.36,0.5621,-1,-1,-1
1027,64,934.17,256.56,57.80,205.50,0.5791,-1,-1,-1
1027,63,845.41,265.24,59.18,188.15,0.6329,-1,-1,-1
1027,59,1575.13,589.46,103.06,237.85,0.6726,-1,-1,-1
1027,58,902.46,945.83,64.35,133.68,0.7180,-1,-1,-1
1027,52,364.16,929.87,96.83,148.88,0.8122,-1,-1,-1
1027,4,1719.01,454.82,81.54,190.06,0.5375,-1,-1,-1
1028,85,585.84,546.38,70.32,243.17,0.4765,-1,-1,-1
1028,84,289.74,308.63,63.47,192.46,0.4424,-1,-1,-1
1028,82,370.21,306.53,70.51,190.82,0.5326,-1,-1,-1
1028,80,1698.49,191.52,65.90,171.36,0.3504,-1,-1,-1
1028,78,1705.54,658.10,82.30,256.25,0.5207,-1,-1,-1
1028,75,1141.43,587.04,84.75,248.82,0.7230,-1,-1,-1
1028,71,495.95,303.61,63.25,192.01,0.5130,-1,-1,-1
1028,67,375.24,497.12,76.89,230.01,0.5984,-1,-1,-1
1028,66,296.49,509.86,70.60,196.41,0.5647,-1,-1,-1
1028,64,935.87,256.25,58.06,198.01,0.5855,-1,-1,-1
1028,63,846.30,262.56,59.18,188.38,0.6019,-1,-1,-1
1028,59,1574.87,589.25,102.36,238.15,0.6740,-1,-1,-1
1028,58,902.35,945.67,64.32,134.33,0.7134,-1,-1,-1
1028,52,365.29,931.83,95.96,147.35,0.8204,-1,-1,-1
1028,4,1717.53,457.75,82.66,201.94,0.5752,-1,-1,-1
1029,85,586.52,545.41,65.05,244.72,0.5001,-1,-1,-1
1029,84,290.52,311.25,62.20,192.50,0.3668,-1,-1,-1
1029,82,370.56,307.38,68.12,193.21,0.5067,-1,-1,-1
1029,80,1699.31,193.21,65.82,168.89,0.3554,-1,-1,-1
1029,78,1702.66,639.31,83.47,274.26,0.4044,-1,-1,-1
1029,75,1141.29,586.21,81.55,249.02,0.7392,-1,-1,-1
1029,71,493.91,304.46,64.76,191.17,0.5338,-1,-1,-1
1029,67,374.81,499.85,77.45,227.72,0.6168,-1,-1,-1
1029,66,295.21,512.56,70.75,197.27,0.5984,-1,-1,-1
1029,64,936.46,255.53,58.67,202.02,0.6223,-1,-1,-1
1029,63,847.63,261.70,58.44,189.96,0.5969,-1,-1,-1
1029,59,1574.19,589.68,103.13,237.75,0.6891,-1,-1,-1
1029,58,901.63,945.36,63.65,134.64,0.6991,-1,-1,-1
1029,52,367.66,932.68,94.98,145.91,0.8127,-1,-1,-1
1029,4,1717.84,459.15,83.79,201.29,0.5824,-1,-1,-1
1030,86,1842.64,237.85,60.87,189.00,0.3154,-1,-1,-1
1030,85,586.09,544.54,65.94,245.72,0.4713,-1,-1,-1
1030,84,291.98,312.04,62.20,189.29,0.4059,-1,-1,-1
1030,82,368.59,308.41,69.22,194.43,0.5655,-1,-1,-1
1030,80,1700.37,196.30,64.61,161.82,0.3167,-1,-1,-1
1030,78,1701.82,639.16,83.77,273.67,0.4539,-1,-1,-1
1030,75,1140.64,584.04,79.22,249.52,0.7754,-1,-1,-1
1030,71,493.31,302.68,65.37,193.29,0.5341,-1,-1,-1
1030,67,373.35,500.71,71.80,226.80,0.6120,-1,-1,-1
1030,66,294.93,511.98,71.32,202.62,0.6496,-1,-1,-1
1030,64,936.57,254.36,59.23,200.21,0.5631,-1,-1,-1
1030,63,848.27,260.98,57.08,192.88,0.5865,-1,-1,-1
1030,59,1573.99,588.28,101.76,239.72,0.6458,-1,-1,-1
1030,58,901.37,944.99,62.08,135.01,0.7173,-1,-1,-1
1030,52,368.04,935.83,95.35,142.68,0.8002,-1,-1,-1
1030,4,1717.82,457.93,82.68,201.96,0.5789,-1,-1,-1
1031,86,1844.48,241.26,58.29,187.10,0.3030,-1,-1,-1
1031,85,585.60,544.35,63.95,246.76,0.4737,-1,-1,-1
1031,84,293.15,314.49,62.62,190.51,0.4002,-1,-1,-1
1031,82,367.53,309.74,69.79,193.67,0.5659,-1,-1,-1
1031,80,1701.20,198.32,63.72,163.37,0.3378,-1,-1,-1
1031,78,1684.13,637.82,98.55,277.90,0.5305,-1,-1,-1
1031,75,1139.95,578.16,78.28,248.40,0.7786,-1,-1,-1
1031,71,492.96,302.23,65.27,189.78,0.5714,-1,-1,-1
1031,67,373.24,500.37,79.16,229.26,0.6374,-1,-1,-1
1031,66,294.52,513.87,71.05,211.58,0.6804,-1,-1,-1
1031,64,938.49,250.73,57.58,197.10,0.5691,-1,-1,-1
1031,63,848.37,259.33,57.40,194.27,0.5693,-1,-1,-1
1031,59,1572.92,590.64,103.44,236.96,0.6566,-1,-1,-1
1031,58,900.01,944.51,61.85,135.49,0.7212,-1,-1,-1
1031,52,371.29,937.25,92.67,141.04,0.7949,-1,-1,-1
1031,4,1717.78,458.54,82.96,205.43,0.6018,-1,-1,-1
1032,86,1846.37,241.92,59.20,189.32,0.3026,-1,-1,-1
1032,85,586.00,543.65,62.16,247.20,0.4722,-1,-1,-1
1032,84,293.13,316.29,64.91,190.12,0.4093,-1,-1,-1
1032,82,366.61,310.75,69.82,193.35,0.5063,-1,-1,-1
1032,80,1701.53,200.32,62.83,164.72,0.3729,-1,-1,-1
1032,78,1680.27,641.17,98.47,276.02,0.4877,-1,-1,-1
1032,75,1139.40,574.87,77.27,245.57,0.7701,-1,-1,-1
1032,71,493.94,304.78,63.25,187.25,0.4876,-1,-1,-1
1032,67,373.92,500.71,77.81,229.90,0.6623,-1,-1,-1
1032,66,294.79,516.20,71.20,213.10,0.6868,-1,-1,-1
1032,64,939.56,248.62,56.71,194.07,0.6195,-1,-1,-1
1032,63,848.46,256.19,58.20,194.51,0.5802,-1,-1,-1
1032,59,1573.58,590.30,101.58,237.55,0.6401,-1,-1,-1
1032,58,899.52,944.02,61.01,135.98,0.7000,-1,-1,-1
1032,52,372.96,941.05,91.03,137.32,0.7709,-1,-1,-1
1032,4,1717.95,458.53,82.84,207.79,0.5972,-1,-1,-1
1033,85,585.42,542.10,61.40,237.76,0.4309,-1,-1,-1
1033,84,293.31,317.59,65.32,190.66,0.3550,-1,-1,-1
1033,82,365.56,311.55,70.29,192.55,0.5325,-1,-1,-1
1033,78,1676.18,638.51,101.01,279.35,0.5395,-1,-1,-1
1033,75,1139.26,572.17,76.36,242.00,0.7705,-1,-1,-1
1033,71,492.36,306.23,64.71,190.25,0.4656,-1,-1,-1
1033,67,373.00,501.59,77.59,228.72,0.6444,-1,-1,-1
1033,66,294.27,518.14,71.42,213.59,0.6681,-1,-1,-1
1033,64,940.13,247.15,58.50,194.59,0.6345,-1,-1,-1
1033,63,847.97,255.74,59.11,195.40,0.5528,-1,-1,-1
1033,59,1574.75,591.73,98.90,236.62,0.6254,-1,-1,-1
1033,58,898.76,944.00,59.85,136.00,0.6955,-1,-1,-1
1033,52,373.21,943.93,91.89,133.67,0.7607,-1,-1,-1
1033,4,1718.38,458.34,81.95,206.93,0.5886,-1,-1,-1
1034,85,585.05,541.46,59.22,248.89,0.4507,-1,-1,-1
1034,84,294.55,319.23,65.75,189.81,0.3833,-1,-1,-1
1034,82,365.65,312.34,69.34,193.87,0.5750,-1,-1,-1
1034,78,1675.29,637.83,100.11,279.77,0.5392,-1,-1,-1
1034,75,1140.11,568.91,74.67,242.67,0.7690,-1,-1,-1
1034,71,489.48,308.10,66.41,192.72,0.4867,-1,-1,-1
1034,67,372.52,503.30,73.86,226.89,0.6249,-1,-1,-1
1034,66,293.97,521.06,73.15,212.71,0.6705,-1,-1,-1
1034,64,940.06,244.38,57.88,195.49,0.6028,-1,-1,-1
1034,63,847.88,256.18,59.96,194.24,0.5590,-1,-1,-1
1034,59,1573.77,595.24,100.91,231.91,0.5891,-1,-1,-1
1034,58,897.16,943.70,60.95,136.30,0.7088,-1,-1,-1
1034,52,376.38,947.49,88.41,131.28,0.7544,-1,-1,-1
1034,4,1717.30,457.69,82.46,206.26,0.5859,-1,-1,-1
1035,85,585.19,540.51,59.43,250.20,0.4079,-1,-1,-1
1035,84,294.56,320.69,65.54,187.93,0.4260,-1,-1,-1
1035,82,365.89,312.40,68.85,195.36,0.5545,-1,-1,-1
1035,78,1676.46,635.42,92.01,279.83,0.6024,-1,-1,-1
1035,75,1138.43,568.08,75.91,241.64,0.7607,-1,-1,-1
1035,71,488.60,311.72,67.58,193.15,0.4540,-1,-1,-1
1035,67,371.61,504.15,77.34,224.21,0.6207,-1,-1,-1
1035,66,290.89,523.61,80.06,211.37,0.6422,-1,-1,-1
1035,64,939.71,242.75,58.98,197.76,0.6456,-1,-1,-1
1035,63,848.55,255.20,58.93,194.40,0.5659,-1,-1,-1
1035,59,1572.79,594.13,100.55,232.99,0.6068,-1,-1,-1
1035,58,896.66,942.88,59.72,137.12,0.7049,-1,-1,-1
1035,52,377.75,950.85,88.86,128.72,0.7440,-1,-1,-1
1035,4,1718.49,458.58,80.14,203.21,0.5956,-1,-1,-1
1036,85,585.07,541.75,59.83,249.20,0.4095,-1,-1,-1
1036,84,293.46,320.12,67.85,191.81,0.4074,-1,-1,-1
1036,82,364.75,314.51,69.06,183.55,0.3821,-1,-1,-1
1036,78,1676.40,633.75,88.73,281.36,0.6312,-1,-1,-1
1036,75,1137.75,566.03,75.32,246.99,0.7365,-1,-1,-1
1036,71,488.89,309.02,68.55,195.96,0.4481,-1,-1,-1
1036,67,371.33,504.17,77.44,224.33,0.6308,-1,-1,-1
1036,66,292.03,525.86,78.03,208.96,0.5836,-1,-1,-1
1036,64,939.77,240.98,57.86,197.64,0.6594,-1,-1,-1
1036,63,849.71,254.36,57.75,195.56,0.5766,-1,-1,-1
1036,59,1573.52,595.30,99.36,232.22,0.6051,-1,-1,-1
1036,58,895.49,941.41,59.71,138.59,0.7198,-1,-1,-1
1036,52,380.31,953.79,88.85,126.21,0.7313,-1,-1,-1
1036,4,1718.79,460.64,80.25,202.17,0.5848,-1,-1,-1
1037,87,1275.22,179.65,59.07,143.25,0.3305,-1,-1,-1
1037,85,586.92,539.83,56.89,251.77,0.4474,-1,-1,-1
1037,84,292.80,321.20,67.90,188.26,0.4187,-1,-1,-1
1037,82,363.05,319.46,72.46,156.71,0.3062,-1,-1,-1
1037,80,1707.37,203.16,60.97,161.20,0.4040,-1,-1,-1
1037,78,1674.98,631.35,87.40,280.26,0.6189,-1,-1,-1
1037,75,1136.64,563.96,75.79,249.32,0.7502,-1,-1,-1
1037,71,488.77,310.81,70.87,195.85,0.4500,-1,-1,-1
1037,67,371.02,505.20,79.52,222.42,0.6696,-1,-1,-1
1037,66,287.24,527.90,82.48,206.94,0.5524,-1,-1,-1
1037,64,940.15,240.83,57.93,198.12,0.6873,-1,-1,-1
1037,63,849.50,252.79,58.74,196.33,0.5738,-1,-1,-1
1037,59,1572.95,595.26,98.73,231.82,0.6302,-1,-1,-1
1037,58,895.60,940.40,57.87,139.60,0.7297,-1,-1,-1
1037,52,383.74,956.38,87.85,123.62,0.7572,-1,-1,-1
1037,4,1718.78,460.08,79.70,202.81,0.6307,-1,-1,-1
1038,85,586.85,539.54,57.60,251.74,0.4575,-1,-1,-1
1038,84,294.82,321.74,62.71,187.59,0.3781,-1,-1,-1
1038,82,362.19,319.52,74.98,158.50,0.3118,-1,-1,-1
1038,80,1709.81,204.15,59.12,162.50,0.3249,-1,-1,-1
1038,78,1669.70,631.38,93.35,279.64,0.6218,-1,-1,-1
1038,75,1134.33,563.31,79.36,253.62,0.7536,-1,-1,-1
1038,71,488.80,313.55,70.27,195.93,0.4432,-1,-1,-1
1038,67,371.22,505.37,78.63,223.24,0.6656,-1,-1,-1
1038,66,298.27,531.35,67.77,203.41,0.4908,-1,-1,-1
1038,64,940.13,240.00,57.35,199.07,0.6841,-1,-1,-1
1038,63,849.50,251.95,59.73,196.66,0.5637,-1,-1,-1
1038,59,1573.48,595.06,97.86,232.01,0.6314,-1,-1,-1
1038,58,893.65,938.63,57.77,141.37,0.7229,-1,-1,-1
1038,52,385.07,958.72,90.43,121.28,0.7813,-1,-1,-1
1038,4,1718.97,460.47,79.31,201.59,0.6308,-1,-1,-1
1039,86,1854.52,239.66,64.04,194.28,0.3067,-1,-1,-1
1039,85,587.34,539.25,56.71,252.39,0.4549,-1,-1,-1
1039,84,293.86,321.82,64.30,188.49,0.3923,-1,-1,-1
1039,82,360.64,318.76,77.18,157.22,0.3404,-1,-1,-1
1039,80,1712.14,206.07,57.79,161.67,0.3329,-1,-1,-1
1039,78,1663.57,632.26,96.32,278.56,0.6262,-1,-1,-1
1039,75,1129.82,562.66,82.65,254.25,0.7654,-1,-1,-1
1039,71,488.00,314.65,67.79,197.37,0.4421,-1,-1,-1
1039,67,370.89,506.18,77.33,223.24,0.6575,-1,-1,-1
1039,66,301.33,532.35,61.96,202.13,0.5361,-1,-1,-1
1039,64,940.03,238.88,56.99,199.51,0.6594,-1,-1,-1
1039,63,850.29,251.53,58.99,195.36,0.5378,-1,-1,-1
1039,59,1572.74,593.52,98.59,233.27,0.6046,-1,-1,-1
1039,58,892.81,939.43,58.77,140.57,0.7282,-1,-1,-1
1039,52,389.20,959.17,87.42,120.83,0.7463,-1,-1,-1
1039,4,1718.84,459.96,79.18,204.01,0.6353,-1,-1,-1
1040,85,587.98,538.67,55.98,252.01,0.4955,-1,-1,-1
1040,84,291.32,323.61,72.63,188.04,0.3837,-1,-1,-1
1040,82,360.34,320.45,77.73,155.61,0.3174,-1,-1,-1
1040,80,1713.32,206.93,57.47,157.53,0.3706,-1,-1,-1
1040,78,1661.00,633.74,96.17,279.63,0.6287,-1,-1,-1
1040,75,1126.62,562.61,82.68,254.64,0.7765,-1,-1,-1
1040,71,487.71,319.95,66.10,194.74,0.4491,-1,-1,-1
1040,67,371.32,508.06,79.38,225.71,0.6857,-1,-1,-1
1040,66,301.59,535.75,59.78,199.48,0.4552,-1,-1,-1
1040,64,939.32,238.43,57.74,199.37,0.6256,-1,-1,-1
1040,63,851.09,248.89,59.65,192.79,0.5334,-1,-1,-1
1040,59,1572.67,595.73,98.78,230.68,0.6025,-1,-1,-1
1040,58,891.25,938.61,59.43,141.39,0.7289,-1,-1,-1
1040,52,391.96,961.28,87.60,118.72,0.7246,-1,-1,-1
1040,4,1719.20,459.66,78.51,204.94,0.6542,-1,-1,-1
1041,85,588.35,538.90,56.09,253.96,0.4994,-1,-1,-1
1041,84,291.86,324.59,73.52,185.71,0.4105,-1,-1,-1
1041,80,1713.69,209.13,58.35,154.10,0.3558,-1,-1,-1
1041,78,1661.18,636.29,92.35,275.65,0.5464,-1,-1,-1
1041,75,1125.87,561.01,84.31,252.79,0.7933,-1,-1,-1
1041,71,486.54,323.64,65.62,191.29,0.4603,-1,-1,-1
1041,67,371.66,510.46,78.67,227.35,0.6521,-1,-1,-1
1041,66,302.65,534.75,58.46,199.35,0.4482,-1,-1,-1
1041,64,939.57,237.60,57.92,200.44,0.6495,-1,-1,-1
1041,63,850.11,247.06,61.83,190.37,0.5408,-1,-1,-1
1041,59,1572.85,593.56,99.59,232.24,0.6039,-1,-1,-1
1041,58,889.03,938.43,57.43,141.57,0.7130,-1,-1,-1
1041,52,395.26,963.71,89.49,116.29,0.7476,-1,-1,-1
1041,4,1719.14,459.40,79.12,205.84,0.6581,-1,-1,-1
1042,85,588.10,538.99,56.76,252.01,0.4917,-1,-1,-1
1042,84,291.43,325.43,73.45,187.73,0.3873,-1,-1,-1
1042,78,1658.94,638.12,93.09,272.73,0.5484,-1,-1,-1
1042,75,1125.34,559.86,83.34,249.65,0.7840,-1,-1,-1
1042,71,487.18,325.40,63.76,189.61,0.4334,-1,-1,-1
1042,67,371.58,510.20,79.73,230.90,0.6638,-1,-1,-1
1042,66,300.54,536.22,58.72,195.33,0.3847,-1,-1,-1
1042,64,940.32,237.83,57.60,199.94,0.6357,-1,-1,-1
1042,63,850.67,244.31,63.09,187.73,0.5139,-1,-1,-1
1042,59,1572.66,592.08,100.03,232.74,0.5840,-1,-1,-1
1042,58,887.30,937.76,57.83,142.24,0.7261,-1,-1,-1
1042,52,396.86,964.46,93.31,115.45,0.7534,-1,-1,-1
1042,4,1719.50,460.42,77.29,205.41,0.6194,-1,-1,-1
1043,85,588.62,538.29,55.66,252.64,0.5035,-1,-1,-1
1043,84,291.67,325.80,71.41,195.12,0.3639,-1,-1,-1
1043,82,358.76,324.05,75.35,153.51,0.3140,-1,-1,-1
1043,78,1661.69,641.02,88.98,271.55,0.4609,-1,-1,-1
1043,75,1123.51,559.24,83.54,247.39,0.7816,-1,-1,-1
1043,71,484.00,324.55,65.46,190.08,0.4369,-1,-1,-1
1043,67,371.69,511.37,80.29,232.31,0.6772,-1,-1,-1
1043,66,301.34,535.58,59.02,196.80,0.3844,-1,-1,-1
1043,64,941.14,237.40,56.32,199.35,0.6317,-1,-1,-1
1043,63,850.19,241.60,64.26,190.46,0.5037,-1,-1,-1
1043,59,1571.43,593.00,102.14,231.89,0.5415,-1,-1,-1
1043,58,885.71,937.60,59.00,142.40,0.7179,-1,-1,-1
1043,52,397.08,965.92,95.64,114.08,0.7560,-1,-1,-1
1043,4,1719.74,458.49,77.61,207.93,0.6051,-1,-1,-1
1044,85,588.45,538.91,56.80,251.94,0.4971,-1,-1,-1
1044,84,290.37,325.21,69.99,202.55,0.4067,-1,-1,-1
1044,82,353.65,322.58,85.47,203.91,0.3866,-1,-1,-1
1044,78,1657.12,642.35,94.70,274.00,0.5209,-1,-1,-1
1044,75,1122.54,557.38,81.53,247.99,0.7759,-1,-1,-1
1044,71,483.58,322.48,66.02,193.72,0.4431,-1,-1,-1
1044,67,372.79,514.73,78.13,233.85,0.6530,-1,-1,-1
1044,66,279.24,532.99,84.21,201.54,0.3492,-1,-1,-1
1044,64,941.39,236.49,55.78,199.11,0.6272,-1,-1,-1
1044,63,851.26,240.06,64.10,189.83,0.4889,-1,-1,-1
1044,59,1571.14,589.62,104.12,234.06,0.4595,-1,-1,-1
1044,58,884.05,937.55,59.08,142.45,0.7015,-1,-1,-1
1044,52,398.41,968.11,97.32,111.89,0.7456,-1,-1,-1
1044,4,1719.40,459.11,77.07,207.57,0.6040,-1,-1,-1
1045,85,588.74,538.27,55.53,252.81,0.4990,-1,-1,-1
1045,84,290.09,325.66,69.12,201.78,0.4337,-1,-1,-1
1045,82,354.05,323.74,81.99,207.18,0.5331,-1,-1,-1
1045,80,1718.08,214.52,57.33,165.19,0.3114,-1,-1,-1
1045,78,1650.99,642.90,97.36,271.73,0.5494,-1,-1,-1
1045,75,1119.87,554.43,82.76,250.19,0.7754,-1,-1,-1
1045,71,483.48,324.75,65.62,191.25,0.4034,-1,-1,-1
1045,67,373.19,517.68,79.29,232.77,0.6510,-1,-1,-1
1045,66,299.99,538.05,61.70,198.83,0.4010,-1,-1,-1
1045,64,941.26,235.04,55.66,199.76,0.6047,-1,-1,-1
1045,63,851.68,238.76,63.81,192.45,0.5557,-1,-1,-1
1045,59,1570.66,592.63,103.99,231.08,0.4731,-1,-1,-1
1045,58,883.99,937.24,60.37,142.76,0.7092,-1,-1,-1
1045,52,398.55,968.55,101.99,111.45,0.7483,-1,-1,-1
1045,4,1719.42,461.29,76.87,206.39,0.6024,-1,-1,-1
1046,85,588.97,539.11,55.24,251.63,0.4665,-1,-1,-1
1046,84,290.97,327.92,66.39,202.13,0.4211,-1,-1,-1
1046,82,350.29,327.11,82.06,206.22,0.5153,-1,-1,-1
1046,78,1652.03,643.82,94.69,269.93,0.5413,-1,-1,-1
1046,75,1120.21,553.39,80.90,246.68,0.7770,-1,-1,-1
1046,71,482.73,324.23,67.29,191.80,0.4166,-1,-1,-1
1046,67,374.12,520.25,75.71,233.84,0.6334,-1,-1,-1
1046,66,283.76,537.09,78.49,207.06,0.4972,-1,-1,-1
1046,64,941.11,234.35,54.70,200.33,0.5946,-1,-1,-1
1046,63,850.84,238.57,64.73,192.26,0.5472,-1,-1,-1
1046,59,1575.40,593.10,100.40,231.57,0.4329,-1,-1,-1
1046,58,882.06,935.99,59.33,144.01,0.6691,-1,-1,-1
1046,52,399.67,970.93,103.42,109.07,0.7449,-1,-1,-1
1046,4,1718.46,461.07,77.56,206.32,0.6034,-1,-1,-1
1047,85,588.39,538.54,57.08,253.16,0.4658,-1,-1,-1
1047,84,288.73,333.24,66.54,199.63,0.4331,-1,-1,-1
1047,82,349.65,329.47,80.98,206.27,0.5403,-1,-1,-1
1047,78,1655.07,651.82,89.81,260.79,0.6157,-1,-1,-1
1047,75,1119.05,550.94,81.09,249.33,0.7554,-1,-1,-1
1047,71,482.52,326.49,66.50,188.93,0.4614,-1,-1,-1
1047,67,373.46,522.45,77.40,232.41,0.6460,-1,-1,-1
1047,66,276.95,539.70,85.04,210.79,0.5354,-1,-1,-1
1047,64,938.86,233.24,56.28,199.88,0.5752,-1,-1,-1
1047,63,849.67,235.47,68.44,195.03,0.5416,-1,-1,-1
1047,59,1574.14,590.91,100.57,233.53,0.3963,-1,-1,-1
1047,58,881.32,936.05,60.04,143.95,0.6673,-1,-1,-1
1047,52,400.18,974.22,105.83,105.78,0.7391,-1,-1,-1
1047,4,1717.95,462.75,77.71,204.57,0.6157,-1,-1,-1
1048,85,587.96,538.87,58.00,253.32,0.4506,-1,-1,-1
1048,84,288.38,334.77,65.33,199.51,0.3926,-1,-1,-1
1048,82,348.97,330.48,80.31,204.17,0.4539,-1,-1,-1
1048,78,1651.05,652.62,91.60,258.63,0.6471,-1,-1,-1
1048,75,1117.73,547.37,81.48,245.63,0.7450,-1,-1,-1
1048,71,481.63,326.15,66.83,191.26,0.4612,-1,-1,-1
1048,67,372.73,522.10,77.31,232.39,0.6372,-1,-1,-1
1048,66,275.10,541.70,86.13,212.98,0.5879,-1,-1,-1
1048,64,939.10,230.88,55.04,191.70,0.5808,-1,-1,-1
1048,63,850.62,235.11,68.36,194.68,0.5537,-1,-1,-1
1048,59,1575.30,590.38,99.76,233.78,0.3949,-1,-1,-1
1048,58,881.40,935.15,59.35,144.85,0.6471,-1,-1,-1
1048,52,402.61,977.72,106.53,102.28,0.7363,-1,-1,-1
1048,4,1719.20,461.91,76.41,205.24,0.5862,-1,-1,-1
1049,85,587.97,537.80,57.24,253.40,0.4951,-1,-1,-1
1049,84,286.63,334.73,64.38,200.45,0.3945,-1,-1,-1
1049,82,345.91,330.60,83.30,205.42,0.4499,-1,-1,-1
1049,78,1650.66,648.62,90.85,262.05,0.6960,-1,-1,-1
1049,75,1117.95,544.87,77.52,242.45,0.7425,-1,-1,-1
1049,71,479.37,325.95,69.38,193.11,0.5066,-1,-1,-1
1049,67,372.10,523.71,77.03,230.66,0.6469,-1,-1,-1
1049,66,279.12,544.34,81.47,211.41,0.5543,-1,-1,-1
1049,64,938.04,229.23,56.13,191.64,0.6101,-1,-1,-1
1049,63,851.39,235.23,68.09,193.90,0.5663,-1,-1,-1
1049,59,1572.51,593.58,100.30,231.51,0.4403,-1,-1,-1
1049,58,879.93,933.89,60.80,146.11,0.6693,-1,-1,-1
1049,52,403.56,979.69,107.52,100.31,0.7479,-1,-1,-1
1049,4,1718.67,462.16,77.18,206.16,0.6215,-1,-1,-1
1050,85,588.14,538.00,58.59,253.65,0.5119,-1,-1,-1
1050,84,287.79,336.40,63.38,199.16,0.4401,-1,-1,-1
1050,82,346.02,331.83,82.55,201.50,0.4343,-1,-1,-1
1050,80,1724.53,217.59,56.25,167.62,0.3084,-1,-1,-1
1050,78,1649.74,648.95,88.65,260.10,0.6889,-1,-1,-1
1050,75,1115.29,542.30,77.67,236.38,0.7529,-1,-1,-1
1050,71,479.50,327.56,68.33,195.14,0.4498,-1,-1,-1
1050,67,372.44,523.91,78.38,229.52,0.6635,-1,-1,-1
1050,66,279.78,547.84,79.52,211.68,0.6141,-1,-1,-1
1050,64,937.76,227.83,56.29,190.66,0.6092,-1,-1,-1
1050,63,852.94,234.90,66.24,193.74,0.5903,-1,-1,-1
1050,59,1570.48,592.66,103.13,232.03,0.4439,-1,-1,-1
1050,58,879.16,933.00,61.33,147.00,0.6685,-1,-1,-1
1050,52,407.62,983.13,104.95,96.87,0.7518,-1,-1,-1
1050,4,1718.31,461.08,77.89,206.95,0.6452,-1,-1,-1
