1,7,798.29,307.65,46.05,140.84,0.3545,-1,-1,-1
1,6,1058.82,293.53,82.78,324.76,0.4002,-1,-1,-1
1,5,740.97,330.80,42.17,124.87,0.4068,-1,-1,-1
1,4,404.00,277.97,107.40,319.41,0.8106,-1,-1,-1
1,3,546.17,271.39,94.47,315.84,0.8117,-1,-1,-1
1,2,874.78,152.63,238.78,626.87,0.8142,-1,-1,-1
1,1,0.00,8.83,351.23,1061.84,0.9275,-1,-1,-1
2,6,1053.55,291.44,87.61,330.32,0.4812,-1,-1,-1
2,4,397.44,274.20,111.18,321.47,0.8139,-1,-1,-1
2,3,542.38,266.27,95.57,322.62,0.8087,-1,-1,-1
2,2,869.89,148.59,234.32,629.15,0.8052,-1,-1,-1
2,1,0.35,6.09,344.96,1064.56,0.9308,-1,-1,-1
3,6,1047.81,293.70,91.77,333.78,0.5744,-1,-1,-1
3,5,738.72,329.41,39.38,123.89,0.3180,-1,-1,-1
3,4,390.27,274.48,108.41,322.74,0.8449,-1,-1,-1
3,3,536.27,265.81,97.32,327.57,0.8044,-1,-1,-1
3,2,864.85,152.69,225.75,627.16,0.8285,-1,-1,-1
3,1,0.48,5.05,338.76,1062.23,0.9293,-1,-1,-1
4,6,1044.03,292.52,90.66,344.45,0.5790,-1,-1,-1
4,5,732.75,324.50,41.54,129.64,0.4026,-1,-1,-1
4,4,381.03,270.56,112.42,328.26,0.8421,-1,-1,-1
4,3,531.73,264.82,95.93,328.92,0.8074,-1,-1,-1
4,2,870.59,153.17,216.99,629.12,0.8344,-1,-1,-1
4,1,0.43,3.40,324.56,1061.41,0.9252,-1,-1,-1
5,8,691.40,333.63,37.74,109.81,0.3966,-1,-1,-1
5,6,1049.60,292.17,82.06,343.43,0.5788,-1,-1,-1
5,5,730.37,321.18,43.93,125.74,0.3937,-1,-1,-1
5,4,376.61,264.04,111.32,332.44,0.8345,-1,-1,-1
5,3,526.08,262.07,97.59,334.88,0.8087,-1,-1,-1
5,2,880.18,151.49,204.91,638.44,0.8186,-1,-1,-1
5,1,0.66,3.40,308.87,1062.96,0.9160,-1,-1,-1
6,8,687.90,333.58,39.76,116.06,0.4193,-1,-1,-1
6,7,787.27,319.67,40.45,119.16,0.3040,-1,-1,-1
6,6,1046.35,293.56,81.60,344.61,0.5866,-1,-1,-1
6,5,728.43,324.57,38.15,110.70,0.3998,-1,-1,-1
6,4,372.56,261.79,110.82,334.83,0.8306,-1,-1,-1
6,3,519.69,262.35,102.17,335.25,0.7972,-1,-1,-1
6,2,885.42,150.71,197.17,624.65,0.8032,-1,-1,-1
6,1,0.73,21.66,288.58,1053.28,0.8776,-1,-1,-1
7,9,864.10,254.71,80.28,307.17,0.5746,-1,-1,-1
7,8,684.82,331.98,41.83,120.85,0.4068,-1,-1,-1
7,7,784.91,314.87,41.05,127.54,0.3467,-1,-1,-1
7,6,1040.55,296.96,85.00,346.16,0.6037,-1,-1,-1
7,5,726.08,321.41,39.47,124.33,0.4660,-1,-1,-1
7,4,363.01,260.78,114.47,338.43,0.8224,-1,-1,-1
7,3,515.25,258.96,101.98,345.71,0.7799,-1,-1,-1
7,2,892.16,153.29,189.07,619.36,0.8163,-1,-1,-1
7,1,0.90,79.60,270.38,990.63,0.9036,-1,-1,-1
8,9,863.30,265.37,71.97,298.50,0.5865,-1,-1,-1
8,8,682.69,331.89,39.90,120.99,0.5019,-1,-1,-1
8,7,782.94,301.84,50.56,146.29,0.4134,-1,-1,-1
8,6,1037.07,299.85,88.30,345.91,0.6755,-1,-1,-1
8,5,723.46,321.06,41.44,127.43,0.5084,-1,-1,-1
8,4,352.62,260.13,119.52,342.44,0.8266,-1,-1,-1
8,3,511.32,263.32,101.31,345.25,0.8153,-1,-1,-1
8,2,889.48,152.40,191.39,628.90,0.7932,-1,-1,-1
8,1,0.78,89.24,257.82,981.56,0.8960,-1,-1,-1
9,9,862.41,263.41,72.77,300.97,0.5884,-1,-1,-1
9,8,679.70,333.97,37.00,120.42,0.4071,-1,-1,-1
9,7,782.94,305.91,41.14,140.99,0.3869,-1,-1,-1
9,6,1036.78,303.90,84.11,348.24,0.6619,-1,-1,-1
9,5,721.40,321.22,38.67,131.83,0.5791,-1,-1,-1
9,4,348.08,261.10,120.08,343.24,0.8185,-1,-1,-1
9,3,506.54,262.45,103.19,342.65,0.8363,-1,-1,-1
9,2,886.75,154.37,188.51,625.91,0.7892,-1,-1,-1
9,1,0.06,99.87,220.92,972.59,0.8638,-1,-1,-1
10,9,861.72,260.37,72.82,304.30,0.5661,-1,-1,-1
10,8,676.50,336.69,41.69,123.56,0.4888,-1,-1,-1
10,7,776.90,297.03,49.90,156.61,0.4918,-1,-1,-1
10,6,1037.42,299.95,81.43,353.65,0.7007,-1,-1,-1
10,5,720.62,324.90,40.51,131.28,0.5865,-1,-1,-1
10,4,346.25,259.39,116.47,347.08,0.8079,-1,-1,-1
10,3,499.53,264.92,107.44,347.19,0.8258,-1,-1,-1
10,2,879.59,157.55,190.79,622.91,0.8160,-1,-1,-1
10,1,1.08,104.92,204.06,962.17,0.7270,-1,-1,-1
11,9,862.23,278.43,66.97,288.93,0.5332,-1,-1,-1
11,8,676.51,341.56,40.74,115.87,0.4715,-1,-1,-1
11,7,777.15,320.16,46.77,133.38,0.5638,-1,-1,-1
11,6,1039.36,295.57,73.45,360.93,0.6631,-1,-1,-1
11,5,719.26,326.60,38.65,129.06,0.5185,-1,-1,-1
11,4,337.17,262.54,121.48,348.78,0.7894,-1,-1,-1
11,3,492.56,261.78,109.99,354.11,0.8230,-1,-1,-1
11,2,878.47,156.27,188.64,631.74,0.8168,-1,-1,-1
11,1,0.92,108.31,174.53,957.91,0.7329,-1,-1,-1
12,10,828.96,324.17,43.23,122.11,0.3625,-1,-1,-1
12,9,864.20,239.65,67.43,325.91,0.3900,-1,-1,-1
12,8,673.83,339.17,40.58,121.73,0.4351,-1,-1,-1
12,7,773.81,320.09,53.13,134.26,0.5498,-1,-1,-1
12,6,1037.27,296.69,71.31,362.04,0.6772,-1,-1,-1
12,5,717.93,327.54,41.73,132.25,0.5500,-1,-1,-1
12,4,324.39,265.43,129.48,351.69,0.8275,-1,-1,-1
12,3,490.37,257.77,110.35,359.01,0.7972,-1,-1,-1
12,2,868.47,158.51,190.69,633.31,0.8355,-1,-1,-1
12,1,0.35,115.16,160.69,677.17,0.7882,-1,-1,-1
13,10,829.62,326.73,43.69,120.57,0.4361,-1,-1,-1
13,8,672.78,340.56,39.23,123.12,0.4345,-1,-1,-1
13,7,772.23,321.62,52.03,133.53,0.5428,-1,-1,-1
13,6,1035.51,300.44,73.79,351.37,0.6955,-1,-1,-1
13,5,717.10,328.02,40.33,133.19,0.4863,-1,-1,-1
13,4,317.75,264.91,134.82,356.38,0.8303,-1,-1,-1
13,3,482.32,255.14,114.44,362.08,0.8271,-1,-1,-1
13,2,860.50,155.15,198.81,640.34,0.8255,-1,-1,-1
13,1,0.52,141.88,139.13,592.94,0.8205,-1,-1,-1
14,10,828.28,325.21,44.04,122.71,0.4673,-1,-1,-1
14,8,672.30,343.04,36.73,119.30,0.3722,-1,-1,-1
14,7,773.21,324.17,46.56,129.21,0.5634,-1,-1,-1
14,6,1033.51,290.92,74.34,358.91,0.6844,-1,-1,-1
14,5,714.76,327.48,44.78,133.61,0.5344,-1,-1,-1
14,4,313.59,266.84,135.78,358.99,0.8351,-1,-1,-1
14,3,478.96,254.92,115.08,364.27,0.8362,-1,-1,-1
14,2,852.16,152.87,203.95,645.13,0.7866,-1,-1,-1
14,1,0.33,181.59,116.81,581.95,0.8183,-1,-1,-1
15,10,827.75,329.15,43.62,120.05,0.4352,-1,-1,-1
15,8,671.90,345.97,33.73,110.40,0.4077,-1,-1,-1
15,7,772.58,322.56,47.20,129.59,0.5431,-1,-1,-1
15,6,1028.86,282.01,79.40,371.64,0.6677,-1,-1,-1
15,5,713.70,330.66,46.52,129.80,0.5306,-1,-1,-1
15,4,316.21,269.87,130.86,359.49,0.8287,-1,-1,-1
15,3,474.90,257.25,119.94,360.78,0.8393,-1,-1,-1
15,2,839.18,153.22,211.28,637.12,0.7982,-1,-1,-1
15,1,0.00,244.25,83.04,548.64,0.5555,-1,-1,-1
16,10,828.72,333.59,42.21,115.87,0.4195,-1,-1,-1
16,8,671.20,349.26,32.28,108.27,0.4413,-1,-1,-1
16,7,770.98,323.43,49.89,129.23,0.5745,-1,-1,-1
16,6,1026.13,274.64,83.43,380.05,0.6331,-1,-1,-1
16,5,713.90,330.62,45.38,130.47,0.5302,-1,-1,-1
16,4,310.31,269.69,134.70,366.48,0.8397,-1,-1,-1
16,3,472.84,256.49,123.04,366.28,0.8447,-1,-1,-1
16,2,836.07,153.39,215.09,640.38,0.8022,-1,-1,-1
17,10,829.33,338.59,41.16,116.48,0.4211,-1,-1,-1
17,8,671.17,346.30,33.18,119.61,0.4482,-1,-1,-1
17,7,770.23,325.67,52.32,129.57,0.5934,-1,-1,-1
17,6,1022.56,275.32,89.19,377.81,0.6612,-1,-1,-1
17,5,713.16,329.72,46.86,136.39,0.5728,-1,-1,-1
17,4,309.37,275.40,132.77,367.58,0.8502,-1,-1,-1
17,3,471.80,259.02,123.12,367.21,0.8427,-1,-1,-1
17,2,834.98,155.02,218.14,643.53,0.8270,-1,-1,-1
18,10,829.15,338.81,42.69,118.28,0.3603,-1,-1,-1
18,7,772.57,316.23,50.02,144.91,0.4272,-1,-1,-1
18,6,1020.87,254.14,89.73,397.38,0.6974,-1,-1,-1
18,5,714.36,333.11,46.49,136.19,0.4784,-1,-1,-1
18,4,311.28,278.66,131.42,369.37,0.8303,-1,-1,-1
18,3,469.00,259.29,126.93,374.49,0.8380,-1,-1,-1
18,2,838.42,158.43,213.52,655.68,0.8572,-1,-1,-1
19,10,830.57,348.26,45.41,111.18,0.3053,-1,-1,-1
19,7,772.90,334.59,50.77,129.03,0.5109,-1,-1,-1
19,6,1013.85,255.19,96.13,398.78,0.7190,-1,-1,-1
19,5,715.96,338.53,45.40,138.71,0.4882,-1,-1,-1
19,4,294.37,281.08,147.63,379.36,0.8303,-1,-1,-1
19,3,467.36,264.84,130.84,379.46,0.8214,-1,-1,-1
19,2,845.40,159.73,199.32,658.82,0.8588,-1,-1,-1
20,10,827.41,357.31,49.73,106.44,0.3498,-1,-1,-1
20,7,773.02,334.82,51.97,131.47,0.5676,-1,-1,-1
20,6,1010.85,249.69,99.68,410.73,0.7665,-1,-1,-1
20,5,718.13,342.95,42.60,140.43,0.5285,-1,-1,-1
20,4,297.85,287.44,145.69,378.90,0.8285,-1,-1,-1
20,3,469.19,273.11,129.44,379.04,0.8270,-1,-1,-1
20,2,847.77,168.20,194.20,654.49,0.8634,-1,-1,-1
21,7,772.69,335.22,59.85,131.65,0.3785,-1,-1,-1
21,6,1016.88,249.92,107.79,414.99,0.8080,-1,-1,-1
21,4,305.04,287.33,144.67,384.46,0.8443,-1,-1,-1
21,3,472.33,273.77,134.08,389.12,0.8126,-1,-1,-1
21,2,863.42,170.02,184.15,656.81,0.8510,-1,-1,-1
22,10,853.14,358.05,52.07,109.09,0.3251,-1,-1,-1
22,7,798.14,340.90,52.09,136.81,0.5641,-1,-1,-1
22,6,1032.31,251.80,107.79,417.99,0.7957,-1,-1,-1
22,5,744.10,349.86,42.15,138.56,0.5243,-1,-1,-1
22,4,324.26,288.29,143.44,386.30,0.8275,-1,-1,-1
22,3,496.37,276.48,127.43,390.71,0.8249,-1,-1,-1
22,2,881.81,168.40,187.61,660.24,0.8536,-1,-1,-1
23,8,705.44,366.36,40.39,126.91,0.4195,-1,-1,-1
23,6,1040.16,255.19,113.76,421.01,0.8008,-1,-1,-1
23,5,753.40,350.78,47.43,131.49,0.3742,-1,-1,-1
23,4,332.27,291.54,144.89,386.30,0.8290,-1,-1,-1
23,3,508.08,281.92,128.52,392.93,0.8268,-1,-1,-1
23,2,882.96,170.93,190.57,664.29,0.8620,-1,-1,-1
24,8,716.64,368.09,41.94,126.18,0.5327,-1,-1,-1
24,7,824.67,347.52,47.38,132.71,0.5157,-1,-1,-1
24,6,1046.83,258.56,120.94,414.63,0.8175,-1,-1,-1
24,5,767.79,352.00,42.38,138.62,0.5114,-1,-1,-1
24,4,342.72,293.23,146.50,391.20,0.8330,-1,-1,-1
24,3,517.19,285.39,130.98,396.37,0.8447,-1,-1,-1
24,2,879.34,173.42,203.50,662.91,0.8682,-1,-1,-1
25,8,731.94,368.15,39.20,130.15,0.4547,-1,-1,-1
25,6,1057.66,259.50,123.59,417.56,0.8358,-1,-1,-1
25,5,777.53,351.90,48.37,140.22,0.4212,-1,-1,-1
25,4,355.26,294.78,144.54,387.70,0.8321,-1,-1,-1
25,3,523.55,284.76,134.74,405.18,0.8442,-1,-1,-1
25,2,874.14,173.30,210.93,658.29,0.8636,-1,-1,-1
26,8,744.84,377.87,40.75,118.50,0.3271,-1,-1,-1
26,6,1065.91,262.80,134.91,421.95,0.8315,-1,-1,-1
26,5,794.69,353.69,44.86,132.11,0.3050,-1,-1,-1
26,4,365.34,295.35,150.94,395.89,0.8539,-1,-1,-1
26,3,540.61,294.80,130.45,404.03,0.7981,-1,-1,-1
26,2,879.19,174.38,217.57,653.46,0.8694,-1,-1,-1
27,11,1875.93,551.36,43.51,206.79,0.3681,-1,-1,-1
27,8,763.33,377.90,36.76,127.05,0.3310,-1,-1,-1
27,7,868.01,339.41,52.82,150.33,0.3367,-1,-1,-1
27,6,1081.98,268.21,138.62,416.54,0.8298,-1,-1,-1
27,5,806.73,355.07,50.84,137.42,0.3711,-1,-1,-1
27,4,382.59,300.03,143.66,396.98,0.8405,-1,-1,-1
27,3,554.42,293.35,132.68,412.19,0.8311,-1,-1,-1
27,2,880.14,177.22,227.75,656.71,0.8629,-1,-1,-1
28,8,768.94,382.77,39.52,126.47,0.4184,-1,-1,-1
28,6,1087.19,275.48,139.04,415.72,0.8358,-1,-1,-1
28,5,818.27,364.91,41.35,131.13,0.4382,-1,-1,-1
28,4,385.13,306.73,148.48,398.49,0.8611,-1,-1,-1
28,3,562.31,300.19,131.67,412.74,0.8468,-1,-1,-1
28,2,883.21,185.69,234.59,658.14,0.8747,-1,-1,-1
29,8,772.49,387.12,41.21,129.73,0.3734,-1,-1,-1
29,6,1091.35,280.01,143.24,429.64,0.8129,-1,-1,-1
29,5,819.35,368.21,45.40,145.37,0.5041,-1,-1,-1
29,4,392.52,309.96,141.39,405.39,0.8419,-1,-1,-1
29,3,564.49,299.79,133.97,417.21,0.8639,-1,-1,-1
29,2,883.68,192.30,224.18,659.63,0.8794,-1,-1,-1
30,6,1097.74,282.10,151.00,432.66,0.8323,-1,-1,-1
30,5,826.49,370.99,49.31,141.10,0.4911,-1,-1,-1
30,4,396.94,312.58,144.48,412.78,0.8392,-1,-1,-1
30,3,567.79,299.44,137.84,416.20,0.8519,-1,-1,-1
30,2,887.63,196.60,224.86,661.07,0.8923,-1,-1,-1
31,8,790.11,393.55,41.29,125.59,0.4835,-1,-1,-1
31,6,1101.94,285.60,154.06,435.54,0.8546,-1,-1,-1
31,5,837.76,380.14,42.79,137.85,0.5147,-1,-1,-1
31,4,400.21,318.65,145.16,418.64,0.8434,-1,-1,-1
31,3,572.89,301.68,136.44,419.48,0.8356,-1,-1,-1
31,2,888.23,202.05,227.68,665.29,0.8832,-1,-1,-1
32,8,792.91,399.93,46.39,127.85,0.3947,-1,-1,-1
32,6,1103.28,290.80,155.38,430.43,0.8577,-1,-1,-1
32,5,841.17,380.18,42.71,147.37,0.5934,-1,-1,-1
32,4,401.78,323.96,145.54,418.17,0.8570,-1,-1,-1
32,3,577.86,304.91,134.21,429.69,0.8522,-1,-1,-1
32,2,889.79,209.68,232.11,669.04,0.8841,-1,-1,-1
33,8,799.07,401.88,41.98,126.94,0.3547,-1,-1,-1
33,6,1105.75,299.97,163.28,428.73,0.8555,-1,-1,-1
33,5,846.00,388.92,44.86,144.69,0.5302,-1,-1,-1
33,4,403.69,329.55,148.99,417.89,0.8585,-1,-1,-1
33,3,580.46,307.45,139.37,431.04,0.8464,-1,-1,-1
33,2,894.14,213.35,232.96,669.83,0.8825,-1,-1,-1
34,8,799.84,407.75,48.59,130.68,0.3366,-1,-1,-1
34,6,1107.96,302.99,163.25,421.77,0.8548,-1,-1,-1
34,5,847.43,392.63,48.47,147.47,0.5582,-1,-1,-1
34,4,399.72,333.09,149.90,427.03,0.8417,-1,-1,-1
34,3,585.53,308.98,135.49,433.68,0.8412,-1,-1,-1
34,2,895.03,220.49,241.37,672.80,0.8748,-1,-1,-1
35,8,802.59,408.36,49.77,135.26,0.4808,-1,-1,-1
35,6,1110.51,306.70,165.20,418.51,0.8460,-1,-1,-1
35,5,849.59,396.99,48.68,146.03,0.5384,-1,-1,-1
35,4,397.20,336.63,151.79,435.55,0.8270,-1,-1,-1
35,3,589.20,313.94,135.42,439.78,0.8295,-1,-1,-1
35,2,902.34,227.98,235.14,677.02,0.8777,-1,-1,-1
36,8,804.92,413.38,50.12,134.36,0.4317,-1,-1,-1
36,6,1113.75,311.60,161.86,418.40,0.8511,-1,-1,-1
36,4,392.15,340.78,152.21,440.51,0.8544,-1,-1,-1
36,3,591.40,319.28,140.35,441.56,0.8213,-1,-1,-1
36,2,906.36,233.92,230.92,678.07,0.8840,-1,-1,-1
37,8,806.02,424.33,50.56,128.46,0.3628,-1,-1,-1
37,6,1118.84,315.31,160.96,425.74,0.8438,-1,-1,-1
37,5,861.60,414.59,42.57,131.98,0.4538,-1,-1,-1
37,4,388.51,342.94,148.70,447.22,0.8666,-1,-1,-1
37,3,593.33,323.05,134.19,446.74,0.8043,-1,-1,-1
37,2,905.68,242.83,231.96,676.40,0.8903,-1,-1,-1
38,8,808.25,433.07,53.79,129.12,0.3789,-1,-1,-1
38,6,1118.65,321.48,162.88,420.59,0.8463,-1,-1,-1
38,5,865.48,416.92,40.06,136.70,0.6131,-1,-1,-1
38,4,381.31,347.30,153.74,447.86,0.8692,-1,-1,-1
38,3,594.27,329.08,135.12,450.46,0.8259,-1,-1,-1
38,2,913.42,248.31,226.52,676.55,0.8890,-1,-1,-1
39,8,810.96,439.29,49.14,114.98,0.3252,-1,-1,-1
39,6,1125.17,328.38,157.54,429.43,0.8543,-1,-1,-1
39,5,863.70,424.80,43.84,134.46,0.5073,-1,-1,-1
39,4,375.96,350.61,157.37,453.14,0.8803,-1,-1,-1
39,3,591.08,333.19,139.10,461.86,0.8165,-1,-1,-1
39,2,923.42,254.78,218.91,679.18,0.8844,-1,-1,-1
40,6,1128.15,335.57,157.11,432.66,0.8543,-1,-1,-1
40,5,862.72,426.82,48.66,148.36,0.5478,-1,-1,-1
40,4,371.10,356.00,159.46,455.47,0.8739,-1,-1,-1
40,3,584.48,344.40,146.05,469.02,0.7966,-1,-1,-1
40,2,928.09,256.19,214.62,686.81,0.8765,-1,-1,-1
41,8,806.06,452.27,56.10,127.25,0.3322,-1,-1,-1
41,6,1133.59,339.35,152.67,429.81,0.8500,-1,-1,-1
41,5,862.58,432.94,48.00,145.04,0.4787,-1,-1,-1
41,4,355.89,355.35,169.33,458.14,0.8625,-1,-1,-1
41,3,581.51,342.50,145.60,474.98,0.8021,-1,-1,-1
41,2,927.24,258.62,211.64,682.29,0.8803,-1,-1,-1
42,8,808.04,459.92,53.49,127.57,0.3292,-1,-1,-1
42,6,1134.73,348.23,149.20,427.54,0.8558,-1,-1,-1
42,5,863.26,435.68,46.01,147.07,0.4657,-1,-1,-1
42,4,343.51,357.03,174.27,466.43,0.8718,-1,-1,-1
42,3,576.48,347.59,149.79,480.60,0.7103,-1,-1,-1
42,2,931.52,266.00,207.24,672.34,0.8822,-1,-1,-1
43,6,1130.89,354.04,151.52,429.49,0.8571,-1,-1,-1
43,5,859.52,442.01,46.28,134.85,0.3508,-1,-1,-1
43,4,330.99,363.57,177.90,470.44,0.8482,-1,-1,-1
43,3,572.40,352.49,142.36,481.16,0.8055,-1,-1,-1
43,2,933.25,273.26,200.58,659.70,0.8819,-1,-1,-1
44,6,1128.01,363.13,152.11,423.54,0.8564,-1,-1,-1
44,5,855.54,442.32,45.80,148.27,0.3893,-1,-1,-1
44,4,315.92,366.44,183.79,477.59,0.8582,-1,-1,-1
44,3,566.91,357.11,141.61,491.98,0.8118,-1,-1,-1
44,2,931.49,279.57,199.72,657.75,0.8858,-1,-1,-1
45,6,1124.30,368.75,150.52,426.48,0.8408,-1,-1,-1
45,5,847.13,450.24,49.79,146.67,0.4306,-1,-1,-1
45,4,302.91,371.87,189.33,489.74,0.8455,-1,-1,-1
45,3,561.51,361.82,138.98,502.13,0.8247,-1,-1,-1
45,2,929.69,284.56,198.44,660.59,0.8876,-1,-1,-1
46,6,1121.59,376.91,150.07,434.08,0.8506,-1,-1,-1
46,5,845.55,457.21,50.35,147.66,0.4775,-1,-1,-1
46,4,292.55,379.26,188.90,504.08,0.8413,-1,-1,-1
46,3,554.46,364.22,140.79,507.84,0.8212,-1,-1,-1
46,2,925.43,293.70,198.25,667.44,0.8865,-1,-1,-1
47,6,1117.39,382.25,146.41,434.69,0.8356,-1,-1,-1
47,5,842.71,471.54,49.32,133.67,0.3347,-1,-1,-1
47,4,270.00,383.52,202.55,522.34,0.8436,-1,-1,-1
47,3,545.95,370.14,145.15,513.72,0.8247,-1,-1,-1
47,2,921.48,303.25,194.87,670.42,0.8781,-1,-1,-1
48,8,781.07,485.38,44.07,116.54,0.3232,-1,-1,-1
48,6,1113.63,390.12,138.36,435.61,0.8319,-1,-1,-1
48,5,838.34,466.93,47.35,153.90,0.6837,-1,-1,-1
48,4,256.53,393.29,206.57,529.44,0.8569,-1,-1,-1
48,3,531.81,372.08,151.84,525.15,0.8576,-1,-1,-1
48,2,915.65,309.96,196.58,680.61,0.8774,-1,-1,-1
49,6,1104.72,395.44,147.17,434.34,0.8530,-1,-1,-1
49,5,831.79,472.50,50.20,151.35,0.4991,-1,-1,-1
49,4,239.64,399.63,212.05,534.42,0.8718,-1,-1,-1
49,3,524.35,376.62,154.17,532.27,0.8507,-1,-1,-1
49,2,908.63,319.91,194.54,685.11,0.8784,-1,-1,-1
50,13,869.31,486.08,34.72,126.99,0.3400,-1,-1,-1
50,8,766.60,491.77,48.25,142.58,0.3140,-1,-1,-1
50,6,1099.76,399.56,142.70,440.14,0.8537,-1,-1,-1
50,5,821.88,476.46,51.64,154.79,0.5772,-1,-1,-1
50,4,223.86,406.83,219.29,521.44,0.8353,-1,-1,-1
50,3,520.20,383.41,154.98,537.65,0.8387,-1,-1,-1
50,2,903.87,328.38,193.31,684.26,0.8772,-1,-1,-1
51,6,1094.96,403.15,145.28,439.68,0.8681,-1,-1,-1
51,5,815.81,480.01,56.35,156.27,0.5903,-1,-1,-1
51,4,207.46,413.24,223.02,517.02,0.8440,-1,-1,-1
51,3,510.02,385.70,157.10,544.86,0.8470,-1,-1,-1
51,2,898.64,335.74,190.29,685.68,0.8695,-1,-1,-1
52,8,756.10,498.62,49.41,134.74,0.3139,-1,-1,-1
52,6,1091.94,404.17,146.32,443.04,0.8645,-1,-1,-1
52,5,811.68,491.92,54.72,142.41,0.3283,-1,-1,-1
52,4,195.40,417.03,225.93,559.61,0.8293,-1,-1,-1
52,3,501.30,388.03,160.23,545.62,0.8375,-1,-1,-1
52,2,893.39,342.51,189.40,684.35,0.8759,-1,-1,-1
53,13,860.37,509.81,34.25,115.42,0.3062,-1,-1,-1
53,8,753.91,501.89,52.21,139.12,0.3280,-1,-1,-1
53,6,1083.33,408.36,154.81,443.15,0.8651,-1,-1,-1
53,5,810.84,491.91,52.87,146.91,0.6579,-1,-1,-1
53,4,186.19,419.70,220.44,567.25,0.8705,-1,-1,-1
53,3,494.00,396.21,162.57,549.16,0.8403,-1,-1,-1
53,2,888.07,348.11,190.24,681.18,0.8784,-1,-1,-1
54,6,1077.27,409.19,160.25,446.10,0.8712,-1,-1,-1
54,5,811.45,493.09,50.60,138.34,0.5958,-1,-1,-1
54,4,175.04,420.67,224.58,574.70,0.8822,-1,-1,-1
54,3,483.14,395.66,170.92,558.39,0.8510,-1,-1,-1
54,2,881.91,350.41,193.90,678.70,0.8833,-1,-1,-1
55,8,747.41,508.32,51.09,140.08,0.5127,-1,-1,-1
55,6,1073.76,410.36,162.95,445.12,0.8756,-1,-1,-1
55,5,807.37,492.40,52.98,143.70,0.4662,-1,-1,-1
55,4,167.02,418.71,223.40,583.63,0.8953,-1,-1,-1
55,3,475.30,396.68,179.14,565.84,0.8582,-1,-1,-1
55,2,872.28,348.97,198.08,679.64,0.8836,-1,-1,-1
56,6,1076.23,412.11,162.12,439.55,0.8744,-1,-1,-1
56,5,805.84,492.94,53.18,154.24,0.4624,-1,-1,-1
56,4,159.12,417.58,221.91,594.41,0.8827,-1,-1,-1
56,3,470.50,398.93,185.13,578.94,0.8729,-1,-1,-1
56,2,868.71,348.03,197.41,683.50,0.8792,-1,-1,-1
57,8,745.43,525.70,45.97,124.64,0.3010,-1,-1,-1
57,6,1074.30,414.28,164.91,437.50,0.8673,-1,-1,-1
57,5,806.08,498.59,52.84,154.89,0.3708,-1,-1,-1
57,4,146.44,418.46,225.70,600.65,0.8887,-1,-1,-1
57,3,463.49,402.62,192.00,593.04,0.8758,-1,-1,-1
57,2,861.39,347.70,200.71,687.61,0.8751,-1,-1,-1
58,6,1070.07,411.65,168.16,445.50,0.8718,-1,-1,-1
58,4,138.56,417.15,228.45,611.82,0.8760,-1,-1,-1
58,3,458.46,398.41,196.52,609.77,0.8814,-1,-1,-1
58,2,856.29,347.19,204.59,676.57,0.8683,-1,-1,-1
59,8,745.51,514.64,39.69,120.78,0.3152,-1,-1,-1
59,6,1069.20,414.59,169.32,440.35,0.8703,-1,-1,-1
59,5,801.84,502.71,52.10,145.54,0.3333,-1,-1,-1
59,4,126.71,416.58,234.45,616.82,0.8970,-1,-1,-1
59,3,453.85,393.00,193.42,624.64,0.8830,-1,-1,-1
59,2,842.98,343.92,209.67,667.46,0.8827,-1,-1,-1
60,6,1065.89,415.01,173.86,442.70,0.8682,-1,-1,-1
60,5,798.53,498.11,53.67,140.25,0.3745,-1,-1,-1
60,4,114.39,415.88,239.27,622.27,0.9068,-1,-1,-1
60,3,452.74,397.52,190.59,623.86,0.8773,-1,-1,-1
60,2,835.93,345.21,211.31,664.86,0.8873,-1,-1,-1
61,6,1063.44,416.35,177.24,443.10,0.8657,-1,-1,-1
61,5,797.78,498.12,53.39,139.70,0.4127,-1,-1,-1
61,4,105.19,415.49,242.12,632.58,0.9052,-1,-1,-1
61,3,445.35,399.46,193.58,637.39,0.8642,-1,-1,-1
61,2,821.90,346.10,222.86,668.26,0.8887,-1,-1,-1
62,14,1022.27,432.90,62.04,315.79,0.3880,-1,-1,-1
62,6,1064.75,415.33,179.79,442.71,0.8628,-1,-1,-1
62,5,796.67,495.40,52.53,142.88,0.3427,-1,-1,-1
62,4,99.57,411.69,243.52,657.92,0.9003,-1,-1,-1
62,3,445.78,397.92,193.19,643.51,0.8512,-1,-1,-1
62,2,818.80,345.84,227.29,668.40,0.8800,-1,-1,-1
63,14,1018.35,430.78,67.76,322.17,0.7153,-1,-1,-1
63,6,1066.85,414.13,184.05,442.75,0.8705,-1,-1,-1
63,4,98.79,406.03,236.06,671.84,0.8924,-1,-1,-1
63,3,442.46,393.00,198.60,651.04,0.8613,-1,-1,-1
63,2,818.78,341.83,225.18,675.16,0.8810,-1,-1,-1
64,14,1020.02,435.21,68.37,314.80,0.7916,-1,-1,-1
64,8,739.47,508.57,53.35,144.30,0.3748,-1,-1,-1
64,6,1068.32,414.35,186.09,442.96,0.8701,-1,-1,-1
64,5,802.58,494.17,46.56,149.65,0.3708,-1,-1,-1
64,4,92.87,402.82,236.14,674.70,0.8872,-1,-1,-1
64,3,448.96,386.12,197.88,660.29,0.8710,-1,-1,-1
64,2,820.00,340.81,221.59,677.87,0.8784,-1,-1,-1
65,14,1021.30,435.92,70.99,312.22,0.7871,-1,-1,-1
65,8,740.47,508.68,59.47,143.01,0.5812,-1,-1,-1
65,6,1072.11,411.60,186.40,444.70,0.8628,-1,-1,-1
65,5,803.10,489.86,45.88,157.57,0.4023,-1,-1,-1
65,4,82.26,404.22,240.03,674.22,0.8833,-1,-1,-1
65,3,446.48,379.65,203.63,667.81,0.8722,-1,-1,-1
65,2,815.91,339.30,227.80,680.79,0.8889,-1,-1,-1
66,14,1022.51,434.57,74.36,311.94,0.7797,-1,-1,-1
66,8,743.33,503.42,58.65,146.91,0.4665,-1,-1,-1
66,6,1081.80,405.10,187.81,452.99,0.8393,-1,-1,-1
66,5,808.88,488.26,39.09,149.99,0.3334,-1,-1,-1
66,4,73.74,402.23,244.76,673.29,0.8884,-1,-1,-1
66,3,443.87,372.45,211.11,676.21,0.8764,-1,-1,-1
66,2,819.09,337.60,225.38,682.89,0.8876,-1,-1,-1
67,14,1023.17,430.94,77.51,308.99,0.7466,-1,-1,-1
67,8,745.46,495.88,60.00,150.69,0.6052,-1,-1,-1
67,6,1085.38,402.02,190.95,457.80,0.8462,-1,-1,-1
67,4,63.26,396.79,246.55,680.39,0.8879,-1,-1,-1
67,3,443.61,366.32,215.16,682.70,0.8733,-1,-1,-1
67,2,819.60,337.69,226.91,683.37,0.8931,-1,-1,-1
68,14,1026.73,422.74,79.24,315.61,0.7261,-1,-1,-1
68,8,747.55,498.03,60.07,145.07,0.5303,-1,-1,-1
68,6,1091.92,399.46,180.36,454.09,0.8457,-1,-1,-1
68,4,48.09,394.59,253.86,675.90,0.8889,-1,-1,-1
68,3,441.57,355.47,221.84,691.79,0.8709,-1,-1,-1
68,2,822.38,336.16,227.15,684.72,0.8934,-1,-1,-1
69,15,1555.25,454.21,41.72,62.67,0.3598,-1,-1,-1
69,14,1030.91,419.27,77.92,315.83,0.7210,-1,-1,-1
69,8,750.84,490.78,59.41,149.70,0.6036,-1,-1,-1
69,6,1094.70,395.14,181.44,456.28,0.8726,-1,-1,-1
69,4,34.39,383.06,263.52,684.29,0.8998,-1,-1,-1
69,3,441.99,347.14,225.36,700.29,0.8774,-1,-1,-1
69,2,830.58,330.79,222.60,685.57,0.8877,-1,-1,-1
70,15,1544.39,449.64,57.44,64.25,0.3554,-1,-1,-1
70,14,1032.65,415.76,78.89,315.55,0.7090,-1,-1,-1
70,8,753.10,486.95,58.95,151.44,0.5371,-1,-1,-1
70,6,1097.31,390.90,182.30,456.45,0.8721,-1,-1,-1
70,5,817.74,468.79,46.95,163.84,0.3136,-1,-1,-1
70,4,15.85,375.19,274.11,695.99,0.9135,-1,-1,-1
70,3,436.90,341.22,232.75,707.71,0.8913,-1,-1,-1
70,2,829.85,328.23,225.85,682.16,0.8967,-1,-1,-1
71,15,1541.91,447.47,60.95,62.21,0.4413,-1,-1,-1
71,14,1033.04,412.29,80.21,316.28,0.7219,-1,-1,-1
71,8,753.06,484.95,60.14,151.18,0.5790,-1,-1,-1
71,6,1100.55,386.44,179.62,453.51,0.8642,-1,-1,-1
71,4,2.92,368.03,267.59,703.61,0.9096,-1,-1,-1
71,3,431.95,334.01,236.64,721.78,0.8901,-1,-1,-1
71,2,833.42,325.60,224.12,681.24,0.8903,-1,-1,-1
72,15,1553.13,445.40,50.71,61.93,0.4074,-1,-1,-1
72,14,1034.61,410.92,78.71,314.86,0.7229,-1,-1,-1
72,8,754.34,484.79,60.16,150.08,0.5615,-1,-1,-1
72,6,1103.03,384.63,178.63,450.61,0.8591,-1,-1,-1
72,4,0.00,360.50,257.26,711.68,0.9195,-1,-1,-1
72,3,426.89,323.92,240.01,748.00,0.8916,-1,-1,-1
72,2,832.66,319.23,226.46,682.29,0.8907,-1,-1,-1
73,15,1544.89,442.17,60.31,61.42,0.4262,-1,-1,-1
73,14,1035.90,410.69,77.60,312.40,0.6760,-1,-1,-1
73,8,753.24,476.53,56.18,153.12,0.4686,-1,-1,-1
73,6,1104.59,381.35,176.96,444.26,0.8556,-1,-1,-1
73,4,0.00,347.30,241.96,725.07,0.9110,-1,-1,-1
73,3,420.66,314.27,243.67,762.29,0.8933,-1,-1,-1
73,2,834.42,313.16,224.56,678.65,0.8855,-1,-1,-1
74,15,1547.12,440.84,62.73,61.72,0.4313,-1,-1,-1
74,14,1035.21,410.25,79.35,310.87,0.6849,-1,-1,-1
74,8,750.06,475.20,59.75,152.50,0.5561,-1,-1,-1
74,6,1106.04,377.79,172.75,441.66,0.8566,-1,-1,-1
74,4,0.19,342.77,223.95,733.29,0.9065,-1,-1,-1
74,3,412.35,310.71,247.05,763.46,0.8908,-1,-1,-1
74,2,833.39,308.28,224.91,664.07,0.8805,-1,-1,-1
75,15,1546.53,438.41,64.79,61.94,0.4433,-1,-1,-1
75,14,1035.31,425.34,75.42,292.87,0.6644,-1,-1,-1
75,8,748.87,471.70,58.00,153.44,0.5620,-1,-1,-1
75,6,1105.35,375.36,173.40,440.49,0.8616,-1,-1,-1
75,5,817.26,456.37,44.91,159.66,0.3708,-1,-1,-1
75,4,0.56,329.74,207.59,746.54,0.8958,-1,-1,-1
75,3,401.80,302.68,250.03,771.48,0.8954,-1,-1,-1
75,2,837.19,304.35,219.25,661.96,0.8721,-1,-1,-1
76,15,1543.34,438.02,69.71,61.97,0.4529,-1,-1,-1
76,14,1035.89,437.39,76.03,276.53,0.7231,-1,-1,-1
76,8,747.05,472.51,63.03,146.86,0.5173,-1,-1,-1
76,6,1109.41,373.41,166.86,439.89,0.8561,-1,-1,-1
76,5,817.21,452.21,44.33,163.64,0.3980,-1,-1,-1
76,4,0.69,322.75,192.02,749.79,0.8883,-1,-1,-1
76,3,391.32,296.52,254.76,774.15,0.8894,-1,-1,-1
76,2,842.48,300.53,215.25,661.36,0.8691,-1,-1,-1
77,15,1540.64,437.73,72.22,60.90,0.4091,-1,-1,-1
77,14,1034.07,436.35,77.42,278.20,0.6327,-1,-1,-1
77,8,745.70,471.34,65.81,148.65,0.5045,-1,-1,-1
77,6,1109.36,371.94,167.04,442.99,0.8656,-1,-1,-1
77,5,817.36,450.63,44.61,159.85,0.4089,-1,-1,-1
77,4,0.79,317.48,176.37,758.04,0.8803,-1,-1,-1
77,3,381.81,294.46,257.57,772.08,0.8912,-1,-1,-1
77,2,847.35,298.36,207.33,664.74,0.8787,-1,-1,-1
78,15,1544.42,437.17,67.98,61.73,0.4211,-1,-1,-1
78,14,1029.61,416.96,78.47,300.29,0.7076,-1,-1,-1
78,8,743.57,464.38,65.95,157.61,0.5505,-1,-1,-1
78,6,1108.82,370.79,166.60,444.13,0.8639,-1,-1,-1
78,5,814.72,451.45,45.93,162.28,0.6325,-1,-1,-1
78,4,0.59,311.76,157.80,760.09,0.8674,-1,-1,-1
78,3,366.56,289.92,265.08,781.08,0.8972,-1,-1,-1
78,2,852.18,295.83,197.93,667.60,0.8637,-1,-1,-1
79,15,1540.41,435.50,67.27,61.81,0.3020,-1,-1,-1
79,14,1024.42,400.61,80.41,314.81,0.7193,-1,-1,-1
79,8,742.86,471.03,50.55,150.56,0.4962,-1,-1,-1
79,6,1108.42,367.75,165.67,445.57,0.8597,-1,-1,-1
79,5,811.22,449.46,47.16,166.41,0.6448,-1,-1,-1
79,4,0.35,310.81,143.54,762.60,0.8294,-1,-1,-1
79,3,350.40,284.92,266.95,786.48,0.9002,-1,-1,-1
79,2,852.93,292.11,197.76,673.36,0.8593,-1,-1,-1
80,14,1023.13,398.08,74.54,317.81,0.7099,-1,-1,-1
80,8,738.50,470.25,51.36,153.66,0.5415,-1,-1,-1
80,6,1105.93,363.94,162.15,448.66,0.8434,-1,-1,-1
80,5,801.07,445.65,57.94,172.38,0.6158,-1,-1,-1
80,4,0.49,430.54,118.89,362.95,0.5078,-1,-1,-1
80,3,331.59,275.37,276.24,795.01,0.8966,-1,-1,-1
80,2,851.61,289.63,192.42,677.22,0.8566,-1,-1,-1
81,16,1872.20,881.94,47.00,197.66,0.3596,-1,-1,-1
81,15,1534.64,430.98,69.52,63.54,0.3122,-1,-1,-1
81,14,1017.33,405.96,73.95,308.02,0.6938,-1,-1,-1
81,8,732.15,462.71,52.81,154.66,0.5613,-1,-1,-1
81,6,1103.89,364.32,156.70,445.82,0.8569,-1,-1,-1
81,5,796.94,444.48,56.24,168.15,0.6199,-1,-1,-1
81,4,0.32,438.09,92.10,435.35,0.6420,-1,-1,-1
81,3,314.88,266.20,279.40,803.23,0.9017,-1,-1,-1
81,2,849.75,293.70,190.13,675.85,0.8515,-1,-1,-1
82,14,1014.87,390.90,74.48,316.35,0.6470,-1,-1,-1
82,8,725.28,455.51,54.20,159.81,0.6343,-1,-1,-1
82,6,1098.64,359.55,154.78,448.08,0.8626,-1,-1,-1
82,5,793.52,440.94,56.08,168.98,0.6749,-1,-1,-1
82,4,0.31,444.18,70.98,355.23,0.7813,-1,-1,-1
82,3,291.37,252.02,297.57,820.25,0.8974,-1,-1,-1
82,2,846.48,294.54,186.10,674.75,0.8529,-1,-1,-1
83,14,1001.85,381.65,82.90,325.06,0.5448,-1,-1,-1
83,8,720.85,451.98,60.63,155.70,0.3875,-1,-1,-1
83,6,1095.72,358.39,151.99,452.71,0.8516,-1,-1,-1
83,5,792.07,436.56,52.59,164.54,0.5781,-1,-1,-1
83,3,268.32,239.43,303.60,830.97,0.8897,-1,-1,-1
83,2,845.30,292.57,178.82,673.53,0.8515,-1,-1,-1
84,16,1875.51,872.53,44.02,179.20,0.3651,-1,-1,-1
84,14,995.16,376.09,80.91,321.10,0.7452,-1,-1,-1
84,8,712.39,450.16,55.19,154.66,0.5919,-1,-1,-1
84,6,1086.45,354.36,155.15,457.60,0.8585,-1,-1,-1
84,5,783.88,434.99,51.75,166.10,0.5594,-1,-1,-1
84,3,239.02,228.03,304.62,844.93,0.9033,-1,-1,-1
84,2,835.71,292.35,178.19,675.26,0.8477,-1,-1,-1
85,14,984.33,374.02,82.15,317.15,0.7615,-1,-1,-1
85,8,707.02,452.14,52.88,150.56,0.4581,-1,-1,-1
85,6,1079.50,354.43,149.16,452.94,0.8486,-1,-1,-1
85,5,772.05,425.72,55.31,171.95,0.6000,-1,-1,-1
85,3,205.66,215.91,333.21,858.31,0.9170,-1,-1,-1
85,2,824.39,290.41,178.19,671.19,0.8276,-1,-1,-1
86,18,480.47,412.11,80.01,286.52,0.7156,-1,-1,-1
86,14,970.88,369.43,90.58,320.00,0.8069,-1,-1,-1
86,8,695.40,444.23,58.34,155.63,0.5368,-1,-1,-1
86,6,1071.55,348.82,151.37,454.16,0.8317,-1,-1,-1
86,5,770.36,419.72,46.36,177.28,0.5160,-1,-1,-1
86,3,184.97,202.46,323.27,872.21,0.9056,-1,-1,-1
86,2,809.56,283.57,183.77,671.86,0.8418,-1,-1,-1
87,18,472.98,410.93,76.40,285.48,0.7299,-1,-1,-1
87,15,1529.11,420.96,39.73,55.59,0.3003,-1,-1,-1
87,14,962.68,366.93,91.48,319.95,0.7799,-1,-1,-1
87,8,689.13,448.35,59.90,150.30,0.4641,-1,-1,-1
87,6,1062.40,346.98,153.56,451.88,0.8506,-1,-1,-1
87,5,760.51,413.16,48.16,181.66,0.6883,-1,-1,-1
87,3,152.58,187.51,332.37,887.65,0.9105,-1,-1,-1
87,2,796.20,277.79,190.71,676.90,0.8524,-1,-1,-1
88,18,445.65,408.12,95.17,286.72,0.7604,-1,-1,-1
88,15,1521.87,416.54,38.03,57.05,0.3524,-1,-1,-1
88,14,949.03,358.34,96.45,325.24,0.7447,-1,-1,-1
88,8,680.50,439.63,56.47,155.52,0.6148,-1,-1,-1
88,6,1052.44,339.60,152.35,454.61,0.8484,-1,-1,-1
88,5,747.54,410.06,50.62,175.86,0.4643,-1,-1,-1
88,3,129.13,180.05,338.51,896.54,0.9155,-1,-1,-1
88,2,779.79,274.30,201.43,669.92,0.8571,-1,-1,-1
89,18,428.96,396.52,105.63,301.55,0.7741,-1,-1,-1
89,16,1850.71,855.73,68.67,194.59,0.3696,-1,-1,-1
89,14,941.12,359.59,99.09,316.72,0.8164,-1,-1,-1
89,8,672.15,436.33,59.29,157.58,0.5577,-1,-1,-1
89,6,1042.42,333.60,161.05,454.50,0.8533,-1,-1,-1
89,5,743.97,408.94,40.75,181.38,0.3300,-1,-1,-1
89,3,100.40,167.72,353.09,907.04,0.9201,-1,-1,-1
89,2,765.21,267.77,203.79,668.76,0.8477,-1,-1,-1
90,18,421.24,388.86,104.77,303.44,0.7802,-1,-1,-1
90,17,1727.82,860.83,94.56,216.13,0.3745,-1,-1,-1
90,14,937.86,355.06,95.83,314.82,0.7821,-1,-1,-1
90,8,666.46,433.15,62.78,155.81,0.4321,-1,-1,-1
90,6,1037.03,328.05,159.40,460.65,0.8482,-1,-1,-1
90,3,70.45,151.76,375.05,922.76,0.9242,-1,-1,-1
90,2,747.69,260.02,218.56,655.90,0.8689,-1,-1,-1
91,18,413.76,386.86,103.51,305.03,0.7616,-1,-1,-1
91,15,1506.64,396.98,40.23,62.60,0.3418,-1,-1,-1
91,14,930.07,350.11,100.57,318.54,0.7997,-1,-1,-1
91,8,659.01,425.39,53.69,156.86,0.4534,-1,-1,-1
91,6,1030.59,324.54,164.61,455.80,0.8684,-1,-1,-1
91,3,49.33,141.52,384.33,930.54,0.9224,-1,-1,-1
91,2,734.94,257.03,224.60,647.69,0.8808,-1,-1,-1
92,18,404.03,385.06,106.83,307.10,0.8225,-1,-1,-1
92,16,1846.44,836.96,72.65,195.49,0.3521,-1,-1,-1
92,15,1505.81,396.28,37.09,60.08,0.4944,-1,-1,-1
92,14,923.90,349.61,96.52,316.62,0.7896,-1,-1,-1
92,8,654.03,423.09,59.98,158.46,0.5494,-1,-1,-1
92,6,1024.60,317.44,167.70,453.78,0.8636,-1,-1,-1
92,3,20.23,125.65,405.49,946.54,0.9221,-1,-1,-1
92,2,722.94,250.64,227.87,652.02,0.8787,-1,-1,-1
93,18,397.34,379.06,107.69,312.27,0.8072,-1,-1,-1
93,17,1724.96,851.64,95.95,223.45,0.4158,-1,-1,-1
93,16,1845.29,839.94,74.07,194.36,0.3972,-1,-1,-1
93,15,1496.93,389.93,43.43,62.58,0.4659,-1,-1,-1
93,14,922.49,347.76,97.77,316.84,0.7764,-1,-1,-1
93,8,653.41,420.84,54.78,157.22,0.3374,-1,-1,-1
93,6,1017.43,313.71,172.26,454.33,0.8703,-1,-1,-1
93,3,0.43,116.31,413.00,956.29,0.9244,-1,-1,-1
93,2,714.79,244.57,235.84,656.45,0.8891,-1,-1,-1
94,18,389.50,378.80,110.89,308.15,0.8025,-1,-1,-1
94,17,1725.79,854.26,94.09,219.95,0.3622,-1,-1,-1
94,15,1495.73,390.70,41.63,58.53,0.4161,-1,-1,-1
94,14,918.75,346.43,99.91,319.36,0.8030,-1,-1,-1
94,6,1012.88,312.86,175.69,453.75,0.8726,-1,-1,-1
94,3,0.00,106.79,403.59,969.22,0.9323,-1,-1,-1
94,2,708.14,241.22,229.63,660.47,0.8729,-1,-1,-1
95,18,384.27,374.97,111.82,314.84,0.8177,-1,-1,-1
95,17,1724.32,855.49,95.20,219.28,0.3678,-1,-1,-1
95,15,1493.92,391.20,40.73,57.80,0.3200,-1,-1,-1
95,14,917.03,344.03,98.59,320.51,0.7807,-1,-1,-1
95,6,1007.21,311.65,179.44,453.54,0.8645,-1,-1,-1
95,3,0.25,96.65,401.80,978.86,0.9307,-1,-1,-1
95,2,701.82,240.05,230.98,667.22,0.8860,-1,-1,-1
96,18,379.82,374.62,110.71,321.87,0.8099,-1,-1,-1
96,17,1723.56,856.06,97.84,220.89,0.4048,-1,-1,-1
96,15,1490.65,392.39,41.22,57.15,0.3033,-1,-1,-1
96,14,912.18,345.35,102.46,319.98,0.7543,-1,-1,-1
96,8,633.61,428.06,67.27,154.55,0.3025,-1,-1,-1
96,6,1003.59,311.18,183.91,456.61,0.8597,-1,-1,-1
96,3,0.49,84.98,379.68,990.29,0.9350,-1,-1,-1
96,2,693.35,243.17,231.75,665.48,0.9046,-1,-1,-1
97,18,377.71,370.29,112.37,327.11,0.8189,-1,-1,-1
97,17,1727.33,855.61,97.01,221.33,0.4497,-1,-1,-1
97,16,1849.37,834.83,70.04,185.25,0.3589,-1,-1,-1
97,14,903.69,342.77,108.69,319.15,0.7328,-1,-1,-1
97,8,632.71,418.19,61.27,162.59,0.5596,-1,-1,-1
97,6,1001.87,311.25,187.35,456.53,0.8619,-1,-1,-1
97,3,0.51,75.25,368.57,999.75,0.9338,-1,-1,-1
97,2,695.51,241.64,227.50,673.04,0.8995,-1,-1,-1
98,18,377.08,368.50,112.54,330.46,0.8257,-1,-1,-1
98,17,1731.88,857.53,97.56,220.37,0.4016,-1,-1,-1
98,14,907.47,343.48,104.51,320.98,0.7304,-1,-1,-1
98,8,632.13,415.50,59.40,167.30,0.6315,-1,-1,-1
98,6,1001.10,310.80,192.23,459.44,0.8592,-1,-1,-1
98,3,0.32,56.01,358.48,1015.05,0.9345,-1,-1,-1
98,2,694.17,243.94,226.30,676.60,0.8996,-1,-1,-1
99,18,375.59,366.59,113.59,334.02,0.8216,-1,-1,-1
99,15,1497.48,383.24,40.00,67.03,0.3081,-1,-1,-1
99,14,908.77,343.58,104.28,320.96,0.7370,-1,-1,-1
99,8,633.30,416.42,54.25,165.11,0.6340,-1,-1,-1
99,6,1002.52,311.51,197.50,461.11,0.8700,-1,-1,-1
99,3,0.79,46.56,347.37,1025.59,0.9272,-1,-1,-1
99,2,693.50,248.23,226.57,677.69,0.8986,-1,-1,-1
100,18,373.05,369.04,115.16,332.63,0.8324,-1,-1,-1
100,15,1496.11,380.56,43.68,67.39,0.4185,-1,-1,-1
100,14,911.12,349.76,105.60,316.71,0.7437,-1,-1,-1
100,8,630.84,415.10,59.48,166.22,0.6498,-1,-1,-1
100,6,1005.50,313.22,199.06,460.56,0.8762,-1,-1,-1
100,3,0.87,35.53,333.50,1035.00,0.9225,-1,-1,-1
100,2,695.25,251.06,222.52,675.07,0.8988,-1,-1,-1
101,18,375.06,365.88,114.71,337.55,0.8240,-1,-1,-1
101,14,913.80,348.30,104.81,317.30,0.7683,-1,-1,-1
101,8,633.62,414.00,59.21,164.85,0.7019,-1,-1,-1
101,6,1007.26,312.18,201.23,463.75,0.8568,-1,-1,-1
101,3,0.86,16.28,315.82,1059.27,0.9145,-1,-1,-1
101,2,702.07,250.85,215.48,675.59,0.8890,-1,-1,-1
102,18,375.48,365.04,116.67,341.46,0.8320,-1,-1,-1
102,14,920.71,347.07,102.49,319.69,0.7921,-1,-1,-1
102,8,637.52,414.33,59.74,165.54,0.5223,-1,-1,-1
102,6,1015.47,312.96,197.89,465.29,0.8306,-1,-1,-1
102,3,0.83,13.82,295.49,1058.84,0.9191,-1,-1,-1
102,2,703.77,251.46,220.32,668.41,0.8948,-1,-1,-1
103,18,386.22,366.97,113.46,335.93,0.8037,-1,-1,-1
103,14,931.64,340.65,100.45,323.13,0.7443,-1,-1,-1
103,8,643.35,408.79,61.12,166.41,0.5547,-1,-1,-1
103,6,1023.18,316.04,201.97,465.80,0.8433,-1,-1,-1
103,3,1.14,9.91,278.52,1061.68,0.9093,-1,-1,-1
103,2,716.45,251.04,221.62,665.92,0.8881,-1,-1,-1
104,18,396.20,371.13,112.92,333.32,0.8113,-1,-1,-1
104,17,1787.45,859.61,108.01,220.39,0.3990,-1,-1,-1
104,15,1534.39,377.33,43.46,66.16,0.5234,-1,-1,-1
104,14,941.65,338.27,107.17,322.58,0.7343,-1,-1,-1
104,8,658.84,407.24,56.37,169.18,0.6637,-1,-1,-1
104,6,1042.50,308.01,202.60,470.11,0.8580,-1,-1,-1
104,3,0.88,14.28,259.68,1045.43,0.8319,-1,-1,-1
104,2,726.03,246.63,222.31,668.71,0.8919,-1,-1,-1
105,18,404.53,365.77,111.37,337.75,0.8085,-1,-1,-1
105,17,1804.98,861.43,107.64,218.23,0.4960,-1,-1,-1
105,15,1546.06,374.20,47.04,67.88,0.4180,-1,-1,-1
105,14,953.12,333.32,103.76,329.02,0.7371,-1,-1,-1
105,8,663.76,409.36,60.25,165.90,0.3731,-1,-1,-1
105,6,1053.02,308.91,200.27,469.37,0.8546,-1,-1,-1
105,3,0.87,252.05,235.92,817.22,0.7804,-1,-1,-1
105,2,739.58,245.24,220.25,663.44,0.8861,-1,-1,-1
106,18,411.45,365.39,111.51,335.52,0.8014,-1,-1,-1
106,17,1817.97,857.18,101.05,222.82,0.6355,-1,-1,-1
106,15,1557.36,373.02,44.28,67.49,0.4634,-1,-1,-1
106,14,958.93,332.49,104.10,329.53,0.7897,-1,-1,-1
106,8,668.31,405.50,62.78,167.68,0.6815,-1,-1,-1
106,6,1066.19,303.30,205.29,478.04,0.8423,-1,-1,-1
106,3,0.24,247.78,133.85,660.38,0.6226,-1,-1,-1
106,2,748.67,242.30,213.26,649.03,0.8780,-1,-1,-1
107,18,414.60,361.63,112.71,338.78,0.7888,-1,-1,-1
107,17,1831.76,855.34,87.62,222.17,0.4791,-1,-1,-1
107,15,1568.25,372.02,44.23,66.67,0.3618,-1,-1,-1
107,14,963.66,330.68,107.18,326.59,0.7451,-1,-1,-1
107,8,669.69,404.27,67.28,169.53,0.6753,-1,-1,-1
107,6,1072.94,303.25,195.44,474.23,0.8424,-1,-1,-1
107,3,0.28,246.99,103.26,794.43,0.7251,-1,-1,-1
107,2,757.08,235.90,211.73,644.31,0.8783,-1,-1,-1
108,18,416.70,360.58,112.95,345.78,0.7966,-1,-1,-1
108,15,1575.20,370.16,43.14,65.27,0.4637,-1,-1,-1
108,14,967.98,328.37,106.43,329.34,0.7285,-1,-1,-1
108,8,672.71,403.65,67.92,170.18,0.7285,-1,-1,-1
108,6,1081.12,301.59,173.73,471.24,0.8386,-1,-1,-1
108,2,761.90,233.21,209.17,645.25,0.8828,-1,-1,-1
109,18,414.26,358.03,116.19,350.45,0.8082,-1,-1,-1
109,15,1583.75,373.71,42.71,62.16,0.6009,-1,-1,-1
109,14,972.11,327.14,95.73,325.55,0.5497,-1,-1,-1
109,8,678.03,400.80,63.99,170.84,0.6814,-1,-1,-1
109,6,1085.07,297.59,170.65,468.55,0.8704,-1,-1,-1
109,2,771.90,232.26,201.58,645.88,0.8752,-1,-1,-1
110,18,411.23,353.39,118.35,357.71,0.7984,-1,-1,-1
110,15,1587.66,367.09,40.20,65.69,0.4037,-1,-1,-1
110,14,976.54,323.98,103.60,327.35,0.6673,-1,-1,-1
110,8,679.54,397.54,67.19,171.00,0.6261,-1,-1,-1
110,6,1089.28,294.49,171.35,464.84,0.8722,-1,-1,-1
110,2,772.29,230.65,203.14,648.28,0.8753,-1,-1,-1
111,18,409.83,352.75,120.46,354.52,0.8058,-1,-1,-1
111,15,1600.08,371.67,38.46,62.36,0.4413,-1,-1,-1
111,14,974.81,324.33,105.75,324.42,0.6158,-1,-1,-1
111,8,682.79,394.49,65.59,173.99,0.6586,-1,-1,-1
111,6,1093.10,291.45,169.19,461.50,0.8667,-1,-1,-1
111,2,776.67,229.85,198.53,651.41,0.8721,-1,-1,-1
112,18,408.79,349.73,121.72,357.54,0.7481,-1,-1,-1
112,17,1878.94,878.89,40.43,199.31,0.3184,-1,-1,-1
112,14,974.13,324.04,110.19,326.44,0.6346,-1,-1,-1
112,8,685.09,395.33,67.40,174.35,0.6441,-1,-1,-1
112,6,1098.34,288.66,169.45,459.97,0.8548,-1,-1,-1
112,2,777.27,229.48,197.50,650.32,0.8674,-1,-1,-1
113,18,411.15,347.87,118.00,363.41,0.7395,-1,-1,-1
113,14,980.15,323.56,108.34,325.44,0.6030,-1,-1,-1
113,8,686.69,390.53,68.21,180.83,0.7008,-1,-1,-1
113,6,1104.38,286.15,165.93,463.85,0.8512,-1,-1,-1
113,2,779.71,229.05,194.85,651.05,0.8647,-1,-1,-1
114,18,412.57,344.89,116.91,366.02,0.7352,-1,-1,-1
114,15,1612.92,375.22,38.92,52.15,0.3500,-1,-1,-1
114,14,987.48,321.05,102.36,319.77,0.5937,-1,-1,-1
114,8,690.72,394.01,66.75,174.98,0.6299,-1,-1,-1
114,6,1110.11,285.12,162.86,467.56,0.8577,-1,-1,-1
114,2,786.26,231.41,190.56,652.09,0.8545,-1,-1,-1
115,18,410.61,344.17,120.57,368.16,0.7381,-1,-1,-1
115,15,1623.17,364.88,35.69,62.33,0.3315,-1,-1,-1
115,14,997.20,321.02,99.36,323.13,0.7350,-1,-1,-1
115,8,695.09,390.81,65.66,179.54,0.5962,-1,-1,-1
115,6,1112.19,286.59,163.71,466.24,0.8680,-1,-1,-1
115,2,791.83,232.95,191.56,651.94,0.8443,-1,-1,-1
116,18,403.60,342.69,127.37,369.89,0.7734,-1,-1,-1
116,15,1625.25,363.45,38.84,63.82,0.3826,-1,-1,-1
116,14,992.88,323.07,109.20,319.51,0.7070,-1,-1,-1
116,8,693.31,393.28,69.14,179.20,0.5579,-1,-1,-1
116,6,1113.99,286.31,165.08,464.10,0.8628,-1,-1,-1
116,2,792.47,233.40,192.49,652.54,0.8507,-1,-1,-1
117,18,401.32,343.74,129.41,368.49,0.7215,-1,-1,-1
117,14,993.43,321.09,107.75,321.51,0.6706,-1,-1,-1
117,8,689.29,389.26,75.24,179.38,0.6246,-1,-1,-1
117,6,1116.87,284.93,165.11,467.68,0.8591,-1,-1,-1
117,2,791.10,233.83,189.99,652.64,0.8521,-1,-1,-1
118,18,395.21,338.57,132.07,375.90,0.7029,-1,-1,-1
118,14,981.75,322.67,120.02,321.96,0.7301,-1,-1,-1
118,8,688.06,392.34,75.32,179.13,0.6156,-1,-1,-1
118,6,1118.55,285.87,166.29,471.01,0.8564,-1,-1,-1
118,2,783.81,235.68,190.18,648.93,0.8566,-1,-1,-1
119,18,390.55,338.24,132.74,376.76,0.8252,-1,-1,-1
119,14,978.08,324.54,124.45,322.36,0.7560,-1,-1,-1
119,8,690.99,393.21,72.66,178.98,0.5532,-1,-1,-1
119,6,1122.95,287.75,162.19,473.50,0.8510,-1,-1,-1
119,2,781.78,234.77,189.41,649.76,0.8667,-1,-1,-1
120,18,386.49,333.45,132.64,384.60,0.8359,-1,-1,-1
120,14,972.89,324.83,126.95,323.68,0.7074,-1,-1,-1
120,8,686.15,392.30,76.99,178.46,0.5286,-1,-1,-1
120,6,1122.28,288.37,162.17,474.60,0.8530,-1,-1,-1
120,2,775.15,232.17,194.48,649.44,0.8781,-1,-1,-1
121,18,380.13,333.69,134.31,386.36,0.8384,-1,-1,-1
121,14,968.85,326.18,130.23,322.19,0.6078,-1,-1,-1
121,8,683.40,394.37,81.06,183.27,0.4329,-1,-1,-1
121,6,1119.66,290.55,163.58,475.74,0.8471,-1,-1,-1
121,2,768.92,227.67,197.19,644.22,0.8742,-1,-1,-1
122,18,369.18,333.34,139.43,395.16,0.8260,-1,-1,-1
122,15,1638.42,372.59,44.71,59.61,0.3642,-1,-1,-1
122,14,968.81,325.36,130.95,322.72,0.6376,-1,-1,-1
122,6,1117.33,291.39,163.29,477.48,0.8405,-1,-1,-1
122,2,760.80,227.56,196.53,634.32,0.8656,-1,-1,-1
123,18,363.68,332.14,137.07,402.94,0.8541,-1,-1,-1
123,15,1633.98,372.07,48.31,60.24,0.4417,-1,-1,-1
123,14,957.03,326.25,138.40,324.33,0.6225,-1,-1,-1
123,6,1115.09,290.69,161.50,478.14,0.8581,-1,-1,-1
123,2,748.59,226.05,203.28,635.76,0.8672,-1,-1,-1
124,18,355.29,332.68,139.91,404.72,0.8591,-1,-1,-1
124,15,1632.32,372.35,48.36,62.66,0.4496,-1,-1,-1
124,14,956.45,327.56,122.19,325.51,0.6121,-1,-1,-1
124,6,1111.18,289.07,159.12,484.75,0.8492,-1,-1,-1
124,2,739.54,227.05,206.78,637.71,0.8719,-1,-1,-1
125,18,346.41,339.48,141.21,402.17,0.8450,-1,-1,-1
125,15,1628.49,372.22,47.32,64.08,0.3825,-1,-1,-1
125,14,951.91,324.05,125.88,331.56,0.6953,-1,-1,-1
125,8,676.52,393.14,67.60,193.23,0.4484,-1,-1,-1
125,6,1106.89,289.54,160.74,479.90,0.8452,-1,-1,-1
125,2,731.39,228.15,210.35,641.90,0.8768,-1,-1,-1
126,18,333.11,336.87,143.85,407.96,0.8397,-1,-1,-1
126,15,1626.46,370.43,45.99,65.36,0.4166,-1,-1,-1
126,14,952.71,320.36,126.20,334.27,0.5802,-1,-1,-1
126,8,669.11,393.92,68.43,188.21,0.3812,-1,-1,-1
126,6,1100.62,290.32,161.27,475.84,0.8444,-1,-1,-1
126,2,711.52,228.90,225.47,646.59,0.8683,-1,-1,-1
127,18,327.17,343.46,142.27,407.99,0.8473,-1,-1,-1
127,15,1622.96,372.10,43.94,64.86,0.4363,-1,-1,-1
127,14,942.38,320.24,138.70,336.90,0.7698,-1,-1,-1
127,6,1093.84,290.88,166.44,481.83,0.8565,-1,-1,-1
127,2,708.91,231.70,224.92,647.19,0.8699,-1,-1,-1
128,18,318.45,341.29,144.90,411.64,0.8533,-1,-1,-1
128,15,1620.48,370.92,41.67,66.34,0.3537,-1,-1,-1
128,14,932.22,323.63,144.98,334.25,0.6097,-1,-1,-1
128,8,659.97,389.50,74.80,193.03,0.3742,-1,-1,-1
128,6,1087.74,288.86,170.66,482.48,0.8706,-1,-1,-1
128,2,706.78,231.40,225.44,651.99,0.8799,-1,-1,-1
129,18,313.68,336.89,146.96,423.84,0.8337,-1,-1,-1
129,15,1616.50,367.75,45.15,69.75,0.3770,-1,-1,-1
129,14,935.54,321.80,106.94,334.85,0.6497,-1,-1,-1
129,8,660.49,389.22,65.41,192.93,0.5348,-1,-1,-1
129,6,1082.73,286.32,175.77,483.31,0.8740,-1,-1,-1
129,2,710.54,235.90,219.12,648.06,0.8803,-1,-1,-1
130,18,310.86,333.06,148.66,432.39,0.8404,-1,-1,-1
130,15,1618.38,367.40,42.06,69.93,0.4032,-1,-1,-1
130,14,934.53,320.24,105.15,334.75,0.7351,-1,-1,-1
130,8,659.73,389.16,62.18,192.90,0.5534,-1,-1,-1
130,6,1081.55,286.79,174.84,482.67,0.8674,-1,-1,-1
130,2,708.02,237.02,221.54,649.12,0.8820,-1,-1,-1
131,20,1012.03,370.46,70.06,222.89,0.5433,-1,-1,-1
131,18,309.52,331.19,145.47,435.98,0.8388,-1,-1,-1
131,15,1619.35,365.96,42.88,69.25,0.3855,-1,-1,-1
131,14,927.96,318.77,110.95,332.87,0.7376,-1,-1,-1
131,8,657.19,389.48,63.84,193.24,0.5874,-1,-1,-1
131,6,1080.22,283.89,176.74,482.46,0.8664,-1,-1,-1
131,2,708.60,238.91,222.74,649.34,0.8799,-1,-1,-1
132,20,1013.28,366.42,69.59,227.53,0.5587,-1,-1,-1
132,18,309.89,332.65,141.86,435.79,0.8288,-1,-1,-1
132,15,1619.26,365.01,41.84,69.06,0.4078,-1,-1,-1
132,14,925.13,317.33,111.58,333.71,0.7339,-1,-1,-1
132,8,657.05,388.84,64.36,195.04,0.5689,-1,-1,-1
132,6,1080.35,282.47,174.85,481.42,0.8633,-1,-1,-1
132,2,710.34,238.62,220.94,649.58,0.8753,-1,-1,-1
133,20,1012.60,368.06,72.60,225.04,0.5765,-1,-1,-1
133,18,294.01,329.85,156.30,441.34,0.8195,-1,-1,-1
133,15,1621.18,364.27,41.72,70.83,0.3853,-1,-1,-1
133,14,926.29,316.12,107.54,336.55,0.7472,-1,-1,-1
133,8,657.49,389.46,62.57,195.03,0.4429,-1,-1,-1
133,6,1076.55,282.31,179.67,481.93,0.8684,-1,-1,-1
133,2,713.93,238.95,220.69,646.84,0.8755,-1,-1,-1
134,20,1011.38,367.61,73.76,223.22,0.6113,-1,-1,-1
134,18,288.93,324.43,156.20,455.36,0.8403,-1,-1,-1
134,15,1622.64,364.56,41.86,71.74,0.3575,-1,-1,-1
134,14,928.85,318.53,100.94,337.84,0.7330,-1,-1,-1
134,8,655.82,392.24,68.71,194.69,0.5316,-1,-1,-1
134,6,1074.67,284.14,183.86,486.16,0.8677,-1,-1,-1
134,2,715.76,238.34,215.81,649.78,0.8765,-1,-1,-1
135,20,1010.46,370.36,76.20,218.87,0.6538,-1,-1,-1
135,18,287.44,330.39,153.59,452.73,0.8316,-1,-1,-1
135,14,927.23,318.07,98.89,341.81,0.7100,-1,-1,-1
135,8,651.45,393.72,72.92,195.48,0.5431,-1,-1,-1
135,6,1073.34,285.13,184.40,489.07,0.8647,-1,-1,-1
135,2,717.92,239.89,213.86,648.09,0.8798,-1,-1,-1
136,20,1010.96,364.01,77.20,231.41,0.7068,-1,-1,-1
136,18,281.85,327.38,158.05,459.58,0.8388,-1,-1,-1
136,14,926.24,320.57,99.81,339.25,0.7318,-1,-1,-1
136,8,644.39,394.99,81.40,197.01,0.6850,-1,-1,-1
136,6,1071.82,287.93,188.12,490.20,0.8667,-1,-1,-1
136,2,723.24,240.14,210.52,641.56,0.8736,-1,-1,-1
137,20,1014.08,369.97,76.79,225.07,0.7446,-1,-1,-1
137,18,284.50,323.57,154.09,465.76,0.8410,-1,-1,-1
137,15,1632.09,368.51,44.22,68.75,0.4984,-1,-1,-1
137,14,928.07,319.48,97.19,341.66,0.7316,-1,-1,-1
137,8,649.03,395.07,77.12,201.80,0.6353,-1,-1,-1
137,6,1070.49,291.06,193.64,492.45,0.8634,-1,-1,-1
137,2,723.93,240.62,211.83,624.31,0.8831,-1,-1,-1
138,20,1018.24,368.14,75.56,229.49,0.7450,-1,-1,-1
138,18,279.47,322.99,157.54,469.11,0.8039,-1,-1,-1
138,15,1637.90,371.70,45.71,69.22,0.3218,-1,-1,-1
138,14,928.35,321.40,96.95,342.12,0.7458,-1,-1,-1
138,8,651.64,397.22,71.28,200.48,0.5948,-1,-1,-1
138,6,1078.05,295.16,192.28,490.72,0.8618,-1,-1,-1
138,2,722.39,242.39,217.96,622.24,0.8863,-1,-1,-1
139,20,1021.27,364.17,75.54,230.63,0.7172,-1,-1,-1
139,18,269.81,320.12,164.32,475.40,0.8146,-1,-1,-1
139,14,930.40,320.90,97.17,343.83,0.7268,-1,-1,-1
139,8,651.87,395.48,71.00,204.89,0.5821,-1,-1,-1
139,6,1082.44,295.73,193.24,490.93,0.8479,-1,-1,-1
139,2,729.67,242.39,212.45,622.54,0.8851,-1,-1,-1
140,20,1022.88,369.02,76.55,226.44,0.7777,-1,-1,-1
140,18,268.69,318.54,166.20,486.76,0.8304,-1,-1,-1
140,15,1646.90,367.89,47.33,68.49,0.3392,-1,-1,-1
140,14,938.19,320.03,92.43,345.48,0.7152,-1,-1,-1
140,8,648.65,396.94,76.18,204.97,0.6321,-1,-1,-1
140,6,1089.69,296.86,188.59,489.07,0.8452,-1,-1,-1
140,2,743.83,241.33,200.17,629.19,0.8779,-1,-1,-1
141,20,1024.37,366.84,80.35,228.08,0.6853,-1,-1,-1
141,18,272.33,319.97,164.16,497.86,0.8244,-1,-1,-1
141,15,1650.08,367.95,48.92,70.32,0.3903,-1,-1,-1
141,14,934.68,322.32,97.41,344.07,0.7391,-1,-1,-1
141,8,647.09,395.13,80.08,206.85,0.7632,-1,-1,-1
141,6,1093.67,295.74,188.72,496.68,0.8583,-1,-1,-1
141,2,749.27,246.09,195.37,631.27,0.8734,-1,-1,-1
142,20,1029.75,372.67,78.90,225.89,0.7249,-1,-1,-1
142,18,271.42,323.28,167.31,500.45,0.8493,-1,-1,-1
142,14,935.28,325.70,97.49,340.31,0.7642,-1,-1,-1
142,8,648.31,400.36,86.37,201.94,0.6912,-1,-1,-1
142,6,1101.12,296.60,186.14,499.85,0.8516,-1,-1,-1
142,2,754.70,252.04,192.38,628.84,0.8692,-1,-1,-1
143,20,1038.23,372.36,72.70,225.89,0.7463,-1,-1,-1
143,18,269.23,326.37,171.33,502.51,0.8475,-1,-1,-1
143,15,1671.03,376.00,43.39,61.30,0.3952,-1,-1,-1
143,14,953.27,325.78,85.97,340.69,0.7235,-1,-1,-1
143,8,654.92,400.35,83.34,204.34,0.6633,-1,-1,-1
143,6,1107.99,296.77,186.69,502.72,0.8675,-1,-1,-1
143,2,768.75,253.86,185.83,634.46,0.8788,-1,-1,-1
144,20,1040.27,372.51,78.33,227.51,0.7545,-1,-1,-1
144,18,267.14,325.49,175.24,511.14,0.8580,-1,-1,-1
144,15,1671.72,369.41,52.11,68.96,0.4202,-1,-1,-1
144,14,959.30,331.60,83.05,332.20,0.8006,-1,-1,-1
144,8,662.98,396.89,75.44,208.07,0.7032,-1,-1,-1
144,6,1112.45,296.76,186.67,500.96,0.8615,-1,-1,-1
144,2,771.78,256.07,186.47,633.73,0.8728,-1,-1,-1
145,20,1041.91,376.07,79.30,222.46,0.7399,-1,-1,-1
145,18,264.87,324.74,178.79,513.14,0.8533,-1,-1,-1
145,15,1681.20,370.59,50.24,70.56,0.4229,-1,-1,-1
145,14,961.86,329.02,83.58,338.28,0.7499,-1,-1,-1
145,8,664.30,396.42,80.34,210.50,0.7022,-1,-1,-1
145,6,1121.80,296.58,186.92,500.47,0.8608,-1,-1,-1
145,2,779.15,258.37,185.05,634.87,0.8606,-1,-1,-1
146,20,1048.45,378.45,77.91,219.10,0.6476,-1,-1,-1
146,18,268.37,324.65,177.87,524.55,0.8771,-1,-1,-1
146,15,1695.20,380.05,44.24,61.07,0.3284,-1,-1,-1
146,14,969.14,332.13,86.69,337.41,0.6868,-1,-1,-1
146,8,669.90,397.72,80.26,209.89,0.6986,-1,-1,-1
146,6,1129.21,301.47,183.31,491.84,0.8743,-1,-1,-1
146,2,780.44,262.69,189.30,636.60,0.8637,-1,-1,-1
147,20,1049.91,382.08,80.39,220.72,0.6333,-1,-1,-1
147,18,262.31,326.13,182.52,528.76,0.8601,-1,-1,-1
147,15,1699.65,375.29,47.14,68.55,0.4340,-1,-1,-1
147,14,964.33,330.77,92.10,341.29,0.7118,-1,-1,-1
147,8,669.67,396.02,81.95,216.14,0.7262,-1,-1,-1
147,6,1134.10,298.25,187.63,490.34,0.8669,-1,-1,-1
147,2,781.58,265.43,190.37,637.64,0.8650,-1,-1,-1
148,20,1053.86,376.54,77.46,228.46,0.6771,-1,-1,-1
148,18,257.87,325.79,186.30,541.96,0.8685,-1,-1,-1
148,15,1699.54,374.89,52.05,68.99,0.3777,-1,-1,-1
148,14,969.00,331.13,91.29,341.15,0.7304,-1,-1,-1
148,8,673.65,395.02,75.44,218.80,0.7258,-1,-1,-1
148,6,1140.62,297.41,181.93,491.03,0.8670,-1,-1,-1
148,2,789.98,265.66,184.97,635.54,0.8554,-1,-1,-1
149,20,1055.79,378.33,77.42,229.49,0.6368,-1,-1,-1
149,18,251.60,322.87,182.51,550.13,0.8649,-1,-1,-1
149,15,1707.20,381.84,49.33,64.72,0.3492,-1,-1,-1
149,14,973.31,336.55,86.88,337.82,0.7346,-1,-1,-1
149,8,675.37,401.57,76.29,217.03,0.6010,-1,-1,-1
149,6,1148.23,298.50,178.48,487.91,0.8617,-1,-1,-1
149,2,793.70,266.13,183.89,638.18,0.8617,-1,-1,-1
150,20,1056.61,368.77,76.36,239.82,0.6725,-1,-1,-1
150,18,246.64,318.07,179.37,559.30,0.8502,-1,-1,-1
150,15,1711.38,381.29,51.86,67.25,0.4521,-1,-1,-1
150,14,975.71,340.04,89.32,338.98,0.7369,-1,-1,-1
150,8,673.52,406.23,79.42,215.42,0.6139,-1,-1,-1
150,6,1151.31,300.02,178.58,490.56,0.8642,-1,-1,-1
150,2,793.00,266.50,185.34,637.31,0.8499,-1,-1,-1
151,20,1056.38,369.23,77.17,241.80,0.5984,-1,-1,-1
151,18,233.30,317.45,185.32,569.01,0.8507,-1,-1,-1
151,15,1711.80,379.68,54.44,70.16,0.4879,-1,-1,-1
151,14,981.03,340.74,84.42,342.25,0.7334,-1,-1,-1
151,8,675.39,409.97,77.53,212.84,0.6688,-1,-1,-1
151,6,1152.34,299.35,180.20,501.92,0.8714,-1,-1,-1
151,2,792.42,266.44,188.99,632.93,0.8408,-1,-1,-1
152,20,1054.21,373.03,79.55,237.01,0.6061,-1,-1,-1
152,18,225.49,313.58,188.40,578.11,0.8509,-1,-1,-1
152,15,1715.95,378.53,54.78,71.10,0.5263,-1,-1,-1
152,14,977.97,341.46,86.88,341.27,0.7106,-1,-1,-1
152,8,675.21,409.70,81.20,215.76,0.7133,-1,-1,-1
152,6,1153.33,300.30,181.58,499.30,0.8801,-1,-1,-1
152,2,789.02,265.02,192.82,624.22,0.8417,-1,-1,-1
153,20,1055.55,372.40,79.22,239.17,0.6201,-1,-1,-1
153,18,212.94,311.08,196.13,582.61,0.8586,-1,-1,-1
153,15,1719.76,386.46,49.81,66.08,0.4316,-1,-1,-1
153,14,983.61,341.31,82.45,346.09,0.7247,-1,-1,-1
153,8,675.37,410.06,84.05,219.60,0.7123,-1,-1,-1
153,6,1158.19,302.65,179.40,498.37,0.8824,-1,-1,-1
153,2,782.88,262.57,202.83,617.35,0.8415,-1,-1,-1
154,20,1053.77,374.16,80.77,238.52,0.6566,-1,-1,-1
154,18,201.10,308.93,203.22,588.38,0.8723,-1,-1,-1
154,15,1723.17,385.20,50.64,68.45,0.4101,-1,-1,-1
154,14,980.23,341.16,84.58,344.47,0.7263,-1,-1,-1
154,8,676.02,411.13,86.98,220.92,0.7175,-1,-1,-1
154,6,1158.90,303.03,178.67,496.11,0.8732,-1,-1,-1
154,2,776.36,260.96,210.99,618.25,0.8593,-1,-1,-1
155,20,1053.91,372.55,80.23,238.92,0.7019,-1,-1,-1
155,18,190.77,306.42,208.17,591.99,0.8712,-1,-1,-1
155,15,1720.93,377.55,52.33,73.50,0.3250,-1,-1,-1
155,14,984.01,340.02,80.43,342.25,0.7276,-1,-1,-1
155,8,671.58,406.53,100.10,224.44,0.7298,-1,-1,-1
155,6,1160.64,302.59,177.37,500.10,0.8789,-1,-1,-1
155,2,769.08,258.50,218.21,619.90,0.8684,-1,-1,-1
156,20,1052.33,370.11,80.34,243.21,0.6924,-1,-1,-1
156,18,180.81,301.91,207.18,598.89,0.8714,-1,-1,-1
156,15,1720.38,381.81,53.01,71.54,0.3494,-1,-1,-1
156,14,981.38,339.58,83.63,344.14,0.7024,-1,-1,-1
156,8,672.22,404.99,99.61,226.62,0.7668,-1,-1,-1
156,6,1158.88,306.62,180.47,507.12,0.8772,-1,-1,-1
156,2,764.66,257.48,225.89,623.66,0.8702,-1,-1,-1
157,20,1049.36,370.05,82.65,244.14,0.6793,-1,-1,-1
157,18,170.40,300.72,211.66,604.33,0.8635,-1,-1,-1
157,15,1721.32,380.42,53.59,75.24,0.4140,-1,-1,-1
157,14,971.22,341.19,93.79,346.92,0.6967,-1,-1,-1
157,8,667.38,407.20,99.84,225.80,0.7038,-1,-1,-1
157,6,1155.27,308.15,178.01,508.21,0.8731,-1,-1,-1
157,2,758.94,260.15,231.24,625.99,0.8773,-1,-1,-1
158,20,1044.32,371.08,85.52,243.43,0.7391,-1,-1,-1
158,18,155.85,297.06,214.57,611.32,0.8608,-1,-1,-1
158,15,1716.04,384.02,55.39,69.74,0.4162,-1,-1,-1
158,14,967.05,341.48,90.90,344.34,0.7418,-1,-1,-1
158,8,661.80,405.67,79.16,228.17,0.6732,-1,-1,-1
158,6,1149.32,305.14,176.59,507.56,0.8646,-1,-1,-1
158,2,760.31,257.10,225.34,630.78,0.8731,-1,-1,-1
159,20,1040.31,378.02,85.73,236.54,0.7012,-1,-1,-1
159,18,137.85,294.59,218.15,622.48,0.8558,-1,-1,-1
159,15,1710.04,377.12,59.26,75.69,0.5085,-1,-1,-1
159,14,965.98,341.85,86.31,339.35,0.6551,-1,-1,-1
159,8,658.75,400.92,85.36,230.86,0.6600,-1,-1,-1
159,6,1146.48,306.89,174.95,503.52,0.8760,-1,-1,-1
159,2,766.16,263.11,216.96,628.98,0.8667,-1,-1,-1
160,22,748.72,355.29,70.18,277.90,0.5042,-1,-1,-1
160,20,1037.59,378.81,83.06,234.37,0.6982,-1,-1,-1
160,18,126.92,290.83,221.84,642.27,0.8641,-1,-1,-1
160,15,1706.53,374.20,57.94,78.47,0.3370,-1,-1,-1
160,14,961.79,339.71,92.40,341.47,0.7257,-1,-1,-1
160,8,649.87,401.71,96.15,229.63,0.6725,-1,-1,-1
160,6,1141.59,305.92,173.69,506.93,0.8767,-1,-1,-1
160,2,769.02,265.15,211.17,630.86,0.8641,-1,-1,-1
161,22,735.32,363.17,72.47,273.16,0.4960,-1,-1,-1
161,20,1032.86,385.25,84.99,226.83,0.7511,-1,-1,-1
161,18,112.53,290.60,225.49,659.45,0.8548,-1,-1,-1
161,15,1706.28,372.58,55.67,81.26,0.3375,-1,-1,-1
161,14,955.68,338.63,88.55,341.59,0.6701,-1,-1,-1
161,8,645.81,397.64,91.17,237.03,0.6921,-1,-1,-1
161,6,1138.25,306.18,172.35,506.09,0.8784,-1,-1,-1
161,2,770.99,271.46,209.28,628.20,0.8709,-1,-1,-1
162,22,730.60,360.42,78.55,279.45,0.6040,-1,-1,-1
162,20,1025.74,386.55,83.24,224.87,0.7441,-1,-1,-1
162,18,94.67,283.37,230.45,660.27,0.8687,-1,-1,-1
162,15,1699.92,381.63,56.44,74.20,0.4566,-1,-1,-1
162,14,950.44,335.86,81.66,348.98,0.6476,-1,-1,-1
162,8,637.66,395.15,77.85,239.68,0.7046,-1,-1,-1
162,6,1132.98,298.89,171.50,513.99,0.8731,-1,-1,-1
162,2,774.13,271.50,204.63,626.73,0.8823,-1,-1,-1
163,22,725.77,357.51,76.44,281.01,0.6671,-1,-1,-1
163,20,1020.07,387.24,84.48,224.24,0.6826,-1,-1,-1
163,18,82.23,284.69,221.75,678.82,0.8466,-1,-1,-1
163,15,1694.01,382.33,55.14,74.60,0.4454,-1,-1,-1
163,14,946.66,331.29,85.71,352.54,0.6181,-1,-1,-1
163,8,629.54,394.45,83.31,240.58,0.7252,-1,-1,-1
163,6,1122.38,299.70,176.37,512.25,0.8681,-1,-1,-1
163,2,774.07,270.20,200.40,629.14,0.8930,-1,-1,-1
164,22,713.20,362.69,79.08,278.13,0.6742,-1,-1,-1
164,20,1018.71,390.61,78.50,219.02,0.7018,-1,-1,-1
164,18,55.92,282.61,246.48,697.56,0.8835,-1,-1,-1
164,14,943.25,333.49,82.57,350.08,0.6623,-1,-1,-1
164,8,619.00,392.43,87.31,244.03,0.7236,-1,-1,-1
164,6,1112.81,297.41,183.93,510.05,0.8670,-1,-1,-1
164,2,767.26,267.76,203.80,624.31,0.8908,-1,-1,-1
165,22,707.66,364.07,79.01,277.23,0.7066,-1,-1,-1
165,20,1014.56,391.18,78.56,215.03,0.6870,-1,-1,-1
165,18,37.00,280.33,249.90,716.08,0.8713,-1,-1,-1
165,15,1682.63,377.54,56.42,74.90,0.3297,-1,-1,-1
165,14,942.07,332.89,81.88,346.92,0.6926,-1,-1,-1
165,8,610.06,393.07,85.20,243.81,0.6890,-1,-1,-1
165,6,1106.88,299.25,181.80,505.44,0.8746,-1,-1,-1
165,2,763.77,262.75,198.14,628.04,0.8866,-1,-1,-1
166,22,704.30,365.07,80.04,277.95,0.7311,-1,-1,-1
166,20,1008.61,389.99,79.76,214.07,0.6680,-1,-1,-1
166,18,19.21,278.59,262.21,726.52,0.8876,-1,-1,-1
166,15,1677.99,375.45,53.64,75.34,0.3933,-1,-1,-1
166,14,932.99,325.77,85.37,353.07,0.6964,-1,-1,-1
166,8,605.66,391.07,88.90,246.85,0.7177,-1,-1,-1
166,6,1100.27,297.25,186.35,500.56,0.8768,-1,-1,-1
166,2,766.16,258.64,194.69,631.69,0.8856,-1,-1,-1
167,22,697.64,361.68,87.80,282.35,0.7087,-1,-1,-1
167,20,1008.85,397.81,77.22,207.94,0.5615,-1,-1,-1
167,18,5.63,273.69,255.50,737.36,0.8650,-1,-1,-1
167,15,1679.28,374.61,55.20,74.47,0.3861,-1,-1,-1
167,14,934.12,325.02,83.96,349.51,0.6919,-1,-1,-1
167,8,601.15,389.76,86.50,248.97,0.7260,-1,-1,-1
167,6,1093.99,291.92,192.15,505.89,0.8660,-1,-1,-1
167,2,767.13,256.04,192.64,631.03,0.8746,-1,-1,-1
168,22,682.50,356.77,97.80,287.31,0.7778,-1,-1,-1
168,20,1007.65,374.73,78.01,234.20,0.6039,-1,-1,-1
168,18,0.53,263.87,256.92,752.09,0.8876,-1,-1,-1
168,15,1672.63,371.20,60.37,78.51,0.3804,-1,-1,-1
168,14,930.38,329.64,86.54,348.81,0.6991,-1,-1,-1
168,8,596.63,389.53,88.23,248.81,0.6913,-1,-1,-1
168,6,1090.88,291.58,191.47,504.09,0.8647,-1,-1,-1
168,2,774.00,253.32,184.51,619.44,0.8655,-1,-1,-1
169,22,680.30,356.08,96.28,281.56,0.7694,-1,-1,-1
169,20,1004.10,374.95,80.64,228.90,0.6374,-1,-1,-1
169,18,0.08,256.76,241.44,763.86,0.9023,-1,-1,-1
169,15,1672.86,370.88,58.05,77.77,0.4165,-1,-1,-1
169,14,930.52,329.38,82.73,342.27,0.6960,-1,-1,-1
169,8,590.75,387.36,91.22,252.25,0.7354,-1,-1,-1
169,6,1086.88,291.46,193.84,502.62,0.8698,-1,-1,-1
169,2,777.62,248.86,184.01,611.45,0.8633,-1,-1,-1
170,22,672.51,352.21,104.56,288.22,0.7918,-1,-1,-1
170,20,1004.21,371.09,80.83,232.69,0.6338,-1,-1,-1
170,18,0.00,250.32,228.91,776.88,0.9023,-1,-1,-1
170,15,1676.67,368.88,52.19,77.23,0.3143,-1,-1,-1
170,14,928.15,329.62,81.55,342.66,0.6888,-1,-1,-1
170,8,588.95,386.79,80.94,251.29,0.6205,-1,-1,-1
170,6,1081.19,290.87,198.53,506.08,0.8705,-1,-1,-1
170,2,778.66,247.87,180.98,610.46,0.8547,-1,-1,-1
171,22,664.05,352.44,112.61,292.69,0.8041,-1,-1,-1
171,20,1005.91,366.56,77.16,230.58,0.6712,-1,-1,-1
171,18,0.01,245.70,217.67,789.84,0.9018,-1,-1,-1
171,14,927.63,328.45,83.58,348.29,0.7118,-1,-1,-1
171,8,580.96,382.00,90.70,260.26,0.6407,-1,-1,-1
171,6,1078.89,290.60,201.05,510.06,0.8683,-1,-1,-1
171,2,777.55,245.95,180.27,614.40,0.8563,-1,-1,-1
172,22,659.11,350.64,117.61,295.90,0.8315,-1,-1,-1
172,20,1002.22,367.12,78.64,229.80,0.6562,-1,-1,-1
172,18,0.00,240.94,204.59,799.68,0.8957,-1,-1,-1
172,14,928.30,338.77,80.47,332.63,0.6801,-1,-1,-1
172,8,573.47,384.71,99.44,260.99,0.6857,-1,-1,-1
172,6,1075.55,290.24,204.35,509.31,0.8735,-1,-1,-1
172,2,775.32,247.34,184.23,618.97,0.8505,-1,-1,-1
173,22,656.75,347.56,122.89,299.22,0.8322,-1,-1,-1
173,20,1002.38,372.98,78.62,220.69,0.6630,-1,-1,-1
173,18,0.00,235.82,194.34,816.52,0.8877,-1,-1,-1
173,15,1674.79,363.89,53.17,76.46,0.4414,-1,-1,-1
173,14,926.71,336.43,78.06,335.50,0.6681,-1,-1,-1
173,8,565.46,385.93,103.29,261.35,0.7058,-1,-1,-1
173,6,1074.40,288.91,202.85,511.55,0.8676,-1,-1,-1
173,2,777.29,245.35,180.18,621.75,0.8552,-1,-1,-1
174,22,655.48,345.38,125.60,301.28,0.8180,-1,-1,-1
174,20,1002.93,367.39,76.75,228.47,0.6680,-1,-1,-1
174,18,0.06,231.93,186.84,828.16,0.8844,-1,-1,-1
174,15,1676.08,362.75,54.52,75.19,0.4161,-1,-1,-1
174,14,928.19,335.23,77.66,337.08,0.6467,-1,-1,-1
174,8,562.64,380.13,94.81,270.36,0.6958,-1,-1,-1
174,6,1076.91,288.82,204.50,516.19,0.8719,-1,-1,-1
174,2,775.93,246.23,182.80,623.33,0.8593,-1,-1,-1
175,22,653.82,345.06,128.73,304.12,0.8184,-1,-1,-1
175,20,1004.05,367.72,76.27,231.04,0.6667,-1,-1,-1
175,18,0.15,226.50,179.02,836.96,0.8854,-1,-1,-1
175,15,1679.99,363.19,56.67,75.97,0.4679,-1,-1,-1
175,14,930.25,329.17,77.97,343.21,0.6398,-1,-1,-1
175,8,559.90,379.15,95.91,273.00,0.6820,-1,-1,-1
175,6,1080.53,289.00,203.78,520.37,0.8728,-1,-1,-1
175,2,780.12,247.56,178.31,628.26,0.8637,-1,-1,-1
176,22,654.39,345.38,126.85,310.73,0.8106,-1,-1,-1
176,20,1008.38,365.73,74.66,231.89,0.6803,-1,-1,-1
176,18,0.15,226.93,172.62,844.04,0.8835,-1,-1,-1
176,15,1686.48,364.42,49.65,71.31,0.3570,-1,-1,-1
176,14,932.89,325.13,74.34,347.79,0.6381,-1,-1,-1
176,8,555.36,378.56,100.86,276.49,0.7239,-1,-1,-1
176,6,1084.20,289.77,203.00,520.13,0.8720,-1,-1,-1
176,2,785.18,254.32,175.65,628.39,0.8478,-1,-1,-1
177,22,654.35,345.99,127.14,311.21,0.8150,-1,-1,-1
177,20,1009.17,368.36,75.06,228.85,0.6892,-1,-1,-1
177,18,0.30,225.16,162.25,850.58,0.8761,-1,-1,-1
177,15,1683.68,358.74,58.70,74.92,0.3953,-1,-1,-1
177,14,935.05,323.84,64.29,349.47,0.5912,-1,-1,-1
177,8,554.31,379.97,102.00,274.39,0.7127,-1,-1,-1
177,6,1087.06,290.81,202.48,517.30,0.8748,-1,-1,-1
177,2,786.75,258.55,176.60,626.76,0.8483,-1,-1,-1
178,22,653.85,348.75,133.02,314.40,0.8252,-1,-1,-1
178,20,1014.38,371.08,74.41,228.39,0.6450,-1,-1,-1
178,18,0.32,222.34,155.21,853.95,0.8740,-1,-1,-1
178,15,1690.87,360.01,57.10,75.08,0.3319,-1,-1,-1
178,14,940.84,327.75,57.53,353.31,0.4104,-1,-1,-1
178,8,554.71,379.72,100.17,277.37,0.7329,-1,-1,-1
178,6,1090.91,290.18,205.86,524.30,0.8787,-1,-1,-1
178,2,790.30,262.51,177.77,625.39,0.8574,-1,-1,-1
179,22,651.04,349.82,140.76,314.62,0.8251,-1,-1,-1
179,20,1015.72,375.25,75.26,222.25,0.6754,-1,-1,-1
179,18,0.53,227.40,143.74,849.14,0.8739,-1,-1,-1
179,15,1685.94,356.50,69.78,80.06,0.4432,-1,-1,-1
179,14,931.01,300.42,72.96,372.97,0.5766,-1,-1,-1
179,8,553.28,379.63,102.24,279.96,0.7101,-1,-1,-1
179,6,1099.41,287.56,200.90,527.35,0.8803,-1,-1,-1
179,2,792.17,263.51,177.24,624.23,0.8566,-1,-1,-1
180,22,653.70,351.39,134.98,315.48,0.7987,-1,-1,-1
180,20,1018.94,384.61,74.15,215.02,0.6120,-1,-1,-1
180,18,0.63,231.42,133.50,846.10,0.8653,-1,-1,-1
180,15,1696.81,358.15,65.22,76.36,0.4643,-1,-1,-1
180,14,944.18,321.24,57.87,352.80,0.3253,-1,-1,-1
180,8,553.08,378.75,104.52,283.92,0.7638,-1,-1,-1
180,6,1104.46,290.66,201.77,523.06,0.8717,-1,-1,-1
180,2,795.65,267.09,180.69,616.46,0.8629,-1,-1,-1
181,22,654.43,351.26,137.46,320.62,0.8160,-1,-1,-1
181,20,1019.03,370.95,77.48,228.77,0.6328,-1,-1,-1
181,18,0.54,261.49,127.28,816.03,0.8625,-1,-1,-1
181,15,1713.14,355.56,51.63,77.23,0.4134,-1,-1,-1
181,14,942.57,311.31,60.09,360.13,0.3649,-1,-1,-1
181,8,554.33,382.46,103.25,283.28,0.7259,-1,-1,-1
181,6,1114.27,284.59,196.57,527.62,0.8748,-1,-1,-1
181,2,796.38,265.65,183.82,618.33,0.8679,-1,-1,-1
182,22,654.57,351.41,137.27,323.66,0.8203,-1,-1,-1
182,20,1022.15,378.39,80.50,219.87,0.7339,-1,-1,-1
182,18,0.42,288.60,118.24,789.67,0.8565,-1,-1,-1
182,15,1713.88,355.28,59.53,77.45,0.5698,-1,-1,-1
182,14,944.54,313.78,63.64,360.64,0.4418,-1,-1,-1
182,8,555.28,383.38,107.07,286.61,0.7500,-1,-1,-1
182,6,1120.92,286.11,196.60,526.36,0.8727,-1,-1,-1
182,2,796.51,264.94,185.04,617.55,0.8721,-1,-1,-1
183,22,654.65,348.80,143.70,324.73,0.8298,-1,-1,-1
183,20,1024.81,384.72,80.44,214.76,0.6712,-1,-1,-1
183,18,0.74,313.46,105.28,763.50,0.8433,-1,-1,-1
183,15,1715.41,353.71,60.73,78.19,0.4130,-1,-1,-1
183,14,947.25,314.93,64.52,354.59,0.3325,-1,-1,-1
183,8,555.04,387.00,107.36,286.33,0.7397,-1,-1,-1
183,6,1131.94,282.43,191.17,519.00,0.8704,-1,-1,-1
183,2,799.42,263.16,191.90,610.26,0.8733,-1,-1,-1
184,22,660.62,347.37,144.00,327.55,0.8308,-1,-1,-1
184,20,1031.36,381.16,80.86,222.53,0.6441,-1,-1,-1
184,18,0.56,383.87,93.13,692.03,0.8428,-1,-1,-1
184,15,1726.84,353.75,61.04,77.58,0.4387,-1,-1,-1
184,14,951.20,305.39,67.46,370.25,0.4228,-1,-1,-1
184,8,555.61,389.71,110.79,283.39,0.7550,-1,-1,-1
184,6,1133.58,282.60,193.01,515.10,0.8755,-1,-1,-1
184,2,801.97,264.85,193.22,596.77,0.8760,-1,-1,-1
185,22,670.12,328.59,136.77,350.36,0.8512,-1,-1,-1
185,20,1037.39,384.79,76.88,216.83,0.6761,-1,-1,-1
185,18,0.46,390.42,85.56,685.08,0.8066,-1,-1,-1
185,15,1727.45,350.51,64.94,79.85,0.4081,-1,-1,-1
185,14,958.11,313.05,70.63,362.57,0.6061,-1,-1,-1
185,8,557.62,390.74,116.70,285.59,0.7169,-1,-1,-1
185,6,1139.91,283.33,192.53,512.14,0.8707,-1,-1,-1
185,2,802.01,261.98,194.38,598.58,0.8586,-1,-1,-1
186,22,669.79,324.43,138.51,357.06,0.8471,-1,-1,-1
186,20,1037.33,383.62,82.70,218.58,0.6860,-1,-1,-1
186,18,0.48,396.92,84.41,678.78,0.7607,-1,-1,-1
186,15,1738.95,352.29,61.88,78.71,0.4772,-1,-1,-1
186,14,962.52,319.00,66.85,358.29,0.5453,-1,-1,-1
186,8,558.23,390.79,119.14,287.98,0.7526,-1,-1,-1
186,6,1149.92,284.71,185.41,514.64,0.8791,-1,-1,-1
186,2,803.84,257.16,192.84,605.80,0.8643,-1,-1,-1
187,22,671.09,328.68,138.17,350.88,0.8515,-1,-1,-1
187,20,1042.73,377.75,79.69,221.13,0.7040,-1,-1,-1
187,18,0.00,416.78,61.06,657.71,0.4279,-1,-1,-1
187,15,1755.87,354.38,54.70,76.28,0.3294,-1,-1,-1
187,14,971.22,349.09,59.20,327.44,0.3722,-1,-1,-1
187,8,557.78,385.41,124.42,294.81,0.7654,-1,-1,-1
187,6,1153.86,279.36,189.61,521.77,0.8827,-1,-1,-1
187,2,805.95,253.55,195.16,605.01,0.8675,-1,-1,-1
188,22,668.81,325.66,139.06,352.11,0.8550,-1,-1,-1
188,20,1037.13,376.59,85.44,223.87,0.7112,-1,-1,-1
188,15,1762.54,354.29,50.28,73.16,0.4169,-1,-1,-1
188,8,557.03,385.13,125.77,294.17,0.7758,-1,-1,-1
188,6,1154.81,279.06,189.68,520.63,0.8860,-1,-1,-1
188,2,800.62,252.41,203.55,607.59,0.8689,-1,-1,-1
189,22,666.73,325.08,141.79,355.48,0.8496,-1,-1,-1
189,20,1037.46,375.04,85.40,224.32,0.7259,-1,-1,-1
189,15,1760.31,351.61,57.22,75.08,0.4734,-1,-1,-1
189,8,554.05,381.44,131.18,298.76,0.7086,-1,-1,-1
189,6,1159.90,275.87,182.22,523.97,0.8823,-1,-1,-1
189,2,798.94,252.85,203.96,611.10,0.8674,-1,-1,-1
190,22,672.01,323.05,136.26,360.07,0.8444,-1,-1,-1
190,20,1031.63,376.29,91.50,221.32,0.7131,-1,-1,-1
190,15,1756.92,353.13,61.98,76.89,0.4664,-1,-1,-1
190,8,547.93,379.75,141.30,301.83,0.7273,-1,-1,-1
190,6,1159.87,275.31,185.67,527.41,0.8806,-1,-1,-1
190,2,803.58,251.49,199.62,613.89,0.8584,-1,-1,-1
191,22,671.46,324.79,135.58,361.19,0.8074,-1,-1,-1
191,20,1034.14,373.89,89.71,226.06,0.6992,-1,-1,-1
191,15,1758.66,355.18,60.62,79.00,0.4883,-1,-1,-1
191,14,978.07,328.05,56.49,355.63,0.3146,-1,-1,-1
191,8,546.04,378.06,136.66,305.87,0.6632,-1,-1,-1
191,6,1161.26,278.43,185.68,529.25,0.8797,-1,-1,-1
191,2,805.40,253.17,197.84,618.74,0.8553,-1,-1,-1
192,22,666.36,325.70,140.24,361.48,0.8326,-1,-1,-1
192,20,1031.93,378.75,89.69,222.54,0.7034,-1,-1,-1
192,15,1757.04,360.55,63.82,77.38,0.4319,-1,-1,-1
192,8,541.17,377.60,100.99,307.25,0.7033,-1,-1,-1
192,6,1160.41,285.74,183.71,527.89,0.8861,-1,-1,-1
192,2,811.56,260.76,191.52,618.18,0.8579,-1,-1,-1
193,22,657.04,330.90,148.84,359.82,0.7866,-1,-1,-1
193,20,1030.55,376.03,88.95,227.43,0.6985,-1,-1,-1
193,15,1754.23,361.05,69.61,77.44,0.4433,-1,-1,-1
193,8,535.65,377.12,131.02,308.65,0.6637,-1,-1,-1
193,6,1160.31,285.19,179.31,531.17,0.8836,-1,-1,-1
193,2,810.07,264.82,194.48,617.36,0.8681,-1,-1,-1
194,22,656.24,332.30,145.82,365.28,0.8255,-1,-1,-1
194,20,1034.89,378.36,84.74,227.22,0.7261,-1,-1,-1
194,15,1756.31,362.69,67.88,80.15,0.4236,-1,-1,-1
194,8,530.63,377.63,132.82,313.35,0.7532,-1,-1,-1
194,6,1158.82,288.11,177.58,534.90,0.8792,-1,-1,-1
194,2,806.41,268.56,198.59,613.70,0.8654,-1,-1,-1
195,22,645.34,337.65,153.13,367.31,0.8445,-1,-1,-1
195,20,1026.47,381.20,90.62,225.15,0.7373,-1,-1,-1
195,15,1757.68,367.68,64.86,79.49,0.5032,-1,-1,-1
195,8,521.47,380.72,112.69,316.55,0.7481,-1,-1,-1
195,6,1155.07,291.42,175.84,534.23,0.8689,-1,-1,-1
195,2,802.14,274.61,205.60,609.57,0.8797,-1,-1,-1
196,22,643.93,342.90,151.14,365.50,0.8286,-1,-1,-1
196,20,1021.11,384.13,93.28,223.03,0.7188,-1,-1,-1
196,15,1761.42,369.37,59.03,79.06,0.3740,-1,-1,-1
196,8,514.71,379.75,115.34,323.61,0.7625,-1,-1,-1
196,6,1148.61,294.64,176.47,536.94,0.8561,-1,-1,-1
196,2,798.31,270.63,206.75,615.65,0.8865,-1,-1,-1
197,22,634.07,342.35,154.02,369.88,0.8227,-1,-1,-1
197,20,1018.61,388.52,93.26,221.66,0.7608,-1,-1,-1
197,15,1758.22,376.75,61.58,72.59,0.3226,-1,-1,-1
197,8,506.59,383.46,114.95,323.75,0.7715,-1,-1,-1
197,6,1144.32,294.94,173.92,536.35,0.8556,-1,-1,-1
197,2,796.22,271.34,208.92,615.27,0.8947,-1,-1,-1
198,22,619.13,343.51,159.27,375.72,0.8375,-1,-1,-1
198,20,1015.42,391.16,91.68,220.72,0.7206,-1,-1,-1
198,8,495.17,385.85,118.91,330.99,0.7917,-1,-1,-1
198,6,1137.85,297.26,177.94,526.30,0.8546,-1,-1,-1
198,2,797.86,273.06,207.33,615.84,0.8892,-1,-1,-1
199,22,604.21,348.50,164.81,383.36,0.8338,-1,-1,-1
199,20,1010.03,398.06,91.20,214.44,0.7437,-1,-1,-1
199,8,488.38,388.84,122.32,332.41,0.8203,-1,-1,-1
199,6,1133.16,297.89,180.38,544.48,0.8628,-1,-1,-1
199,2,806.56,276.44,195.55,593.38,0.8820,-1,-1,-1
200,22,609.21,349.43,150.86,383.61,0.8436,-1,-1,-1
200,20,1009.65,406.97,87.47,208.57,0.6667,-1,-1,-1
200,15,1734.49,381.05,72.25,80.07,0.5506,-1,-1,-1
200,8,478.48,393.77,132.46,336.03,0.7004,-1,-1,-1
200,6,1124.95,299.62,183.81,541.68,0.8615,-1,-1,-1
200,2,801.04,281.32,201.40,584.58,0.8846,-1,-1,-1
201,22,581.54,347.25,166.31,383.67,0.7974,-1,-1,-1
201,20,1009.28,393.42,81.11,223.80,0.7352,-1,-1,-1
201,15,1732.06,384.54,72.69,79.16,0.4136,-1,-1,-1
201,8,467.42,396.22,115.22,333.69,0.7716,-1,-1,-1
201,6,1116.21,304.33,188.29,529.71,0.8700,-1,-1,-1
201,2,801.18,281.13,195.05,588.69,0.8868,-1,-1,-1
202,22,584.85,346.03,152.94,389.81,0.8087,-1,-1,-1
202,20,1005.85,405.69,79.71,213.96,0.6842,-1,-1,-1
202,15,1725.50,383.67,75.46,81.94,0.4246,-1,-1,-1
202,8,457.54,399.99,129.90,334.29,0.8072,-1,-1,-1
202,6,1110.67,304.18,190.47,531.61,0.8721,-1,-1,-1
202,2,796.24,281.23,194.17,593.68,0.8919,-1,-1,-1
203,27,761.20,397.52,63.92,241.61,0.4429,-1,-1,-1
203,22,578.68,344.02,155.91,397.50,0.8281,-1,-1,-1
203,20,1001.08,409.06,82.12,215.12,0.7238,-1,-1,-1
203,15,1728.95,384.40,67.66,82.44,0.4243,-1,-1,-1
203,8,443.58,396.29,107.98,345.51,0.6159,-1,-1,-1
203,6,1106.44,304.49,193.26,531.88,0.8732,-1,-1,-1
203,2,800.16,281.94,186.61,595.83,0.8817,-1,-1,-1
204,27,758.41,400.21,68.42,240.66,0.6658,-1,-1,-1
204,22,572.82,344.46,156.45,397.33,0.8170,-1,-1,-1
204,20,1004.30,413.10,77.16,217.24,0.7365,-1,-1,-1
204,15,1730.63,384.97,64.28,81.80,0.3566,-1,-1,-1
204,8,434.39,398.90,143.10,346.58,0.7255,-1,-1,-1
204,6,1104.28,303.45,191.34,530.68,0.8711,-1,-1,-1
204,2,807.66,284.98,175.85,596.80,0.8650,-1,-1,-1
205,27,758.86,397.05,68.40,245.17,0.6581,-1,-1,-1
205,22,564.54,343.45,152.43,400.01,0.8009,-1,-1,-1
205,20,1002.56,413.93,76.36,214.38,0.7012,-1,-1,-1
205,15,1722.44,382.42,70.46,84.68,0.4837,-1,-1,-1
205,8,425.21,399.03,146.06,348.76,0.7801,-1,-1,-1
205,6,1103.00,303.66,192.89,529.50,0.8740,-1,-1,-1
205,2,807.83,286.35,174.50,598.40,0.8644,-1,-1,-1
206,27,756.00,396.41,69.43,249.38,0.6907,-1,-1,-1
206,22,558.90,342.50,155.63,404.99,0.8318,-1,-1,-1
206,20,999.77,415.57,79.04,210.99,0.6890,-1,-1,-1
206,15,1730.83,381.96,62.16,84.24,0.4243,-1,-1,-1
206,8,418.53,396.65,150.66,352.82,0.7963,-1,-1,-1
206,6,1099.60,307.22,199.68,531.72,0.8667,-1,-1,-1
206,2,808.13,287.91,172.54,599.97,0.8670,-1,-1,-1
207,27,753.57,395.99,71.85,248.46,0.6906,-1,-1,-1
207,22,551.32,344.27,161.99,406.55,0.8529,-1,-1,-1
207,20,1000.02,413.98,78.22,214.69,0.6986,-1,-1,-1
207,15,1735.63,382.27,57.90,84.05,0.3868,-1,-1,-1
207,8,412.33,394.97,148.14,356.44,0.8316,-1,-1,-1
207,6,1096.03,307.84,204.58,533.95,0.8681,-1,-1,-1
207,2,808.31,289.32,171.11,598.56,0.8645,-1,-1,-1
208,27,753.76,393.72,71.48,250.57,0.6881,-1,-1,-1
208,22,546.13,335.28,161.61,414.76,0.8586,-1,-1,-1
208,20,1003.25,409.06,75.08,211.78,0.7249,-1,-1,-1
208,15,1741.65,383.73,52.92,82.07,0.3027,-1,-1,-1
208,8,404.39,394.73,143.45,358.17,0.8411,-1,-1,-1
208,6,1094.16,304.02,207.97,540.32,0.8679,-1,-1,-1
208,2,809.05,290.02,169.19,598.06,0.8560,-1,-1,-1
209,27,754.60,394.24,67.35,251.83,0.6309,-1,-1,-1
209,22,536.76,335.38,174.31,420.68,0.8638,-1,-1,-1
209,20,1002.21,402.74,76.09,217.47,0.7163,-1,-1,-1
209,15,1746.38,383.65,50.70,80.21,0.3862,-1,-1,-1
209,8,399.55,391.02,147.50,362.57,0.8271,-1,-1,-1
209,6,1095.17,305.15,209.34,542.09,0.8675,-1,-1,-1
209,2,807.53,291.48,170.01,598.32,0.8555,-1,-1,-1
210,27,748.05,392.87,71.89,254.95,0.6421,-1,-1,-1
210,22,532.04,339.98,177.62,422.40,0.8500,-1,-1,-1
210,20,1001.75,403.83,78.06,216.76,0.5577,-1,-1,-1
210,15,1724.14,382.65,72.11,84.63,0.4036,-1,-1,-1
210,8,392.34,389.21,146.82,365.98,0.8247,-1,-1,-1
210,6,1096.41,308.90,210.80,539.80,0.8719,-1,-1,-1
210,2,804.44,294.89,173.12,597.38,0.8647,-1,-1,-1
211,27,745.42,394.25,72.08,258.00,0.6487,-1,-1,-1
211,22,519.80,328.36,186.72,443.00,0.8324,-1,-1,-1
211,20,1004.15,419.89,73.66,200.88,0.5492,-1,-1,-1
211,15,1747.58,382.33,50.39,83.14,0.4627,-1,-1,-1
211,8,384.58,389.35,147.86,367.09,0.8252,-1,-1,-1
211,6,1096.98,310.19,210.30,545.28,0.8727,-1,-1,-1
211,2,803.28,293.85,175.00,601.28,0.8701,-1,-1,-1
212,27,742.33,395.39,75.05,258.86,0.6523,-1,-1,-1
212,22,503.27,331.11,200.74,448.85,0.8212,-1,-1,-1
212,20,999.03,404.01,79.28,219.72,0.6691,-1,-1,-1
212,8,376.86,389.45,143.36,376.54,0.8260,-1,-1,-1
212,6,1095.61,315.03,213.58,540.57,0.8650,-1,-1,-1
212,2,796.93,291.91,184.17,600.47,0.8608,-1,-1,-1
213,27,740.11,396.83,69.98,263.48,0.6702,-1,-1,-1
213,22,507.78,341.19,191.84,443.05,0.8367,-1,-1,-1
213,20,995.57,402.20,82.27,222.71,0.7171,-1,-1,-1
213,8,368.24,390.85,150.89,387.40,0.8420,-1,-1,-1
213,6,1095.52,310.88,212.57,546.76,0.8606,-1,-1,-1
213,2,793.37,293.43,183.32,600.25,0.8643,-1,-1,-1
214,27,739.01,403.43,69.08,259.51,0.6719,-1,-1,-1
214,22,505.92,344.37,191.21,448.05,0.8453,-1,-1,-1
214,20,995.08,411.62,83.69,218.94,0.7443,-1,-1,-1
214,8,364.56,397.64,150.63,391.24,0.8435,-1,-1,-1
214,6,1096.51,319.39,212.77,545.00,0.8703,-1,-1,-1
214,2,790.89,299.23,184.90,589.28,0.8605,-1,-1,-1
215,27,738.51,401.23,68.11,259.90,0.6939,-1,-1,-1
215,22,503.52,341.36,193.58,456.01,0.8643,-1,-1,-1
215,20,994.49,406.33,86.22,222.88,0.7164,-1,-1,-1
215,15,1749.60,393.81,54.76,75.98,0.3461,-1,-1,-1
215,8,360.40,396.76,150.10,396.90,0.8482,-1,-1,-1
215,6,1101.60,312.79,208.89,555.84,0.8722,-1,-1,-1
215,2,788.10,293.28,188.74,582.26,0.8647,-1,-1,-1
216,27,741.29,400.46,67.13,258.81,0.6176,-1,-1,-1
216,22,501.39,336.83,192.02,467.49,0.8709,-1,-1,-1
216,20,1004.20,414.27,79.35,215.39,0.7528,-1,-1,-1
216,15,1763.40,397.21,49.38,76.18,0.3600,-1,-1,-1
216,8,357.99,397.05,149.65,402.62,0.8468,-1,-1,-1
216,6,1112.41,310.22,199.84,560.03,0.8832,-1,-1,-1
216,2,786.07,291.36,192.91,588.46,0.8662,-1,-1,-1
217,27,743.21,398.19,67.71,267.84,0.6353,-1,-1,-1
217,22,501.41,333.21,191.44,474.75,0.8698,-1,-1,-1
217,20,1007.44,417.84,80.90,213.54,0.7732,-1,-1,-1
217,15,1769.64,393.64,45.52,78.78,0.3733,-1,-1,-1
217,8,356.40,397.82,149.43,401.84,0.8453,-1,-1,-1
217,6,1116.68,308.70,201.43,559.55,0.8830,-1,-1,-1
217,2,785.92,290.27,194.97,589.54,0.8724,-1,-1,-1
218,28,663.48,400.37,54.94,198.00,0.4529,-1,-1,-1
218,27,748.13,397.19,65.10,270.88,0.6783,-1,-1,-1
218,22,503.77,325.56,188.01,485.62,0.8720,-1,-1,-1
218,20,1011.22,424.45,79.88,206.83,0.7530,-1,-1,-1
218,8,354.09,397.14,157.96,409.72,0.8515,-1,-1,-1
218,6,1125.31,313.02,195.97,551.12,0.8741,-1,-1,-1
218,2,790.85,289.90,194.03,592.31,0.8778,-1,-1,-1
219,28,666.38,407.64,56.19,183.23,0.3868,-1,-1,-1
219,27,750.35,398.00,67.03,273.14,0.6846,-1,-1,-1
219,22,507.57,323.72,188.39,488.33,0.8772,-1,-1,-1
219,20,1016.36,419.39,81.66,217.55,0.7158,-1,-1,-1
219,15,1783.64,394.99,51.35,81.92,0.3226,-1,-1,-1
219,8,353.28,396.73,166.08,414.74,0.8511,-1,-1,-1
219,6,1131.55,313.56,196.34,546.17,0.8744,-1,-1,-1
219,2,795.23,290.85,194.91,592.73,0.8761,-1,-1,-1
220,28,665.11,404.78,60.73,179.13,0.5588,-1,-1,-1
220,27,750.25,398.75,72.58,272.61,0.6722,-1,-1,-1
220,22,510.42,322.80,187.91,491.15,0.8667,-1,-1,-1
220,20,1020.39,419.19,81.22,216.88,0.7221,-1,-1,-1
220,15,1793.59,394.03,48.89,81.92,0.4105,-1,-1,-1
220,8,353.49,394.99,168.06,416.89,0.8582,-1,-1,-1
220,6,1136.53,314.37,196.84,545.33,0.8720,-1,-1,-1
220,2,794.14,296.19,198.27,593.24,0.8704,-1,-1,-1
221,28,664.95,404.25,65.08,185.51,0.5409,-1,-1,-1
221,27,753.77,396.45,75.60,277.04,0.7015,-1,-1,-1
221,22,510.69,318.21,188.21,496.98,0.8655,-1,-1,-1
221,20,1026.03,423.21,80.76,214.35,0.7113,-1,-1,-1
221,15,1797.96,394.49,53.29,85.95,0.4939,-1,-1,-1
221,8,352.15,389.47,171.29,423.84,0.8509,-1,-1,-1
221,6,1145.73,314.77,199.43,545.63,0.8734,-1,-1,-1
221,2,802.13,298.36,199.16,596.00,0.8588,-1,-1,-1
222,29,1428.07,502.32,163.13,355.52,0.3893,-1,-1,-1
222,28,667.64,406.66,69.02,188.52,0.5045,-1,-1,-1
222,27,757.08,397.08,78.14,277.91,0.7176,-1,-1,-1
222,22,511.28,315.37,189.01,502.95,0.8747,-1,-1,-1
222,20,1023.05,423.56,88.18,216.91,0.7126,-1,-1,-1
222,15,1812.42,399.82,49.43,80.49,0.4916,-1,-1,-1
222,8,350.94,386.43,172.68,428.35,0.8545,-1,-1,-1
222,6,1155.71,318.49,192.69,545.73,0.8892,-1,-1,-1
222,2,807.95,300.22,195.68,598.51,0.8565,-1,-1,-1
223,29,1432.16,529.16,155.70,328.84,0.3557,-1,-1,-1
223,28,668.83,406.88,70.29,190.87,0.5440,-1,-1,-1
223,27,759.68,395.70,79.71,279.40,0.7207,-1,-1,-1
223,22,511.17,312.65,192.19,501.71,0.8739,-1,-1,-1
223,20,1035.14,420.41,77.82,219.66,0.7052,-1,-1,-1
223,15,1815.83,395.77,53.33,86.03,0.4959,-1,-1,-1
223,8,347.88,385.61,175.60,430.17,0.8502,-1,-1,-1
223,6,1163.28,317.44,190.20,548.13,0.8806,-1,-1,-1
223,2,817.62,302.96,191.69,596.13,0.8709,-1,-1,-1
224,29,1444.73,532.59,144.66,324.85,0.4131,-1,-1,-1
224,28,671.46,406.23,69.53,196.23,0.4123,-1,-1,-1
224,27,760.59,392.67,83.22,286.05,0.8186,-1,-1,-1
224,22,508.88,304.73,196.54,513.83,0.8763,-1,-1,-1
224,20,1038.43,418.46,80.83,219.23,0.7571,-1,-1,-1
224,15,1821.96,394.37,57.29,88.62,0.4427,-1,-1,-1
224,8,347.48,384.96,173.35,430.96,0.8484,-1,-1,-1
224,6,1169.09,311.28,189.17,556.33,0.8860,-1,-1,-1
224,2,823.13,305.30,193.76,593.32,0.8798,-1,-1,-1
225,28,672.69,404.19,68.80,202.22,0.5329,-1,-1,-1
225,27,760.31,393.32,89.07,286.50,0.8125,-1,-1,-1
225,22,506.70,300.14,201.46,526.07,0.8706,-1,-1,-1
225,20,1038.81,421.09,81.96,215.52,0.7667,-1,-1,-1
225,15,1834.96,398.44,53.35,83.14,0.4405,-1,-1,-1
225,8,347.82,384.34,167.64,434.81,0.8529,-1,-1,-1
225,6,1175.97,313.85,188.95,555.12,0.8827,-1,-1,-1
225,2,826.64,303.88,200.40,593.62,0.8805,-1,-1,-1
226,28,672.14,405.41,72.03,215.07,0.6470,-1,-1,-1
226,27,759.77,393.88,95.05,287.66,0.7938,-1,-1,-1
226,22,498.68,300.66,208.53,533.35,0.8716,-1,-1,-1
226,20,1038.29,422.89,82.92,212.82,0.7551,-1,-1,-1
226,15,1835.14,394.87,59.91,87.54,0.6333,-1,-1,-1
226,8,340.49,381.80,170.45,438.15,0.8616,-1,-1,-1
226,6,1179.27,313.50,187.30,558.12,0.8713,-1,-1,-1
226,2,837.32,301.72,195.31,586.85,0.8722,-1,-1,-1
227,28,671.76,403.12,73.27,218.11,0.6701,-1,-1,-1
227,27,754.71,393.59,101.93,290.31,0.7858,-1,-1,-1
227,22,492.20,296.25,212.81,546.99,0.8762,-1,-1,-1
227,20,1041.09,427.01,85.98,207.69,0.7625,-1,-1,-1
227,15,1837.74,398.30,64.74,85.23,0.4284,-1,-1,-1
227,8,333.96,378.63,171.08,449.37,0.8501,-1,-1,-1
227,6,1182.46,314.73,188.57,558.35,0.8639,-1,-1,-1
227,2,837.80,301.29,197.45,578.68,0.8735,-1,-1,-1
228,28,666.98,400.63,79.00,226.81,0.6484,-1,-1,-1
228,27,754.53,393.24,104.97,293.22,0.7975,-1,-1,-1
228,22,472.08,291.70,231.97,554.14,0.8747,-1,-1,-1
228,20,1043.26,419.79,85.52,214.31,0.7659,-1,-1,-1
228,15,1840.89,397.85,66.39,85.17,0.3609,-1,-1,-1
228,8,330.42,371.36,162.27,464.12,0.8495,-1,-1,-1
228,6,1184.36,315.46,187.27,564.10,0.8641,-1,-1,-1
228,2,841.17,298.46,195.21,597.85,0.8665,-1,-1,-1
229,28,663.01,401.07,81.06,226.58,0.6378,-1,-1,-1
229,27,754.92,394.17,102.13,296.60,0.8025,-1,-1,-1
229,22,471.52,291.02,227.06,554.87,0.8692,-1,-1,-1
229,20,1046.72,420.55,82.76,213.15,0.7609,-1,-1,-1
229,15,1847.45,396.55,61.49,89.03,0.4353,-1,-1,-1
229,8,320.99,368.74,162.26,474.49,0.8457,-1,-1,-1
229,6,1184.05,316.68,187.18,565.49,0.8664,-1,-1,-1
229,2,848.65,296.35,188.94,592.84,0.8580,-1,-1,-1
230,28,658.26,397.86,86.14,231.98,0.6844,-1,-1,-1
230,27,755.23,396.14,101.94,297.31,0.8083,-1,-1,-1
230,22,451.19,291.08,243.82,567.56,0.8507,-1,-1,-1
230,20,1048.49,419.03,80.28,216.33,0.7608,-1,-1,-1
230,15,1849.05,398.91,65.55,89.15,0.4775,-1,-1,-1
230,8,307.89,371.71,175.31,482.54,0.8695,-1,-1,-1
230,6,1185.27,316.75,186.69,564.90,0.8679,-1,-1,-1
230,2,855.25,297.35,186.46,582.03,0.8514,-1,-1,-1
231,28,653.00,397.80,91.60,245.81,0.6948,-1,-1,-1
231,27,755.17,395.73,102.07,300.37,0.8186,-1,-1,-1
231,22,444.18,288.78,248.58,582.03,0.8317,-1,-1,-1
231,20,1047.68,416.65,80.70,219.26,0.7491,-1,-1,-1
231,15,1850.03,401.65,66.56,89.17,0.5357,-1,-1,-1
231,8,293.52,376.87,177.76,480.60,0.8450,-1,-1,-1
231,6,1184.57,315.78,187.07,567.57,0.8617,-1,-1,-1
231,2,862.28,298.69,180.77,574.54,0.8567,-1,-1,-1
232,29,1469.98,477.59,148.22,411.56,0.3151,-1,-1,-1
232,28,646.35,398.71,93.25,267.72,0.7758,-1,-1,-1
232,27,749.81,400.64,102.62,300.03,0.8368,-1,-1,-1
232,22,438.14,287.63,243.48,589.50,0.8571,-1,-1,-1
232,20,1045.07,422.24,79.49,214.61,0.7540,-1,-1,-1
232,15,1851.40,402.77,65.32,91.17,0.5293,-1,-1,-1
232,8,275.23,372.89,178.13,494.70,0.8270,-1,-1,-1
232,6,1182.75,316.35,186.80,570.93,0.8623,-1,-1,-1
232,2,863.01,298.61,179.64,574.22,0.8498,-1,-1,-1
233,28,636.63,406.20,95.49,279.63,0.7755,-1,-1,-1
233,27,734.44,394.82,112.43,307.35,0.8273,-1,-1,-1
233,22,425.94,284.65,245.89,606.45,0.8818,-1,-1,-1
233,20,1042.20,422.05,80.01,220.15,0.7545,-1,-1,-1
233,15,1849.15,408.40,66.95,88.21,0.5332,-1,-1,-1
233,8,252.62,370.38,194.18,511.10,0.8720,-1,-1,-1
233,6,1178.75,318.31,190.34,577.45,0.8611,-1,-1,-1
233,2,855.87,301.79,183.97,583.81,0.8623,-1,-1,-1
234,28,630.72,403.67,96.98,287.45,0.7806,-1,-1,-1
234,27,735.12,391.03,107.57,312.80,0.8216,-1,-1,-1
234,22,410.69,280.41,242.87,616.83,0.8917,-1,-1,-1
234,20,1036.35,426.74,81.26,217.97,0.7214,-1,-1,-1
234,15,1848.12,412.68,66.74,84.86,0.4891,-1,-1,-1
234,8,247.65,367.77,189.59,522.70,0.8780,-1,-1,-1
234,6,1173.09,322.04,194.16,574.79,0.8713,-1,-1,-1
234,2,856.43,303.16,184.39,585.37,0.8707,-1,-1,-1
235,28,624.45,404.79,94.65,289.94,0.7867,-1,-1,-1
235,27,722.08,391.44,111.49,314.38,0.8085,-1,-1,-1
235,22,394.78,272.50,248.30,626.58,0.8765,-1,-1,-1
235,20,1037.27,426.67,78.81,217.17,0.7091,-1,-1,-1
235,15,1850.30,413.69,64.46,86.31,0.4451,-1,-1,-1
235,8,231.86,363.67,190.32,534.28,0.8850,-1,-1,-1
235,6,1162.84,320.96,199.46,577.33,0.8778,-1,-1,-1
235,2,855.44,304.31,185.17,588.88,0.8745,-1,-1,-1
236,28,612.70,405.88,100.89,302.83,0.8305,-1,-1,-1
236,27,721.75,392.30,108.85,319.22,0.7958,-1,-1,-1
236,22,386.18,269.35,241.82,635.67,0.8691,-1,-1,-1
236,20,1032.22,428.94,82.21,213.57,0.6683,-1,-1,-1
236,15,1850.15,415.87,65.61,85.60,0.5012,-1,-1,-1
236,8,218.19,362.80,194.41,536.26,0.8440,-1,-1,-1
236,6,1156.67,323.43,204.49,576.44,0.8717,-1,-1,-1
236,2,856.95,307.40,181.22,589.96,0.8762,-1,-1,-1
237,28,607.11,406.45,98.63,304.77,0.7909,-1,-1,-1
237,27,708.80,393.47,118.78,322.21,0.7995,-1,-1,-1
237,22,375.57,265.76,242.22,642.47,0.8656,-1,-1,-1
237,20,1035.35,427.65,76.68,219.87,0.6899,-1,-1,-1
237,15,1849.18,416.25,66.91,88.28,0.5013,-1,-1,-1
237,8,203.60,360.83,198.59,542.87,0.8655,-1,-1,-1
237,6,1153.32,325.08,208.39,570.01,0.8787,-1,-1,-1
237,2,858.56,312.09,177.21,588.94,0.8785,-1,-1,-1
238,28,598.87,406.31,102.90,306.12,0.7957,-1,-1,-1
238,27,713.81,388.17,112.43,327.15,0.8141,-1,-1,-1
238,22,360.10,260.06,239.84,658.14,0.8688,-1,-1,-1
238,20,1036.80,427.01,74.33,222.36,0.5369,-1,-1,-1
238,15,1846.43,416.12,69.10,91.89,0.5430,-1,-1,-1
238,8,190.14,351.11,197.87,557.65,0.8590,-1,-1,-1
238,6,1148.13,329.39,213.42,562.94,0.8780,-1,-1,-1
238,2,857.88,312.90,174.13,592.87,0.8763,-1,-1,-1
239,28,593.06,404.94,101.03,312.45,0.7612,-1,-1,-1
239,27,701.99,387.63,118.87,331.20,0.8317,-1,-1,-1
239,22,337.09,257.69,256.21,661.70,0.8638,-1,-1,-1
239,20,1031.87,426.88,71.42,225.75,0.5555,-1,-1,-1
239,15,1847.22,418.58,65.99,91.27,0.5646,-1,-1,-1
239,8,176.09,349.85,192.66,565.45,0.8870,-1,-1,-1
239,6,1145.96,327.75,212.42,564.02,0.8813,-1,-1,-1
239,2,856.23,318.66,173.42,590.64,0.8674,-1,-1,-1
240,28,588.54,407.22,100.94,313.44,0.7665,-1,-1,-1
240,27,697.49,388.10,119.16,334.58,0.8186,-1,-1,-1
240,22,307.46,252.64,282.98,670.55,0.8766,-1,-1,-1
240,20,1030.47,433.79,73.97,228.32,0.5881,-1,-1,-1
240,15,1841.21,420.93,68.58,92.50,0.5892,-1,-1,-1
240,8,151.88,345.61,205.20,575.25,0.8435,-1,-1,-1
240,6,1135.81,327.29,218.72,568.25,0.8885,-1,-1,-1
240,2,850.43,322.91,169.83,589.43,0.8587,-1,-1,-1
241,28,578.37,407.07,102.34,323.12,0.8251,-1,-1,-1
241,27,692.00,389.94,120.95,334.56,0.8158,-1,-1,-1
241,22,305.56,250.48,264.09,676.96,0.8831,-1,-1,-1
241,20,1018.89,426.84,80.82,226.03,0.5001,-1,-1,-1
241,15,1840.72,424.21,68.07,88.38,0.4502,-1,-1,-1
241,8,136.26,347.71,207.22,572.43,0.8462,-1,-1,-1
241,6,1132.37,326.34,216.95,571.47,0.8762,-1,-1,-1
241,2,844.00,323.32,168.31,589.36,0.8660,-1,-1,-1
242,28,569.33,403.85,103.17,328.19,0.8340,-1,-1,-1
242,27,682.74,389.83,121.94,338.07,0.8127,-1,-1,-1
242,22,282.25,245.62,280.18,696.05,0.8867,-1,-1,-1
242,20,1012.45,424.00,78.43,233.50,0.5248,-1,-1,-1
242,15,1828.88,421.44,76.97,94.24,0.4362,-1,-1,-1
242,8,98.56,340.00,232.23,590.85,0.8459,-1,-1,-1
242,6,1130.05,328.48,215.50,570.27,0.8683,-1,-1,-1
242,2,833.72,324.11,169.76,588.44,0.8503,-1,-1,-1
243,29,1442.04,473.78,159.98,425.02,0.4276,-1,-1,-1
243,28,553.64,402.71,113.25,330.48,0.8131,-1,-1,-1
243,27,681.32,389.61,115.33,343.27,0.8161,-1,-1,-1
243,22,247.21,241.24,305.96,720.37,0.8872,-1,-1,-1
243,20,1007.73,426.26,78.29,242.80,0.5492,-1,-1,-1
243,15,1825.83,420.67,71.22,94.31,0.5538,-1,-1,-1
243,8,81.72,338.50,231.90,597.52,0.8169,-1,-1,-1
243,6,1124.59,329.49,213.75,571.80,0.8705,-1,-1,-1
243,2,824.78,318.61,174.56,592.13,0.8414,-1,-1,-1
244,28,543.48,400.19,114.12,338.45,0.7690,-1,-1,-1
244,27,675.66,392.85,113.39,342.02,0.8384,-1,-1,-1
244,22,214.55,236.75,327.76,761.40,0.8654,-1,-1,-1
244,20,1005.32,426.07,78.66,234.30,0.6818,-1,-1,-1
244,15,1823.64,421.52,70.69,92.12,0.5690,-1,-1,-1
244,8,64.22,336.13,231.90,629.45,0.8240,-1,-1,-1
244,6,1117.78,332.58,215.63,571.08,0.8609,-1,-1,-1
244,2,815.18,317.16,178.87,591.92,0.8401,-1,-1,-1
245,28,531.75,398.77,114.82,345.56,0.7877,-1,-1,-1
245,27,666.01,393.56,118.22,345.62,0.8307,-1,-1,-1
245,22,202.78,236.75,328.21,747.06,0.8578,-1,-1,-1
245,20,1003.68,411.88,75.91,242.53,0.5797,-1,-1,-1
245,15,1821.61,422.03,68.10,92.47,0.5657,-1,-1,-1
245,8,21.88,336.07,256.38,635.56,0.8574,-1,-1,-1
245,6,1114.57,333.03,214.97,571.33,0.8654,-1,-1,-1
245,2,802.09,316.74,185.17,585.90,0.8471,-1,-1,-1
246,31,956.80,378.40,56.45,350.90,0.3242,-1,-1,-1
246,28,520.51,397.39,121.75,350.34,0.8027,-1,-1,-1
246,27,653.00,392.14,123.26,353.60,0.8208,-1,-1,-1
246,22,183.19,233.11,339.95,802.36,0.8851,-1,-1,-1
246,20,998.79,418.85,74.84,231.11,0.6104,-1,-1,-1
246,15,1818.03,422.08,67.71,91.88,0.5317,-1,-1,-1
246,8,14.02,334.36,243.66,643.20,0.8508,-1,-1,-1
246,6,1109.79,333.35,217.74,573.55,0.8731,-1,-1,-1
246,2,792.95,316.59,193.02,577.05,0.8482,-1,-1,-1
247,31,951.99,393.93,59.22,337.12,0.3260,-1,-1,-1
247,28,514.10,398.60,117.30,359.36,0.7666,-1,-1,-1
247,27,646.55,393.39,126.93,355.57,0.8232,-1,-1,-1
247,22,146.39,230.35,363.33,814.48,0.8751,-1,-1,-1
247,20,995.13,432.06,74.38,220.20,0.5130,-1,-1,-1
247,15,1810.36,420.37,70.27,92.67,0.5254,-1,-1,-1
247,8,0.00,336.36,245.40,657.29,0.8651,-1,-1,-1
247,6,1105.24,335.60,220.56,573.53,0.8730,-1,-1,-1
247,2,788.99,316.74,195.46,576.23,0.8435,-1,-1,-1
248,31,946.17,384.93,61.30,360.26,0.4087,-1,-1,-1
248,28,505.77,400.10,115.38,366.85,0.8087,-1,-1,-1
248,27,640.40,397.55,125.08,358.19,0.7829,-1,-1,-1
248,22,110.07,230.07,386.69,810.31,0.8778,-1,-1,-1
248,20,992.39,424.91,72.38,239.83,0.4323,-1,-1,-1
248,15,1817.94,425.78,57.65,91.71,0.3505,-1,-1,-1
248,8,0.00,335.83,233.05,679.48,0.8501,-1,-1,-1
248,6,1100.34,335.74,221.55,583.99,0.8772,-1,-1,-1
248,2,783.49,320.19,203.45,577.26,0.8274,-1,-1,-1
249,31,940.54,366.14,67.36,382.57,0.5875,-1,-1,-1
249,29,1409.51,480.49,170.26,437.78,0.3765,-1,-1,-1
249,28,497.28,403.55,122.70,377.31,0.7966,-1,-1,-1
249,27,631.70,395.49,131.57,368.11,0.7801,-1,-1,-1
249,22,95.36,225.62,382.59,837.69,0.8829,-1,-1,-1
249,20,988.41,439.91,72.17,244.40,0.3222,-1,-1,-1
249,15,1804.40,425.30,71.09,91.15,0.4912,-1,-1,-1
249,8,0.00,354.96,202.54,685.98,0.8294,-1,-1,-1
249,6,1101.90,338.68,218.33,586.94,0.8772,-1,-1,-1
249,2,779.46,322.99,194.16,578.96,0.8299,-1,-1,-1
250,31,937.80,373.30,71.81,378.01,0.5604,-1,-1,-1
250,28,493.62,406.95,120.28,379.88,0.7875,-1,-1,-1
250,27,628.84,396.10,131.55,373.13,0.8156,-1,-1,-1
250,22,81.30,220.84,382.16,848.83,0.8588,-1,-1,-1
250,15,1811.31,426.83,65.83,90.36,0.3875,-1,-1,-1
250,8,0.19,342.77,184.91,724.23,0.8307,-1,-1,-1
250,6,1102.05,339.46,217.77,589.14,0.8789,-1,-1,-1
250,2,775.44,321.61,196.22,584.15,0.8365,-1,-1,-1
251,31,939.72,371.60,67.02,382.90,0.4814,-1,-1,-1
251,28,486.66,412.84,127.09,380.76,0.8384,-1,-1,-1
251,27,625.66,398.53,133.75,376.04,0.8166,-1,-1,-1
251,22,73.78,216.69,372.83,856.89,0.8853,-1,-1,-1
251,20,983.44,455.85,73.67,293.50,0.3729,-1,-1,-1
251,15,1809.26,429.20,70.42,87.33,0.3563,-1,-1,-1
251,8,0.22,338.74,174.03,730.92,0.8395,-1,-1,-1
251,6,1103.50,338.48,216.62,592.40,0.8794,-1,-1,-1
251,2,774.81,326.95,195.07,586.50,0.8483,-1,-1,-1
252,31,936.89,360.68,76.64,396.68,0.4318,-1,-1,-1
252,28,478.46,413.79,133.34,384.27,0.8332,-1,-1,-1
252,27,610.60,399.86,146.28,379.96,0.8205,-1,-1,-1
252,22,68.91,210.84,364.17,863.12,0.8886,-1,-1,-1
252,15,1806.68,430.33,78.38,88.18,0.3161,-1,-1,-1
252,8,0.39,338.34,156.66,732.56,0.8277,-1,-1,-1
252,6,1104.28,341.53,216.41,591.61,0.8808,-1,-1,-1
252,2,774.45,329.31,190.23,591.93,0.8511,-1,-1,-1
253,31,933.16,372.12,79.28,383.91,0.4858,-1,-1,-1
253,28,473.14,412.74,136.13,389.95,0.8362,-1,-1,-1
253,27,602.16,397.23,153.20,378.37,0.8344,-1,-1,-1
253,22,70.41,201.83,349.50,865.42,0.9058,-1,-1,-1
253,20,951.45,431.25,102.87,326.46,0.3779,-1,-1,-1
253,15,1813.55,427.10,71.96,89.15,0.3173,-1,-1,-1
253,8,0.58,335.48,138.34,738.79,0.8348,-1,-1,-1
253,6,1109.27,340.51,213.90,594.61,0.8716,-1,-1,-1
253,2,773.98,330.21,190.96,597.63,0.8524,-1,-1,-1
254,28,470.68,416.63,134.05,395.74,0.8382,-1,-1,-1
254,27,603.36,399.02,152.97,380.28,0.8476,-1,-1,-1
254,22,50.57,197.01,352.56,871.90,0.9120,-1,-1,-1
254,20,943.65,390.99,111.83,373.52,0.6337,-1,-1,-1
254,15,1818.42,425.09,70.08,81.39,0.3259,-1,-1,-1
254,8,1.09,336.79,123.59,735.49,0.8302,-1,-1,-1
254,6,1112.65,339.55,211.13,591.85,0.8704,-1,-1,-1
254,2,775.05,334.46,194.29,595.68,0.8486,-1,-1,-1
255,28,469.50,416.33,133.86,400.29,0.8347,-1,-1,-1
255,27,601.16,399.53,156.26,384.15,0.8398,-1,-1,-1
255,22,31.78,187.97,364.43,884.19,0.9114,-1,-1,-1
255,20,945.74,396.88,120.02,369.70,0.6910,-1,-1,-1
255,15,1821.59,423.28,75.52,91.32,0.4646,-1,-1,-1
255,8,0.95,333.25,105.63,740.55,0.7593,-1,-1,-1
255,6,1116.12,337.94,213.83,589.86,0.8781,-1,-1,-1
255,2,777.56,339.43,200.07,592.99,0.8591,-1,-1,-1
256,28,466.60,415.58,139.80,407.35,0.8295,-1,-1,-1
256,27,596.85,402.10,163.13,388.41,0.8377,-1,-1,-1
256,22,14.26,178.08,375.26,896.79,0.9073,-1,-1,-1
256,20,949.08,396.48,127.31,372.49,0.6651,-1,-1,-1
256,15,1822.49,424.55,84.71,92.95,0.5412,-1,-1,-1
256,8,0.63,334.24,93.09,736.78,0.7026,-1,-1,-1
256,6,1121.28,341.61,215.82,583.11,0.8771,-1,-1,-1
256,2,786.34,347.01,192.15,588.15,0.8654,-1,-1,-1
257,28,464.83,415.67,140.41,411.84,0.8238,-1,-1,-1
257,27,595.82,400.79,162.27,397.57,0.8300,-1,-1,-1
257,22,7.32,180.24,372.66,887.50,0.9080,-1,-1,-1
257,20,954.79,423.15,127.60,348.19,0.5358,-1,-1,-1
257,15,1832.29,425.94,76.78,92.86,0.3616,-1,-1,-1
257,8,0.00,430.22,82.01,634.28,0.5350,-1,-1,-1
257,6,1128.40,341.88,213.29,578.69,0.8828,-1,-1,-1
257,2,791.23,352.28,193.91,581.90,0.8737,-1,-1,-1
258,28,464.13,412.73,137.13,414.29,0.8267,-1,-1,-1
258,27,593.44,400.76,164.21,405.93,0.8384,-1,-1,-1
258,22,1.57,174.07,373.41,893.56,0.9189,-1,-1,-1
258,20,961.20,441.55,125.65,328.52,0.5040,-1,-1,-1
258,15,1826.40,420.91,87.75,96.43,0.4483,-1,-1,-1
258,6,1134.62,340.47,211.10,580.96,0.8779,-1,-1,-1
258,2,797.64,349.89,190.21,584.70,0.8660,-1,-1,-1
259,28,458.57,409.62,137.08,413.80,0.8327,-1,-1,-1
259,27,586.68,405.10,170.66,401.47,0.8512,-1,-1,-1
259,22,0.00,168.52,371.61,899.46,0.9222,-1,-1,-1
259,20,963.10,426.08,125.73,345.56,0.5852,-1,-1,-1
259,15,1849.47,421.70,68.92,93.60,0.4243,-1,-1,-1
259,6,1139.10,340.50,208.82,581.32,0.8937,-1,-1,-1
259,2,800.38,350.37,191.05,587.36,0.8704,-1,-1,-1
260,28,452.18,407.26,142.74,421.42,0.8239,-1,-1,-1
260,27,583.53,409.85,174.31,401.01,0.8414,-1,-1,-1
260,22,0.00,159.09,366.39,910.70,0.9303,-1,-1,-1
260,20,980.01,431.73,113.65,336.77,0.5956,-1,-1,-1
260,15,1852.52,423.58,66.82,93.31,0.3698,-1,-1,-1
260,6,1145.64,339.91,205.35,588.42,0.8959,-1,-1,-1
260,2,804.83,347.37,192.12,588.75,0.8502,-1,-1,-1
261,32,784.36,454.32,56.66,205.73,0.5753,-1,-1,-1
261,28,449.46,403.80,143.95,424.85,0.8191,-1,-1,-1
261,27,586.00,411.03,169.14,405.71,0.8246,-1,-1,-1
261,22,0.00,150.31,359.02,921.79,0.9334,-1,-1,-1
261,20,976.33,430.69,119.81,341.76,0.6726,-1,-1,-1
261,15,1853.42,424.18,65.95,94.56,0.3953,-1,-1,-1
261,6,1148.27,340.27,204.21,589.57,0.9040,-1,-1,-1
261,2,817.64,343.16,183.01,574.05,0.8508,-1,-1,-1
262,32,783.92,455.27,58.50,207.88,0.5738,-1,-1,-1
262,28,445.24,403.60,143.66,433.27,0.8476,-1,-1,-1
262,27,592.76,411.03,157.02,409.11,0.7841,-1,-1,-1
262,22,0.00,142.46,348.72,930.47,0.9327,-1,-1,-1
262,20,977.07,428.49,123.32,344.31,0.6618,-1,-1,-1
262,15,1860.87,423.07,58.47,95.19,0.4684,-1,-1,-1
262,6,1151.57,339.45,203.69,591.32,0.9056,-1,-1,-1
262,2,822.38,341.24,180.97,567.90,0.8615,-1,-1,-1
263,32,784.31,451.19,60.91,212.35,0.5932,-1,-1,-1
263,28,439.45,400.37,144.02,440.81,0.8474,-1,-1,-1
263,27,589.30,407.44,153.55,420.02,0.7176,-1,-1,-1
263,22,0.13,128.96,336.39,943.07,0.9311,-1,-1,-1
263,20,984.59,426.10,121.42,346.49,0.6632,-1,-1,-1
263,15,1864.23,423.53,55.13,93.63,0.3667,-1,-1,-1
263,6,1156.17,336.91,202.53,594.60,0.9057,-1,-1,-1
263,2,826.84,340.93,175.41,564.97,0.8500,-1,-1,-1
264,32,787.18,448.50,58.75,216.77,0.6361,-1,-1,-1
264,28,425.00,394.43,158.56,456.68,0.8478,-1,-1,-1
264,27,585.51,403.19,152.44,425.95,0.7755,-1,-1,-1
264,22,0.40,122.69,322.42,946.93,0.9194,-1,-1,-1
264,20,983.74,420.26,131.87,353.55,0.6286,-1,-1,-1
264,15,1865.14,420.00,45.91,93.52,0.3387,-1,-1,-1
264,6,1158.27,335.68,203.05,595.99,0.8981,-1,-1,-1
264,2,825.72,339.73,176.64,564.28,0.8388,-1,-1,-1
265,32,786.57,444.74,62.16,229.48,0.6927,-1,-1,-1
265,28,413.33,394.96,164.70,455.32,0.8463,-1,-1,-1
265,27,583.42,395.89,146.34,423.26,0.7814,-1,-1,-1
265,22,0.60,114.05,303.67,953.43,0.8964,-1,-1,-1
265,20,997.28,413.11,125.36,357.38,0.7843,-1,-1,-1
265,15,1868.79,420.05,50.60,95.12,0.3801,-1,-1,-1
265,6,1159.26,333.81,203.63,598.43,0.8975,-1,-1,-1
265,2,829.89,328.90,169.56,569.77,0.8415,-1,-1,-1
266,32,785.79,443.73,65.54,229.52,0.7495,-1,-1,-1
266,28,405.48,397.56,159.40,454.73,0.8254,-1,-1,-1
266,27,574.14,389.08,151.98,427.95,0.7628,-1,-1,-1
266,22,0.62,120.01,279.86,940.28,0.8295,-1,-1,-1
266,20,997.23,408.09,139.73,359.78,0.7645,-1,-1,-1
266,15,1877.48,419.48,41.92,95.37,0.4606,-1,-1,-1
266,6,1160.50,331.39,203.23,601.77,0.8977,-1,-1,-1
266,2,832.42,323.67,168.82,578.29,0.8497,-1,-1,-1
267,33,722.04,467.43,41.22,141.32,0.3075,-1,-1,-1
267,32,786.29,442.65,67.97,234.92,0.7606,-1,-1,-1
267,28,404.24,389.74,152.79,465.73,0.8342,-1,-1,-1
267,27,544.78,378.85,179.21,446.31,0.8280,-1,-1,-1
267,22,0.34,240.84,250.73,813.99,0.8202,-1,-1,-1
267,20,1008.02,405.49,131.49,359.42,0.7735,-1,-1,-1
267,15,1882.34,418.62,37.09,94.78,0.4994,-1,-1,-1
267,6,1162.65,330.35,203.21,603.46,0.8954,-1,-1,-1
267,2,837.03,323.42,164.95,579.23,0.8437,-1,-1,-1
268,33,721.26,466.98,40.84,140.49,0.3108,-1,-1,-1
268,32,785.27,441.27,71.69,236.13,0.7923,-1,-1,-1
268,28,402.01,389.84,153.22,469.24,0.8424,-1,-1,-1
268,27,552.30,373.75,168.21,453.08,0.8387,-1,-1,-1
268,22,0.44,239.15,208.85,750.27,0.8358,-1,-1,-1
268,20,1011.21,403.60,130.12,362.91,0.8020,-1,-1,-1
268,15,1883.73,416.13,35.67,95.81,0.4886,-1,-1,-1
268,6,1163.01,327.65,203.43,604.70,0.8973,-1,-1,-1
268,2,843.60,324.29,155.95,580.33,0.8448,-1,-1,-1
269,32,784.59,438.42,70.86,234.90,0.7776,-1,-1,-1
269,28,393.86,379.21,156.29,483.02,0.8694,-1,-1,-1
269,27,548.27,362.15,167.09,464.38,0.8325,-1,-1,-1
269,22,0.36,222.72,182.46,821.69,0.8227,-1,-1,-1
269,20,1002.59,400.64,142.88,371.94,0.7270,-1,-1,-1
269,15,1885.05,412.39,34.34,99.51,0.4551,-1,-1,-1
269,6,1162.42,324.38,204.48,612.58,0.8878,-1,-1,-1
269,2,847.34,325.13,151.03,579.64,0.8461,-1,-1,-1
270,32,782.78,434.25,71.14,231.91,0.7539,-1,-1,-1
270,28,384.42,369.52,164.32,489.88,0.8760,-1,-1,-1
270,27,543.14,350.40,171.81,474.00,0.8408,-1,-1,-1
270,22,0.08,219.85,152.51,512.00,0.5926,-1,-1,-1
270,20,1002.61,396.45,147.17,373.41,0.6435,-1,-1,-1
270,15,1888.02,409.92,31.35,100.96,0.3748,-1,-1,-1
270,6,1161.16,317.38,203.60,615.60,0.8820,-1,-1,-1
270,2,830.89,319.58,168.41,583.02,0.8154,-1,-1,-1
271,32,780.68,430.16,71.58,231.61,0.7619,-1,-1,-1
271,28,374.34,364.12,170.92,495.09,0.8749,-1,-1,-1
271,27,536.18,347.85,175.56,474.43,0.8421,-1,-1,-1
271,22,0.23,218.87,126.67,587.22,0.3996,-1,-1,-1
271,20,1010.47,396.36,137.93,373.98,0.7602,-1,-1,-1
271,15,1891.15,404.36,28.26,104.74,0.3264,-1,-1,-1
271,6,1160.83,316.04,202.57,610.82,0.8906,-1,-1,-1
271,2,832.28,320.77,164.62,578.72,0.7983,-1,-1,-1
272,33,710.53,458.68,40.94,134.25,0.3520,-1,-1,-1
272,32,776.10,425.39,71.80,227.57,0.7919,-1,-1,-1
272,31,962.02,361.78,72.39,397.62,0.4117,-1,-1,-1
272,28,355.91,350.89,171.28,508.19,0.8720,-1,-1,-1
272,27,530.22,344.76,174.73,477.13,0.8575,-1,-1,-1
272,22,0.00,246.79,98.10,572.36,0.3167,-1,-1,-1
272,20,1009.80,393.82,137.90,372.31,0.7888,-1,-1,-1
272,15,1887.16,403.80,32.21,101.24,0.3501,-1,-1,-1
272,6,1159.12,309.19,200.38,610.06,0.8949,-1,-1,-1
272,2,839.67,318.32,148.12,576.17,0.8417,-1,-1,-1
273,33,702.98,448.67,44.89,139.88,0.3993,-1,-1,-1
273,32,768.07,418.87,74.43,227.74,0.7439,-1,-1,-1
273,31,961.61,359.84,66.32,397.59,0.3732,-1,-1,-1
273,28,341.25,343.09,169.77,512.77,0.8805,-1,-1,-1
273,27,524.36,339.99,171.72,478.32,0.8677,-1,-1,-1
273,20,1007.47,391.61,138.24,374.76,0.7887,-1,-1,-1
273,15,1881.76,396.82,37.60,104.13,0.4527,-1,-1,-1
273,6,1154.69,304.79,201.05,609.02,0.8988,-1,-1,-1
273,2,830.36,317.41,154.48,570.79,0.8370,-1,-1,-1
274,34,0.45,685.04,222.01,390.04,0.3505,-1,-1,-1
274,33,699.90,444.03,42.00,139.33,0.4358,-1,-1,-1
274,32,765.68,412.85,71.33,242.36,0.7059,-1,-1,-1
274,28,330.98,333.42,166.25,517.71,0.8700,-1,-1,-1
274,27,518.47,334.78,181.72,489.85,0.8621,-1,-1,-1
274,20,998.00,387.26,146.52,378.33,0.7958,-1,-1,-1
274,15,1879.82,389.79,39.55,108.67,0.4736,-1,-1,-1
274,6,1149.85,301.45,204.13,604.09,0.8962,-1,-1,-1
274,2,825.57,306.38,155.24,577.82,0.8515,-1,-1,-1
275,34,0.69,659.94,193.49,420.06,0.5328,-1,-1,-1
275,32,758.34,403.15,71.36,251.28,0.6668,-1,-1,-1
275,28,316.23,321.49,177.46,524.77,0.8607,-1,-1,-1
275,27,506.81,325.89,187.37,496.93,0.8633,-1,-1,-1
275,20,987.36,380.34,154.55,382.30,0.8149,-1,-1,-1
275,15,1872.47,394.26,46.91,101.59,0.4519,-1,-1,-1
275,6,1138.78,293.91,212.64,599.31,0.8892,-1,-1,-1
275,2,811.98,300.96,169.07,575.41,0.8570,-1,-1,-1
276,32,752.38,398.52,69.02,252.74,0.6720,-1,-1,-1
276,31,941.46,324.98,61.35,415.04,0.4669,-1,-1,-1
276,28,299.26,316.73,183.08,531.58,0.8738,-1,-1,-1
276,27,498.33,317.99,187.83,507.40,0.8690,-1,-1,-1
276,20,981.94,372.78,154.81,387.88,0.8270,-1,-1,-1
276,15,1871.28,391.50,47.95,100.45,0.3673,-1,-1,-1
276,6,1135.52,288.63,213.84,594.47,0.8893,-1,-1,-1
276,2,804.38,288.04,165.24,582.82,0.8376,-1,-1,-1
277,32,743.83,392.16,68.16,247.66,0.6605,-1,-1,-1
277,31,939.94,327.42,67.23,411.84,0.4954,-1,-1,-1
277,28,288.64,302.59,176.42,548.86,0.8822,-1,-1,-1
277,27,488.77,304.61,188.10,508.53,0.8567,-1,-1,-1
277,20,993.64,366.28,139.43,394.90,0.7621,-1,-1,-1
277,15,1869.41,385.52,49.96,97.76,0.3427,-1,-1,-1
277,6,1130.21,280.50,216.13,595.31,0.8845,-1,-1,-1
277,2,796.98,282.30,164.98,566.83,0.8438,-1,-1,-1
278,33,672.94,420.71,44.08,134.41,0.3236,-1,-1,-1
278,32,740.80,387.99,63.37,237.82,0.6237,-1,-1,-1
278,31,936.75,346.83,91.84,379.84,0.4712,-1,-1,-1
278,28,273.69,301.36,176.41,554.42,0.8597,-1,-1,-1
278,27,481.02,298.22,182.95,527.26,0.8627,-1,-1,-1
278,20,977.47,354.26,153.72,400.09,0.7672,-1,-1,-1
278,15,1864.58,379.84,54.82,97.83,0.3425,-1,-1,-1
278,6,1124.79,274.85,215.05,596.62,0.8730,-1,-1,-1
278,2,785.85,277.97,168.78,561.13,0.8565,-1,-1,-1
279,32,732.99,376.35,66.47,242.29,0.6375,-1,-1,-1
279,31,926.07,304.47,72.33,408.38,0.6063,-1,-1,-1
279,28,257.54,293.80,188.18,569.39,0.8748,-1,-1,-1
279,27,473.17,294.66,183.70,531.11,0.8796,-1,-1,-1
279,20,976.49,345.23,153.58,402.79,0.7964,-1,-1,-1
279,15,1862.52,374.86,56.84,98.35,0.4476,-1,-1,-1
279,6,1121.76,266.29,217.54,597.52,0.8720,-1,-1,-1
279,2,775.51,268.73,176.77,563.71,0.8403,-1,-1,-1
280,32,730.15,370.65,65.89,246.98,0.6927,-1,-1,-1
280,31,925.88,299.46,75.73,409.52,0.4334,-1,-1,-1
280,28,246.09,277.97,188.22,581.99,0.8668,-1,-1,-1
280,27,469.60,281.31,183.33,545.45,0.8746,-1,-1,-1
280,20,981.45,334.27,148.26,407.72,0.7762,-1,-1,-1
280,15,1862.79,370.59,56.58,95.99,0.4234,-1,-1,-1
280,6,1117.71,256.60,220.17,602.26,0.8695,-1,-1,-1
280,2,773.67,259.89,172.93,562.33,0.8441,-1,-1,-1
281,32,729.20,366.60,61.19,234.58,0.6350,-1,-1,-1
281,31,922.82,278.29,83.01,421.25,0.6053,-1,-1,-1
281,28,234.16,270.76,200.04,590.51,0.8720,-1,-1,-1
281,27,463.98,271.32,187.92,554.40,0.8881,-1,-1,-1
281,20,983.06,319.36,148.09,420.18,0.7968,-1,-1,-1
281,15,1866.29,363.17,53.09,96.02,0.4035,-1,-1,-1
281,6,1120.49,250.41,217.92,600.80,0.8827,-1,-1,-1
281,2,776.56,250.65,173.12,555.62,0.8473,-1,-1,-1
282,33,661.83,384.66,41.10,151.02,0.3114,-1,-1,-1
282,32,727.56,354.65,62.70,247.54,0.6162,-1,-1,-1
282,31,919.72,270.73,77.34,411.91,0.4662,-1,-1,-1
282,28,225.58,250.37,205.82,600.32,0.8827,-1,-1,-1
282,27,458.96,244.97,193.28,573.12,0.8818,-1,-1,-1
282,20,986.17,306.61,144.36,422.57,0.7746,-1,-1,-1
282,15,1870.20,353.42,49.19,100.18,0.3750,-1,-1,-1
282,6,1117.03,239.72,219.91,606.49,0.8778,-1,-1,-1
282,2,762.26,236.78,187.43,571.14,0.8555,-1,-1,-1
283,33,663.33,378.29,37.46,140.54,0.3454,-1,-1,-1
283,32,726.06,345.54,62.51,252.55,0.6342,-1,-1,-1
283,31,920.00,262.30,73.63,414.55,0.5173,-1,-1,-1
283,28,211.79,237.90,214.70,610.79,0.8723,-1,-1,-1
283,27,452.55,228.63,199.13,576.60,0.8750,-1,-1,-1
283,20,984.47,298.29,148.03,429.66,0.7853,-1,-1,-1
283,15,1870.39,344.19,49.00,102.56,0.4124,-1,-1,-1
283,6,1118.95,228.36,221.79,608.45,0.8830,-1,-1,-1
283,2,762.16,230.63,188.29,569.33,0.8244,-1,-1,-1
284,32,724.72,341.95,64.41,244.15,0.6228,-1,-1,-1
284,31,918.91,254.50,73.51,418.99,0.5830,-1,-1,-1
284,28,204.37,225.70,216.90,630.24,0.8726,-1,-1,-1
284,27,442.34,220.68,210.49,573.17,0.8763,-1,-1,-1
284,20,976.78,288.66,161.92,435.83,0.7918,-1,-1,-1
284,6,1120.94,220.46,222.93,616.16,0.8841,-1,-1,-1
284,2,764.32,222.99,188.69,569.13,0.8240,-1,-1,-1
285,33,664.77,364.47,37.88,139.21,0.4338,-1,-1,-1
285,32,725.71,332.78,65.59,251.57,0.6385,-1,-1,-1
285,31,922.37,248.00,71.30,420.82,0.3606,-1,-1,-1
285,28,194.05,212.83,222.95,635.56,0.8812,-1,-1,-1
285,27,435.47,207.37,218.71,591.03,0.8818,-1,-1,-1
285,20,980.79,282.54,161.99,439.55,0.7203,-1,-1,-1
285,15,1878.04,317.35,41.36,113.30,0.3145,-1,-1,-1
285,6,1122.32,212.77,225.33,619.97,0.8894,-1,-1,-1
285,2,767.96,215.32,184.74,573.94,0.8502,-1,-1,-1
286,33,666.34,360.69,37.72,145.15,0.4435,-1,-1,-1
286,32,724.54,323.36,69.47,254.17,0.6692,-1,-1,-1
286,31,920.77,236.34,75.17,425.80,0.4873,-1,-1,-1
286,28,180.53,200.16,226.20,645.65,0.8712,-1,-1,-1
286,27,434.88,191.12,219.43,596.80,0.8973,-1,-1,-1
286,20,976.36,271.91,174.63,454.03,0.7825,-1,-1,-1
286,6,1124.95,206.35,225.25,623.88,0.8913,-1,-1,-1
286,2,772.67,210.53,182.00,573.75,0.8570,-1,-1,-1
287,33,671.16,348.67,34.55,149.77,0.3272,-1,-1,-1
287,32,726.09,312.83,72.99,260.91,0.7311,-1,-1,-1
287,31,922.31,232.31,80.22,421.64,0.5905,-1,-1,-1
287,28,172.83,186.53,227.89,653.89,0.8781,-1,-1,-1
287,27,432.61,178.15,221.81,607.24,0.9020,-1,-1,-1
287,20,973.86,261.36,185.54,458.68,0.7519,-1,-1,-1
287,6,1125.13,201.87,233.37,619.26,0.8860,-1,-1,-1
287,2,779.55,203.64,175.34,574.00,0.8645,-1,-1,-1
288,33,672.45,340.02,40.72,152.25,0.4636,-1,-1,-1
288,32,731.00,304.38,70.19,260.86,0.7741,-1,-1,-1
288,31,919.64,227.46,83.61,412.16,0.4562,-1,-1,-1
288,28,168.04,177.65,226.55,660.26,0.8818,-1,-1,-1
288,27,430.90,166.47,222.98,619.71,0.8977,-1,-1,-1
288,20,987.22,258.49,180.76,462.38,0.6568,-1,-1,-1
288,6,1141.01,191.92,226.42,624.64,0.8755,-1,-1,-1
288,2,778.62,200.42,180.73,569.48,0.8554,-1,-1,-1
289,33,678.82,333.86,39.49,152.49,0.3445,-1,-1,-1
289,32,731.85,298.12,73.98,269.06,0.7494,-1,-1,-1
289,31,928.78,224.72,73.85,400.97,0.5353,-1,-1,-1
289,28,153.37,161.61,233.84,674.91,0.8979,-1,-1,-1
289,27,419.52,161.79,236.94,635.79,0.9002,-1,-1,-1
289,20,1006.93,255.38,164.94,467.05,0.6333,-1,-1,-1
289,6,1147.70,184.55,229.77,627.50,0.8710,-1,-1,-1
289,2,782.28,189.74,187.01,568.92,0.8406,-1,-1,-1
290,33,685.02,332.81,40.93,153.43,0.4239,-1,-1,-1
290,32,734.89,295.89,74.08,266.00,0.7408,-1,-1,-1
290,31,939.54,227.06,100.08,408.93,0.4269,-1,-1,-1
290,28,148.71,148.73,231.57,687.32,0.9037,-1,-1,-1
290,27,414.84,154.47,243.04,654.53,0.9081,-1,-1,-1
290,20,1025.52,246.06,155.08,481.23,0.7888,-1,-1,-1
290,6,1160.61,183.26,222.25,623.24,0.8728,-1,-1,-1
290,2,789.36,189.25,191.16,570.26,0.8398,-1,-1,-1
291,32,738.61,288.37,76.78,268.44,0.7281,-1,-1,-1
291,31,944.28,215.07,90.07,412.46,0.3625,-1,-1,-1
291,28,136.38,140.79,239.42,696.23,0.9061,-1,-1,-1
291,27,408.63,151.85,251.41,659.28,0.9073,-1,-1,-1
291,20,1029.56,239.00,160.73,490.89,0.7920,-1,-1,-1
291,6,1175.03,179.53,214.36,621.19,0.8647,-1,-1,-1
291,2,798.49,184.92,182.52,565.28,0.8224,-1,-1,-1
292,32,740.10,282.76,81.30,272.51,0.7389,-1,-1,-1
292,31,948.39,206.45,83.51,416.09,0.3784,-1,-1,-1
292,28,129.57,135.42,234.09,711.46,0.9045,-1,-1,-1
292,27,404.68,150.95,257.39,672.03,0.9082,-1,-1,-1
292,20,1032.97,232.74,167.11,490.55,0.8050,-1,-1,-1
292,6,1183.14,172.40,216.31,616.29,0.8789,-1,-1,-1
292,2,797.84,181.13,188.87,559.19,0.8275,-1,-1,-1
293,32,744.81,278.45,84.01,273.98,0.7466,-1,-1,-1
293,31,961.54,200.87,92.51,415.16,0.6720,-1,-1,-1
293,28,108.99,134.87,247.89,736.16,0.8795,-1,-1,-1
293,27,399.51,146.68,259.27,689.83,0.9057,-1,-1,-1
293,20,1036.79,230.26,179.64,495.75,0.8317,-1,-1,-1
293,6,1192.11,170.59,213.43,608.34,0.8885,-1,-1,-1
293,2,810.30,175.26,182.17,552.61,0.8413,-1,-1,-1
294,32,750.67,279.22,87.99,273.43,0.7555,-1,-1,-1
294,31,964.87,200.54,98.13,431.60,0.7163,-1,-1,-1
294,28,76.48,134.45,275.10,757.33,0.8919,-1,-1,-1
294,27,397.55,145.34,259.87,702.02,0.9052,-1,-1,-1
294,20,1045.69,226.52,180.21,499.46,0.8480,-1,-1,-1
294,6,1209.39,170.50,207.22,610.95,0.8750,-1,-1,-1
294,2,820.13,172.70,177.30,553.14,0.8255,-1,-1,-1
295,32,757.33,278.97,89.28,277.05,0.7888,-1,-1,-1
295,31,971.81,201.83,87.03,431.63,0.6430,-1,-1,-1
295,28,52.89,131.21,292.46,770.07,0.8917,-1,-1,-1
295,27,393.44,142.15,264.76,732.81,0.9053,-1,-1,-1
295,20,1052.87,220.41,184.22,512.90,0.8541,-1,-1,-1
295,6,1225.01,171.66,199.17,614.61,0.8755,-1,-1,-1
295,2,828.39,182.81,179.13,549.96,0.8325,-1,-1,-1
296,32,759.98,277.19,92.87,279.15,0.7958,-1,-1,-1
296,31,973.33,200.39,97.12,428.77,0.6070,-1,-1,-1
296,28,32.41,131.92,304.33,780.73,0.8953,-1,-1,-1
296,27,387.84,136.43,273.23,748.83,0.9053,-1,-1,-1
296,20,1061.54,209.56,183.52,536.49,0.8657,-1,-1,-1
296,6,1236.25,173.15,195.72,617.75,0.8678,-1,-1,-1
296,2,838.79,176.09,172.11,555.98,0.8426,-1,-1,-1
297,32,768.61,276.47,88.76,278.18,0.7942,-1,-1,-1
297,31,979.16,208.17,115.08,411.09,0.6993,-1,-1,-1
297,28,28.60,127.49,302.80,802.34,0.8992,-1,-1,-1
297,27,379.56,129.81,278.03,759.99,0.9120,-1,-1,-1
297,20,1070.69,207.25,194.05,539.90,0.8558,-1,-1,-1
297,6,1250.72,172.22,192.10,627.24,0.8732,-1,-1,-1
297,2,851.65,178.06,160.85,556.74,0.8250,-1,-1,-1
298,32,773.36,278.84,89.07,273.29,0.8059,-1,-1,-1
298,31,986.04,215.53,102.69,418.31,0.6982,-1,-1,-1
298,28,28.11,124.30,297.28,817.77,0.9006,-1,-1,-1
298,27,374.14,117.60,281.28,778.15,0.9057,-1,-1,-1
298,20,1077.37,204.34,196.06,547.01,0.8601,-1,-1,-1
298,6,1261.64,171.79,188.36,631.60,0.8681,-1,-1,-1
298,2,856.97,180.16,163.85,556.59,0.8207,-1,-1,-1
299,32,778.39,277.69,91.22,279.46,0.7901,-1,-1,-1
299,31,991.80,202.07,97.98,429.38,0.6974,-1,-1,-1
299,28,20.72,112.25,301.27,848.29,0.8968,-1,-1,-1
299,27,366.04,105.01,284.66,796.42,0.9076,-1,-1,-1
299,20,1077.26,204.48,208.33,552.56,0.8725,-1,-1,-1
299,6,1263.22,168.69,191.08,636.97,0.8652,-1,-1,-1
299,2,866.54,181.46,155.94,555.68,0.8377,-1,-1,-1
300,32,781.49,277.05,94.66,279.37,0.7578,-1,-1,-1
300,31,998.49,201.56,96.04,426.19,0.7377,-1,-1,-1
300,28,9.18,105.57,309.33,876.81,0.8933,-1,-1,-1
300,27,351.44,94.93,298.69,811.93,0.9086,-1,-1,-1
300,20,1084.84,201.75,214.45,570.91,0.8651,-1,-1,-1
300,6,1256.35,168.63,205.05,640.95,0.8556,-1,-1,-1
300,2,867.51,184.57,156.49,559.46,0.8300,-1,-1,-1
301,32,783.31,277.24,95.53,278.54,0.7730,-1,-1,-1
301,31,1004.81,201.91,104.97,424.45,0.7582,-1,-1,-1
301,28,0.42,95.71,307.99,893.13,0.9062,-1,-1,-1
301,27,339.32,80.35,307.10,832.48,0.9150,-1,-1,-1
301,20,1089.37,201.02,217.10,585.67,0.8557,-1,-1,-1
301,6,1251.77,166.23,216.68,649.49,0.8449,-1,-1,-1
301,2,871.81,182.17,154.55,559.27,0.8478,-1,-1,-1
302,32,781.71,277.17,98.86,280.79,0.7839,-1,-1,-1
302,31,1008.12,201.24,99.85,426.32,0.7561,-1,-1,-1
302,28,0.00,80.80,291.32,917.72,0.8998,-1,-1,-1
302,27,323.13,73.10,319.15,842.34,0.8989,-1,-1,-1
302,20,1096.70,199.02,213.69,581.70,0.8600,-1,-1,-1
302,6,1261.38,170.14,209.47,649.15,0.8352,-1,-1,-1
302,2,875.43,184.33,152.76,558.87,0.8387,-1,-1,-1
303,32,781.66,277.38,100.11,280.83,0.7873,-1,-1,-1
303,31,1010.11,202.72,94.33,426.17,0.7693,-1,-1,-1
303,28,0.00,60.21,275.33,945.17,0.9199,-1,-1,-1
303,27,310.86,56.49,327.34,863.09,0.9052,-1,-1,-1
303,20,1105.17,199.84,204.75,582.29,0.8451,-1,-1,-1
303,6,1265.42,171.84,205.01,649.78,0.8204,-1,-1,-1
303,2,879.20,184.22,148.27,557.92,0.8493,-1,-1,-1
304,32,784.81,278.29,95.52,280.28,0.7859,-1,-1,-1
304,31,1010.51,207.59,96.31,421.78,0.7773,-1,-1,-1
304,28,0.00,45.34,243.09,963.19,0.9052,-1,-1,-1
304,27,298.03,55.58,336.33,872.74,0.9151,-1,-1,-1
304,20,1105.16,197.14,204.65,614.38,0.8094,-1,-1,-1
304,6,1273.49,170.81,197.07,652.90,0.8169,-1,-1,-1
304,2,873.92,183.32,150.81,561.87,0.8530,-1,-1,-1
305,32,783.92,279.22,95.24,281.13,0.7692,-1,-1,-1
305,31,1010.07,211.24,96.03,419.11,0.7823,-1,-1,-1
305,28,0.42,32.52,213.33,982.46,0.8995,-1,-1,-1
305,27,291.11,46.56,339.02,920.65,0.9232,-1,-1,-1
305,20,1104.85,197.91,207.39,620.91,0.8279,-1,-1,-1
305,6,1280.92,169.94,188.91,655.44,0.8157,-1,-1,-1
305,2,866.14,186.86,156.44,565.27,0.8583,-1,-1,-1
306,32,783.67,278.63,95.85,286.79,0.7622,-1,-1,-1
306,31,1008.68,209.03,97.05,423.44,0.7791,-1,-1,-1
306,28,0.00,32.34,195.74,1000.43,0.9008,-1,-1,-1
306,27,271.90,44.98,351.78,953.28,0.9223,-1,-1,-1
306,20,1103.87,196.69,209.69,646.12,0.8549,-1,-1,-1
306,6,1282.88,169.66,185.99,651.24,0.8279,-1,-1,-1
306,2,859.06,185.11,161.49,563.38,0.8555,-1,-1,-1
307,32,782.03,275.75,93.25,292.10,0.7257,-1,-1,-1
307,31,1003.63,213.37,101.89,419.49,0.7993,-1,-1,-1
307,28,0.22,34.13,174.23,1031.37,0.8718,-1,-1,-1
307,27,250.16,39.60,368.84,980.49,0.9120,-1,-1,-1
307,20,1103.72,195.15,215.46,654.65,0.8695,-1,-1,-1
307,6,1295.06,168.90,174.29,656.94,0.8340,-1,-1,-1
307,2,857.76,184.09,159.24,551.23,0.8395,-1,-1,-1
308,32,779.66,275.62,92.11,288.74,0.7534,-1,-1,-1
308,31,1000.94,211.91,102.41,424.97,0.7789,-1,-1,-1
308,28,0.50,138.08,146.88,919.78,0.7841,-1,-1,-1
308,27,238.85,34.17,366.84,1007.76,0.9127,-1,-1,-1
308,20,1102.24,189.60,222.59,670.70,0.8624,-1,-1,-1
308,6,1292.88,165.68,172.94,657.77,0.8200,-1,-1,-1
308,2,855.30,180.67,160.57,551.04,0.8266,-1,-1,-1
309,32,776.78,280.13,86.23,278.92,0.7654,-1,-1,-1
309,31,999.09,212.08,103.70,426.42,0.7738,-1,-1,-1
309,28,0.34,177.64,126.50,868.48,0.8346,-1,-1,-1
309,27,217.84,36.68,375.75,1021.80,0.9073,-1,-1,-1
309,20,1096.23,188.73,227.95,678.81,0.8719,-1,-1,-1
309,6,1292.97,169.03,166.85,652.08,0.8160,-1,-1,-1
309,2,849.20,182.59,165.54,551.93,0.8234,-1,-1,-1
310,32,776.94,277.57,83.84,287.69,0.7568,-1,-1,-1
310,31,998.43,212.21,106.08,425.79,0.7730,-1,-1,-1
310,28,0.53,186.19,108.87,506.17,0.7409,-1,-1,-1
310,27,197.47,29.28,386.92,1026.60,0.9193,-1,-1,-1
310,20,1095.68,177.58,233.60,698.25,0.8821,-1,-1,-1
310,6,1295.87,167.02,164.18,661.83,0.8175,-1,-1,-1
310,2,846.18,182.55,169.75,546.01,0.8142,-1,-1,-1
311,32,776.89,273.07,81.91,291.47,0.7437,-1,-1,-1
311,31,999.14,209.01,100.99,429.02,0.7597,-1,-1,-1
311,28,0.35,200.78,92.32,499.97,0.7665,-1,-1,-1
311,27,182.05,15.58,391.14,1060.72,0.9179,-1,-1,-1
311,20,1095.19,174.31,240.31,704.10,0.8850,-1,-1,-1
311,6,1300.59,166.16,160.90,654.33,0.8227,-1,-1,-1
311,2,829.47,184.94,186.96,548.42,0.8269,-1,-1,-1
312,32,774.57,271.99,81.29,293.68,0.7628,-1,-1,-1
312,31,999.77,205.73,101.89,434.24,0.7450,-1,-1,-1
312,27,163.91,6.57,400.05,1069.39,0.9187,-1,-1,-1
312,20,1103.15,160.47,240.20,721.64,0.8852,-1,-1,-1
312,6,1309.06,164.94,156.01,647.01,0.8075,-1,-1,-1
312,2,825.12,184.07,191.35,553.01,0.8290,-1,-1,-1
313,32,770.73,270.45,82.32,297.33,0.7450,-1,-1,-1
313,31,1000.16,209.08,102.73,431.39,0.7384,-1,-1,-1
313,27,139.71,4.91,416.81,1064.85,0.9193,-1,-1,-1
313,20,1104.83,145.04,245.27,744.52,0.9039,-1,-1,-1
313,6,1306.78,163.65,156.61,649.02,0.8350,-1,-1,-1
313,2,818.53,183.96,197.24,555.70,0.8409,-1,-1,-1
314,32,766.46,271.68,85.60,293.12,0.7470,-1,-1,-1
314,31,997.53,211.55,98.19,433.64,0.7385,-1,-1,-1
314,27,118.62,3.64,431.91,1068.45,0.9262,-1,-1,-1
314,20,1102.50,139.43,251.35,758.70,0.9015,-1,-1,-1
314,6,1305.81,160.06,159.26,654.92,0.8443,-1,-1,-1
314,2,816.19,184.59,195.83,553.88,0.8282,-1,-1,-1
315,32,765.06,269.53,84.71,296.70,0.7850,-1,-1,-1
315,31,994.87,217.98,105.18,420.57,0.7508,-1,-1,-1
315,27,85.50,2.04,455.51,1069.98,0.9281,-1,-1,-1
315,20,1106.89,132.21,249.82,787.70,0.8932,-1,-1,-1
315,6,1313.25,156.78,152.61,643.45,0.8539,-1,-1,-1
315,2,821.15,182.60,187.93,551.61,0.8238,-1,-1,-1
316,32,761.51,265.56,85.58,298.58,0.8012,-1,-1,-1
316,31,996.87,214.63,97.27,431.42,0.7436,-1,-1,-1
316,27,50.51,0.84,477.60,1070.66,0.9244,-1,-1,-1
316,20,1111.57,126.32,252.53,813.55,0.8758,-1,-1,-1
316,6,1311.50,153.89,155.20,649.21,0.8471,-1,-1,-1
316,2,818.76,183.41,189.99,553.07,0.8324,-1,-1,-1
317,32,761.60,263.49,84.96,299.53,0.8026,-1,-1,-1
317,31,993.22,216.04,98.96,428.28,0.7488,-1,-1,-1
317,27,20.15,2.97,497.15,1073.29,0.9128,-1,-1,-1
317,20,1112.31,115.20,261.42,837.71,0.8755,-1,-1,-1
317,6,1319.01,149.17,145.87,659.33,0.8298,-1,-1,-1
317,2,817.08,181.09,191.12,554.36,0.8488,-1,-1,-1
318,32,756.52,261.70,88.49,297.77,0.8061,-1,-1,-1
318,31,989.63,212.61,103.77,426.39,0.7450,-1,-1,-1
318,27,2.14,2.73,497.15,1068.98,0.9352,-1,-1,-1
318,20,1115.38,110.34,269.04,849.37,0.8674,-1,-1,-1
318,6,1321.26,147.97,141.89,661.95,0.8409,-1,-1,-1
318,2,818.85,181.43,187.77,549.38,0.8553,-1,-1,-1
319,32,742.93,260.47,100.63,301.46,0.7687,-1,-1,-1
319,31,986.48,209.34,105.50,428.54,0.7700,-1,-1,-1
319,27,0.00,5.03,485.00,1065.55,0.9363,-1,-1,-1
319,20,1118.57,97.64,276.68,882.38,0.8563,-1,-1,-1
319,6,1325.23,144.07,137.66,661.47,0.7979,-1,-1,-1
319,2,815.39,175.55,190.14,554.97,0.8724,-1,-1,-1
320,32,742.21,257.60,99.44,305.81,0.7759,-1,-1,-1
320,31,983.57,204.57,107.95,428.67,0.7802,-1,-1,-1
320,27,0.00,4.88,464.43,1064.95,0.9442,-1,-1,-1
320,20,1121.40,95.83,281.66,900.93,0.8739,-1,-1,-1
320,6,1336.05,138.41,128.40,666.01,0.7605,-1,-1,-1
320,2,811.49,170.38,193.15,552.00,0.8589,-1,-1,-1
321,32,739.37,255.36,99.46,307.14,0.7513,-1,-1,-1
321,31,980.60,202.02,110.67,427.76,0.7954,-1,-1,-1
321,27,0.00,2.76,439.93,1067.60,0.9350,-1,-1,-1
321,20,1131.77,88.99,284.76,936.88,0.8599,-1,-1,-1
321,6,1341.14,133.45,126.76,664.70,0.6843,-1,-1,-1
321,2,806.89,165.19,195.83,558.46,0.8602,-1,-1,-1
322,32,735.87,252.00,100.33,309.79,0.7628,-1,-1,-1
322,31,978.22,197.57,111.00,427.07,0.8072,-1,-1,-1
322,27,0.70,6.02,415.75,1063.85,0.9326,-1,-1,-1
322,20,1139.58,80.42,322.26,964.55,0.8697,-1,-1,-1
322,2,821.68,165.36,181.65,553.99,0.8671,-1,-1,-1
323,32,730.59,250.09,104.10,313.99,0.7614,-1,-1,-1
323,31,975.02,196.21,113.52,422.02,0.7986,-1,-1,-1
323,27,0.86,5.59,387.70,1059.33,0.9174,-1,-1,-1
323,20,1141.55,69.79,334.06,983.11,0.8946,-1,-1,-1
323,2,821.46,162.44,179.59,547.38,0.8679,-1,-1,-1
324,32,727.56,251.22,102.41,317.06,0.7619,-1,-1,-1
324,31,973.99,195.31,113.63,421.91,0.7912,-1,-1,-1
324,27,0.59,5.62,354.11,1062.41,0.9323,-1,-1,-1
324,20,1153.96,60.31,325.04,1007.40,0.9058,-1,-1,-1
324,2,820.72,168.10,176.37,534.55,0.8713,-1,-1,-1
325,32,720.20,252.53,106.58,317.82,0.7680,-1,-1,-1
325,31,973.93,194.88,113.51,425.12,0.7898,-1,-1,-1
325,27,0.54,6.99,318.33,1059.88,0.9181,-1,-1,-1
325,20,1161.23,49.12,322.08,1024.30,0.9013,-1,-1,-1
325,2,828.88,165.68,168.17,539.46,0.8731,-1,-1,-1
326,32,711.67,250.41,114.09,321.16,0.8043,-1,-1,-1
326,31,974.06,193.51,113.46,429.21,0.7920,-1,-1,-1
326,27,0.50,7.50,318.23,1061.19,0.8384,-1,-1,-1
326,20,1166.11,30.29,329.05,1040.21,0.9037,-1,-1,-1
326,2,829.55,164.65,167.75,541.97,0.8596,-1,-1,-1
327,32,710.87,252.47,112.90,321.07,0.8106,-1,-1,-1
327,31,974.61,195.41,111.90,429.73,0.8012,-1,-1,-1
327,27,0.82,7.90,236.24,1061.46,0.7918,-1,-1,-1
327,20,1175.81,21.59,338.49,1050.18,0.8797,-1,-1,-1
327,2,830.44,167.21,166.73,543.61,0.8588,-1,-1,-1
328,37,557.85,299.96,44.88,159.04,0.3064,-1,-1,-1
328,32,713.39,251.41,108.21,318.79,0.8147,-1,-1,-1
328,31,975.36,195.73,110.95,430.16,0.7966,-1,-1,-1
328,27,0.91,8.73,179.25,1056.42,0.5431,-1,-1,-1
328,20,1180.46,10.04,360.60,1063.67,0.8862,-1,-1,-1
328,2,831.40,167.83,165.62,544.33,0.8509,-1,-1,-1
329,37,558.22,299.68,47.31,160.19,0.4017,-1,-1,-1
329,36,501.43,295.69,46.81,160.95,0.4208,-1,-1,-1
329,32,708.93,249.55,113.68,324.09,0.8111,-1,-1,-1
329,31,976.07,197.41,111.32,431.24,0.7774,-1,-1,-1
329,27,0.76,60.55,130.20,575.78,0.6088,-1,-1,-1
329,20,1193.08,3.85,367.83,1065.83,0.8879,-1,-1,-1
329,2,840.15,164.66,161.43,553.86,0.8470,-1,-1,-1
330,37,557.44,300.23,50.42,161.58,0.3655,-1,-1,-1
330,32,709.26,250.37,113.62,328.61,0.8103,-1,-1,-1
330,31,981.42,200.25,113.78,429.20,0.7865,-1,-1,-1
330,20,1212.12,2.49,367.32,1071.25,0.9026,-1,-1,-1
330,2,843.65,162.89,159.16,562.36,0.8480,-1,-1,-1
331,32,710.94,251.46,111.61,331.55,0.7928,-1,-1,-1
331,31,985.52,202.92,113.47,431.25,0.7897,-1,-1,-1
331,20,1228.00,0.85,387.04,1065.10,0.9053,-1,-1,-1
331,2,846.35,173.27,158.26,558.34,0.8284,-1,-1,-1
332,32,709.64,253.98,113.95,329.53,0.8174,-1,-1,-1
332,31,987.33,205.04,113.53,434.36,0.7768,-1,-1,-1
332,20,1241.81,1.24,396.31,1065.18,0.9073,-1,-1,-1
332,2,852.31,180.36,155.33,559.67,0.8325,-1,-1,-1
333,38,825.68,235.66,65.31,296.06,0.4483,-1,-1,-1
333,32,706.94,256.00,116.53,330.61,0.8161,-1,-1,-1
333,31,987.82,209.83,113.35,431.26,0.7655,-1,-1,-1
333,20,1263.25,1.50,404.51,1072.50,0.8986,-1,-1,-1
333,2,851.11,184.22,155.78,560.82,0.8342,-1,-1,-1
334,38,823.77,237.00,67.13,260.34,0.4494,-1,-1,-1
334,37,554.46,315.65,54.65,160.66,0.3374,-1,-1,-1
334,32,703.85,256.14,119.34,336.84,0.8239,-1,-1,-1
334,31,988.54,216.78,116.53,430.54,0.7870,-1,-1,-1
334,20,1268.42,4.52,431.51,1062.88,0.8801,-1,-1,-1
334,2,848.67,190.42,158.76,561.02,0.8282,-1,-1,-1
335,38,822.81,238.11,68.53,338.17,0.4026,-1,-1,-1
335,32,702.17,257.54,119.83,339.23,0.8353,-1,-1,-1
335,31,991.58,220.91,115.29,430.92,0.7875,-1,-1,-1
335,20,1270.03,2.53,468.83,1064.16,0.8815,-1,-1,-1
335,2,848.97,194.72,155.71,556.27,0.8272,-1,-1,-1
336,38,819.16,238.72,69.10,322.30,0.4090,-1,-1,-1
336,32,699.72,260.51,119.74,338.65,0.8275,-1,-1,-1
336,31,987.99,222.28,119.89,434.54,0.7738,-1,-1,-1
336,20,1314.75,3.22,471.75,1067.41,0.8630,-1,-1,-1
336,2,845.22,195.36,156.71,560.52,0.8166,-1,-1,-1
337,39,1243.57,166.61,191.78,639.50,0.8167,-1,-1,-1
337,38,815.32,235.74,71.08,342.12,0.3191,-1,-1,-1
337,32,693.12,259.32,121.39,348.17,0.8259,-1,-1,-1
337,31,983.11,224.20,118.24,434.22,0.7441,-1,-1,-1
337,20,1329.28,3.09,518.64,1072.80,0.8614,-1,-1,-1
337,2,842.06,197.40,159.20,557.70,0.8060,-1,-1,-1
338,39,1234.15,165.92,203.66,665.62,0.7973,-1,-1,-1
338,38,811.19,241.38,70.81,370.36,0.4705,-1,-1,-1
338,32,688.52,265.90,122.53,344.95,0.8236,-1,-1,-1
338,31,979.94,227.85,125.24,438.41,0.7654,-1,-1,-1
338,20,1294.52,3.35,605.24,1069.80,0.8667,-1,-1,-1
338,2,832.12,198.31,166.89,557.64,0.8050,-1,-1,-1
339,39,1234.37,163.58,200.99,694.92,0.7663,-1,-1,-1
339,38,810.40,248.32,67.70,368.94,0.5079,-1,-1,-1
339,32,685.04,267.76,122.99,351.72,0.8341,-1,-1,-1
339,31,978.49,230.33,123.81,437.68,0.7801,-1,-1,-1
339,20,1300.08,4.33,605.89,1063.74,0.8688,-1,-1,-1
339,2,826.49,189.96,171.28,553.84,0.8115,-1,-1,-1
340,39,1237.50,169.03,180.39,684.11,0.7243,-1,-1,-1
340,38,806.55,248.12,70.69,367.10,0.5408,-1,-1,-1
340,32,682.95,268.37,121.08,352.35,0.8165,-1,-1,-1
340,31,978.59,229.14,124.12,438.10,0.7770,-1,-1,-1
340,20,1306.05,4.33,613.55,1064.26,0.9069,-1,-1,-1
340,2,822.21,188.92,175.36,548.89,0.8295,-1,-1,-1
341,39,1234.94,159.44,214.74,703.43,0.8385,-1,-1,-1
341,38,802.70,245.65,73.41,372.28,0.5495,-1,-1,-1
341,32,679.74,267.12,121.76,357.24,0.8114,-1,-1,-1
341,31,982.63,226.08,124.06,440.15,0.7799,-1,-1,-1
341,20,1314.56,1.27,605.00,1066.95,0.7953,-1,-1,-1
341,2,823.05,189.50,175.23,546.65,0.8320,-1,-1,-1
342,39,1234.35,161.63,211.90,693.51,0.8681,-1,-1,-1
342,38,801.93,241.73,71.83,371.79,0.4387,-1,-1,-1
342,32,673.25,261.18,127.01,365.00,0.8047,-1,-1,-1
342,31,984.07,225.07,121.45,439.38,0.7765,-1,-1,-1
342,20,1326.34,0.00,591.40,1070.01,0.7252,-1,-1,-1
342,2,815.68,188.16,183.67,548.78,0.8409,-1,-1,-1
343,39,1231.34,160.40,213.89,692.63,0.8767,-1,-1,-1
343,38,784.22,238.07,84.06,376.58,0.4872,-1,-1,-1
343,37,524.94,323.03,62.16,172.14,0.3134,-1,-1,-1
343,32,668.85,256.78,126.25,367.72,0.8083,-1,-1,-1
343,31,979.13,224.64,127.67,438.58,0.7748,-1,-1,-1
343,20,1338.30,0.13,580.35,1063.47,0.8404,-1,-1,-1
343,2,811.27,190.59,186.83,547.57,0.8416,-1,-1,-1
344,39,1227.14,158.73,213.20,699.62,0.8708,-1,-1,-1
344,38,785.13,237.33,79.48,393.98,0.5837,-1,-1,-1
344,32,664.01,257.50,125.41,365.32,0.8234,-1,-1,-1
344,31,979.70,223.27,125.12,438.68,0.7763,-1,-1,-1
344,20,1371.52,0.00,545.53,1065.77,0.6115,-1,-1,-1
344,2,810.91,186.72,186.52,554.40,0.8397,-1,-1,-1
345,39,1221.99,145.03,224.18,711.64,0.8770,-1,-1,-1
345,38,782.69,234.72,78.55,396.06,0.5977,-1,-1,-1
345,32,660.55,254.32,123.99,372.51,0.8164,-1,-1,-1
345,31,982.04,222.08,123.38,432.25,0.7704,-1,-1,-1
345,2,804.40,186.37,191.44,557.32,0.8208,-1,-1,-1
346,39,1211.21,145.08,243.27,713.80,0.8884,-1,-1,-1
346,38,775.30,232.30,80.61,390.58,0.5100,-1,-1,-1
346,36,429.89,348.11,47.48,146.77,0.3063,-1,-1,-1
346,32,655.40,249.79,124.16,372.33,0.8279,-1,-1,-1
346,31,969.98,215.47,133.96,432.48,0.7826,-1,-1,-1
346,6,1463.05,4.09,456.21,861.67,0.4363,-1,-1,-1
346,2,796.46,187.37,193.36,556.89,0.8373,-1,-1,-1
347,39,1198.14,146.66,251.95,707.89,0.8844,-1,-1,-1
347,38,767.43,232.19,86.97,387.92,0.5978,-1,-1,-1
347,32,645.78,248.19,125.87,373.46,0.8122,-1,-1,-1
347,31,967.67,215.99,129.96,430.33,0.7903,-1,-1,-1
347,6,1506.31,9.13,412.83,930.11,0.7922,-1,-1,-1
347,2,798.29,188.85,185.50,555.45,0.8245,-1,-1,-1
348,39,1193.91,142.72,255.14,706.90,0.8905,-1,-1,-1
348,38,759.98,229.98,90.59,398.97,0.6798,-1,-1,-1
348,32,637.63,244.57,128.19,378.48,0.8084,-1,-1,-1
348,31,965.28,215.38,129.73,428.75,0.7691,-1,-1,-1
348,6,1574.38,21.61,344.95,928.45,0.8336,-1,-1,-1
348,2,800.52,190.36,183.17,553.88,0.8373,-1,-1,-1
349,39,1185.63,141.97,258.18,694.95,0.8942,-1,-1,-1
349,38,760.15,225.48,88.30,403.99,0.6882,-1,-1,-1
349,37,487.92,302.47,55.54,176.43,0.3412,-1,-1,-1
349,32,629.15,236.04,132.33,391.08,0.8215,-1,-1,-1
349,31,960.95,214.51,132.95,430.08,0.7864,-1,-1,-1
349,6,1646.71,55.11,272.76,811.72,0.6176,-1,-1,-1
349,2,800.10,190.23,183.45,554.97,0.8328,-1,-1,-1
350,41,1092.70,325.82,70.60,184.35,0.3349,-1,-1,-1
350,39,1178.79,142.56,260.89,691.48,0.9023,-1,-1,-1
350,38,755.18,224.09,92.66,409.10,0.7423,-1,-1,-1
350,37,482.96,308.84,59.10,173.77,0.3178,-1,-1,-1
350,32,622.84,235.45,133.02,390.27,0.8171,-1,-1,-1
350,31,962.73,216.60,126.76,430.12,0.7825,-1,-1,-1
350,6,1745.93,285.48,173.46,413.57,0.3235,-1,-1,-1
350,2,798.28,191.95,183.73,549.62,0.8526,-1,-1,-1
351,41,1087.73,328.70,68.17,181.98,0.4748,-1,-1,-1
351,39,1170.17,143.62,265.88,693.02,0.9032,-1,-1,-1
351,38,751.02,220.80,92.76,414.46,0.7208,-1,-1,-1
351,37,477.64,301.37,56.84,182.78,0.3564,-1,-1,-1
351,32,618.70,237.89,133.17,394.20,0.8099,-1,-1,-1
351,31,967.09,216.68,118.33,431.53,0.7629,-1,-1,-1
351,2,795.76,191.46,186.64,546.27,0.8546,-1,-1,-1
352,41,1080.75,328.36,68.71,183.13,0.4209,-1,-1,-1
352,39,1163.40,143.38,271.61,698.63,0.9020,-1,-1,-1
352,38,742.84,218.38,98.24,420.67,0.7638,-1,-1,-1
352,32,612.16,235.84,134.09,397.99,0.8203,-1,-1,-1
352,31,961.21,216.90,121.47,435.11,0.7866,-1,-1,-1
352,2,801.05,190.29,180.66,548.47,0.8533,-1,-1,-1
353,39,1158.65,142.79,269.16,702.84,0.9061,-1,-1,-1
353,38,735.87,212.10,101.52,428.11,0.7590,-1,-1,-1
353,32,607.94,229.25,129.93,403.21,0.8320,-1,-1,-1
353,31,959.48,216.25,119.16,432.67,0.7816,-1,-1,-1
353,2,802.36,188.66,181.36,550.04,0.8545,-1,-1,-1
354,41,1053.82,321.30,76.03,185.47,0.4926,-1,-1,-1
354,39,1151.53,143.57,269.47,708.44,0.9091,-1,-1,-1
354,38,727.33,212.04,108.66,430.72,0.7821,-1,-1,-1
354,32,595.13,228.63,136.38,402.66,0.8405,-1,-1,-1
354,31,959.64,218.01,113.55,430.83,0.8015,-1,-1,-1
354,2,797.97,191.30,180.05,538.85,0.8786,-1,-1,-1
355,41,1045.98,318.20,79.46,188.16,0.6034,-1,-1,-1
355,39,1146.73,143.79,272.34,711.06,0.9113,-1,-1,-1
355,38,717.33,207.70,116.01,439.20,0.7994,-1,-1,-1
355,32,588.56,229.57,132.09,405.56,0.8503,-1,-1,-1
355,31,952.02,219.56,112.51,429.24,0.8027,-1,-1,-1
355,2,797.53,189.59,175.87,533.55,0.8714,-1,-1,-1
356,41,1039.97,315.83,74.91,189.20,0.4220,-1,-1,-1
356,39,1138.66,142.23,277.82,713.40,0.9122,-1,-1,-1
356,38,713.45,207.07,110.73,441.49,0.7953,-1,-1,-1
356,32,572.08,224.70,142.32,412.96,0.7328,-1,-1,-1
356,31,945.12,220.21,112.90,429.69,0.7969,-1,-1,-1
356,2,795.91,186.74,174.48,530.29,0.8466,-1,-1,-1
357,41,1037.30,324.14,63.76,181.62,0.5088,-1,-1,-1
357,39,1137.71,140.76,271.69,717.00,0.9101,-1,-1,-1
357,38,698.14,203.79,119.83,447.82,0.8154,-1,-1,-1
357,37,432.96,293.95,61.35,186.98,0.3285,-1,-1,-1
357,32,568.71,224.01,135.57,417.49,0.8209,-1,-1,-1
357,31,940.05,215.27,110.73,432.23,0.7732,-1,-1,-1
357,2,794.63,188.64,171.55,525.86,0.8535,-1,-1,-1
358,41,1026.16,319.35,67.62,184.49,0.6304,-1,-1,-1
358,39,1129.10,139.83,273.57,721.96,0.9096,-1,-1,-1
358,38,684.37,198.57,126.57,453.84,0.8258,-1,-1,-1
358,37,420.64,294.13,59.69,188.18,0.4938,-1,-1,-1
358,32,554.89,220.63,137.91,415.10,0.8381,-1,-1,-1
358,31,937.64,215.56,107.43,436.21,0.7532,-1,-1,-1
358,2,786.13,183.77,171.13,538.76,0.8455,-1,-1,-1
359,41,1015.87,313.60,70.17,191.22,0.4343,-1,-1,-1
359,39,1122.70,140.81,277.85,720.31,0.9081,-1,-1,-1
359,38,671.90,194.78,137.41,451.50,0.7878,-1,-1,-1
359,32,538.71,222.40,141.97,420.61,0.8265,-1,-1,-1
359,31,924.15,216.77,111.15,439.31,0.7786,-1,-1,-1
359,2,788.38,180.95,162.01,540.79,0.8552,-1,-1,-1
360,41,1005.84,316.23,69.77,187.52,0.5751,-1,-1,-1
360,39,1117.19,140.45,276.40,724.34,0.9103,-1,-1,-1
360,38,657.67,193.50,141.44,458.79,0.8508,-1,-1,-1
360,37,402.15,298.12,54.68,180.79,0.3149,-1,-1,-1
360,32,525.41,220.41,146.06,428.73,0.8214,-1,-1,-1
360,31,917.66,213.92,108.40,443.73,0.8033,-1,-1,-1
360,2,780.74,178.75,163.61,546.47,0.8694,-1,-1,-1
361,41,994.75,313.57,73.97,191.35,0.6070,-1,-1,-1
361,39,1112.76,140.97,274.33,726.52,0.9074,-1,-1,-1
361,38,651.94,190.60,140.17,468.17,0.8321,-1,-1,-1
361,37,391.76,293.83,56.08,188.23,0.4515,-1,-1,-1
361,32,510.83,218.80,147.43,431.27,0.8108,-1,-1,-1
361,31,913.52,214.67,104.18,444.75,0.8196,-1,-1,-1
361,2,773.49,179.25,163.69,546.21,0.8703,-1,-1,-1
362,41,989.91,319.39,74.01,185.93,0.6277,-1,-1,-1
362,39,1108.64,141.08,271.87,724.80,0.9080,-1,-1,-1
362,38,632.66,192.18,153.26,464.96,0.8565,-1,-1,-1
362,37,383.28,299.05,54.93,188.99,0.3403,-1,-1,-1
362,32,491.98,223.60,152.42,430.52,0.8176,-1,-1,-1
362,31,905.82,216.42,103.52,439.21,0.7839,-1,-1,-1
362,2,768.88,180.83,161.21,552.32,0.8697,-1,-1,-1
363,41,983.15,320.26,74.30,191.01,0.5429,-1,-1,-1
363,39,1103.53,139.95,272.95,735.03,0.9079,-1,-1,-1
363,38,617.28,192.50,160.30,469.46,0.8523,-1,-1,-1
363,32,481.26,222.44,152.75,445.41,0.7932,-1,-1,-1
363,31,900.30,211.94,99.23,441.79,0.7352,-1,-1,-1
363,2,764.27,185.39,158.43,548.51,0.8489,-1,-1,-1
364,41,972.28,311.67,80.29,198.31,0.5647,-1,-1,-1
364,39,1103.32,136.68,270.54,736.88,0.9066,-1,-1,-1
364,38,605.25,189.54,169.09,481.06,0.8519,-1,-1,-1
364,32,463.40,218.57,161.17,458.47,0.7916,-1,-1,-1
364,31,897.30,210.17,97.67,440.90,0.7013,-1,-1,-1
364,2,763.60,191.19,153.26,549.83,0.8128,-1,-1,-1
365,41,968.05,316.83,81.68,195.26,0.5232,-1,-1,-1
365,39,1103.02,136.34,268.94,737.38,0.8993,-1,-1,-1
365,38,589.16,192.15,183.28,483.75,0.8249,-1,-1,-1
365,32,433.89,221.71,186.90,458.58,0.8290,-1,-1,-1
365,31,895.92,208.98,92.50,447.20,0.6426,-1,-1,-1
365,2,762.65,193.89,157.33,547.95,0.8136,-1,-1,-1
366,42,415.26,338.26,50.86,160.45,0.4243,-1,-1,-1
366,41,964.09,323.17,83.53,192.52,0.4403,-1,-1,-1
366,39,1100.70,138.35,267.21,729.05,0.9021,-1,-1,-1
366,38,587.56,197.81,180.66,481.46,0.8613,-1,-1,-1
366,37,357.74,304.29,61.85,188.49,0.3822,-1,-1,-1
366,32,442.39,222.37,169.81,461.39,0.8048,-1,-1,-1
366,31,894.30,212.77,88.85,439.39,0.6737,-1,-1,-1
366,2,760.20,200.69,153.81,542.67,0.8147,-1,-1,-1
367,41,964.38,311.21,81.61,200.32,0.4088,-1,-1,-1
367,39,1100.52,135.38,268.05,723.88,0.9027,-1,-1,-1
367,38,591.90,193.05,175.35,490.50,0.8712,-1,-1,-1
367,37,355.49,309.49,68.17,184.79,0.3070,-1,-1,-1
367,32,437.26,222.42,165.65,466.26,0.7962,-1,-1,-1
367,31,893.91,207.53,87.17,440.61,0.6704,-1,-1,-1
367,2,759.65,198.39,152.83,543.67,0.8246,-1,-1,-1
368,41,958.96,309.03,83.04,199.27,0.4080,-1,-1,-1
368,39,1100.10,133.30,267.69,720.02,0.9022,-1,-1,-1
368,38,594.51,192.70,169.23,500.52,0.8601,-1,-1,-1
368,32,433.68,220.59,173.66,472.11,0.8181,-1,-1,-1
368,31,894.03,206.24,84.81,435.92,0.6245,-1,-1,-1
368,2,759.08,197.66,154.89,546.18,0.8273,-1,-1,-1
369,41,959.63,316.03,85.43,196.18,0.4773,-1,-1,-1
369,39,1103.29,133.60,264.87,714.26,0.9053,-1,-1,-1
369,38,591.91,190.59,166.59,506.32,0.8628,-1,-1,-1
369,32,427.29,220.58,172.40,473.19,0.8275,-1,-1,-1
369,31,894.94,203.59,83.88,437.80,0.5821,-1,-1,-1
369,2,758.31,194.35,161.78,547.55,0.8539,-1,-1,-1
370,39,1104.15,132.90,263.95,716.53,0.9057,-1,-1,-1
370,38,587.06,193.45,165.99,509.23,0.8552,-1,-1,-1
370,32,423.10,221.66,173.39,475.10,0.8256,-1,-1,-1
370,31,895.23,205.93,84.86,437.95,0.6353,-1,-1,-1
370,2,758.12,193.20,165.60,539.65,0.8226,-1,-1,-1
371,39,1106.37,133.38,259.97,722.27,0.9057,-1,-1,-1
371,38,584.16,195.35,166.57,517.52,0.8636,-1,-1,-1
371,32,419.25,223.93,177.42,478.48,0.8530,-1,-1,-1
371,31,897.46,207.97,84.59,441.04,0.6909,-1,-1,-1
371,2,757.10,195.55,166.59,537.53,0.8486,-1,-1,-1
372,41,964.21,317.79,78.21,195.90,0.4478,-1,-1,-1
372,39,1111.48,132.80,255.12,729.07,0.9056,-1,-1,-1
372,38,579.59,193.18,169.85,525.13,0.8649,-1,-1,-1
372,32,416.87,223.89,177.67,480.44,0.8711,-1,-1,-1
372,31,901.39,209.07,81.52,443.06,0.6813,-1,-1,-1
372,2,761.31,194.90,163.78,539.66,0.8481,-1,-1,-1
373,41,965.79,323.84,82.60,194.59,0.4450,-1,-1,-1
373,39,1112.99,137.65,253.88,731.02,0.8972,-1,-1,-1
373,38,572.98,192.76,175.73,528.67,0.8676,-1,-1,-1
373,32,413.84,225.62,176.49,482.37,0.8659,-1,-1,-1
373,31,901.36,209.90,81.53,438.49,0.6626,-1,-1,-1
373,2,760.81,198.52,167.51,539.19,0.8569,-1,-1,-1
374,41,967.36,328.80,83.77,191.31,0.4816,-1,-1,-1
374,39,1115.14,139.66,250.55,737.33,0.8923,-1,-1,-1
374,38,567.11,190.71,179.94,532.29,0.8708,-1,-1,-1
374,32,409.06,225.44,175.39,487.47,0.8636,-1,-1,-1
374,31,902.69,210.13,86.02,444.95,0.6743,-1,-1,-1
374,2,762.41,197.22,168.53,541.22,0.8471,-1,-1,-1
375,41,967.15,330.12,81.35,196.17,0.5222,-1,-1,-1
375,39,1118.44,140.88,245.84,742.97,0.8946,-1,-1,-1
375,38,559.16,190.98,189.19,542.67,0.8769,-1,-1,-1
375,32,402.93,230.02,174.07,487.63,0.8467,-1,-1,-1
375,31,906.74,210.53,81.89,447.48,0.6608,-1,-1,-1
375,2,765.50,200.96,166.52,544.63,0.8540,-1,-1,-1
376,41,967.47,316.64,84.28,212.48,0.3925,-1,-1,-1
376,39,1121.51,143.07,239.07,748.85,0.8952,-1,-1,-1
376,38,557.57,190.95,189.45,550.03,0.8627,-1,-1,-1
376,32,395.14,228.97,172.05,502.74,0.8513,-1,-1,-1
376,31,908.63,220.07,81.94,447.30,0.6485,-1,-1,-1
376,2,769.40,203.66,164.16,548.08,0.8527,-1,-1,-1
377,41,972.39,339.12,81.28,194.88,0.4269,-1,-1,-1
377,39,1121.12,152.99,239.51,747.07,0.8950,-1,-1,-1
377,38,548.97,187.27,196.27,553.11,0.8650,-1,-1,-1
377,32,394.01,224.26,171.42,517.49,0.8408,-1,-1,-1
377,31,913.87,223.95,76.42,446.72,0.7022,-1,-1,-1
377,2,773.64,206.61,161.80,550.21,0.8859,-1,-1,-1
378,41,974.40,338.98,81.37,197.59,0.3579,-1,-1,-1
378,39,1122.75,157.37,238.85,748.18,0.8987,-1,-1,-1
378,38,543.04,187.17,202.19,553.94,0.8595,-1,-1,-1
378,32,387.96,219.69,172.49,528.06,0.8225,-1,-1,-1
378,31,915.63,232.28,77.81,438.26,0.7254,-1,-1,-1
378,2,781.75,212.17,156.77,547.19,0.8388,-1,-1,-1
379,44,737.29,318.73,51.65,197.34,0.4668,-1,-1,-1
379,43,927.30,228.46,141.91,418.45,0.3187,-1,-1,-1
379,41,972.09,337.83,83.64,202.25,0.4149,-1,-1,-1
379,39,1123.79,156.69,236.98,755.72,0.8961,-1,-1,-1
379,38,536.21,190.23,207.18,560.15,0.8640,-1,-1,-1
379,32,386.45,220.70,166.47,535.41,0.8026,-1,-1,-1
379,31,917.76,236.29,76.33,435.04,0.6476,-1,-1,-1
379,2,779.31,214.80,161.29,553.06,0.8408,-1,-1,-1
380,44,736.79,316.61,57.74,203.82,0.5992,-1,-1,-1
380,41,979.07,347.47,78.72,194.22,0.3372,-1,-1,-1
380,39,1123.61,159.14,235.97,757.01,0.8913,-1,-1,-1
380,38,533.18,187.87,208.44,569.12,0.8709,-1,-1,-1
380,32,375.92,214.95,175.59,549.33,0.8126,-1,-1,-1
380,31,915.20,239.50,82.51,433.65,0.7158,-1,-1,-1
380,2,783.83,217.47,159.16,548.60,0.8448,-1,-1,-1
381,44,735.04,316.01,59.64,211.09,0.6480,-1,-1,-1
381,41,981.06,342.37,77.99,199.58,0.3932,-1,-1,-1
381,39,1120.47,157.54,235.85,754.92,0.8836,-1,-1,-1
381,38,522.41,183.94,214.16,579.54,0.8744,-1,-1,-1
381,32,375.20,211.98,174.67,558.84,0.8107,-1,-1,-1
381,31,916.27,243.09,81.51,432.74,0.7358,-1,-1,-1
381,2,784.13,220.82,160.73,547.65,0.8391,-1,-1,-1
382,44,732.87,316.71,61.34,212.65,0.6496,-1,-1,-1
382,41,983.28,353.90,76.15,189.19,0.4971,-1,-1,-1
382,39,1118.14,155.70,233.61,760.86,0.8810,-1,-1,-1
382,38,522.35,182.44,213.72,591.12,0.8719,-1,-1,-1
382,32,371.73,210.26,178.97,568.15,0.8099,-1,-1,-1
382,31,919.03,243.55,83.65,435.62,0.7018,-1,-1,-1
382,2,784.51,219.48,159.66,544.76,0.8466,-1,-1,-1
383,44,731.90,318.38,60.24,207.86,0.6423,-1,-1,-1
383,41,984.26,354.03,73.76,189.50,0.4690,-1,-1,-1
383,39,1112.30,154.01,234.71,761.91,0.8807,-1,-1,-1
383,38,513.02,180.04,221.48,601.89,0.8766,-1,-1,-1
383,32,364.86,208.03,177.25,569.45,0.8212,-1,-1,-1
383,31,920.66,240.88,84.40,438.78,0.6834,-1,-1,-1
383,2,785.41,217.80,160.00,541.48,0.8410,-1,-1,-1
384,44,727.86,320.48,62.27,210.25,0.6525,-1,-1,-1
384,39,1109.13,151.92,236.36,767.12,0.8835,-1,-1,-1
384,38,506.64,178.01,223.21,607.92,0.8648,-1,-1,-1
384,32,356.07,207.36,182.15,571.42,0.8231,-1,-1,-1
384,31,920.47,244.95,99.77,435.44,0.5750,-1,-1,-1
384,2,786.06,217.32,162.15,540.49,0.8468,-1,-1,-1
385,44,726.51,321.84,64.77,212.34,0.6963,-1,-1,-1
385,39,1105.79,156.23,242.06,760.42,0.8837,-1,-1,-1
385,38,507.07,176.16,221.33,617.21,0.8603,-1,-1,-1
385,32,347.30,210.79,190.69,571.81,0.8393,-1,-1,-1
385,31,918.75,245.47,102.66,435.45,0.6019,-1,-1,-1
385,2,784.97,216.96,164.82,544.41,0.8420,-1,-1,-1
386,44,727.83,320.17,60.79,209.48,0.6586,-1,-1,-1
386,41,977.72,350.07,76.39,197.23,0.3365,-1,-1,-1
386,39,1094.71,156.43,255.85,755.74,0.8874,-1,-1,-1
386,38,493.00,174.31,233.73,621.29,0.8639,-1,-1,-1
386,32,340.57,209.15,185.18,569.72,0.8334,-1,-1,-1
386,31,921.08,243.60,87.35,426.89,0.5445,-1,-1,-1
386,2,780.02,214.72,170.26,532.70,0.8172,-1,-1,-1
387,44,721.50,317.75,65.73,212.16,0.6780,-1,-1,-1
387,41,978.08,349.75,76.43,198.01,0.3529,-1,-1,-1
387,39,1084.49,156.80,266.42,749.05,0.8936,-1,-1,-1
387,38,484.73,169.31,237.31,632.24,0.8619,-1,-1,-1
387,32,331.32,201.35,188.17,586.16,0.8387,-1,-1,-1
387,31,918.74,244.99,80.48,430.98,0.6181,-1,-1,-1
387,2,776.97,213.66,170.68,531.04,0.8363,-1,-1,-1
388,44,718.50,317.39,68.42,210.31,0.7096,-1,-1,-1
388,41,976.22,348.08,76.36,199.76,0.3798,-1,-1,-1
388,39,1083.26,158.99,268.62,743.82,0.8875,-1,-1,-1
388,38,479.23,167.09,236.93,650.13,0.8644,-1,-1,-1
388,32,320.77,192.39,191.48,598.10,0.8473,-1,-1,-1
388,31,917.69,239.53,85.64,434.95,0.5099,-1,-1,-1
388,2,777.71,211.61,171.28,532.25,0.8344,-1,-1,-1
389,44,717.68,316.75,68.50,212.52,0.6893,-1,-1,-1
389,41,974.12,326.41,81.90,224.96,0.3134,-1,-1,-1
389,39,1082.86,157.29,268.84,748.48,0.8913,-1,-1,-1
389,38,479.15,161.45,233.97,659.28,0.8637,-1,-1,-1
389,32,315.40,184.82,190.27,606.14,0.8409,-1,-1,-1
389,31,916.15,242.62,83.34,434.31,0.5932,-1,-1,-1
389,2,779.00,208.95,164.60,539.40,0.8425,-1,-1,-1
390,44,715.57,316.86,71.64,213.01,0.7294,-1,-1,-1
390,41,976.97,339.42,78.66,212.92,0.3829,-1,-1,-1
390,39,1078.17,156.72,275.60,751.59,0.8855,-1,-1,-1
390,38,478.99,155.36,233.60,670.23,0.8716,-1,-1,-1
390,32,305.78,183.84,197.90,608.52,0.8351,-1,-1,-1
390,31,914.84,241.85,80.88,433.36,0.6601,-1,-1,-1
390,2,777.47,210.39,163.09,541.32,0.8470,-1,-1,-1
391,44,711.14,316.44,74.87,213.36,0.7366,-1,-1,-1
391,41,977.39,343.66,73.47,208.51,0.5993,-1,-1,-1
391,39,1066.91,157.62,286.79,756.97,0.8882,-1,-1,-1
391,38,477.03,148.40,236.22,679.22,0.8719,-1,-1,-1
391,32,293.82,181.27,202.51,613.54,0.8370,-1,-1,-1
391,31,910.38,236.41,84.75,437.94,0.6523,-1,-1,-1
391,2,772.07,209.97,164.73,544.13,0.8497,-1,-1,-1
392,44,707.58,314.38,77.91,215.22,0.7612,-1,-1,-1
392,41,977.20,333.45,73.12,217.76,0.4814,-1,-1,-1
392,39,1061.17,156.80,291.27,767.61,0.8942,-1,-1,-1
392,38,476.97,142.94,233.48,690.00,0.8749,-1,-1,-1
392,32,286.61,174.96,202.52,626.77,0.8498,-1,-1,-1
392,31,908.24,234.96,82.27,440.68,0.6607,-1,-1,-1
392,2,770.61,211.97,163.34,547.41,0.8334,-1,-1,-1
393,44,706.70,313.90,77.63,217.22,0.7595,-1,-1,-1
393,41,974.11,329.49,75.37,220.63,0.5622,-1,-1,-1
393,39,1058.52,157.09,293.76,770.88,0.8969,-1,-1,-1
393,38,473.68,139.18,231.86,695.73,0.8783,-1,-1,-1
393,32,271.16,171.60,211.04,634.34,0.8569,-1,-1,-1
393,31,905.66,239.32,84.82,435.96,0.6180,-1,-1,-1
393,2,768.93,220.01,166.53,537.09,0.8214,-1,-1,-1
394,44,703.01,313.69,78.33,215.44,0.7510,-1,-1,-1
394,41,972.13,330.66,77.44,219.29,0.6047,-1,-1,-1
394,39,1057.13,156.62,293.88,772.86,0.9046,-1,-1,-1
394,38,465.35,132.72,235.30,704.52,0.8822,-1,-1,-1
394,32,258.74,163.75,219.23,644.02,0.8638,-1,-1,-1
394,31,905.04,234.02,80.97,435.43,0.6199,-1,-1,-1
394,2,767.04,219.85,161.07,538.27,0.8077,-1,-1,-1
395,44,701.10,311.22,77.65,217.67,0.7431,-1,-1,-1
395,41,970.54,343.56,72.74,204.71,0.6172,-1,-1,-1
395,39,1053.44,156.13,296.63,777.92,0.9005,-1,-1,-1
395,38,461.77,126.14,232.94,715.08,0.8772,-1,-1,-1
395,32,220.26,159.63,248.82,648.16,0.8655,-1,-1,-1
395,31,900.96,231.90,81.37,437.40,0.6270,-1,-1,-1
395,2,760.06,220.52,164.57,539.20,0.8037,-1,-1,-1
396,45,1027.82,378.35,44.58,170.33,0.3488,-1,-1,-1
396,44,697.51,308.98,77.36,218.59,0.7347,-1,-1,-1
396,41,968.91,338.50,73.40,209.66,0.6421,-1,-1,-1
396,39,1052.26,156.20,299.36,777.92,0.8991,-1,-1,-1
396,38,454.26,115.90,236.93,727.58,0.8803,-1,-1,-1
396,32,225.29,157.31,229.23,662.26,0.8677,-1,-1,-1
396,31,899.62,237.61,81.45,432.45,0.6877,-1,-1,-1
396,2,758.84,222.94,161.52,533.90,0.8089,-1,-1,-1
397,44,696.11,309.29,73.10,220.12,0.7450,-1,-1,-1
397,41,967.63,337.02,75.97,209.89,0.6277,-1,-1,-1
397,39,1052.18,156.06,297.97,779.74,0.8981,-1,-1,-1
397,38,443.45,108.99,243.39,737.31,0.8861,-1,-1,-1
397,32,191.43,156.76,257.31,667.01,0.8705,-1,-1,-1
397,31,896.49,238.92,81.82,428.29,0.6889,-1,-1,-1
397,2,756.43,221.64,159.17,530.65,0.8139,-1,-1,-1
398,44,693.32,306.89,70.70,221.74,0.7580,-1,-1,-1
398,41,968.05,339.32,75.77,207.37,0.6033,-1,-1,-1
398,39,1051.72,156.21,295.15,781.04,0.8982,-1,-1,-1
398,38,433.33,100.94,251.17,747.96,0.8952,-1,-1,-1
398,32,168.15,147.28,275.15,689.63,0.8857,-1,-1,-1
398,31,893.66,239.02,83.19,430.36,0.6817,-1,-1,-1
398,2,751.12,217.38,159.30,538.38,0.8314,-1,-1,-1
399,44,691.53,303.91,67.71,224.99,0.7869,-1,-1,-1
399,41,967.21,335.54,75.90,211.61,0.6217,-1,-1,-1
399,39,1052.60,155.33,292.07,785.16,0.8964,-1,-1,-1
399,38,425.91,93.18,255.05,756.86,0.8931,-1,-1,-1
399,32,132.49,143.72,295.08,700.32,0.8968,-1,-1,-1
399,31,886.64,238.22,89.42,430.99,0.7184,-1,-1,-1
399,2,746.09,214.99,158.51,538.39,0.8552,-1,-1,-1
400,44,691.01,305.39,65.63,222.65,0.7739,-1,-1,-1
400,41,964.64,328.31,83.56,220.05,0.5423,-1,-1,-1
400,39,1051.99,154.74,291.74,788.54,0.8990,-1,-1,-1
400,38,418.15,90.37,265.45,763.41,0.8946,-1,-1,-1
400,32,125.76,141.53,292.97,705.29,0.8944,-1,-1,-1
400,31,880.13,238.77,93.00,431.99,0.7514,-1,-1,-1
400,2,738.93,216.03,159.54,528.88,0.8430,-1,-1,-1
401,44,687.15,303.95,65.51,223.26,0.7251,-1,-1,-1
401,41,964.85,329.97,84.27,217.57,0.6046,-1,-1,-1
401,39,1053.16,154.45,287.83,782.06,0.8997,-1,-1,-1
401,38,412.49,84.94,272.02,775.44,0.8992,-1,-1,-1
401,32,117.06,140.37,290.21,719.31,0.8956,-1,-1,-1
401,31,876.94,234.17,93.95,440.46,0.7814,-1,-1,-1
401,2,728.81,216.04,165.58,517.11,0.8637,-1,-1,-1
402,44,687.14,302.44,62.77,225.70,0.5679,-1,-1,-1
402,41,966.08,330.68,79.32,215.78,0.6069,-1,-1,-1
402,39,1056.29,147.99,282.33,792.67,0.8974,-1,-1,-1
402,38,405.58,80.60,278.89,794.23,0.8986,-1,-1,-1
402,32,115.08,136.45,283.03,728.14,0.8979,-1,-1,-1
402,31,873.86,235.28,97.83,439.03,0.8049,-1,-1,-1
402,2,727.14,212.42,165.81,520.52,0.8793,-1,-1,-1
403,44,686.92,303.26,62.41,228.44,0.5820,-1,-1,-1
403,41,969.71,343.60,75.39,202.96,0.5806,-1,-1,-1
403,39,1059.82,149.55,278.74,797.55,0.8967,-1,-1,-1
403,38,397.45,75.68,287.17,819.10,0.9080,-1,-1,-1
403,32,106.15,135.48,278.00,751.07,0.8964,-1,-1,-1
403,31,872.99,236.68,97.68,438.42,0.8048,-1,-1,-1
403,2,725.18,211.95,165.67,522.67,0.8770,-1,-1,-1
404,44,686.10,304.31,62.78,228.38,0.5457,-1,-1,-1
404,41,970.11,338.35,78.40,211.31,0.6391,-1,-1,-1
404,39,1065.05,148.87,281.66,794.83,0.8900,-1,-1,-1
404,38,387.83,74.55,293.60,841.03,0.9092,-1,-1,-1
404,32,93.87,131.45,279.43,773.20,0.9013,-1,-1,-1
404,31,873.08,237.03,98.86,444.98,0.8012,-1,-1,-1
404,2,722.95,212.17,166.56,525.48,0.8643,-1,-1,-1
405,44,687.80,303.88,60.84,229.65,0.5208,-1,-1,-1
405,41,971.98,338.38,80.18,211.69,0.6539,-1,-1,-1
405,39,1063.48,151.15,286.66,790.16,0.8891,-1,-1,-1
405,38,375.18,75.54,304.64,838.83,0.9082,-1,-1,-1
405,32,77.15,129.81,288.43,783.65,0.8915,-1,-1,-1
405,31,873.41,238.78,98.56,440.98,0.8017,-1,-1,-1
405,2,726.36,214.72,162.65,525.70,0.8625,-1,-1,-1
406,44,689.13,305.29,62.41,231.57,0.4912,-1,-1,-1
406,41,975.70,343.86,84.57,211.47,0.6670,-1,-1,-1
406,39,1065.31,150.44,287.52,780.92,0.8775,-1,-1,-1
406,38,364.49,73.46,316.03,851.55,0.9054,-1,-1,-1
406,32,55.11,129.81,304.42,789.39,0.8919,-1,-1,-1
406,31,873.41,239.62,101.54,437.92,0.7964,-1,-1,-1
406,2,723.40,216.56,167.00,526.84,0.8494,-1,-1,-1
407,44,689.82,305.55,64.46,235.94,0.5945,-1,-1,-1
407,41,978.32,347.05,84.30,207.87,0.6538,-1,-1,-1
407,39,1072.22,149.36,282.72,777.58,0.8778,-1,-1,-1
407,38,355.07,75.00,329.00,859.03,0.9049,-1,-1,-1
407,32,60.54,120.80,298.72,805.38,0.8890,-1,-1,-1
407,31,873.69,238.62,102.18,442.00,0.7979,-1,-1,-1
407,2,727.58,217.76,164.25,528.45,0.8586,-1,-1,-1
408,44,694.34,304.92,59.71,237.90,0.4716,-1,-1,-1
408,41,980.68,333.44,85.00,222.61,0.6137,-1,-1,-1
408,39,1077.33,148.98,278.74,777.94,0.8891,-1,-1,-1
408,38,350.65,70.73,331.51,876.15,0.9038,-1,-1,-1
408,32,40.43,117.15,313.86,812.62,0.9036,-1,-1,-1
408,31,872.19,239.69,105.13,440.85,0.7926,-1,-1,-1
408,2,725.68,220.24,167.53,528.80,0.8641,-1,-1,-1
409,44,700.74,307.03,52.86,240.90,0.4867,-1,-1,-1
409,41,987.09,344.34,76.30,209.43,0.6594,-1,-1,-1
409,39,1084.69,150.12,273.59,783.93,0.8948,-1,-1,-1
409,38,354.09,68.11,325.28,897.38,0.9088,-1,-1,-1
409,32,49.21,113.92,306.39,825.30,0.9047,-1,-1,-1
409,31,873.03,241.96,107.20,436.08,0.8036,-1,-1,-1
409,2,729.44,220.79,166.18,534.41,0.8602,-1,-1,-1
410,44,704.70,309.49,57.85,242.02,0.6065,-1,-1,-1
410,41,994.64,346.86,74.50,208.51,0.6308,-1,-1,-1
410,39,1091.61,151.66,270.45,786.90,0.8922,-1,-1,-1
410,38,359.52,65.49,313.95,914.30,0.9161,-1,-1,-1
410,32,41.48,110.99,313.06,835.86,0.9031,-1,-1,-1
410,31,874.85,239.34,116.12,438.02,0.7899,-1,-1,-1
410,2,732.32,224.20,165.07,534.24,0.8375,-1,-1,-1
411,45,999.58,351.59,81.99,206.67,0.6637,-1,-1,-1
411,44,710.57,309.15,54.47,241.06,0.5892,-1,-1,-1
411,39,1099.80,153.19,266.62,791.10,0.8893,-1,-1,-1
411,38,358.57,61.76,313.69,924.09,0.9158,-1,-1,-1
411,32,30.59,105.08,310.79,845.92,0.9077,-1,-1,-1
411,31,881.86,239.56,112.44,437.93,0.7869,-1,-1,-1
411,2,733.45,225.01,170.32,535.39,0.8014,-1,-1,-1
412,46,653.06,343.79,55.17,190.36,0.6281,-1,-1,-1
412,45,1003.08,345.56,83.64,213.11,0.7010,-1,-1,-1
412,44,716.34,308.59,55.82,238.95,0.5472,-1,-1,-1
412,39,1101.88,154.27,271.42,798.83,0.8925,-1,-1,-1
412,38,351.96,56.22,318.03,960.91,0.9130,-1,-1,-1
412,32,19.40,95.55,312.63,858.49,0.9169,-1,-1,-1
412,31,889.89,235.23,108.31,444.01,0.7515,-1,-1,-1
412,2,736.18,226.61,172.41,530.76,0.8136,-1,-1,-1
413,46,652.30,346.63,59.14,186.60,0.6633,-1,-1,-1
413,45,1010.48,343.08,78.93,214.28,0.5992,-1,-1,-1
413,44,724.29,306.11,53.82,240.36,0.4627,-1,-1,-1
413,39,1103.32,153.97,276.90,803.72,0.8973,-1,-1,-1
413,38,343.88,47.99,325.54,979.98,0.9111,-1,-1,-1
413,32,1.83,89.45,322.40,867.84,0.9265,-1,-1,-1
413,31,890.98,229.43,114.55,445.92,0.7521,-1,-1,-1
413,2,741.62,226.07,172.58,527.60,0.8176,-1,-1,-1
414,46,654.18,341.53,64.75,198.07,0.6431,-1,-1,-1
414,45,1017.09,340.29,78.02,217.64,0.6411,-1,-1,-1
414,44,727.56,302.82,57.43,241.44,0.4851,-1,-1,-1
414,39,1109.19,154.09,274.76,807.15,0.8896,-1,-1,-1
414,38,335.82,37.22,326.53,997.34,0.9023,-1,-1,-1
414,32,0.00,82.54,319.74,878.83,0.9296,-1,-1,-1
414,31,893.75,234.35,122.00,444.85,0.7817,-1,-1,-1
414,2,752.11,227.08,166.77,524.83,0.8208,-1,-1,-1
415,46,654.98,342.08,67.30,187.15,0.6430,-1,-1,-1
415,44,731.13,302.50,57.41,235.49,0.4369,-1,-1,-1
415,41,1019.99,350.18,83.77,210.47,0.6748,-1,-1,-1
415,39,1115.57,153.43,272.65,809.97,0.8863,-1,-1,-1
415,38,326.03,24.72,338.63,1018.31,0.9130,-1,-1,-1
415,32,0.00,77.81,316.83,883.65,0.9252,-1,-1,-1
415,31,901.02,239.86,117.39,439.37,0.8090,-1,-1,-1
415,2,753.54,223.26,168.78,528.58,0.8246,-1,-1,-1
416,46,656.29,340.95,67.41,186.85,0.6561,-1,-1,-1
416,41,1022.31,349.46,85.62,210.60,0.5943,-1,-1,-1
416,39,1119.82,151.59,272.00,814.63,0.8903,-1,-1,-1
416,38,316.19,11.68,346.26,1037.69,0.9137,-1,-1,-1
416,32,0.00,65.36,311.44,910.47,0.9217,-1,-1,-1
416,31,905.39,237.17,119.79,446.12,0.7923,-1,-1,-1
416,2,748.78,219.88,176.92,522.91,0.8437,-1,-1,-1
417,46,656.79,341.27,68.40,189.21,0.6608,-1,-1,-1
417,41,1028.94,343.92,82.05,213.94,0.6631,-1,-1,-1
417,39,1124.08,151.11,268.30,824.35,0.8915,-1,-1,-1
417,38,292.84,4.10,365.93,1052.01,0.9091,-1,-1,-1
417,32,0.00,55.92,308.16,952.14,0.9180,-1,-1,-1
417,31,906.61,237.47,120.12,444.43,0.7983,-1,-1,-1
417,2,746.73,221.36,181.24,521.00,0.8359,-1,-1,-1
418,46,656.21,339.64,68.47,191.95,0.6721,-1,-1,-1
418,41,1031.37,334.58,83.14,220.80,0.6660,-1,-1,-1
418,39,1127.31,147.88,267.35,826.72,0.8920,-1,-1,-1
418,38,275.92,1.95,378.83,1057.43,0.9151,-1,-1,-1
418,32,0.00,48.75,277.07,985.44,0.9162,-1,-1,-1
418,31,910.77,233.66,122.33,444.62,0.7835,-1,-1,-1
418,2,746.89,219.17,182.62,521.07,0.8438,-1,-1,-1
419,46,653.13,336.97,68.24,202.13,0.6740,-1,-1,-1
419,41,1032.57,336.92,84.62,219.20,0.6325,-1,-1,-1
419,39,1126.47,146.64,268.97,823.68,0.8903,-1,-1,-1
419,38,255.38,2.32,394.13,1062.79,0.9215,-1,-1,-1
419,32,0.00,41.15,260.53,991.01,0.9105,-1,-1,-1
419,31,911.34,234.01,119.53,442.97,0.7780,-1,-1,-1
419,2,745.57,209.37,182.26,532.53,0.8541,-1,-1,-1
420,46,650.52,336.86,67.18,206.75,0.6768,-1,-1,-1
420,41,1031.18,332.21,91.35,227.19,0.6364,-1,-1,-1
420,39,1126.14,142.86,269.69,826.50,0.8897,-1,-1,-1
420,38,240.45,2.60,402.79,1069.81,0.9256,-1,-1,-1
420,32,0.50,38.64,245.13,1003.25,0.9037,-1,-1,-1
420,31,909.83,235.34,123.41,446.30,0.7857,-1,-1,-1
420,2,742.60,207.69,183.76,534.34,0.8563,-1,-1,-1
421,46,649.56,336.74,68.95,205.06,0.6760,-1,-1,-1
421,41,1031.48,335.31,91.03,223.29,0.6430,-1,-1,-1
421,39,1122.23,138.38,276.56,830.39,0.8915,-1,-1,-1
421,38,220.73,3.59,417.22,1069.12,0.9258,-1,-1,-1
421,32,0.62,25.81,229.88,978.28,0.9001,-1,-1,-1
421,31,909.05,235.16,121.49,443.54,0.7930,-1,-1,-1
421,2,742.72,211.26,185.32,530.02,0.8575,-1,-1,-1
422,46,644.49,333.73,69.22,210.25,0.6862,-1,-1,-1
422,41,1031.45,340.41,88.87,217.89,0.5483,-1,-1,-1
422,39,1118.32,129.88,281.02,836.30,0.8867,-1,-1,-1
422,38,201.18,2.09,425.16,1073.93,0.9196,-1,-1,-1
422,32,0.78,16.08,211.93,984.10,0.8890,-1,-1,-1
422,31,907.76,236.22,121.56,445.24,0.7921,-1,-1,-1
422,2,741.06,211.93,182.84,541.19,0.8470,-1,-1,-1
423,46,640.41,332.03,73.77,213.76,0.7181,-1,-1,-1
423,41,1030.78,341.56,89.92,217.81,0.5633,-1,-1,-1
423,39,1109.26,126.41,290.64,839.10,0.8933,-1,-1,-1
423,38,186.40,1.12,428.16,1076.12,0.9226,-1,-1,-1
423,32,0.82,14.17,191.73,992.00,0.8902,-1,-1,-1
423,31,907.55,238.48,120.84,444.45,0.7742,-1,-1,-1
423,2,738.88,211.64,176.71,537.19,0.8480,-1,-1,-1
424,46,637.20,331.87,76.84,212.74,0.7004,-1,-1,-1
424,41,1028.41,340.78,86.71,218.44,0.6045,-1,-1,-1
424,39,1105.57,126.84,297.20,836.80,0.9005,-1,-1,-1
424,38,162.83,2.32,439.03,1075.90,0.9273,-1,-1,-1
424,32,0.78,10.89,171.89,1003.34,0.8764,-1,-1,-1
424,31,902.66,241.21,128.03,441.05,0.7509,-1,-1,-1
424,2,738.04,214.60,172.50,530.77,0.8379,-1,-1,-1
425,46,632.88,326.72,75.71,220.38,0.7006,-1,-1,-1
425,44,718.45,295.58,53.58,247.69,0.3058,-1,-1,-1
425,41,1029.16,338.53,84.93,219.51,0.6205,-1,-1,-1
425,39,1100.14,126.49,302.56,827.44,0.9028,-1,-1,-1
425,38,134.58,1.77,459.34,1072.89,0.9243,-1,-1,-1
425,32,0.74,9.37,146.03,1008.58,0.8436,-1,-1,-1
425,31,899.23,239.39,127.79,439.83,0.7746,-1,-1,-1
425,2,732.18,214.13,176.80,536.42,0.8378,-1,-1,-1
426,48,558.95,321.27,44.42,193.11,0.4463,-1,-1,-1
426,46,631.20,326.66,73.12,216.11,0.6848,-1,-1,-1
426,41,1026.74,333.71,84.73,220.24,0.6320,-1,-1,-1
426,39,1091.57,127.21,312.84,814.03,0.9032,-1,-1,-1
426,38,107.32,1.40,471.43,1071.86,0.9262,-1,-1,-1
426,32,0.00,8.30,127.99,693.07,0.5760,-1,-1,-1
426,31,896.76,236.47,131.43,440.51,0.7947,-1,-1,-1
426,2,733.95,213.59,171.65,535.26,0.8399,-1,-1,-1
427,48,548.87,332.99,53.44,179.31,0.5199,-1,-1,-1
427,46,626.25,326.76,72.96,221.42,0.7197,-1,-1,-1
427,41,1025.10,331.78,84.55,223.78,0.5853,-1,-1,-1
427,39,1085.88,129.20,317.78,809.46,0.9002,-1,-1,-1
427,38,69.16,1.91,494.63,1067.83,0.9224,-1,-1,-1
427,32,0.64,151.29,93.95,525.79,0.7122,-1,-1,-1
427,31,897.58,235.63,131.62,442.88,0.7798,-1,-1,-1
427,2,728.33,214.77,178.38,537.53,0.8309,-1,-1,-1
428,48,541.82,311.42,55.97,197.85,0.5871,-1,-1,-1
428,46,620.18,327.01,73.96,220.45,0.7154,-1,-1,-1
428,41,1025.52,332.46,79.95,223.64,0.5002,-1,-1,-1
428,39,1081.34,129.84,322.17,814.86,0.9039,-1,-1,-1
428,38,41.14,3.17,516.56,1067.04,0.9214,-1,-1,-1
428,32,0.33,157.68,72.15,531.98,0.4358,-1,-1,-1
428,31,892.08,235.29,136.87,442.76,0.7979,-1,-1,-1
428,2,718.05,219.86,183.71,529.46,0.8336,-1,-1,-1
429,48,538.61,321.69,56.09,193.71,0.5869,-1,-1,-1
429,46,615.72,328.72,69.61,221.89,0.7548,-1,-1,-1
429,41,1029.21,330.08,76.05,228.50,0.4861,-1,-1,-1
429,39,1076.60,131.74,321.40,817.89,0.9048,-1,-1,-1
429,38,3.09,2.55,540.03,1068.79,0.9303,-1,-1,-1
429,31,895.30,233.97,130.32,441.47,0.7767,-1,-1,-1
429,2,709.23,214.88,187.92,542.95,0.8318,-1,-1,-1
430,48,533.71,336.19,52.83,171.93,0.4664,-1,-1,-1
430,46,612.83,324.65,70.83,224.96,0.7132,-1,-1,-1
430,45,995.90,314.80,85.99,241.19,0.3213,-1,-1,-1
430,41,1033.56,329.97,73.55,222.97,0.4602,-1,-1,-1
430,39,1070.34,134.58,329.05,822.41,0.9091,-1,-1,-1
430,38,0.00,3.26,536.21,1069.52,0.9266,-1,-1,-1
430,31,896.18,234.15,126.81,435.86,0.7790,-1,-1,-1
430,2,703.23,214.17,175.37,547.22,0.8380,-1,-1,-1
431,48,528.13,334.14,53.76,185.07,0.4575,-1,-1,-1
431,46,606.28,326.40,76.49,228.84,0.6761,-1,-1,-1
431,45,993.77,314.30,79.19,237.07,0.3998,-1,-1,-1
431,41,1036.18,329.11,71.61,225.47,0.3717,-1,-1,-1
431,39,1069.36,134.05,327.91,826.51,0.9050,-1,-1,-1
431,38,0.00,2.87,523.85,1069.77,0.9298,-1,-1,-1
431,31,894.25,232.84,126.99,434.21,0.7827,-1,-1,-1
431,2,694.11,211.24,172.35,555.64,0.8261,-1,-1,-1
432,48,522.44,345.17,54.91,222.52,0.4127,-1,-1,-1
432,46,603.84,326.93,72.70,228.46,0.6598,-1,-1,-1
432,45,996.13,315.18,77.07,236.66,0.4667,-1,-1,-1
432,41,1036.52,328.10,71.60,224.66,0.3760,-1,-1,-1
432,39,1067.40,134.05,329.84,830.87,0.9038,-1,-1,-1
432,38,0.00,4.83,516.77,1069.44,0.9352,-1,-1,-1
432,31,894.56,230.82,126.21,433.03,0.7887,-1,-1,-1
432,2,683.85,207.99,175.70,573.36,0.8332,-1,-1,-1
433,48,519.77,342.82,54.10,178.93,0.4224,-1,-1,-1
433,46,600.55,324.91,74.26,227.86,0.6440,-1,-1,-1
433,45,998.52,309.57,75.76,242.10,0.5636,-1,-1,-1
433,39,1069.25,132.97,328.52,834.39,0.9033,-1,-1,-1
433,38,0.18,6.06,503.66,1062.92,0.9355,-1,-1,-1
433,31,893.85,231.47,125.35,431.41,0.7959,-1,-1,-1
433,2,679.03,205.20,179.18,559.58,0.8283,-1,-1,-1
434,48,518.75,327.50,54.85,185.16,0.4288,-1,-1,-1
434,46,597.26,320.81,71.55,232.37,0.6849,-1,-1,-1
434,45,1002.82,309.86,72.14,239.43,0.5203,-1,-1,-1
434,41,1043.38,323.31,65.82,232.19,0.3385,-1,-1,-1
434,39,1072.50,130.88,325.94,834.54,0.9012,-1,-1,-1
434,38,0.41,3.87,493.76,1064.50,0.9388,-1,-1,-1
434,31,892.57,227.83,126.31,432.83,0.7961,-1,-1,-1
434,2,676.36,201.65,175.61,577.21,0.8403,-1,-1,-1
435,48,516.70,309.85,53.29,196.97,0.6672,-1,-1,-1
435,46,595.35,319.34,73.73,232.96,0.6861,-1,-1,-1
435,45,1000.18,304.64,72.51,240.68,0.5412,-1,-1,-1
435,41,1046.68,321.41,61.67,240.03,0.3120,-1,-1,-1
435,39,1072.81,127.95,326.53,837.66,0.9037,-1,-1,-1
435,38,0.81,2.71,483.93,1064.80,0.9396,-1,-1,-1
435,31,890.56,225.45,128.70,432.00,0.7788,-1,-1,-1
435,2,675.22,198.47,172.79,560.05,0.8254,-1,-1,-1
436,50,823.54,305.71,77.56,227.94,0.4076,-1,-1,-1
436,48,515.10,307.27,52.69,200.78,0.6146,-1,-1,-1
436,46,595.64,317.96,72.79,231.92,0.7087,-1,-1,-1
436,45,997.66,303.29,74.68,242.00,0.5424,-1,-1,-1
436,39,1075.40,125.04,325.41,843.34,0.9069,-1,-1,-1
436,38,1.17,2.61,474.50,1066.62,0.9397,-1,-1,-1
436,31,898.91,224.44,120.74,432.50,0.7700,-1,-1,-1
436,2,672.74,196.00,174.84,552.95,0.7974,-1,-1,-1
437,50,819.32,300.23,81.54,230.72,0.6743,-1,-1,-1
437,48,515.12,348.53,50.62,155.89,0.5869,-1,-1,-1
437,46,590.96,312.78,75.73,231.60,0.7234,-1,-1,-1
437,45,995.38,301.78,71.67,240.52,0.5712,-1,-1,-1
437,41,1047.35,313.09,64.53,233.46,0.4986,-1,-1,-1
437,39,1079.89,119.94,323.08,846.12,0.9054,-1,-1,-1
437,38,1.41,2.27,458.73,1073.14,0.9357,-1,-1,-1
437,31,901.07,223.69,118.98,432.59,0.7561,-1,-1,-1
437,2,669.25,193.75,173.54,529.46,0.8135,-1,-1,-1
438,50,816.16,300.87,84.06,231.57,0.6726,-1,-1,-1
438,48,512.70,335.20,50.81,171.71,0.4230,-1,-1,-1
438,46,588.83,312.49,75.09,233.65,0.7309,-1,-1,-1
438,45,994.57,301.22,72.90,239.14,0.5701,-1,-1,-1
438,41,1049.88,314.15,61.63,230.92,0.3875,-1,-1,-1
438,39,1080.42,117.27,323.19,836.05,0.9003,-1,-1,-1
438,38,1.76,3.70,433.94,1068.55,0.9349,-1,-1,-1
438,31,904.48,223.40,115.43,434.86,0.7557,-1,-1,-1
438,2,662.71,194.77,176.87,527.42,0.8385,-1,-1,-1
439,50,812.11,299.24,85.64,237.94,0.7256,-1,-1,-1
439,48,510.46,327.76,51.73,176.35,0.4342,-1,-1,-1
439,46,584.86,312.59,76.10,234.06,0.7220,-1,-1,-1
439,45,995.02,301.16,72.88,236.58,0.6399,-1,-1,-1
439,41,1050.37,312.42,67.49,232.62,0.4695,-1,-1,-1
439,39,1086.02,114.21,318.83,840.72,0.9014,-1,-1,-1
439,38,1.29,3.64,410.09,1070.00,0.9277,-1,-1,-1
439,31,905.67,223.55,113.42,436.75,0.7576,-1,-1,-1
439,2,662.06,195.35,174.39,527.44,0.8541,-1,-1,-1
440,50,808.70,297.07,84.16,239.66,0.7016,-1,-1,-1
440,48,506.69,323.48,53.19,180.49,0.4085,-1,-1,-1
440,46,582.59,307.79,77.83,244.19,0.7693,-1,-1,-1
440,45,994.16,301.02,74.67,235.90,0.7050,-1,-1,-1
440,41,1051.21,308.41,68.78,237.51,0.5686,-1,-1,-1
440,39,1089.11,110.78,320.27,839.98,0.8845,-1,-1,-1
440,38,1.09,3.51,384.86,1064.10,0.9269,-1,-1,-1
440,31,904.16,221.48,112.75,438.37,0.7696,-1,-1,-1
440,2,657.00,194.30,176.19,528.00,0.8673,-1,-1,-1
441,50,809.05,296.36,83.17,241.41,0.6950,-1,-1,-1
441,48,506.50,310.30,54.12,194.71,0.4090,-1,-1,-1
441,46,583.22,305.27,76.25,247.56,0.7664,-1,-1,-1
441,45,994.61,297.62,75.94,239.52,0.7099,-1,-1,-1
441,41,1050.82,308.29,71.14,241.94,0.6097,-1,-1,-1
441,39,1093.45,105.94,321.07,841.95,0.8999,-1,-1,-1
441,38,0.51,3.06,356.10,1064.72,0.9199,-1,-1,-1
441,31,906.02,222.84,111.93,437.92,0.7794,-1,-1,-1
441,2,656.73,196.55,177.36,530.21,0.8638,-1,-1,-1
442,50,812.81,297.79,87.75,235.88,0.7283,-1,-1,-1
442,48,511.33,332.66,50.87,171.36,0.4268,-1,-1,-1
442,46,583.99,306.11,75.78,249.42,0.7715,-1,-1,-1
442,45,995.72,297.89,75.80,243.74,0.6774,-1,-1,-1
442,41,1056.18,316.42,71.61,235.86,0.6572,-1,-1,-1
442,39,1098.70,107.20,322.18,827.32,0.8975,-1,-1,-1
442,38,0.63,3.42,323.76,1064.34,0.9135,-1,-1,-1
442,31,910.78,225.13,109.13,433.75,0.7337,-1,-1,-1
442,2,658.53,199.24,176.18,530.61,0.8552,-1,-1,-1
443,50,815.05,300.59,86.99,229.68,0.7590,-1,-1,-1
443,48,514.28,337.84,50.15,169.86,0.4494,-1,-1,-1
443,46,583.93,310.11,79.16,248.02,0.7730,-1,-1,-1
443,45,998.37,295.40,81.02,243.72,0.6435,-1,-1,-1
443,41,1060.90,314.25,69.93,238.86,0.5991,-1,-1,-1
443,39,1104.36,112.44,323.74,815.76,0.8968,-1,-1,-1
443,38,0.63,4.16,292.95,1062.53,0.8933,-1,-1,-1
443,31,909.55,225.13,110.29,435.38,0.7467,-1,-1,-1
443,2,664.19,199.42,171.66,527.35,0.8511,-1,-1,-1
444,50,818.30,300.35,83.94,234.09,0.7717,-1,-1,-1
444,48,517.12,344.90,50.31,161.24,0.4901,-1,-1,-1
444,46,586.10,307.96,80.29,250.72,0.7619,-1,-1,-1
444,45,999.25,299.48,83.46,242.69,0.6360,-1,-1,-1
444,41,1062.02,300.08,72.31,248.87,0.5812,-1,-1,-1
444,39,1113.83,115.24,317.05,811.29,0.9002,-1,-1,-1
444,38,0.75,4.71,263.18,1060.88,0.8391,-1,-1,-1
444,31,914.73,227.11,106.88,431.43,0.7101,-1,-1,-1
444,2,669.84,202.11,167.43,519.15,0.8448,-1,-1,-1
445,50,820.78,298.15,87.75,236.10,0.7828,-1,-1,-1
445,48,521.68,329.73,50.68,177.44,0.4918,-1,-1,-1
445,46,585.16,308.12,83.12,250.45,0.7620,-1,-1,-1
445,45,1008.03,290.50,82.76,247.77,0.7158,-1,-1,-1
445,41,1071.31,303.95,72.59,241.78,0.5708,-1,-1,-1
445,39,1120.53,121.60,314.97,820.33,0.8973,-1,-1,-1
445,38,0.76,5.07,230.36,1062.23,0.3822,-1,-1,-1
445,31,909.33,221.64,117.02,441.55,0.7750,-1,-1,-1
445,2,674.52,204.04,169.45,508.94,0.8417,-1,-1,-1
446,50,826.62,295.18,86.10,238.91,0.7906,-1,-1,-1
446,48,524.19,346.47,54.64,160.80,0.5360,-1,-1,-1
446,46,585.00,310.10,88.94,249.31,0.7385,-1,-1,-1
446,45,1012.97,296.46,79.69,248.67,0.7713,-1,-1,-1
446,41,1078.86,301.78,69.66,245.82,0.6522,-1,-1,-1
446,39,1129.16,127.10,314.44,819.63,0.9060,-1,-1,-1
446,38,0.60,5.07,298.37,1063.16,0.7289,-1,-1,-1
446,31,907.16,220.33,121.86,448.99,0.8088,-1,-1,-1
446,2,682.83,201.91,165.09,499.20,0.8350,-1,-1,-1
447,50,834.50,295.77,87.76,239.24,0.7574,-1,-1,-1
447,48,530.76,356.04,51.69,149.28,0.5009,-1,-1,-1
447,46,589.04,311.25,88.71,247.73,0.6904,-1,-1,-1
447,45,1017.60,292.40,84.53,250.55,0.7646,-1,-1,-1
447,41,1086.76,300.53,67.75,249.75,0.6896,-1,-1,-1
447,39,1140.52,127.16,308.54,826.47,0.9060,-1,-1,-1
447,31,916.29,220.25,123.34,451.40,0.7665,-1,-1,-1
447,2,685.14,200.52,172.01,512.34,0.8359,-1,-1,-1
448,50,841.72,296.75,84.42,239.43,0.7970,-1,-1,-1
448,48,535.70,325.74,52.74,185.93,0.4995,-1,-1,-1
448,46,589.65,312.65,90.23,248.00,0.6963,-1,-1,-1
448,45,1027.22,297.26,80.82,250.41,0.7390,-1,-1,-1
448,41,1094.77,304.83,69.95,247.02,0.6796,-1,-1,-1
448,39,1146.92,139.44,314.08,824.41,0.9052,-1,-1,-1
448,31,923.05,218.86,124.39,454.70,0.7439,-1,-1,-1
448,2,688.88,200.88,178.84,524.38,0.8418,-1,-1,-1
449,50,846.35,297.80,85.99,238.82,0.7503,-1,-1,-1
449,48,540.74,315.63,57.07,197.98,0.5241,-1,-1,-1
449,46,602.33,315.64,84.96,251.38,0.7452,-1,-1,-1
449,45,1038.88,297.45,76.31,249.09,0.7119,-1,-1,-1
449,41,1101.94,317.77,70.61,235.81,0.6748,-1,-1,-1
449,39,1152.46,143.18,315.86,824.58,0.9073,-1,-1,-1
449,31,932.62,216.61,116.18,453.99,0.7734,-1,-1,-1
449,2,700.27,203.08,172.02,519.05,0.8163,-1,-1,-1
450,50,851.92,298.82,82.42,234.41,0.7164,-1,-1,-1
450,48,546.29,328.46,53.94,181.25,0.4893,-1,-1,-1
450,46,606.86,315.31,83.39,250.45,0.7175,-1,-1,-1
450,45,1038.75,299.92,80.31,246.29,0.7049,-1,-1,-1
450,41,1106.72,314.90,71.78,240.27,0.7052,-1,-1,-1
450,39,1161.58,148.36,308.62,828.96,0.9099,-1,-1,-1
450,31,928.07,219.15,120.36,452.47,0.7805,-1,-1,-1
450,2,706.76,201.92,172.61,512.80,0.8153,-1,-1,-1
451,50,855.56,293.40,91.80,242.49,0.7239,-1,-1,-1
451,48,552.06,316.22,54.64,193.25,0.4584,-1,-1,-1
451,46,603.78,314.71,88.78,254.60,0.7412,-1,-1,-1
451,45,1052.42,287.71,72.25,255.65,0.6921,-1,-1,-1
451,41,1116.48,320.55,71.08,234.57,0.6988,-1,-1,-1
451,39,1169.93,151.70,306.27,832.77,0.9032,-1,-1,-1
451,31,940.39,221.14,116.52,444.00,0.7805,-1,-1,-1
451,2,709.39,201.33,173.32,513.01,0.8243,-1,-1,-1
452,50,856.90,299.08,92.31,236.17,0.7780,-1,-1,-1
452,48,558.18,319.78,52.38,183.38,0.4510,-1,-1,-1
452,46,606.17,315.05,90.39,252.93,0.7351,-1,-1,-1
452,45,1056.78,294.95,80.58,249.72,0.7422,-1,-1,-1
452,41,1124.04,315.08,71.38,243.16,0.6750,-1,-1,-1
452,39,1176.66,153.87,308.14,836.52,0.9043,-1,-1,-1
452,31,946.61,220.23,122.64,437.14,0.7663,-1,-1,-1
452,2,719.60,200.12,165.67,511.36,0.8418,-1,-1,-1
453,51,710.08,256.72,63.53,301.97,0.3688,-1,-1,-1
453,50,873.05,297.24,81.13,242.35,0.7865,-1,-1,-1
453,48,565.02,311.69,55.44,193.77,0.5490,-1,-1,-1
453,46,616.58,314.63,81.68,256.93,0.7706,-1,-1,-1
453,45,1065.44,299.44,77.02,252.61,0.7402,-1,-1,-1
453,41,1131.58,317.38,69.27,241.31,0.7209,-1,-1,-1
453,39,1183.89,157.43,305.26,840.75,0.9096,-1,-1,-1
453,31,951.16,216.55,124.30,442.06,0.7953,-1,-1,-1
453,2,726.29,203.60,163.70,513.85,0.8454,-1,-1,-1
454,51,709.18,256.89,67.65,315.50,0.6272,-1,-1,-1
454,50,879.17,299.09,83.73,242.57,0.7318,-1,-1,-1
454,48,572.38,323.89,52.16,183.54,0.3961,-1,-1,-1
454,46,618.86,308.72,85.93,258.70,0.7545,-1,-1,-1
454,45,1074.89,300.17,77.70,251.03,0.7129,-1,-1,-1
454,41,1139.98,311.34,70.91,248.01,0.6242,-1,-1,-1
454,39,1191.25,159.24,305.27,843.26,0.9112,-1,-1,-1
454,31,951.93,219.64,133.42,441.95,0.7833,-1,-1,-1
454,2,733.11,202.47,166.05,513.93,0.8182,-1,-1,-1
455,51,716.52,257.90,66.97,310.01,0.5842,-1,-1,-1
455,50,885.62,305.60,84.71,231.20,0.6954,-1,-1,-1
455,48,580.05,314.94,54.75,191.50,0.5631,-1,-1,-1
455,46,625.87,302.19,82.94,268.46,0.7661,-1,-1,-1
455,45,1082.52,301.21,74.96,251.28,0.7151,-1,-1,-1
455,41,1153.31,313.69,65.63,245.85,0.6147,-1,-1,-1
455,39,1194.65,157.51,308.89,844.80,0.9117,-1,-1,-1
455,31,961.94,221.69,127.16,435.45,0.7789,-1,-1,-1
455,2,736.99,198.24,170.78,523.17,0.8353,-1,-1,-1
456,51,720.49,254.39,74.48,318.61,0.6256,-1,-1,-1
456,50,896.06,299.65,78.91,240.19,0.6625,-1,-1,-1
456,48,581.76,318.58,57.29,191.32,0.5164,-1,-1,-1
456,46,630.68,300.67,84.93,269.83,0.7505,-1,-1,-1
456,45,1089.58,299.48,74.29,246.63,0.7141,-1,-1,-1
456,41,1156.60,314.01,66.46,245.20,0.5433,-1,-1,-1
456,39,1199.52,157.21,312.18,835.22,0.9041,-1,-1,-1
456,31,965.44,211.46,127.67,445.61,0.7564,-1,-1,-1
456,2,752.53,199.26,162.03,520.87,0.8264,-1,-1,-1
457,51,725.73,251.00,75.95,321.07,0.6757,-1,-1,-1
457,50,901.01,298.11,81.77,240.27,0.6764,-1,-1,-1
457,48,588.73,305.71,57.01,205.00,0.5270,-1,-1,-1
457,46,630.88,299.97,91.34,267.25,0.7407,-1,-1,-1
457,45,1093.78,297.01,77.35,251.24,0.6780,-1,-1,-1
457,41,1158.28,308.70,69.19,250.73,0.3960,-1,-1,-1
457,39,1204.20,155.36,316.39,835.44,0.9002,-1,-1,-1
457,31,975.43,213.13,121.98,442.02,0.7678,-1,-1,-1
457,2,761.46,202.14,162.55,519.60,0.8138,-1,-1,-1
458,51,727.73,249.89,75.73,317.73,0.7533,-1,-1,-1
458,50,907.57,297.89,88.81,240.15,0.7446,-1,-1,-1
458,48,597.06,307.52,54.21,197.44,0.4875,-1,-1,-1
458,46,633.85,296.75,91.55,271.60,0.7159,-1,-1,-1
458,45,1102.75,291.56,72.61,257.90,0.7097,-1,-1,-1
458,39,1205.89,153.75,319.48,834.58,0.8971,-1,-1,-1
458,31,993.78,211.33,118.00,440.81,0.7766,-1,-1,-1
458,2,769.87,199.77,160.33,518.55,0.8165,-1,-1,-1
459,51,729.49,250.57,76.69,322.48,0.7666,-1,-1,-1
459,50,912.56,297.08,82.19,237.86,0.7840,-1,-1,-1
459,48,597.98,301.53,56.19,203.77,0.4793,-1,-1,-1
459,46,639.29,296.93,91.26,272.69,0.7248,-1,-1,-1
459,45,1105.19,293.49,81.85,257.53,0.7443,-1,-1,-1
459,39,1202.61,147.43,334.71,842.48,0.9081,-1,-1,-1
459,31,997.48,205.25,122.10,445.95,0.8080,-1,-1,-1
459,2,775.86,205.34,159.60,516.41,0.8480,-1,-1,-1
460,51,732.64,246.62,79.49,329.49,0.7715,-1,-1,-1
460,50,921.47,296.14,79.38,238.33,0.7889,-1,-1,-1
460,46,639.63,296.24,92.42,271.93,0.7374,-1,-1,-1
460,45,1108.43,295.98,80.48,254.87,0.7271,-1,-1,-1
460,39,1201.77,140.38,345.02,835.24,0.9100,-1,-1,-1
460,31,994.99,208.66,133.23,444.99,0.7899,-1,-1,-1
460,2,783.90,203.20,154.96,511.84,0.8535,-1,-1,-1
461,51,735.29,242.20,81.05,331.48,0.7556,-1,-1,-1
461,50,928.69,296.55,78.41,236.83,0.7530,-1,-1,-1
461,46,642.00,294.09,92.11,276.69,0.7432,-1,-1,-1
461,45,1109.38,293.81,86.54,252.80,0.7290,-1,-1,-1
461,39,1201.50,135.72,349.76,832.03,0.9076,-1,-1,-1
461,31,1003.97,211.53,124.51,445.19,0.7850,-1,-1,-1
461,2,785.84,203.35,158.39,508.20,0.8304,-1,-1,-1
462,51,737.46,241.90,81.74,327.90,0.7590,-1,-1,-1
462,50,932.39,294.92,80.15,234.73,0.7297,-1,-1,-1
462,48,616.28,292.63,46.56,199.12,0.3994,-1,-1,-1
462,46,643.73,292.27,90.87,278.42,0.7777,-1,-1,-1
462,45,1113.52,294.51,83.96,253.88,0.6672,-1,-1,-1
462,39,1201.95,130.84,353.72,828.10,0.9070,-1,-1,-1
462,31,1001.82,208.67,128.45,452.97,0.7935,-1,-1,-1
462,2,787.12,200.75,158.66,507.64,0.8076,-1,-1,-1
463,51,736.57,239.22,80.77,334.09,0.7517,-1,-1,-1
463,50,935.85,289.07,79.35,236.62,0.7367,-1,-1,-1
463,46,642.52,293.09,91.23,278.53,0.7688,-1,-1,-1
463,45,1118.56,292.23,82.13,251.28,0.6626,-1,-1,-1
463,39,1203.36,131.95,353.15,819.22,0.9068,-1,-1,-1
463,31,1001.45,207.80,132.07,451.79,0.8012,-1,-1,-1
463,2,785.71,197.60,161.61,513.94,0.8200,-1,-1,-1
464,51,734.68,239.79,81.70,331.93,0.7740,-1,-1,-1
464,50,934.01,284.22,80.88,236.92,0.7363,-1,-1,-1
464,48,617.11,289.61,47.31,203.42,0.4226,-1,-1,-1
464,46,638.86,290.20,90.23,275.91,0.7706,-1,-1,-1
464,45,1117.53,287.04,82.03,254.66,0.6682,-1,-1,-1
464,39,1211.03,128.52,345.90,824.59,0.9035,-1,-1,-1
464,31,1001.65,206.76,135.14,451.95,0.8049,-1,-1,-1
464,2,781.67,189.42,165.37,511.07,0.8135,-1,-1,-1
465,51,728.61,232.43,85.35,337.04,0.7616,-1,-1,-1
465,50,933.71,279.38,80.24,240.26,0.7206,-1,-1,-1
465,46,636.03,283.77,90.99,284.65,0.7541,-1,-1,-1
465,45,1126.25,288.28,74.47,250.99,0.6095,-1,-1,-1
465,39,1212.18,122.78,343.11,832.16,0.9072,-1,-1,-1
465,31,1002.87,207.35,135.11,449.76,0.7877,-1,-1,-1
465,2,778.50,184.67,167.91,512.91,0.8151,-1,-1,-1
466,51,725.82,227.72,84.91,340.07,0.7357,-1,-1,-1
466,50,933.20,275.39,81.18,242.44,0.7323,-1,-1,-1
466,46,632.99,282.83,89.63,284.66,0.7080,-1,-1,-1
466,45,1128.21,285.97,69.63,251.31,0.5964,-1,-1,-1
466,39,1208.91,119.48,347.12,840.99,0.9075,-1,-1,-1
466,31,1003.20,205.06,135.88,445.46,0.7769,-1,-1,-1
466,2,772.85,179.94,172.47,512.94,0.8060,-1,-1,-1
467,51,718.05,223.82,89.44,344.50,0.7121,-1,-1,-1
467,50,931.19,275.21,83.63,242.49,0.7589,-1,-1,-1
467,46,622.90,276.14,95.87,294.74,0.7181,-1,-1,-1
467,45,1125.72,282.63,72.46,254.56,0.6249,-1,-1,-1
467,39,1203.84,119.23,352.52,845.62,0.9090,-1,-1,-1
467,31,1003.29,204.66,133.03,449.87,0.7819,-1,-1,-1
467,2,768.69,181.13,180.76,507.23,0.8207,-1,-1,-1
468,51,713.91,219.13,87.83,354.24,0.7292,-1,-1,-1
468,50,929.82,275.21,82.81,242.28,0.7664,-1,-1,-1
468,46,618.26,274.86,94.84,296.73,0.7477,-1,-1,-1
468,45,1119.38,279.74,77.54,254.05,0.5718,-1,-1,-1
468,39,1196.42,118.01,358.02,855.56,0.9129,-1,-1,-1
468,31,999.58,203.69,132.46,450.26,0.7762,-1,-1,-1
468,2,767.79,179.60,176.35,509.62,0.8276,-1,-1,-1
469,51,707.16,218.25,85.73,354.56,0.7504,-1,-1,-1
469,50,925.30,272.81,85.05,243.82,0.7716,-1,-1,-1
469,46,613.14,268.36,90.95,303.28,0.8042,-1,-1,-1
469,45,1111.57,279.94,85.65,254.75,0.5766,-1,-1,-1
469,39,1194.09,118.14,358.99,864.12,0.9112,-1,-1,-1
469,31,999.35,203.54,128.72,443.26,0.7854,-1,-1,-1
469,2,765.01,180.35,173.91,507.03,0.8289,-1,-1,-1
470,51,703.36,215.51,89.41,357.43,0.7713,-1,-1,-1
470,50,922.58,273.04,81.61,242.95,0.7863,-1,-1,-1
470,46,600.63,267.33,99.91,302.85,0.7810,-1,-1,-1
470,45,1111.31,277.40,82.36,258.31,0.6247,-1,-1,-1
470,39,1191.06,119.23,357.39,866.82,0.9143,-1,-1,-1
470,31,996.15,198.57,132.29,448.58,0.8003,-1,-1,-1
470,2,763.24,175.89,177.24,516.14,0.8396,-1,-1,-1
471,51,692.67,212.59,92.91,359.12,0.7393,-1,-1,-1
471,50,917.74,272.98,84.92,243.52,0.8016,-1,-1,-1
471,46,595.35,264.51,97.56,307.77,0.7758,-1,-1,-1
471,45,1106.05,272.11,80.65,261.31,0.5646,-1,-1,-1
471,39,1182.44,118.34,365.39,877.84,0.9087,-1,-1,-1
471,31,994.85,195.30,130.36,451.16,0.7972,-1,-1,-1
471,2,761.38,174.75,174.40,513.37,0.8406,-1,-1,-1
472,51,686.10,208.92,97.33,361.87,0.7863,-1,-1,-1
472,50,917.46,271.82,82.35,243.10,0.8049,-1,-1,-1
472,46,591.24,264.98,98.24,307.33,0.8215,-1,-1,-1
472,45,1104.29,271.01,82.04,266.04,0.6574,-1,-1,-1
472,39,1186.02,119.16,356.92,875.28,0.9109,-1,-1,-1
472,31,991.38,197.09,131.21,449.69,0.7828,-1,-1,-1
472,2,754.43,174.16,177.04,512.60,0.8624,-1,-1,-1
473,51,680.57,205.86,100.71,364.87,0.8143,-1,-1,-1
473,50,917.15,272.80,81.09,242.52,0.7935,-1,-1,-1
473,46,585.89,262.17,97.89,310.42,0.8203,-1,-1,-1
473,45,1103.69,271.18,86.16,266.16,0.6941,-1,-1,-1
473,39,1185.51,117.78,354.76,871.72,0.9106,-1,-1,-1
473,31,988.54,196.38,127.77,450.74,0.7749,-1,-1,-1
473,2,757.27,174.42,174.88,514.31,0.8752,-1,-1,-1
474,51,675.66,205.67,103.94,369.20,0.8076,-1,-1,-1
474,50,916.77,274.79,78.62,242.77,0.7575,-1,-1,-1
474,46,582.14,261.48,94.47,310.29,0.8551,-1,-1,-1
474,45,1101.09,269.11,81.28,268.30,0.7444,-1,-1,-1
474,39,1187.73,114.51,347.82,863.27,0.9122,-1,-1,-1
474,31,986.97,195.40,126.64,450.09,0.7775,-1,-1,-1
474,2,759.60,175.99,172.66,513.63,0.8764,-1,-1,-1
475,51,667.76,203.69,107.71,371.23,0.8245,-1,-1,-1
475,50,917.25,277.57,78.98,237.23,0.7595,-1,-1,-1
475,46,575.06,259.91,97.29,311.39,0.8385,-1,-1,-1
475,45,1096.65,266.89,80.06,267.84,0.7513,-1,-1,-1
475,39,1186.94,111.71,348.45,859.79,0.9117,-1,-1,-1
475,31,988.70,196.50,115.69,436.63,0.7676,-1,-1,-1
475,2,759.56,175.99,174.69,514.23,0.8668,-1,-1,-1
476,51,662.89,202.80,110.55,374.49,0.8287,-1,-1,-1
476,50,919.33,277.23,73.73,234.04,0.7493,-1,-1,-1
476,46,572.16,258.12,93.37,313.74,0.8239,-1,-1,-1
476,45,1098.77,263.51,75.72,271.15,0.7605,-1,-1,-1
476,39,1189.03,106.10,347.18,860.91,0.9087,-1,-1,-1
476,31,984.48,194.22,115.75,434.19,0.7696,-1,-1,-1
476,2,760.70,176.35,176.13,512.17,0.8653,-1,-1,-1
477,51,658.08,203.77,114.74,378.98,0.8371,-1,-1,-1
477,50,919.60,280.32,73.03,232.80,0.7563,-1,-1,-1
477,46,570.41,261.22,94.14,315.34,0.8305,-1,-1,-1
477,45,1098.97,263.69,75.38,272.15,0.7607,-1,-1,-1
477,39,1191.26,102.94,345.16,855.54,0.9085,-1,-1,-1
477,31,983.54,194.43,115.24,433.79,0.7659,-1,-1,-1
477,2,765.14,178.02,173.64,510.81,0.8642,-1,-1,-1
478,51,654.67,206.09,117.26,384.85,0.8425,-1,-1,-1
478,50,921.18,279.54,71.63,236.36,0.6690,-1,-1,-1
478,46,559.05,264.20,100.84,322.53,0.8093,-1,-1,-1
478,45,1096.40,265.96,77.68,272.09,0.7683,-1,-1,-1
478,39,1190.91,101.75,348.48,843.97,0.9090,-1,-1,-1
478,31,981.10,195.70,117.36,434.51,0.7655,-1,-1,-1
478,2,769.78,179.40,172.62,509.35,0.8511,-1,-1,-1
479,51,652.50,206.04,120.90,387.17,0.8355,-1,-1,-1
479,50,917.59,237.92,81.58,281.51,0.5588,-1,-1,-1
479,46,550.74,262.44,108.49,324.85,0.8062,-1,-1,-1
479,45,1097.11,265.89,76.46,273.33,0.7661,-1,-1,-1
479,39,1192.36,101.56,349.40,839.23,0.9118,-1,-1,-1
479,31,979.00,196.22,122.54,433.40,0.7524,-1,-1,-1
479,2,774.94,179.24,172.21,506.89,0.8614,-1,-1,-1
480,51,648.21,206.36,128.26,389.71,0.8166,-1,-1,-1
480,50,918.66,234.35,79.93,284.05,0.4920,-1,-1,-1
480,46,547.75,264.24,106.98,328.14,0.8075,-1,-1,-1
480,45,1097.02,266.41,77.61,276.50,0.7605,-1,-1,-1
480,39,1194.52,101.54,349.40,843.68,0.9095,-1,-1,-1
480,31,979.03,194.62,121.65,445.15,0.7587,-1,-1,-1
480,2,777.41,180.74,174.57,503.25,0.8562,-1,-1,-1
481,51,647.89,208.15,132.18,393.67,0.8177,-1,-1,-1
481,50,926.26,278.40,70.40,237.44,0.3709,-1,-1,-1
481,46,544.90,268.16,108.31,329.21,0.8049,-1,-1,-1
481,45,1096.92,272.76,80.11,271.17,0.7872,-1,-1,-1
481,39,1196.77,103.23,350.78,852.48,0.9125,-1,-1,-1
481,31,978.95,195.99,124.20,449.72,0.7734,-1,-1,-1
481,2,781.72,182.61,171.60,500.05,0.8586,-1,-1,-1
482,51,650.35,212.05,132.44,394.78,0.8243,-1,-1,-1
482,46,544.70,273.93,107.98,328.14,0.7957,-1,-1,-1
482,45,1097.62,276.50,80.83,270.34,0.7676,-1,-1,-1
482,39,1199.78,108.10,355.26,857.61,0.9112,-1,-1,-1
482,31,978.19,200.38,126.19,442.51,0.7632,-1,-1,-1
482,2,785.36,186.68,176.80,502.71,0.8503,-1,-1,-1
483,51,650.32,210.47,136.66,397.56,0.8170,-1,-1,-1
483,46,546.53,271.36,105.17,331.83,0.7803,-1,-1,-1
483,45,1101.11,274.82,85.42,275.18,0.7715,-1,-1,-1
483,39,1201.67,109.25,356.18,863.12,0.9092,-1,-1,-1
483,31,982.18,201.08,130.48,447.24,0.7988,-1,-1,-1
483,2,788.77,183.19,177.56,508.03,0.8503,-1,-1,-1
484,51,651.33,208.99,131.28,404.33,0.8115,-1,-1,-1
484,46,547.36,269.69,103.16,338.82,0.7712,-1,-1,-1
484,45,1102.53,275.83,88.23,274.23,0.7831,-1,-1,-1
484,39,1204.30,113.13,354.58,868.12,0.9080,-1,-1,-1
484,31,987.49,203.78,125.83,448.87,0.8213,-1,-1,-1
484,2,799.27,183.11,170.50,509.70,0.8524,-1,-1,-1
485,51,652.98,208.16,129.09,412.13,0.8022,-1,-1,-1
485,46,544.78,272.02,107.64,342.25,0.7962,-1,-1,-1
485,45,1105.00,274.90,86.17,279.34,0.7897,-1,-1,-1
485,39,1208.05,114.42,355.17,881.43,0.9015,-1,-1,-1
485,31,994.02,207.67,122.61,449.77,0.8209,-1,-1,-1
485,2,805.77,190.84,172.01,500.18,0.8443,-1,-1,-1
486,51,655.25,208.08,136.41,412.37,0.8146,-1,-1,-1
486,46,545.47,271.60,110.09,345.98,0.7992,-1,-1,-1
486,45,1104.76,279.85,97.85,276.32,0.7858,-1,-1,-1
486,39,1214.96,118.69,349.81,892.69,0.9045,-1,-1,-1
486,31,998.91,211.51,121.06,448.04,0.8142,-1,-1,-1
486,2,811.41,191.99,171.87,506.43,0.8458,-1,-1,-1
487,51,657.40,208.81,148.62,418.32,0.8055,-1,-1,-1
487,46,542.96,269.35,112.62,352.11,0.8126,-1,-1,-1
487,45,1113.30,283.04,92.93,280.01,0.7876,-1,-1,-1
487,39,1223.01,130.74,348.71,891.68,0.9047,-1,-1,-1
487,31,1005.10,217.84,121.24,448.61,0.7950,-1,-1,-1
487,2,819.29,195.02,171.49,512.70,0.8608,-1,-1,-1
488,51,660.13,211.31,146.99,418.84,0.8050,-1,-1,-1
488,46,543.45,271.76,113.54,354.93,0.8076,-1,-1,-1
488,45,1118.73,285.76,93.09,277.78,0.7800,-1,-1,-1
488,39,1225.56,138.66,348.48,893.27,0.9044,-1,-1,-1
488,31,1005.19,222.03,126.37,448.94,0.8015,-1,-1,-1
488,2,824.75,203.10,174.54,509.77,0.8573,-1,-1,-1
489,51,662.55,211.52,153.94,421.42,0.8043,-1,-1,-1
489,46,541.91,270.08,118.42,360.51,0.7909,-1,-1,-1
489,45,1129.60,292.84,88.27,277.14,0.7963,-1,-1,-1
489,39,1227.62,141.71,348.16,892.15,0.9078,-1,-1,-1
489,31,1012.13,228.93,121.18,440.96,0.7790,-1,-1,-1
489,2,833.56,206.98,178.49,510.28,0.8523,-1,-1,-1
490,51,664.43,213.16,153.47,426.71,0.7999,-1,-1,-1
490,46,535.60,271.82,130.40,363.05,0.7833,-1,-1,-1
490,45,1133.15,296.93,90.61,273.36,0.8021,-1,-1,-1
490,39,1230.06,143.03,350.95,889.73,0.9106,-1,-1,-1
490,31,1014.68,229.04,123.85,448.19,0.7753,-1,-1,-1
490,2,839.03,214.24,177.85,508.16,0.8673,-1,-1,-1
491,51,664.41,213.41,159.33,429.87,0.8141,-1,-1,-1
491,46,530.77,272.86,133.64,365.41,0.7804,-1,-1,-1
491,45,1135.65,300.09,92.94,273.19,0.8187,-1,-1,-1
491,39,1227.80,142.47,356.12,894.34,0.9101,-1,-1,-1
491,31,1015.70,227.83,123.47,448.49,0.7799,-1,-1,-1
491,2,844.04,218.58,178.52,508.33,0.8651,-1,-1,-1
492,51,666.25,213.55,157.47,432.14,0.8301,-1,-1,-1
492,46,526.58,273.25,142.35,366.40,0.8083,-1,-1,-1
492,45,1136.38,304.47,96.22,275.02,0.8235,-1,-1,-1
492,39,1224.78,141.30,367.92,894.42,0.9084,-1,-1,-1
492,31,1013.88,231.67,126.37,452.03,0.7855,-1,-1,-1
492,2,847.90,224.69,177.53,507.28,0.8462,-1,-1,-1
493,51,660.11,213.40,160.18,436.23,0.8135,-1,-1,-1
493,46,523.29,274.46,143.66,368.98,0.7980,-1,-1,-1
493,45,1135.34,309.25,100.30,272.26,0.8219,-1,-1,-1
493,39,1222.67,136.05,361.16,903.70,0.8988,-1,-1,-1
493,31,1015.14,232.40,128.34,452.84,0.8115,-1,-1,-1
493,2,850.88,231.12,172.82,505.09,0.8307,-1,-1,-1
494,51,659.86,213.31,157.71,444.12,0.8267,-1,-1,-1
494,46,519.93,275.74,144.92,376.25,0.8200,-1,-1,-1
494,45,1134.00,311.01,102.72,271.73,0.7903,-1,-1,-1
494,39,1217.68,133.54,352.37,891.54,0.8984,-1,-1,-1
494,31,1014.31,233.18,127.55,448.11,0.8161,-1,-1,-1
494,2,855.26,230.29,173.56,494.58,0.8308,-1,-1,-1
495,51,654.89,213.11,162.44,451.71,0.8197,-1,-1,-1
495,46,516.02,278.08,145.53,380.02,0.7913,-1,-1,-1
495,45,1136.53,312.27,99.40,274.29,0.7831,-1,-1,-1
495,39,1212.97,131.16,354.54,884.86,0.9057,-1,-1,-1
495,31,1009.09,234.17,129.39,447.23,0.8093,-1,-1,-1
495,2,858.88,229.89,171.31,496.20,0.8383,-1,-1,-1
496,53,322.38,312.60,66.71,223.15,0.3117,-1,-1,-1
496,51,643.95,213.94,173.76,454.92,0.8374,-1,-1,-1
496,46,512.95,281.75,143.69,381.92,0.8007,-1,-1,-1
496,45,1141.52,312.76,96.55,275.56,0.7658,-1,-1,-1
496,39,1213.98,127.38,351.58,879.90,0.9091,-1,-1,-1
496,31,1010.29,234.73,128.86,445.04,0.8065,-1,-1,-1
496,2,859.71,229.49,172.91,495.98,0.8125,-1,-1,-1
497,51,637.28,213.37,179.16,456.28,0.8462,-1,-1,-1
497,46,509.38,283.41,143.70,384.08,0.8175,-1,-1,-1
497,45,1141.87,312.56,96.86,279.04,0.7443,-1,-1,-1
497,39,1212.29,121.55,352.08,887.22,0.9162,-1,-1,-1
497,31,1009.01,234.09,129.41,446.60,0.8106,-1,-1,-1
497,2,860.09,229.21,175.02,467.96,0.8112,-1,-1,-1
498,51,634.25,212.83,177.49,460.34,0.8764,-1,-1,-1
498,46,507.62,286.19,137.46,382.47,0.8263,-1,-1,-1
498,45,1141.76,312.47,97.06,279.58,0.7722,-1,-1,-1
498,39,1210.39,118.34,352.75,897.75,0.9114,-1,-1,-1
498,31,1008.01,235.25,129.81,447.33,0.8242,-1,-1,-1
498,2,859.29,228.76,177.63,456.80,0.8130,-1,-1,-1
499,51,629.51,214.68,173.16,463.66,0.8770,-1,-1,-1
499,46,498.53,287.58,143.97,387.19,0.8103,-1,-1,-1
499,45,1143.59,311.87,95.14,283.52,0.7387,-1,-1,-1
499,39,1211.36,115.62,351.48,908.00,0.9119,-1,-1,-1
499,31,1008.00,233.06,128.98,449.82,0.8059,-1,-1,-1
499,2,859.02,227.25,178.59,491.38,0.8189,-1,-1,-1
500,51,624.79,214.18,171.03,472.72,0.8411,-1,-1,-1
500,46,493.68,290.07,142.11,391.07,0.8255,-1,-1,-1
500,45,1141.29,312.47,97.51,285.67,0.7396,-1,-1,-1
500,39,1208.05,114.62,354.81,919.11,0.9101,-1,-1,-1
500,31,1008.69,232.59,125.66,453.60,0.8009,-1,-1,-1
500,2,859.30,226.34,176.56,487.68,0.8309,-1,-1,-1
501,51,621.99,212.14,169.50,482.50,0.8424,-1,-1,-1
501,46,486.64,283.30,143.34,400.09,0.8325,-1,-1,-1
501,45,1143.34,312.01,95.18,284.28,0.7571,-1,-1,-1
501,39,1208.15,114.51,353.96,926.61,0.9116,-1,-1,-1
501,31,1007.63,233.42,127.22,453.76,0.8120,-1,-1,-1
501,2,857.22,226.73,179.63,492.19,0.8407,-1,-1,-1
502,51,615.95,213.24,174.74,484.61,0.8390,-1,-1,-1
502,46,480.58,282.95,140.64,405.68,0.8264,-1,-1,-1
502,45,1141.79,311.41,96.96,283.33,0.7961,-1,-1,-1
502,39,1208.95,114.76,352.21,931.30,0.9147,-1,-1,-1
502,31,1004.12,235.43,128.77,453.05,0.8181,-1,-1,-1
502,2,858.21,227.51,180.52,489.07,0.8463,-1,-1,-1
503,51,608.98,206.51,164.35,487.56,0.8486,-1,-1,-1
503,46,470.73,277.34,142.09,411.36,0.8174,-1,-1,-1
503,45,1138.37,309.14,96.96,285.12,0.8152,-1,-1,-1
503,39,1208.65,116.36,351.58,933.56,0.9156,-1,-1,-1
503,31,1002.02,235.44,131.62,448.69,0.8124,-1,-1,-1
503,2,855.23,225.59,179.58,497.01,0.8428,-1,-1,-1
504,51,601.47,196.11,168.44,500.99,0.8538,-1,-1,-1
504,46,461.84,274.83,145.22,415.00,0.8150,-1,-1,-1
504,45,1136.81,305.50,98.97,288.96,0.8101,-1,-1,-1
504,39,1206.81,117.03,352.73,937.92,0.9172,-1,-1,-1
504,31,1001.99,233.65,128.62,448.07,0.8056,-1,-1,-1
504,2,851.97,224.87,183.32,492.00,0.8410,-1,-1,-1
505,51,590.43,195.12,173.67,504.18,0.8638,-1,-1,-1
505,46,451.72,269.06,144.66,422.95,0.8091,-1,-1,-1
505,45,1135.45,302.42,97.59,288.19,0.8119,-1,-1,-1
505,39,1208.19,116.05,352.64,942.37,0.9195,-1,-1,-1
505,31,1005.43,230.22,118.54,449.15,0.7633,-1,-1,-1
505,2,854.96,225.02,183.44,496.27,0.8215,-1,-1,-1
506,51,581.90,188.10,168.41,507.59,0.8524,-1,-1,-1
506,46,440.55,266.18,153.18,428.09,0.8199,-1,-1,-1
506,45,1128.92,299.19,105.05,290.36,0.8075,-1,-1,-1
506,39,1207.80,114.13,353.49,945.10,0.9161,-1,-1,-1
506,31,1002.74,232.60,118.97,439.43,0.7543,-1,-1,-1
506,2,854.50,224.05,183.24,503.96,0.8191,-1,-1,-1
507,51,572.87,186.55,169.58,507.40,0.8500,-1,-1,-1
507,46,432.10,262.18,150.18,435.39,0.8504,-1,-1,-1
507,45,1129.35,297.31,102.53,290.89,0.8147,-1,-1,-1
507,39,1210.89,111.97,351.09,933.99,0.9160,-1,-1,-1
507,31,1000.87,233.03,118.43,440.58,0.7590,-1,-1,-1
507,2,859.52,228.06,175.93,501.21,0.8122,-1,-1,-1
508,51,562.69,180.10,169.28,519.89,0.8463,-1,-1,-1
508,46,418.00,258.82,149.85,439.80,0.8384,-1,-1,-1
508,45,1133.04,296.25,96.67,290.06,0.7947,-1,-1,-1
508,39,1211.96,107.95,348.54,932.79,0.9172,-1,-1,-1
508,31,1004.02,227.35,107.38,447.59,0.7307,-1,-1,-1
508,2,854.38,229.73,175.87,497.94,0.8232,-1,-1,-1
509,51,550.12,174.32,173.14,527.26,0.8654,-1,-1,-1
509,46,408.73,255.20,149.20,443.78,0.8461,-1,-1,-1
509,45,1127.31,295.49,96.28,289.46,0.7944,-1,-1,-1
509,39,1210.37,104.53,348.13,934.00,0.9159,-1,-1,-1
509,31,1002.59,226.96,96.63,449.93,0.7384,-1,-1,-1
509,2,854.46,228.84,173.38,492.27,0.8010,-1,-1,-1
510,54,1077.42,309.55,50.29,207.66,0.4559,-1,-1,-1
510,52,1863.72,405.10,55.51,87.99,0.3645,-1,-1,-1
510,51,535.95,169.91,179.13,535.82,0.8797,-1,-1,-1
510,46,393.44,253.82,149.54,451.08,0.8394,-1,-1,-1
510,45,1121.50,293.40,98.20,290.77,0.8059,-1,-1,-1
510,39,1207.41,100.64,356.37,932.85,0.9113,-1,-1,-1
510,31,998.36,227.69,97.82,448.44,0.7140,-1,-1,-1
510,2,851.25,228.14,172.35,488.92,0.7939,-1,-1,-1
511,54,1071.23,311.19,58.68,204.21,0.5245,-1,-1,-1
511,51,523.21,170.74,178.06,537.02,0.8656,-1,-1,-1
511,46,375.39,251.56,159.32,461.46,0.8520,-1,-1,-1
511,45,1119.40,289.40,96.74,295.18,0.8113,-1,-1,-1
511,39,1204.79,94.31,358.93,920.93,0.9119,-1,-1,-1
511,31,993.27,219.27,100.62,460.22,0.6838,-1,-1,-1
511,2,860.02,225.64,160.19,484.19,0.7537,-1,-1,-1
512,54,1067.44,307.13,59.13,202.03,0.4569,-1,-1,-1
512,51,511.30,168.44,183.76,547.34,0.8665,-1,-1,-1
512,46,362.86,251.50,159.23,470.60,0.8266,-1,-1,-1
512,45,1114.49,284.90,97.78,297.58,0.7848,-1,-1,-1
512,39,1204.85,87.17,354.43,906.44,0.9077,-1,-1,-1
512,31,990.34,216.30,102.11,465.23,0.6841,-1,-1,-1
512,2,856.39,219.27,160.44,481.93,0.7488,-1,-1,-1
513,54,1060.65,308.77,63.64,203.82,0.5036,-1,-1,-1
513,51,500.88,161.59,189.28,560.72,0.8585,-1,-1,-1
513,46,350.62,246.14,161.53,481.32,0.8543,-1,-1,-1
513,45,1111.64,284.02,97.74,296.33,0.7459,-1,-1,-1
513,39,1207.18,83.00,351.41,899.31,0.9028,-1,-1,-1
513,31,989.08,222.31,83.60,451.59,0.6102,-1,-1,-1
513,2,851.60,214.46,161.62,483.43,0.8258,-1,-1,-1
514,54,1059.65,299.06,61.95,214.32,0.4243,-1,-1,-1
514,51,488.00,157.68,197.09,572.24,0.8478,-1,-1,-1
514,46,341.40,247.11,164.63,475.57,0.8289,-1,-1,-1
514,45,1108.57,277.99,100.16,297.35,0.7838,-1,-1,-1
514,39,1211.20,74.37,348.17,899.30,0.9054,-1,-1,-1
514,31,987.46,212.52,89.58,451.57,0.6746,-1,-1,-1
514,2,850.88,205.20,159.36,488.74,0.7777,-1,-1,-1
515,55,832.93,327.56,60.49,229.32,0.3466,-1,-1,-1
515,54,1057.31,293.00,57.50,222.12,0.4459,-1,-1,-1
515,52,1852.80,371.54,66.69,100.38,0.3131,-1,-1,-1
515,51,480.99,155.24,197.17,580.53,0.8480,-1,-1,-1
515,46,329.38,245.67,169.21,480.74,0.8544,-1,-1,-1
515,45,1104.83,274.59,102.00,298.88,0.8049,-1,-1,-1
515,39,1213.89,68.19,345.73,906.09,0.9066,-1,-1,-1
515,31,987.76,210.60,90.16,452.77,0.6658,-1,-1,-1
515,2,850.38,204.34,158.23,486.44,0.7922,-1,-1,-1
516,54,1054.32,296.37,61.07,215.60,0.4495,-1,-1,-1
516,51,470.15,151.49,205.90,586.12,0.8653,-1,-1,-1
516,46,317.81,244.69,173.41,491.71,0.8640,-1,-1,-1
516,45,1105.03,273.21,100.51,298.97,0.8178,-1,-1,-1
516,39,1217.36,62.70,342.00,911.90,0.9067,-1,-1,-1
516,31,987.66,205.21,88.70,448.34,0.6719,-1,-1,-1
516,2,848.64,201.93,158.92,486.94,0.8174,-1,-1,-1
517,55,832.47,325.84,59.51,226.84,0.3071,-1,-1,-1
517,54,1055.38,295.64,60.93,212.84,0.5305,-1,-1,-1
517,51,465.56,151.15,208.85,596.05,0.8866,-1,-1,-1
517,46,308.95,239.78,171.36,505.70,0.8547,-1,-1,-1
517,45,1105.94,270.87,101.03,301.01,0.8207,-1,-1,-1
517,39,1219.53,59.89,340.97,920.99,0.9086,-1,-1,-1
517,31,987.93,203.74,84.98,437.64,0.6636,-1,-1,-1
517,2,851.05,198.64,155.16,490.28,0.8158,-1,-1,-1
518,55,832.63,326.88,59.76,227.89,0.3330,-1,-1,-1
518,54,1053.78,287.42,56.09,219.67,0.4945,-1,-1,-1
518,52,1857.42,354.59,61.96,113.37,0.3116,-1,-1,-1
518,51,459.47,147.23,213.19,605.85,0.8801,-1,-1,-1
518,46,299.16,234.43,173.75,519.01,0.8636,-1,-1,-1
518,45,1103.40,268.72,104.99,305.35,0.8105,-1,-1,-1
518,39,1219.88,57.80,341.65,932.00,0.9090,-1,-1,-1
518,31,987.95,201.21,82.33,437.04,0.6680,-1,-1,-1
518,2,852.19,197.42,153.10,493.40,0.7926,-1,-1,-1
519,54,1056.08,291.11,57.03,220.52,0.5485,-1,-1,-1
519,51,452.11,143.45,218.29,615.74,0.8663,-1,-1,-1
519,46,290.56,230.15,177.13,530.23,0.8636,-1,-1,-1
519,45,1100.71,264.21,107.58,308.50,0.8085,-1,-1,-1
519,39,1220.51,57.76,341.41,935.09,0.9035,-1,-1,-1
519,31,987.55,199.34,82.02,436.71,0.6411,-1,-1,-1
519,2,851.12,196.58,155.00,494.39,0.7936,-1,-1,-1
520,54,1056.51,285.27,53.45,221.68,0.5423,-1,-1,-1
520,51,448.10,139.32,222.83,624.12,0.8582,-1,-1,-1
520,46,278.59,225.35,183.29,535.44,0.8731,-1,-1,-1
520,45,1102.49,264.98,107.80,304.62,0.8027,-1,-1,-1
520,39,1226.61,56.16,337.53,943.66,0.9025,-1,-1,-1
520,31,987.30,196.54,82.03,439.63,0.6353,-1,-1,-1
520,2,853.25,193.89,153.10,496.18,0.7846,-1,-1,-1
521,54,1059.99,296.99,56.87,211.16,0.5819,-1,-1,-1
521,51,446.85,135.55,225.68,630.93,0.8569,-1,-1,-1
521,46,273.21,228.48,185.29,535.68,0.8841,-1,-1,-1
521,45,1108.43,264.77,108.76,306.77,0.7961,-1,-1,-1
521,39,1231.23,60.06,336.39,948.30,0.9022,-1,-1,-1
521,31,989.73,197.02,82.24,440.43,0.6698,-1,-1,-1
521,2,856.98,197.76,151.07,496.12,0.7858,-1,-1,-1
522,54,1059.75,283.68,56.37,216.20,0.5766,-1,-1,-1
522,51,443.67,129.92,228.78,638.85,0.8673,-1,-1,-1
522,46,266.14,223.18,187.92,544.38,0.8767,-1,-1,-1
522,45,1108.34,262.21,106.96,306.33,0.7994,-1,-1,-1
522,39,1233.50,58.03,330.19,957.07,0.9047,-1,-1,-1
522,31,989.56,195.84,82.12,442.10,0.6515,-1,-1,-1
522,2,858.43,198.92,151.11,492.17,0.8087,-1,-1,-1
523,54,1059.76,285.15,60.12,215.16,0.6367,-1,-1,-1
523,51,436.68,117.82,234.55,655.19,0.8747,-1,-1,-1
523,46,254.61,217.20,198.48,552.73,0.8785,-1,-1,-1
523,45,1107.66,259.93,109.67,305.00,0.7869,-1,-1,-1
523,39,1234.15,55.15,325.74,965.42,0.9079,-1,-1,-1
523,31,990.08,193.69,83.03,447.05,0.6679,-1,-1,-1
523,2,862.94,197.61,148.57,492.44,0.8158,-1,-1,-1
524,54,1059.75,281.74,62.17,217.46,0.6622,-1,-1,-1
524,51,433.10,118.00,237.79,658.35,0.8760,-1,-1,-1
524,46,248.32,215.85,201.87,562.06,0.8796,-1,-1,-1
524,45,1105.83,258.54,114.13,306.79,0.7971,-1,-1,-1
524,39,1235.87,53.68,324.00,962.19,0.9067,-1,-1,-1
524,31,993.69,198.95,79.91,451.03,0.6186,-1,-1,-1
524,2,869.06,199.21,145.56,491.56,0.8326,-1,-1,-1
525,54,1065.02,280.24,61.97,219.18,0.6511,-1,-1,-1
525,51,432.87,112.69,241.62,666.80,0.8756,-1,-1,-1
525,46,240.48,212.76,203.40,566.48,0.8766,-1,-1,-1
525,45,1111.45,256.81,114.46,307.01,0.8084,-1,-1,-1
525,39,1235.35,48.87,328.74,966.21,0.9048,-1,-1,-1
525,31,994.67,202.50,84.58,438.13,0.5606,-1,-1,-1
525,2,872.92,200.14,149.68,490.71,0.8535,-1,-1,-1
526,54,1069.76,276.77,59.39,221.69,0.7115,-1,-1,-1
526,51,429.53,110.74,248.14,670.78,0.8780,-1,-1,-1
526,46,232.15,209.82,206.17,574.04,0.8671,-1,-1,-1
526,45,1114.12,255.86,117.74,311.20,0.8281,-1,-1,-1
526,39,1239.70,48.05,328.42,964.35,0.9025,-1,-1,-1
526,31,996.26,202.56,88.34,445.67,0.5397,-1,-1,-1
526,2,877.47,199.25,149.92,493.94,0.8615,-1,-1,-1
527,54,1072.14,279.04,62.93,225.38,0.7560,-1,-1,-1
527,51,424.64,111.10,255.83,673.35,0.8748,-1,-1,-1
527,46,224.75,205.28,206.83,584.53,0.8561,-1,-1,-1
527,45,1117.24,259.30,119.63,308.85,0.8430,-1,-1,-1
527,39,1244.53,49.59,326.20,961.86,0.9087,-1,-1,-1
527,31,996.99,204.09,91.28,448.20,0.6070,-1,-1,-1
527,2,880.13,200.77,151.79,491.34,0.8385,-1,-1,-1
528,54,1078.95,278.02,62.85,224.68,0.7220,-1,-1,-1
528,51,420.29,108.06,260.61,681.15,0.8841,-1,-1,-1
528,46,223.95,206.16,209.25,589.49,0.8461,-1,-1,-1
528,45,1125.95,260.53,111.52,310.25,0.8394,-1,-1,-1
528,39,1242.41,46.40,332.79,963.57,0.9093,-1,-1,-1
528,31,999.30,202.90,93.19,451.28,0.5892,-1,-1,-1
528,2,877.92,199.48,157.75,493.05,0.8257,-1,-1,-1
529,54,1085.04,284.12,58.55,226.26,0.7214,-1,-1,-1
529,51,415.53,104.18,269.48,693.43,0.8816,-1,-1,-1
529,46,222.57,205.91,209.63,608.89,0.8253,-1,-1,-1
529,45,1133.30,261.57,108.14,311.63,0.8123,-1,-1,-1
529,39,1242.05,47.78,335.42,953.56,0.9105,-1,-1,-1
529,31,1001.99,202.98,90.14,452.46,0.6238,-1,-1,-1
529,2,875.93,198.41,158.23,489.74,0.8119,-1,-1,-1
530,54,1089.30,298.38,61.74,208.66,0.6528,-1,-1,-1
530,51,402.96,101.16,282.44,713.54,0.8806,-1,-1,-1
530,46,212.87,206.25,218.67,630.56,0.8277,-1,-1,-1
530,45,1137.37,262.05,107.53,313.82,0.7999,-1,-1,-1
530,39,1246.97,49.13,342.75,938.83,0.9049,-1,-1,-1
530,31,1008.62,208.39,87.35,451.72,0.7040,-1,-1,-1
530,2,889.09,196.47,144.11,490.89,0.7794,-1,-1,-1
531,54,1093.91,293.08,64.17,213.50,0.7250,-1,-1,-1
531,51,401.11,93.70,283.63,743.24,0.8831,-1,-1,-1
531,46,208.33,208.91,218.08,635.34,0.8440,-1,-1,-1
531,45,1143.94,264.97,106.02,311.31,0.8073,-1,-1,-1
531,39,1247.82,48.83,345.66,937.51,0.9107,-1,-1,-1
531,31,1010.37,206.60,93.05,458.97,0.7155,-1,-1,-1
531,2,877.82,195.33,159.27,491.47,0.7960,-1,-1,-1
532,54,1099.79,293.75,60.29,216.42,0.7337,-1,-1,-1
532,51,396.85,92.25,288.65,757.70,0.8871,-1,-1,-1
532,46,203.34,211.70,222.48,633.91,0.8573,-1,-1,-1
532,45,1146.80,264.93,105.97,313.82,0.8128,-1,-1,-1
532,39,1250.46,47.20,349.21,949.29,0.9081,-1,-1,-1
532,31,1013.63,201.15,92.33,462.81,0.6444,-1,-1,-1
532,2,887.31,198.26,156.47,486.34,0.8204,-1,-1,-1
533,54,1103.00,284.68,61.94,226.28,0.6590,-1,-1,-1
533,51,387.39,90.97,297.89,762.93,0.8826,-1,-1,-1
533,46,197.08,214.24,221.59,640.59,0.8670,-1,-1,-1
533,45,1151.53,269.53,105.58,315.10,0.8024,-1,-1,-1
533,39,1252.92,48.12,355.69,955.71,0.9008,-1,-1,-1
533,31,1015.67,203.00,92.45,460.11,0.7145,-1,-1,-1
533,2,892.66,200.32,153.65,485.84,0.8353,-1,-1,-1
534,54,1106.24,286.97,64.44,232.57,0.6001,-1,-1,-1
534,51,380.34,90.56,303.74,764.01,0.8852,-1,-1,-1
534,46,188.51,216.74,221.57,641.75,0.8752,-1,-1,-1
534,45,1154.22,270.38,106.92,316.24,0.7682,-1,-1,-1
534,39,1260.55,44.55,358.72,966.65,0.9036,-1,-1,-1
534,31,1015.90,198.01,91.91,466.35,0.6621,-1,-1,-1
534,2,895.88,201.64,153.27,496.53,0.8348,-1,-1,-1
535,54,1106.45,289.19,59.92,231.61,0.4039,-1,-1,-1
535,51,373.40,87.02,303.86,778.17,0.8756,-1,-1,-1
535,46,178.90,210.42,228.05,676.56,0.8800,-1,-1,-1
535,45,1152.91,269.88,113.33,317.21,0.7878,-1,-1,-1
535,39,1263.55,43.28,358.01,978.55,0.9082,-1,-1,-1
535,31,1017.60,199.41,94.90,472.29,0.6861,-1,-1,-1
535,2,896.02,205.02,153.87,492.86,0.8420,-1,-1,-1
536,54,1108.93,294.74,58.97,223.26,0.3572,-1,-1,-1
536,51,370.90,82.73,300.48,808.42,0.8701,-1,-1,-1
536,46,167.05,208.67,234.37,683.12,0.8807,-1,-1,-1
536,45,1154.72,269.44,112.30,317.85,0.8014,-1,-1,-1
536,39,1263.22,41.65,366.77,988.04,0.9051,-1,-1,-1
536,31,1019.19,196.99,92.84,468.12,0.7122,-1,-1,-1
536,2,900.47,205.35,152.04,494.78,0.8319,-1,-1,-1
537,54,1112.69,282.92,66.28,244.38,0.3741,-1,-1,-1
537,51,362.66,78.93,301.99,830.44,0.8743,-1,-1,-1
537,46,151.07,205.24,241.51,694.66,0.8764,-1,-1,-1
537,45,1155.74,269.95,111.45,318.04,0.7667,-1,-1,-1
537,39,1263.97,40.92,371.38,994.35,0.9050,-1,-1,-1
537,31,1019.78,199.01,92.87,462.41,0.6986,-1,-1,-1
537,2,903.01,210.07,150.84,492.75,0.8228,-1,-1,-1
538,54,1114.92,282.01,63.79,246.25,0.3619,-1,-1,-1
538,51,350.14,66.78,298.81,849.14,0.8846,-1,-1,-1
538,46,135.86,198.63,244.47,708.94,0.8729,-1,-1,-1
538,45,1158.43,268.35,109.83,321.35,0.8010,-1,-1,-1
538,39,1267.02,41.23,375.88,1000.68,0.9047,-1,-1,-1
538,31,1020.00,200.57,100.96,459.37,0.7040,-1,-1,-1
538,2,904.02,212.74,152.15,490.10,0.8180,-1,-1,-1
539,51,341.96,52.99,306.83,866.11,0.8803,-1,-1,-1
539,46,110.78,188.00,251.49,721.81,0.8693,-1,-1,-1
539,45,1154.68,265.21,110.56,323.54,0.7896,-1,-1,-1
539,39,1268.49,40.12,377.93,1007.98,0.9043,-1,-1,-1
539,31,1020.45,199.97,103.97,450.50,0.7193,-1,-1,-1
539,2,902.93,211.83,151.05,491.56,0.8157,-1,-1,-1
540,51,326.35,50.79,310.26,872.54,0.8770,-1,-1,-1
540,46,98.82,178.84,243.10,736.15,0.8850,-1,-1,-1
540,45,1151.47,266.11,109.03,322.29,0.7980,-1,-1,-1
540,39,1273.15,41.60,374.20,1014.48,0.9040,-1,-1,-1
540,31,1021.34,198.44,91.86,453.91,0.6253,-1,-1,-1
540,2,903.33,212.35,151.75,490.59,0.8094,-1,-1,-1
541,51,302.70,42.01,310.25,887.13,0.8858,-1,-1,-1
541,46,75.69,180.08,253.04,744.14,0.8953,-1,-1,-1
541,45,1135.20,268.53,118.77,321.60,0.7809,-1,-1,-1
541,39,1271.86,51.37,377.27,1010.31,0.9000,-1,-1,-1
541,31,1018.26,200.08,96.38,454.17,0.7100,-1,-1,-1
541,2,903.20,216.67,147.91,482.86,0.8053,-1,-1,-1
542,57,584.71,291.54,70.18,250.70,0.6277,-1,-1,-1
542,51,289.15,34.30,305.11,901.68,0.8866,-1,-1,-1
542,46,52.06,167.18,257.78,754.48,0.8870,-1,-1,-1
542,45,1140.28,266.81,110.54,323.56,0.8210,-1,-1,-1
542,39,1272.35,53.58,377.82,1005.48,0.8953,-1,-1,-1
542,31,1016.52,198.66,85.63,455.00,0.6569,-1,-1,-1
542,2,896.66,211.80,151.05,488.53,0.7969,-1,-1,-1
543,57,581.64,287.28,75.48,255.73,0.5996,-1,-1,-1
543,56,1636.25,287.97,65.45,152.40,0.3350,-1,-1,-1
543,51,258.50,19.70,324.64,919.44,0.8778,-1,-1,-1
543,46,28.07,159.27,263.47,770.85,0.8898,-1,-1,-1
543,45,1132.18,265.29,111.08,321.30,0.7961,-1,-1,-1
543,39,1276.55,51.85,375.42,1001.31,0.8989,-1,-1,-1
543,31,1017.40,194.92,82.58,455.29,0.6314,-1,-1,-1
543,2,891.54,208.72,153.09,489.91,0.8218,-1,-1,-1
544,57,579.43,286.95,74.34,257.60,0.6434,-1,-1,-1
544,56,1637.22,287.40,63.73,154.73,0.3277,-1,-1,-1
544,51,253.92,11.21,311.93,936.98,0.8983,-1,-1,-1
544,46,4.58,154.46,271.59,781.65,0.8870,-1,-1,-1
544,45,1116.81,262.76,122.08,327.77,0.8358,-1,-1,-1
544,39,1278.34,52.49,374.21,1006.55,0.8986,-1,-1,-1
544,31,1014.93,190.82,85.76,461.23,0.5616,-1,-1,-1
544,2,891.47,204.70,152.12,486.40,0.8170,-1,-1,-1
545,57,577.86,290.15,72.59,254.37,0.6479,-1,-1,-1
545,56,1638.37,290.60,63.27,155.13,0.3136,-1,-1,-1
545,51,220.04,4.17,330.37,950.26,0.8900,-1,-1,-1
545,46,0.00,146.80,254.99,802.07,0.8815,-1,-1,-1
545,45,1108.82,264.75,125.57,328.56,0.8421,-1,-1,-1
545,39,1280.64,54.12,372.25,1000.40,0.9041,-1,-1,-1
545,31,1011.93,201.14,85.94,459.41,0.6117,-1,-1,-1
545,2,889.56,203.82,151.59,483.25,0.8098,-1,-1,-1
546,57,574.20,288.70,70.76,253.22,0.6967,-1,-1,-1
546,56,1638.72,301.89,59.97,146.30,0.3622,-1,-1,-1
546,51,201.06,5.41,339.54,959.24,0.9040,-1,-1,-1
546,46,0.00,141.86,236.60,825.12,0.8869,-1,-1,-1
546,45,1110.56,269.16,119.05,323.97,0.8204,-1,-1,-1
546,39,1279.47,54.45,372.81,999.94,0.9042,-1,-1,-1
546,31,1009.48,199.36,94.19,443.50,0.4932,-1,-1,-1
546,2,884.26,202.29,156.63,484.42,0.8076,-1,-1,-1
547,57,568.48,289.86,61.18,254.36,0.6279,-1,-1,-1
547,56,1637.78,299.29,59.05,150.40,0.3408,-1,-1,-1
547,51,181.58,2.58,346.76,967.00,0.8975,-1,-1,-1
547,46,0.18,132.25,219.64,839.97,0.8793,-1,-1,-1
547,45,1112.72,268.57,109.39,323.05,0.7745,-1,-1,-1
547,39,1278.74,53.47,370.04,991.86,0.9079,-1,-1,-1
547,31,1001.69,201.57,107.30,449.31,0.6083,-1,-1,-1
547,2,878.45,201.33,155.65,485.08,0.8088,-1,-1,-1
548,57,563.04,287.45,61.92,259.40,0.6731,-1,-1,-1
548,56,1631.60,291.66,62.01,158.87,0.3879,-1,-1,-1
548,51,158.89,3.31,362.28,987.71,0.8997,-1,-1,-1
548,46,0.76,125.08,203.73,841.54,0.8607,-1,-1,-1
548,45,1097.46,269.98,116.62,325.64,0.8083,-1,-1,-1
548,39,1278.47,52.57,367.73,978.07,0.9042,-1,-1,-1
548,31,1000.31,202.74,117.85,447.81,0.6331,-1,-1,-1
548,2,873.93,202.71,156.08,486.25,0.8155,-1,-1,-1
549,57,555.19,291.71,64.19,253.73,0.6637,-1,-1,-1
549,56,1629.81,296.19,60.09,156.35,0.4337,-1,-1,-1
549,51,113.17,1.48,402.75,1028.44,0.8784,-1,-1,-1
549,46,0.93,127.79,194.88,847.36,0.8491,-1,-1,-1
549,45,1097.62,271.73,111.63,323.34,0.8208,-1,-1,-1
549,39,1277.79,50.06,364.29,967.79,0.9045,-1,-1,-1
549,31,994.55,218.26,132.43,430.06,0.6797,-1,-1,-1
549,2,868.40,202.15,151.11,491.01,0.8360,-1,-1,-1
550,58,987.78,206.33,80.71,448.69,0.4562,-1,-1,-1
550,57,546.17,285.88,72.44,261.32,0.6643,-1,-1,-1
550,56,1624.25,291.24,62.27,163.99,0.4780,-1,-1,-1
550,51,89.65,2.74,398.87,1065.15,0.8850,-1,-1,-1
550,46,0.12,163.86,154.46,819.99,0.8166,-1,-1,-1
550,45,1097.79,272.39,103.06,323.53,0.8089,-1,-1,-1
550,39,1277.22,48.50,361.67,971.99,0.9037,-1,-1,-1
550,31,1026.48,276.06,109.10,348.29,0.6148,-1,-1,-1
550,2,866.53,203.96,152.38,493.12,0.8401,-1,-1,-1
551,58,983.76,206.84,81.18,431.43,0.3075,-1,-1,-1
551,57,540.92,280.34,63.25,268.36,0.7283,-1,-1,-1
551,56,1620.76,284.35,64.69,171.68,0.4935,-1,-1,-1
551,51,63.51,1.28,405.60,1073.95,0.8871,-1,-1,-1
551,46,0.28,254.65,143.91,732.46,0.8402,-1,-1,-1
551,45,1094.63,274.26,103.29,321.07,0.7984,-1,-1,-1
551,39,1276.21,47.82,362.06,984.99,0.8995,-1,-1,-1
551,31,1023.58,287.71,111.26,339.13,0.6776,-1,-1,-1
551,2,864.98,208.40,147.78,487.46,0.8466,-1,-1,-1
552,58,975.15,212.34,85.37,412.21,0.4472,-1,-1,-1
552,57,534.11,283.35,69.63,267.08,0.7325,-1,-1,-1
552,56,1618.36,279.21,67.02,178.24,0.3784,-1,-1,-1
552,51,24.32,3.72,424.92,1068.73,0.9076,-1,-1,-1
552,46,0.06,239.16,125.06,752.73,0.7943,-1,-1,-1
552,45,1094.90,276.98,97.00,320.46,0.7476,-1,-1,-1
552,39,1276.39,48.66,359.23,991.97,0.8994,-1,-1,-1
552,31,1013.70,283.17,124.25,348.48,0.6554,-1,-1,-1
552,2,858.90,213.01,148.09,479.99,0.8404,-1,-1,-1
553,58,972.69,212.52,85.80,423.01,0.5705,-1,-1,-1
553,57,529.59,290.97,70.09,260.83,0.7056,-1,-1,-1
553,56,1615.51,281.45,67.90,177.54,0.3168,-1,-1,-1
553,51,0.76,1.98,437.97,1064.93,0.9053,-1,-1,-1
553,46,0.00,233.18,115.40,765.49,0.4725,-1,-1,-1
553,45,1097.45,275.89,87.54,319.78,0.7465,-1,-1,-1
553,39,1280.29,47.42,353.93,998.92,0.8959,-1,-1,-1
553,31,1014.55,271.00,122.90,364.63,0.6267,-1,-1,-1
553,2,852.05,216.31,146.05,480.45,0.8143,-1,-1,-1
554,58,964.37,213.62,85.08,468.51,0.6288,-1,-1,-1
554,57,526.99,286.31,70.37,268.69,0.7209,-1,-1,-1
554,56,1612.56,287.99,71.55,170.39,0.5706,-1,-1,-1
554,51,0.00,4.10,429.87,1062.09,0.9108,-1,-1,-1
554,45,1096.26,277.51,89.96,328.72,0.6851,-1,-1,-1
554,39,1274.72,47.33,352.47,1004.95,0.9025,-1,-1,-1
554,31,1018.43,268.45,117.31,371.10,0.6176,-1,-1,-1
554,2,851.73,221.14,136.96,480.55,0.8400,-1,-1,-1
555,58,960.15,214.74,87.26,464.86,0.6514,-1,-1,-1
555,57,522.55,289.86,74.37,267.40,0.7479,-1,-1,-1
555,56,1605.95,291.20,77.13,169.30,0.6565,-1,-1,-1
555,51,0.41,2.87,381.44,1062.36,0.8840,-1,-1,-1
555,45,1098.12,278.97,82.39,336.82,0.4512,-1,-1,-1
555,39,1268.67,50.70,353.29,1008.04,0.9051,-1,-1,-1
555,31,1016.49,268.76,121.43,374.56,0.6409,-1,-1,-1
555,2,853.06,221.98,132.25,483.03,0.8490,-1,-1,-1
556,58,960.71,216.53,91.55,464.87,0.7285,-1,-1,-1
556,57,520.62,289.93,70.32,270.08,0.7283,-1,-1,-1
556,56,1607.06,291.95,76.53,171.66,0.6454,-1,-1,-1
556,51,0.00,5.76,350.23,1057.99,0.9234,-1,-1,-1
556,39,1266.82,53.89,352.55,1014.65,0.9005,-1,-1,-1
556,31,1018.64,261.88,125.59,383.04,0.6035,-1,-1,-1
556,2,849.87,222.27,134.01,482.03,0.8434,-1,-1,-1
557,58,960.38,213.08,93.77,464.30,0.7582,-1,-1,-1
557,57,516.80,292.83,70.91,269.40,0.7234,-1,-1,-1
557,56,1605.76,288.65,77.74,176.12,0.5230,-1,-1,-1
557,51,0.00,4.42,339.01,1062.46,0.9184,-1,-1,-1
557,39,1270.79,55.63,345.61,1013.08,0.8958,-1,-1,-1
557,31,1044.38,261.56,121.44,378.00,0.7518,-1,-1,-1
557,2,845.44,220.06,136.72,484.40,0.8357,-1,-1,-1
558,58,960.78,216.10,93.27,459.94,0.8014,-1,-1,-1
558,57,516.05,293.06,72.38,270.64,0.7386,-1,-1,-1
558,56,1605.12,288.00,82.94,176.50,0.4420,-1,-1,-1
558,51,0.22,4.57,331.85,1062.68,0.8744,-1,-1,-1
558,39,1277.50,56.45,334.60,1015.24,0.8954,-1,-1,-1
558,31,1050.19,256.09,116.37,389.23,0.7891,-1,-1,-1
558,2,838.44,218.58,142.24,488.78,0.8393,-1,-1,-1
559,58,957.65,213.73,99.58,454.70,0.7988,-1,-1,-1
559,57,520.15,289.28,69.27,278.38,0.7438,-1,-1,-1
559,56,1603.73,291.96,94.17,175.15,0.5063,-1,-1,-1
559,51,0.34,7.09,354.11,1063.59,0.8956,-1,-1,-1
559,39,1284.77,57.32,325.10,1011.85,0.9023,-1,-1,-1
559,31,1047.78,255.78,120.92,392.13,0.7931,-1,-1,-1
559,2,831.86,220.68,149.51,482.87,0.8350,-1,-1,-1
560,58,955.78,220.17,103.62,444.26,0.7660,-1,-1,-1
560,57,520.47,291.82,71.05,277.98,0.7424,-1,-1,-1
560,56,1602.05,293.14,102.87,175.18,0.6282,-1,-1,-1
560,51,0.88,4.57,349.82,1063.49,0.7995,-1,-1,-1
560,39,1289.33,59.81,316.16,1008.01,0.8923,-1,-1,-1
560,31,1062.58,264.58,111.27,382.44,0.7203,-1,-1,-1
560,2,823.62,224.82,158.91,475.15,0.8429,-1,-1,-1
561,58,955.94,217.28,109.64,446.39,0.7843,-1,-1,-1
561,57,523.19,287.19,76.03,281.90,0.7175,-1,-1,-1
561,56,1606.51,283.35,118.25,183.53,0.5901,-1,-1,-1
561,51,1.03,6.62,334.31,1061.54,0.8638,-1,-1,-1
561,39,1293.85,56.43,318.42,1011.75,0.8956,-1,-1,-1
561,31,1080.30,273.38,112.75,369.18,0.7062,-1,-1,-1
561,2,821.76,221.57,160.83,474.86,0.8467,-1,-1,-1
562,58,954.20,213.83,114.37,453.98,0.7993,-1,-1,-1
562,57,524.70,289.22,74.40,278.58,0.6947,-1,-1,-1
562,56,1617.51,285.75,110.55,181.49,0.6895,-1,-1,-1
562,51,1.03,13.16,332.04,1054.33,0.8350,-1,-1,-1
562,39,1297.49,54.67,314.30,1019.04,0.9004,-1,-1,-1
562,31,1093.10,271.10,112.83,380.85,0.7619,-1,-1,-1
562,2,817.48,218.23,164.71,472.10,0.8435,-1,-1,-1
563,58,957.66,216.10,114.07,454.68,0.8124,-1,-1,-1
563,57,527.59,289.26,73.54,281.38,0.7384,-1,-1,-1
563,56,1630.11,283.55,116.41,185.14,0.5994,-1,-1,-1
563,51,0.91,7.04,315.80,1060.69,0.8742,-1,-1,-1
563,39,1302.04,58.77,324.21,1015.46,0.8957,-1,-1,-1
563,31,1102.41,271.36,129.17,382.51,0.7908,-1,-1,-1
563,2,817.73,218.49,166.23,476.45,0.8472,-1,-1,-1
564,58,962.89,214.31,116.47,462.15,0.7958,-1,-1,-1
564,57,534.10,293.97,72.12,279.32,0.7500,-1,-1,-1
564,56,1645.18,278.66,106.38,191.24,0.6528,-1,-1,-1
564,54,1068.71,271.51,93.89,344.25,0.5487,-1,-1,-1
564,51,0.86,6.31,304.60,1063.61,0.8592,-1,-1,-1
564,39,1304.98,52.71,339.93,1021.37,0.8986,-1,-1,-1
564,31,1113.32,270.05,148.97,388.53,0.7522,-1,-1,-1
564,2,822.03,219.13,165.71,480.93,0.8585,-1,-1,-1
565,58,972.13,217.23,117.68,463.72,0.7981,-1,-1,-1
565,57,542.92,303.55,72.83,272.03,0.7164,-1,-1,-1
565,56,1658.82,280.76,113.63,196.91,0.6562,-1,-1,-1
565,54,1083.15,275.15,92.40,338.72,0.6708,-1,-1,-1
565,51,1.10,11.86,286.14,1054.36,0.7606,-1,-1,-1
565,39,1306.92,53.40,358.61,1025.51,0.9026,-1,-1,-1
565,31,1131.39,270.31,166.18,391.84,0.7976,-1,-1,-1
565,2,833.07,224.71,161.66,478.27,0.8561,-1,-1,-1
566,58,975.76,215.69,122.22,461.98,0.7563,-1,-1,-1
566,57,548.51,303.76,72.29,272.59,0.7248,-1,-1,-1
566,56,1675.39,281.68,101.80,195.23,0.7204,-1,-1,-1
566,54,1087.07,273.17,103.75,341.48,0.6525,-1,-1,-1
566,51,0.81,8.92,266.25,1059.70,0.7997,-1,-1,-1
566,39,1314.40,53.59,367.00,1013.83,0.8979,-1,-1,-1
566,31,1137.72,274.16,184.25,394.60,0.7253,-1,-1,-1
566,2,839.87,226.89,160.46,477.71,0.8488,-1,-1,-1
567,58,981.49,223.26,117.17,446.85,0.7655,-1,-1,-1
567,57,553.08,304.60,74.15,272.51,0.7414,-1,-1,-1
567,56,1692.47,281.96,103.80,193.25,0.6562,-1,-1,-1
567,54,1092.17,273.05,108.50,351.81,0.7412,-1,-1,-1
567,51,0.50,5.30,245.80,1063.54,0.7287,-1,-1,-1
567,39,1320.81,53.89,382.55,1006.04,0.9166,-1,-1,-1
567,31,1142.36,270.60,209.20,400.72,0.7991,-1,-1,-1
567,2,846.60,231.61,162.00,479.47,0.8364,-1,-1,-1
568,58,987.28,225.61,121.53,452.62,0.8196,-1,-1,-1
568,57,558.61,300.42,77.07,276.35,0.7536,-1,-1,-1
568,56,1704.78,282.97,104.81,197.62,0.6214,-1,-1,-1
568,54,1095.71,271.52,115.24,354.03,0.7459,-1,-1,-1
568,51,0.00,14.86,217.27,1061.56,0.3049,-1,-1,-1
568,39,1311.69,54.21,404.41,1016.35,0.9163,-1,-1,-1
568,31,1150.19,282.19,192.78,393.60,0.8634,-1,-1,-1
568,2,849.74,230.73,164.51,480.32,0.8451,-1,-1,-1
569,58,997.87,227.00,118.31,462.50,0.8180,-1,-1,-1
569,57,564.27,300.01,79.05,279.55,0.7622,-1,-1,-1
569,56,1717.12,286.28,102.87,198.86,0.6675,-1,-1,-1
569,54,1103.91,275.78,111.98,353.71,0.7736,-1,-1,-1
569,39,1320.93,54.80,408.69,1016.93,0.9097,-1,-1,-1
569,31,1153.83,284.61,195.47,395.06,0.8655,-1,-1,-1
569,2,854.92,232.50,162.76,480.88,0.8513,-1,-1,-1
570,58,1008.41,231.82,114.33,461.42,0.8224,-1,-1,-1
570,57,567.51,295.15,80.21,285.37,0.7628,-1,-1,-1
570,56,1729.99,289.38,102.83,198.25,0.6610,-1,-1,-1
570,54,1110.74,276.29,118.00,351.92,0.7813,-1,-1,-1
570,39,1316.71,52.73,428.24,1021.93,0.9010,-1,-1,-1
570,31,1166.14,281.21,196.85,403.35,0.8488,-1,-1,-1
570,2,863.44,242.48,157.04,474.39,0.8607,-1,-1,-1
571,58,1012.50,233.45,111.92,464.22,0.7977,-1,-1,-1
571,57,571.06,303.72,78.84,282.25,0.7939,-1,-1,-1
571,56,1740.15,289.39,104.08,201.31,0.5994,-1,-1,-1
571,54,1109.99,273.54,129.34,357.69,0.8050,-1,-1,-1
571,39,1327.61,54.15,421.70,1019.78,0.9150,-1,-1,-1
571,31,1170.60,279.36,202.10,412.29,0.8295,-1,-1,-1
571,2,870.14,245.32,156.66,473.48,0.8511,-1,-1,-1
572,58,1014.99,233.29,115.18,461.44,0.7808,-1,-1,-1
572,57,576.37,305.62,75.99,278.98,0.8195,-1,-1,-1
572,56,1751.08,289.79,105.43,201.68,0.5637,-1,-1,-1
572,54,1118.77,274.56,129.96,360.48,0.7916,-1,-1,-1
572,39,1326.52,53.44,431.92,1021.98,0.9048,-1,-1,-1
572,31,1194.24,281.39,187.80,410.70,0.8295,-1,-1,-1
572,2,874.79,238.54,156.97,477.16,0.8204,-1,-1,-1
573,58,1022.08,233.33,114.61,457.85,0.7582,-1,-1,-1
573,57,580.10,308.73,74.37,278.46,0.7775,-1,-1,-1
573,56,1761.38,293.31,103.92,200.73,0.6061,-1,-1,-1
573,54,1121.98,276.28,133.59,359.41,0.8217,-1,-1,-1
573,39,1332.25,55.04,441.52,1020.62,0.8942,-1,-1,-1
573,31,1214.70,284.79,172.98,409.79,0.8171,-1,-1,-1
573,2,880.61,238.54,152.94,476.76,0.8281,-1,-1,-1
574,58,1025.90,236.46,115.65,454.98,0.7598,-1,-1,-1
574,57,584.90,306.05,75.80,281.02,0.7113,-1,-1,-1
574,56,1774.37,294.14,106.84,203.99,0.5545,-1,-1,-1
574,54,1127.57,278.89,132.38,361.54,0.8299,-1,-1,-1
574,39,1340.57,54.13,441.90,1019.78,0.9082,-1,-1,-1
574,31,1235.18,283.29,163.54,414.46,0.7741,-1,-1,-1
574,2,884.17,239.52,158.46,477.23,0.8418,-1,-1,-1
575,58,1030.53,235.87,112.50,460.13,0.7710,-1,-1,-1
575,57,589.15,304.56,74.81,281.82,0.6910,-1,-1,-1
575,54,1134.13,278.23,130.94,364.43,0.8405,-1,-1,-1
575,39,1350.06,57.26,435.36,1013.56,0.9108,-1,-1,-1
575,31,1250.82,282.75,154.13,417.89,0.7156,-1,-1,-1
575,2,886.58,239.12,157.84,474.94,0.8422,-1,-1,-1
576,58,1030.15,236.05,113.14,455.76,0.7833,-1,-1,-1
576,57,591.82,315.14,73.96,273.30,0.7104,-1,-1,-1
576,56,1786.24,296.17,115.27,204.95,0.5535,-1,-1,-1
576,54,1139.72,274.27,132.51,369.25,0.8365,-1,-1,-1
576,39,1356.88,60.52,433.52,1009.15,0.9127,-1,-1,-1
576,31,1271.51,280.62,140.83,423.68,0.7407,-1,-1,-1
576,2,889.32,238.64,156.33,472.52,0.8242,-1,-1,-1
577,58,1030.32,226.11,112.74,475.30,0.7900,-1,-1,-1
577,57,587.57,316.81,78.89,272.24,0.6706,-1,-1,-1
577,56,1794.99,295.61,115.19,201.01,0.6061,-1,-1,-1
577,54,1140.51,274.08,134.81,370.94,0.8280,-1,-1,-1
577,39,1360.48,60.70,433.83,1009.15,0.9074,-1,-1,-1
577,31,1293.34,288.22,137.59,424.06,0.7623,-1,-1,-1
577,2,892.76,236.77,154.16,470.32,0.8185,-1,-1,-1
578,58,1030.62,224.34,112.96,476.94,0.7904,-1,-1,-1
578,57,589.70,314.92,77.60,275.18,0.6979,-1,-1,-1
578,56,1798.09,299.60,117.10,201.46,0.5935,-1,-1,-1
578,54,1143.37,274.44,125.04,372.74,0.8225,-1,-1,-1
578,39,1367.57,63.35,436.58,1006.58,0.9025,-1,-1,-1
578,31,1317.81,282.14,122.49,431.76,0.7278,-1,-1,-1
578,2,893.55,236.69,153.79,470.99,0.8288,-1,-1,-1
579,58,1027.36,232.19,115.31,471.15,0.7846,-1,-1,-1
579,57,589.43,306.68,73.98,291.52,0.7375,-1,-1,-1
579,56,1801.02,304.08,118.34,209.34,0.6257,-1,-1,-1
579,54,1142.11,276.49,129.62,377.10,0.8299,-1,-1,-1
579,39,1385.74,71.11,423.60,997.25,0.9034,-1,-1,-1
579,31,1329.78,283.92,123.80,443.11,0.7859,-1,-1,-1
579,2,890.01,240.19,153.98,471.60,0.8383,-1,-1,-1
580,58,1022.49,235.07,119.72,466.01,0.7729,-1,-1,-1
580,57,585.20,303.20,75.30,296.87,0.6825,-1,-1,-1
580,56,1808.00,304.46,111.39,212.78,0.6577,-1,-1,-1
580,54,1141.34,275.37,128.87,379.90,0.8006,-1,-1,-1
580,39,1395.21,72.68,420.70,995.64,0.9025,-1,-1,-1
580,31,1332.35,284.42,127.95,449.99,0.7711,-1,-1,-1
580,2,892.20,242.47,149.01,467.57,0.8435,-1,-1,-1
581,58,1019.47,234.98,123.20,461.57,0.7765,-1,-1,-1
581,57,583.56,308.08,72.05,292.14,0.7290,-1,-1,-1
581,56,1817.21,305.21,102.18,216.01,0.6040,-1,-1,-1
581,54,1146.60,286.08,118.91,369.24,0.7874,-1,-1,-1
581,45,1232.61,313.20,58.57,279.32,0.4299,-1,-1,-1
581,39,1411.53,69.58,413.92,995.64,0.9015,-1,-1,-1
581,31,1334.37,283.55,150.39,454.51,0.7721,-1,-1,-1
581,2,886.68,242.86,150.35,465.76,0.8372,-1,-1,-1
582,58,1016.44,234.30,126.22,461.04,0.7830,-1,-1,-1
582,57,581.96,308.39,72.13,293.04,0.7594,-1,-1,-1
582,56,1828.08,305.66,91.33,215.51,0.5270,-1,-1,-1
582,54,1148.12,286.01,116.79,369.39,0.7750,-1,-1,-1
582,45,1229.89,310.69,63.51,282.95,0.4562,-1,-1,-1
582,39,1425.31,71.36,412.07,1002.32,0.9084,-1,-1,-1
582,31,1335.84,286.02,169.02,450.86,0.8257,-1,-1,-1
582,2,886.06,245.93,145.28,464.67,0.8438,-1,-1,-1
583,58,1013.18,232.52,129.33,464.27,0.7635,-1,-1,-1
583,57,576.88,310.85,74.29,292.62,0.7642,-1,-1,-1
583,56,1837.37,307.06,81.99,217.77,0.5309,-1,-1,-1
583,54,1143.35,280.27,117.99,378.14,0.7815,-1,-1,-1
583,45,1233.20,312.44,61.90,283.57,0.5574,-1,-1,-1
583,39,1430.62,72.71,415.77,1001.05,0.9085,-1,-1,-1
583,31,1339.77,286.74,166.42,450.07,0.8011,-1,-1,-1
583,2,882.86,248.98,144.06,473.23,0.8497,-1,-1,-1
584,58,1013.57,234.46,129.66,468.05,0.7646,-1,-1,-1
584,57,574.74,304.53,74.39,294.75,0.7627,-1,-1,-1
584,56,1841.11,307.82,78.25,224.97,0.5698,-1,-1,-1
584,54,1142.67,284.45,121.25,377.03,0.7717,-1,-1,-1
584,45,1231.96,311.93,64.24,282.79,0.5493,-1,-1,-1
584,39,1439.02,70.06,416.88,1002.82,0.9092,-1,-1,-1
584,31,1339.15,281.42,168.23,456.84,0.7982,-1,-1,-1
584,2,875.20,249.54,147.02,477.67,0.8480,-1,-1,-1
585,58,1006.89,233.42,133.47,470.32,0.7864,-1,-1,-1
585,57,573.05,308.28,71.17,291.79,0.7813,-1,-1,-1
585,56,1849.20,304.23,70.20,228.67,0.5226,-1,-1,-1
585,54,1141.88,284.44,121.20,379.46,0.7749,-1,-1,-1
585,45,1229.66,310.36,64.45,275.31,0.4705,-1,-1,-1
585,39,1443.96,72.10,416.91,996.54,0.9091,-1,-1,-1
585,31,1339.60,282.51,163.98,450.99,0.7658,-1,-1,-1
585,2,866.97,251.77,146.07,476.28,0.8627,-1,-1,-1
586,58,1008.41,234.65,127.05,469.85,0.8060,-1,-1,-1
586,57,567.72,297.63,72.93,304.31,0.7593,-1,-1,-1
586,56,1851.70,306.89,67.75,230.61,0.4464,-1,-1,-1
586,54,1140.70,284.56,126.18,378.20,0.7454,-1,-1,-1
586,39,1453.49,70.83,412.54,1002.77,0.9039,-1,-1,-1
586,31,1340.65,284.55,167.15,451.29,0.7407,-1,-1,-1
586,2,861.98,253.23,146.52,474.49,0.8468,-1,-1,-1
587,58,1008.43,236.66,122.24,468.51,0.8081,-1,-1,-1
587,57,564.20,305.50,72.21,297.42,0.7181,-1,-1,-1
587,56,1853.71,309.47,65.74,226.83,0.4820,-1,-1,-1
587,54,1141.39,282.76,125.17,382.03,0.7570,-1,-1,-1
587,39,1459.79,66.70,409.65,1008.76,0.8985,-1,-1,-1
587,31,1341.68,284.07,176.57,459.14,0.7564,-1,-1,-1
587,2,861.90,253.67,143.69,472.45,0.8498,-1,-1,-1
588,58,1002.13,239.57,123.44,465.96,0.7911,-1,-1,-1
588,57,555.97,318.20,72.92,287.29,0.7266,-1,-1,-1
588,56,1856.53,308.97,62.95,224.91,0.5366,-1,-1,-1
588,54,1141.56,285.70,127.44,379.87,0.7231,-1,-1,-1
588,39,1465.59,65.38,404.36,1008.53,0.9020,-1,-1,-1
588,31,1340.79,284.28,184.62,460.75,0.7545,-1,-1,-1
588,2,859.71,254.30,140.28,472.27,0.8396,-1,-1,-1
589,58,996.92,237.24,128.31,469.91,0.7997,-1,-1,-1
589,57,552.30,322.49,69.81,282.54,0.7148,-1,-1,-1
589,56,1860.49,312.15,59.00,220.85,0.4634,-1,-1,-1
589,54,1140.77,283.51,135.42,384.50,0.7718,-1,-1,-1
589,39,1468.44,63.02,407.75,1012.65,0.9035,-1,-1,-1
589,31,1340.90,283.30,195.42,468.79,0.7693,-1,-1,-1
589,2,854.76,252.96,136.70,474.51,0.8393,-1,-1,-1
590,58,980.69,239.75,140.01,467.93,0.8109,-1,-1,-1
590,57,548.86,316.96,71.72,288.89,0.7127,-1,-1,-1
590,56,1864.46,314.16,54.99,221.37,0.3900,-1,-1,-1
590,54,1139.21,285.02,141.02,386.93,0.8112,-1,-1,-1
590,39,1466.48,62.21,414.74,1014.40,0.9074,-1,-1,-1
590,31,1352.07,279.09,191.38,477.44,0.7314,-1,-1,-1
590,2,849.39,251.47,137.85,477.53,0.8382,-1,-1,-1
591,58,983.66,240.90,132.75,464.73,0.8065,-1,-1,-1
591,57,542.60,318.68,74.70,288.69,0.7381,-1,-1,-1
591,56,1867.80,316.84,51.61,218.34,0.3593,-1,-1,-1
591,54,1140.07,281.48,138.73,391.13,0.8226,-1,-1,-1
591,39,1466.78,60.96,418.21,1011.63,0.9094,-1,-1,-1
591,31,1378.73,278.87,166.35,480.24,0.7153,-1,-1,-1
591,2,835.56,249.62,148.54,473.80,0.8402,-1,-1,-1
592,58,983.88,239.39,130.39,469.56,0.8133,-1,-1,-1
592,57,539.33,306.95,78.99,303.67,0.7280,-1,-1,-1
592,56,1870.97,337.62,48.30,192.28,0.3211,-1,-1,-1
592,54,1141.79,277.89,135.38,395.34,0.8066,-1,-1,-1
592,39,1466.41,59.67,421.09,1011.75,0.9062,-1,-1,-1
592,31,1403.75,275.93,142.72,483.60,0.5636,-1,-1,-1
592,2,827.95,250.09,149.21,468.56,0.8340,-1,-1,-1
593,59,1107.58,317.90,53.23,243.18,0.6205,-1,-1,-1
593,58,984.24,238.84,127.28,471.80,0.8158,-1,-1,-1
593,57,537.77,304.48,79.41,309.17,0.7113,-1,-1,-1
593,54,1142.72,280.71,134.37,396.56,0.8260,-1,-1,-1
593,39,1463.69,60.48,426.10,1012.30,0.8957,-1,-1,-1
593,31,1419.68,312.17,137.98,447.22,0.4432,-1,-1,-1
593,2,824.30,249.79,148.40,464.76,0.8352,-1,-1,-1
594,59,1108.47,317.96,54.48,244.09,0.6118,-1,-1,-1
594,58,982.49,241.40,125.95,472.44,0.8134,-1,-1,-1
594,57,534.25,311.33,74.36,301.94,0.7299,-1,-1,-1
594,54,1146.75,282.27,130.63,397.06,0.8041,-1,-1,-1
594,39,1471.19,61.98,417.19,1013.96,0.8955,-1,-1,-1
594,2,814.17,250.64,157.38,463.13,0.8363,-1,-1,-1
595,59,1106.03,314.05,57.99,248.46,0.6607,-1,-1,-1
595,58,982.67,243.45,126.07,472.09,0.8038,-1,-1,-1
595,57,530.68,306.95,82.24,312.39,0.7637,-1,-1,-1
595,54,1148.46,282.16,129.82,398.62,0.7977,-1,-1,-1
595,39,1481.81,63.24,411.13,1010.71,0.9088,-1,-1,-1
595,2,808.37,250.26,159.60,464.57,0.8525,-1,-1,-1
596,59,1106.14,312.09,58.98,250.94,0.5401,-1,-1,-1
596,58,977.01,243.37,135.01,472.96,0.8121,-1,-1,-1
596,57,529.68,309.89,81.99,310.65,0.7564,-1,-1,-1
596,54,1148.42,277.32,131.54,404.28,0.7773,-1,-1,-1
596,39,1488.54,59.55,401.52,1015.21,0.9160,-1,-1,-1
596,2,803.27,250.67,163.95,464.67,0.8477,-1,-1,-1
597,59,1105.44,314.08,60.71,249.93,0.5780,-1,-1,-1
597,58,976.80,243.69,138.26,473.86,0.8108,-1,-1,-1
597,57,531.28,305.61,77.34,313.17,0.7631,-1,-1,-1
597,54,1153.13,276.10,138.37,404.50,0.7709,-1,-1,-1
597,39,1499.37,54.14,390.51,1020.57,0.9159,-1,-1,-1
597,2,801.42,247.89,163.05,468.90,0.8449,-1,-1,-1
598,59,1108.56,317.66,60.07,242.79,0.4595,-1,-1,-1
598,58,980.91,250.06,139.77,482.15,0.8236,-1,-1,-1
598,57,531.07,304.70,76.22,318.01,0.7487,-1,-1,-1
598,54,1151.98,282.99,149.84,402.71,0.8049,-1,-1,-1
598,39,1508.90,57.40,380.59,1016.05,0.9145,-1,-1,-1
598,2,801.40,251.43,164.29,475.67,0.8462,-1,-1,-1
599,59,1107.38,316.46,61.82,250.41,0.3663,-1,-1,-1
599,58,987.25,251.85,137.00,478.94,0.8191,-1,-1,-1
599,57,531.13,311.69,84.44,317.66,0.7503,-1,-1,-1
599,54,1154.75,284.90,153.28,402.81,0.8043,-1,-1,-1
599,39,1509.14,58.37,384.00,1018.06,0.9197,-1,-1,-1
599,2,801.63,254.57,165.22,474.40,0.8505,-1,-1,-1
600,58,993.21,250.91,134.74,484.02,0.8008,-1,-1,-1
600,57,534.50,311.59,87.09,318.74,0.7339,-1,-1,-1
600,54,1162.12,288.46,151.84,400.52,0.8260,-1,-1,-1
600,39,1510.38,55.24,391.69,1023.40,0.9233,-1,-1,-1
600,2,806.55,256.50,161.26,475.58,0.8404,-1,-1,-1
601,59,1117.71,328.09,61.51,235.74,0.3973,-1,-1,-1
601,58,996.00,251.10,133.15,482.83,0.7935,-1,-1,-1
601,57,537.14,313.53,83.14,318.57,0.7296,-1,-1,-1
601,54,1166.68,281.97,154.79,408.21,0.7891,-1,-1,-1
601,39,1510.15,55.90,403.22,1022.92,0.9238,-1,-1,-1
601,2,810.22,259.53,156.50,477.16,0.8456,-1,-1,-1
602,59,1120.08,330.12,65.90,244.30,0.5204,-1,-1,-1
602,58,995.28,251.45,136.02,485.90,0.7934,-1,-1,-1
602,57,540.71,318.61,83.75,315.49,0.7177,-1,-1,-1
602,54,1187.04,280.70,140.56,414.09,0.7393,-1,-1,-1
602,39,1509.56,57.98,409.71,1017.22,0.9215,-1,-1,-1
602,2,815.62,264.13,157.12,477.53,0.8390,-1,-1,-1
603,61,1182.96,311.95,84.77,374.12,0.3738,-1,-1,-1
603,59,1125.24,347.37,64.64,228.78,0.5777,-1,-1,-1
603,58,1005.08,256.66,126.76,479.56,0.7888,-1,-1,-1
603,57,543.56,328.53,81.31,312.27,0.7381,-1,-1,-1
603,54,1194.31,285.10,144.27,420.69,0.7155,-1,-1,-1
603,39,1516.80,61.23,403.03,1014.98,0.9261,-1,-1,-1
603,2,825.00,270.28,151.25,474.43,0.8151,-1,-1,-1
604,61,1190.63,315.89,81.52,284.90,0.4479,-1,-1,-1
604,59,1132.69,348.90,62.55,232.08,0.6596,-1,-1,-1
604,58,1010.96,261.38,124.72,476.74,0.8131,-1,-1,-1
604,57,550.61,334.14,84.04,311.30,0.7054,-1,-1,-1
604,54,1204.15,288.18,144.36,420.83,0.7600,-1,-1,-1
604,39,1522.93,62.99,397.00,1013.30,0.9279,-1,-1,-1
604,2,827.73,275.87,153.87,469.20,0.8231,-1,-1,-1
605,61,1197.83,327.95,79.61,275.05,0.3810,-1,-1,-1
605,59,1135.74,350.66,66.19,233.11,0.6529,-1,-1,-1
605,58,1014.52,259.14,126.78,469.68,0.8095,-1,-1,-1
605,57,554.45,334.50,79.84,313.52,0.7405,-1,-1,-1
605,54,1210.06,289.13,145.33,421.47,0.7431,-1,-1,-1
605,39,1524.46,61.67,395.50,1016.39,0.9181,-1,-1,-1
605,2,836.55,276.44,153.65,470.64,0.8311,-1,-1,-1
606,61,1205.78,322.08,76.18,289.03,0.5181,-1,-1,-1
606,59,1141.96,352.26,67.60,234.48,0.6473,-1,-1,-1
606,58,1016.68,259.90,126.93,468.68,0.7926,-1,-1,-1
606,57,560.22,327.69,78.55,321.29,0.7154,-1,-1,-1
606,54,1223.72,289.93,145.84,425.43,0.6474,-1,-1,-1
606,39,1534.63,63.35,385.31,1010.96,0.9222,-1,-1,-1
606,2,845.25,277.35,152.24,474.31,0.8151,-1,-1,-1
607,61,1216.37,326.77,73.77,371.19,0.4791,-1,-1,-1
607,59,1150.69,339.07,66.37,247.17,0.6655,-1,-1,-1
607,58,1029.47,262.07,119.25,468.58,0.8069,-1,-1,-1
607,57,566.95,326.04,85.35,324.47,0.8039,-1,-1,-1
607,54,1238.38,291.80,138.53,423.63,0.6695,-1,-1,-1
607,39,1542.94,65.70,376.88,1006.55,0.9140,-1,-1,-1
607,2,853.77,279.27,147.40,471.00,0.8366,-1,-1,-1
608,61,1222.03,315.62,93.86,338.90,0.5473,-1,-1,-1
608,59,1156.39,345.12,68.17,241.49,0.7176,-1,-1,-1
608,58,1035.71,264.10,126.64,462.71,0.7963,-1,-1,-1
608,57,571.56,329.49,82.73,321.00,0.7610,-1,-1,-1
608,54,1245.33,291.21,149.13,430.49,0.5401,-1,-1,-1
608,39,1553.04,67.45,366.88,1001.59,0.9174,-1,-1,-1
608,2,854.29,277.37,152.91,465.36,0.8297,-1,-1,-1
609,61,1231.92,327.92,86.66,303.05,0.5668,-1,-1,-1
609,59,1161.56,349.72,72.13,242.19,0.6237,-1,-1,-1
609,58,1037.55,260.99,135.04,471.06,0.8251,-1,-1,-1
609,57,575.06,331.26,84.42,323.10,0.7837,-1,-1,-1
609,54,1259.60,284.61,138.36,438.96,0.7262,-1,-1,-1
609,39,1561.57,69.86,358.10,1001.65,0.9202,-1,-1,-1
609,2,862.44,276.06,147.12,465.17,0.8197,-1,-1,-1
610,61,1237.71,328.02,86.60,312.58,0.6002,-1,-1,-1
610,59,1166.07,349.24,71.16,240.20,0.5565,-1,-1,-1
610,58,1042.18,264.29,133.36,473.14,0.8224,-1,-1,-1
610,57,579.28,328.69,89.65,328.05,0.7513,-1,-1,-1
610,54,1273.84,286.17,142.78,433.97,0.7587,-1,-1,-1
610,39,1568.71,72.86,350.76,1001.03,0.9222,-1,-1,-1
610,2,872.58,277.48,141.86,462.65,0.8264,-1,-1,-1
611,61,1243.81,334.20,83.63,305.01,0.5945,-1,-1,-1
611,59,1166.16,346.56,71.88,242.44,0.6939,-1,-1,-1
611,58,1041.54,268.57,134.32,469.69,0.7850,-1,-1,-1
611,57,584.12,331.25,83.67,325.87,0.7413,-1,-1,-1
611,54,1283.44,289.65,135.11,439.56,0.6798,-1,-1,-1
611,39,1582.77,69.22,336.67,1006.58,0.9176,-1,-1,-1
611,2,874.35,277.60,144.58,464.35,0.8166,-1,-1,-1
612,61,1244.88,340.90,80.73,297.76,0.6035,-1,-1,-1
612,59,1171.41,347.26,71.49,247.58,0.6505,-1,-1,-1
612,58,1030.63,275.03,145.62,471.22,0.8124,-1,-1,-1
612,57,586.90,334.80,77.51,320.89,0.7755,-1,-1,-1
612,54,1289.17,292.26,139.20,427.88,0.6940,-1,-1,-1
612,39,1599.36,75.52,319.72,1004.02,0.9152,-1,-1,-1
612,2,878.78,281.49,141.46,458.03,0.8334,-1,-1,-1
613,61,1245.88,334.49,86.09,314.26,0.5566,-1,-1,-1
613,59,1175.91,354.52,70.79,237.31,0.6579,-1,-1,-1
613,58,1029.54,276.26,152.83,478.17,0.8459,-1,-1,-1
613,57,587.23,333.47,79.20,323.50,0.7660,-1,-1,-1
613,54,1299.10,296.36,133.70,440.20,0.6175,-1,-1,-1
613,39,1610.02,78.09,309.25,995.29,0.9119,-1,-1,-1
613,2,877.97,282.84,145.81,460.63,0.8367,-1,-1,-1
614,61,1258.03,320.61,91.82,343.96,0.4747,-1,-1,-1
614,59,1181.78,360.34,66.80,239.93,0.6001,-1,-1,-1
614,58,1030.87,277.48,159.57,480.25,0.8503,-1,-1,-1
614,57,587.41,335.28,79.10,325.95,0.7689,-1,-1,-1
614,54,1308.51,297.92,131.09,448.69,0.6624,-1,-1,-1
614,39,1622.33,80.33,296.73,996.09,0.9143,-1,-1,-1
614,2,883.79,287.41,143.94,465.75,0.8327,-1,-1,-1
615,61,1266.05,321.68,93.35,351.00,0.5937,-1,-1,-1
615,59,1182.54,359.75,68.15,242.73,0.6273,-1,-1,-1
615,58,1031.39,279.55,157.70,478.50,0.8325,-1,-1,-1
615,57,589.46,345.50,80.93,320.89,0.7330,-1,-1,-1
615,54,1319.22,294.11,118.79,456.88,0.7266,-1,-1,-1
615,39,1638.18,81.70,281.36,993.07,0.9025,-1,-1,-1
615,2,886.80,288.68,146.24,466.13,0.8359,-1,-1,-1
616,61,1270.35,321.00,90.86,356.27,0.6116,-1,-1,-1
616,59,1187.55,362.23,65.01,237.67,0.5729,-1,-1,-1
616,58,1032.26,283.07,165.39,478.90,0.8243,-1,-1,-1
616,57,590.81,345.18,105.90,321.47,0.7146,-1,-1,-1
616,54,1324.53,300.11,120.16,457.49,0.7241,-1,-1,-1
616,39,1644.17,81.19,275.08,996.13,0.8897,-1,-1,-1
616,2,885.24,294.95,150.99,461.82,0.8302,-1,-1,-1
617,61,1272.65,323.91,91.71,363.62,0.5932,-1,-1,-1
617,59,1187.69,370.84,64.92,233.30,0.6001,-1,-1,-1
617,58,1030.35,285.95,168.78,479.28,0.8452,-1,-1,-1
617,57,590.03,340.67,92.98,330.58,0.7333,-1,-1,-1
617,54,1328.70,299.74,118.87,463.07,0.7324,-1,-1,-1
617,39,1659.55,93.67,260.04,982.70,0.8847,-1,-1,-1
617,2,884.62,294.87,152.82,468.49,0.8439,-1,-1,-1
618,61,1273.11,328.03,93.94,365.52,0.5697,-1,-1,-1
618,59,1189.03,371.62,65.28,242.92,0.5615,-1,-1,-1
618,58,1030.47,288.13,174.05,481.95,0.8495,-1,-1,-1
618,57,589.24,333.53,82.50,339.53,0.7858,-1,-1,-1
618,54,1328.20,300.56,121.59,465.65,0.7380,-1,-1,-1
618,39,1667.40,102.36,252.20,973.77,0.8813,-1,-1,-1
618,2,886.33,298.58,151.04,469.80,0.8354,-1,-1,-1
619,62,1242.74,359.33,72.75,312.27,0.4388,-1,-1,-1
619,61,1274.25,328.80,98.75,372.09,0.5997,-1,-1,-1
619,59,1186.90,367.93,67.46,248.83,0.5267,-1,-1,-1
619,58,1028.26,289.44,172.88,483.18,0.8098,-1,-1,-1
619,57,586.82,336.33,80.66,338.16,0.7603,-1,-1,-1
619,54,1328.87,302.68,132.18,465.75,0.7373,-1,-1,-1
619,39,1667.07,106.53,252.25,968.66,0.8953,-1,-1,-1
619,2,883.55,301.47,147.10,466.41,0.8364,-1,-1,-1
620,62,1243.73,358.61,73.17,320.30,0.4092,-1,-1,-1
620,61,1266.57,329.16,103.65,378.82,0.6079,-1,-1,-1
620,59,1184.53,373.68,64.76,232.85,0.5805,-1,-1,-1
620,58,1028.66,288.50,174.76,481.89,0.7865,-1,-1,-1
620,57,580.76,339.02,84.43,342.36,0.6975,-1,-1,-1
620,54,1330.69,302.43,123.93,468.65,0.7532,-1,-1,-1
620,39,1681.78,113.16,238.13,962.71,0.8854,-1,-1,-1
620,2,880.69,303.63,139.09,464.55,0.8234,-1,-1,-1
621,61,1266.01,330.36,106.60,380.65,0.6264,-1,-1,-1
621,59,1183.53,376.51,65.61,225.48,0.5057,-1,-1,-1
621,58,1027.61,287.53,158.50,481.00,0.6813,-1,-1,-1
621,57,578.47,336.24,81.17,346.16,0.7250,-1,-1,-1
621,54,1329.66,305.01,123.01,463.80,0.7446,-1,-1,-1
621,39,1687.38,122.61,231.39,953.12,0.8792,-1,-1,-1
621,2,874.87,301.92,135.09,460.95,0.8240,-1,-1,-1
622,63,1127.38,326.99,93.21,360.15,0.6474,-1,-1,-1
622,62,1240.84,360.26,69.51,322.11,0.3480,-1,-1,-1
622,61,1259.12,329.07,111.39,391.30,0.5655,-1,-1,-1
622,59,1186.32,378.86,61.56,188.50,0.3882,-1,-1,-1
622,58,1025.86,287.23,141.04,478.74,0.7514,-1,-1,-1
622,57,574.80,343.57,77.79,338.58,0.7758,-1,-1,-1
622,54,1330.19,304.06,123.20,473.84,0.6601,-1,-1,-1
622,39,1687.78,119.61,231.87,956.35,0.8936,-1,-1,-1
622,2,868.07,302.56,151.02,461.33,0.8023,-1,-1,-1
623,63,1119.79,329.13,97.13,373.98,0.7147,-1,-1,-1
623,61,1254.67,331.12,114.09,393.49,0.5245,-1,-1,-1
623,59,1182.48,381.76,63.24,189.43,0.3115,-1,-1,-1
623,58,1017.76,288.03,143.83,479.46,0.7788,-1,-1,-1
623,57,569.23,340.05,86.96,344.61,0.7379,-1,-1,-1
623,54,1328.98,306.90,125.83,475.30,0.6555,-1,-1,-1
623,39,1692.54,119.14,227.29,958.01,0.8980,-1,-1,-1
623,2,861.90,302.34,146.20,464.44,0.7996,-1,-1,-1
624,63,1120.09,332.96,95.81,384.09,0.6832,-1,-1,-1
624,61,1255.83,330.61,107.77,400.15,0.6016,-1,-1,-1
624,58,1015.16,287.99,138.44,476.25,0.8128,-1,-1,-1
624,57,565.11,340.28,85.53,341.94,0.7644,-1,-1,-1
624,54,1327.70,308.96,122.98,470.60,0.7072,-1,-1,-1
624,39,1696.25,114.30,223.60,961.61,0.8972,-1,-1,-1
624,2,852.43,304.71,158.18,459.40,0.8459,-1,-1,-1
625,63,1116.72,334.25,93.98,397.01,0.7390,-1,-1,-1
625,61,1242.94,332.00,115.77,403.80,0.6452,-1,-1,-1
625,58,1009.48,283.67,134.91,472.90,0.7938,-1,-1,-1
625,57,558.28,342.50,85.45,343.63,0.7330,-1,-1,-1
625,54,1329.92,304.93,118.37,476.49,0.7265,-1,-1,-1
625,39,1698.84,111.34,221.00,963.30,0.9029,-1,-1,-1
625,2,850.61,304.29,155.35,455.14,0.8465,-1,-1,-1
626,63,1109.06,335.10,95.49,395.61,0.7472,-1,-1,-1
626,61,1241.59,332.16,116.62,406.33,0.6936,-1,-1,-1
626,58,1004.22,286.29,134.56,475.03,0.7884,-1,-1,-1
626,57,552.29,345.66,81.84,344.13,0.7146,-1,-1,-1
626,54,1326.77,304.75,121.43,477.94,0.7757,-1,-1,-1
626,39,1702.71,116.22,217.11,957.92,0.9060,-1,-1,-1
626,2,847.68,303.14,151.65,456.28,0.8217,-1,-1,-1
627,63,1107.62,334.27,91.34,398.70,0.7331,-1,-1,-1
627,61,1235.90,330.80,116.65,410.37,0.6727,-1,-1,-1
627,58,996.48,282.56,140.89,478.38,0.7870,-1,-1,-1
627,57,545.58,342.53,83.03,351.75,0.7491,-1,-1,-1
627,54,1325.74,304.56,121.97,477.81,0.7620,-1,-1,-1
627,39,1704.20,118.89,215.43,953.83,0.9040,-1,-1,-1
627,2,839.46,301.29,157.35,458.80,0.8351,-1,-1,-1
628,63,1100.09,329.27,100.43,411.82,0.7133,-1,-1,-1
628,61,1236.91,330.73,111.35,411.13,0.6843,-1,-1,-1
628,58,988.05,279.27,152.24,478.10,0.7588,-1,-1,-1
628,57,540.80,337.30,81.14,355.79,0.7775,-1,-1,-1
628,54,1324.25,301.88,121.54,480.27,0.7795,-1,-1,-1
628,39,1700.40,114.99,219.16,956.56,0.9048,-1,-1,-1
628,2,826.26,300.83,166.12,457.29,0.8425,-1,-1,-1
629,63,1091.10,327.44,109.76,418.53,0.7527,-1,-1,-1
629,61,1234.32,329.95,109.23,416.87,0.6711,-1,-1,-1
629,58,982.65,283.48,128.49,475.01,0.7740,-1,-1,-1
629,57,536.27,342.81,91.04,352.54,0.6970,-1,-1,-1
629,54,1323.27,300.76,121.10,481.64,0.7744,-1,-1,-1
629,39,1675.11,111.43,244.48,958.88,0.8827,-1,-1,-1
629,2,825.78,300.19,166.36,456.93,0.8503,-1,-1,-1
630,63,1086.07,325.95,116.16,421.57,0.7895,-1,-1,-1
630,61,1242.65,326.78,99.62,420.69,0.6421,-1,-1,-1
630,58,974.16,280.72,130.81,475.74,0.8151,-1,-1,-1
630,57,530.36,339.35,87.41,360.21,0.7632,-1,-1,-1
630,54,1322.78,300.71,120.47,483.69,0.7801,-1,-1,-1
630,39,1621.99,115.91,297.54,955.35,0.8888,-1,-1,-1
630,2,824.50,302.84,162.55,453.36,0.8434,-1,-1,-1
631,63,1083.31,326.75,125.19,421.11,0.8123,-1,-1,-1
631,61,1236.18,329.88,107.44,420.99,0.6411,-1,-1,-1
631,58,971.86,280.91,129.74,474.46,0.8285,-1,-1,-1
631,57,526.92,345.49,83.34,350.61,0.7333,-1,-1,-1
631,54,1323.54,301.40,120.73,482.86,0.7570,-1,-1,-1
631,39,1692.05,109.64,227.37,961.68,0.8920,-1,-1,-1
631,2,821.31,304.11,164.40,454.88,0.8503,-1,-1,-1
632,63,1083.06,325.92,125.60,424.07,0.8184,-1,-1,-1
632,61,1237.99,326.35,109.00,426.28,0.6625,-1,-1,-1
632,58,971.42,281.07,126.12,474.46,0.7853,-1,-1,-1
632,57,524.88,345.39,82.51,353.81,0.7611,-1,-1,-1
632,54,1325.53,303.11,125.00,483.62,0.7627,-1,-1,-1
632,39,1700.64,108.11,218.69,964.33,0.9015,-1,-1,-1
632,2,815.42,306.12,167.25,456.23,0.8557,-1,-1,-1
633,63,1088.49,326.32,119.93,427.98,0.8143,-1,-1,-1
633,61,1238.25,321.79,110.94,428.13,0.6770,-1,-1,-1
633,58,972.58,281.84,126.21,477.86,0.7670,-1,-1,-1
633,57,523.19,341.53,85.10,360.21,0.7710,-1,-1,-1
633,54,1328.11,300.40,122.83,486.88,0.7737,-1,-1,-1
633,39,1711.78,100.95,207.83,971.78,0.9041,-1,-1,-1
633,2,813.83,308.52,168.75,456.58,0.8612,-1,-1,-1
634,63,1092.86,328.07,121.52,430.76,0.8319,-1,-1,-1
634,61,1237.22,320.78,116.91,431.71,0.6785,-1,-1,-1
634,58,970.64,282.52,128.15,473.49,0.7815,-1,-1,-1
634,57,521.68,348.38,87.36,359.22,0.7820,-1,-1,-1
634,54,1332.97,304.16,122.76,487.55,0.7410,-1,-1,-1
634,39,1722.90,89.04,196.77,983.96,0.9051,-1,-1,-1
634,2,812.96,309.94,169.62,457.74,0.8617,-1,-1,-1
635,63,1096.60,324.92,124.66,437.84,0.8294,-1,-1,-1
635,62,1235.21,346.71,72.25,380.77,0.3709,-1,-1,-1
635,61,1246.54,320.59,110.37,430.42,0.5883,-1,-1,-1
635,58,978.25,283.40,122.59,480.46,0.7797,-1,-1,-1
635,57,521.11,350.36,86.81,361.12,0.7917,-1,-1,-1
635,54,1336.10,299.70,125.22,492.56,0.6900,-1,-1,-1
635,39,1723.35,88.44,195.64,978.82,0.8870,-1,-1,-1
635,2,812.75,310.66,172.25,460.25,0.8568,-1,-1,-1
636,63,1101.85,327.13,122.47,440.26,0.8235,-1,-1,-1
636,62,1239.12,332.82,67.44,394.17,0.3298,-1,-1,-1
636,61,1248.72,315.99,113.44,436.67,0.6003,-1,-1,-1
636,58,983.74,284.73,124.57,485.88,0.7952,-1,-1,-1
636,57,520.37,354.46,85.56,363.52,0.7790,-1,-1,-1
636,54,1340.34,302.64,130.62,492.52,0.7267,-1,-1,-1
636,39,1718.52,85.47,201.05,988.55,0.8776,-1,-1,-1
636,2,813.63,313.81,174.08,457.27,0.8367,-1,-1,-1
637,63,1104.13,326.69,118.29,440.95,0.8152,-1,-1,-1
637,62,1233.10,354.18,75.26,375.04,0.4404,-1,-1,-1
637,61,1252.06,319.27,113.43,427.82,0.6422,-1,-1,-1
637,58,990.93,294.21,116.77,484.15,0.7989,-1,-1,-1
637,57,519.59,359.67,89.24,360.82,0.7450,-1,-1,-1
637,54,1342.96,304.34,130.83,497.40,0.7879,-1,-1,-1
637,39,1719.73,86.76,199.90,984.54,0.8706,-1,-1,-1
637,2,820.00,318.96,170.45,445.49,0.8471,-1,-1,-1
638,63,1104.67,331.37,125.15,435.86,0.8116,-1,-1,-1
638,62,1232.81,353.08,76.98,378.87,0.4991,-1,-1,-1
638,61,1256.33,315.65,109.60,433.52,0.6181,-1,-1,-1
638,58,990.66,294.95,117.01,479.70,0.8011,-1,-1,-1
638,57,518.39,352.39,91.08,368.95,0.7295,-1,-1,-1
638,54,1346.28,304.56,129.29,498.94,0.7829,-1,-1,-1
638,39,1711.59,85.98,207.29,985.56,0.8832,-1,-1,-1
638,2,830.30,318.47,161.24,443.60,0.8645,-1,-1,-1
639,63,1107.89,331.98,132.61,437.57,0.8287,-1,-1,-1
639,62,1237.42,352.85,68.57,376.63,0.4231,-1,-1,-1
639,61,1256.31,314.17,120.69,448.06,0.6932,-1,-1,-1
639,58,993.65,300.19,112.12,475.27,0.7983,-1,-1,-1
639,57,519.14,366.58,93.39,357.28,0.7412,-1,-1,-1
639,54,1354.63,304.67,128.88,500.34,0.7292,-1,-1,-1
639,39,1708.35,84.36,211.24,989.71,0.8780,-1,-1,-1
639,2,837.57,319.01,154.61,452.29,0.8583,-1,-1,-1
640,63,1109.36,331.57,139.26,440.69,0.8087,-1,-1,-1
640,62,1241.57,349.64,72.56,379.63,0.4238,-1,-1,-1
640,61,1257.29,316.33,124.44,458.49,0.7232,-1,-1,-1
640,58,998.48,301.84,112.79,476.28,0.7987,-1,-1,-1
640,57,519.95,366.60,91.93,361.76,0.7257,-1,-1,-1
640,54,1363.34,299.39,126.67,513.12,0.7235,-1,-1,-1
640,39,1702.80,77.09,215.80,996.76,0.8778,-1,-1,-1
640,2,842.80,318.38,152.97,451.19,0.8469,-1,-1,-1
641,63,1114.55,329.38,146.81,443.74,0.7947,-1,-1,-1
641,61,1257.61,311.58,128.81,463.52,0.7412,-1,-1,-1
641,58,1002.80,305.67,111.34,468.57,0.7950,-1,-1,-1
641,57,520.53,359.00,94.49,370.69,0.7320,-1,-1,-1
641,54,1369.83,300.03,127.20,505.73,0.7790,-1,-1,-1
641,39,1701.04,80.98,218.01,989.79,0.8736,-1,-1,-1
641,2,848.68,320.18,151.82,447.55,0.8313,-1,-1,-1
642,63,1121.25,330.66,149.73,447.03,0.7789,-1,-1,-1
642,61,1265.65,316.69,129.57,470.31,0.7779,-1,-1,-1
642,58,1004.45,308.32,117.37,471.72,0.7899,-1,-1,-1
642,57,526.29,359.18,109.96,374.26,0.7055,-1,-1,-1
642,54,1377.79,303.30,128.41,511.40,0.7982,-1,-1,-1
642,39,1698.50,89.68,220.57,982.36,0.8823,-1,-1,-1
642,2,852.87,321.24,154.76,449.11,0.8218,-1,-1,-1
643,63,1124.39,327.42,151.04,458.83,0.8042,-1,-1,-1
643,61,1276.78,316.36,125.23,473.49,0.6707,-1,-1,-1
643,58,1005.46,308.44,119.17,483.12,0.8074,-1,-1,-1
643,57,527.19,362.04,103.72,373.63,0.7173,-1,-1,-1
643,54,1380.94,303.60,133.18,514.47,0.7876,-1,-1,-1
643,39,1689.84,92.63,229.81,975.28,0.8824,-1,-1,-1
643,2,856.89,321.42,153.93,444.89,0.8645,-1,-1,-1
644,63,1132.03,321.67,153.47,470.88,0.8334,-1,-1,-1
644,61,1286.77,319.73,120.59,474.46,0.6627,-1,-1,-1
644,58,1009.52,308.10,114.74,485.75,0.7888,-1,-1,-1
644,57,528.13,362.60,102.99,379.29,0.7461,-1,-1,-1
644,54,1390.36,299.29,135.63,524.72,0.8009,-1,-1,-1
644,39,1686.43,99.29,232.71,975.40,0.8598,-1,-1,-1
644,2,862.89,322.45,153.36,449.64,0.8759,-1,-1,-1
645,63,1134.54,318.74,155.68,480.16,0.8500,-1,-1,-1
645,61,1298.08,312.25,115.67,482.09,0.6765,-1,-1,-1
645,58,1009.91,309.41,120.20,488.52,0.7786,-1,-1,-1
645,57,532.66,364.38,100.12,377.31,0.7624,-1,-1,-1
645,54,1393.98,296.51,138.60,526.07,0.7464,-1,-1,-1
645,39,1684.21,253.61,235.53,822.48,0.8213,-1,-1,-1
645,2,868.09,323.92,154.18,451.13,0.8721,-1,-1,-1
646,63,1133.91,317.70,160.90,482.93,0.8513,-1,-1,-1
646,62,1272.81,343.35,76.58,422.96,0.3084,-1,-1,-1
646,61,1298.36,312.02,124.89,486.24,0.7241,-1,-1,-1
646,58,1006.07,308.22,128.29,486.83,0.8055,-1,-1,-1
646,57,532.46,363.26,100.62,381.45,0.7655,-1,-1,-1
646,54,1405.21,294.44,130.78,528.95,0.7536,-1,-1,-1
646,39,1687.55,257.71,232.19,800.80,0.8087,-1,-1,-1
646,2,874.03,324.78,149.96,456.41,0.8632,-1,-1,-1
647,63,1135.39,320.62,166.44,486.15,0.8493,-1,-1,-1
647,62,1277.13,344.19,74.74,412.73,0.5060,-1,-1,-1
647,61,1309.23,307.06,119.63,494.33,0.6982,-1,-1,-1
647,58,1017.00,307.92,123.91,485.29,0.7980,-1,-1,-1
647,57,533.85,362.67,100.76,383.51,0.7416,-1,-1,-1
647,54,1411.62,291.48,130.08,541.30,0.7699,-1,-1,-1
647,39,1684.75,275.62,235.06,794.30,0.8294,-1,-1,-1
647,2,875.57,325.91,152.15,456.92,0.8578,-1,-1,-1
648,63,1135.30,316.80,172.13,491.95,0.8570,-1,-1,-1
648,62,1280.90,343.92,69.08,413.34,0.4299,-1,-1,-1
648,61,1306.81,308.67,127.72,498.93,0.7374,-1,-1,-1
648,58,1021.82,308.08,117.79,484.08,0.7957,-1,-1,-1
648,57,533.66,360.22,99.92,388.25,0.7393,-1,-1,-1
648,54,1416.39,295.32,131.65,539.15,0.7606,-1,-1,-1
648,39,1688.16,282.48,231.65,790.09,0.8619,-1,-1,-1
648,2,879.74,330.12,146.21,451.11,0.8508,-1,-1,-1
649,64,832.14,402.59,54.08,221.43,0.5072,-1,-1,-1
649,63,1134.81,325.54,178.71,489.13,0.8706,-1,-1,-1
649,62,1283.80,344.11,65.76,418.73,0.3187,-1,-1,-1
649,61,1305.53,307.19,132.98,496.09,0.7512,-1,-1,-1
649,58,1021.72,308.74,117.95,478.59,0.8047,-1,-1,-1
649,57,534.17,360.83,101.28,388.74,0.7398,-1,-1,-1
649,54,1423.59,294.33,132.71,539.82,0.7934,-1,-1,-1
649,39,1696.02,288.07,223.98,780.27,0.8483,-1,-1,-1
649,2,880.29,332.75,146.42,449.60,0.8450,-1,-1,-1
650,64,828.99,401.99,59.95,222.66,0.4735,-1,-1,-1
650,63,1133.91,317.28,184.42,508.01,0.8691,-1,-1,-1
650,61,1304.15,306.16,139.19,500.40,0.7609,-1,-1,-1
650,58,1028.16,308.10,113.43,475.72,0.8099,-1,-1,-1
650,57,533.45,360.92,105.97,390.53,0.7371,-1,-1,-1
650,54,1427.36,293.54,137.76,543.64,0.8082,-1,-1,-1
650,39,1706.71,288.03,213.11,778.76,0.8021,-1,-1,-1
650,2,880.17,334.79,152.73,448.82,0.8348,-1,-1,-1
651,64,827.12,405.67,62.58,220.45,0.5593,-1,-1,-1
651,63,1132.88,320.50,187.81,507.40,0.8504,-1,-1,-1
651,61,1309.73,305.25,138.65,506.97,0.7874,-1,-1,-1
651,58,1030.18,306.10,113.40,474.53,0.7955,-1,-1,-1
651,57,533.04,360.37,107.21,391.37,0.7278,-1,-1,-1
651,54,1431.06,291.99,143.66,549.47,0.8441,-1,-1,-1
651,39,1713.72,286.12,205.61,786.94,0.5792,-1,-1,-1
651,2,879.54,334.92,157.96,449.00,0.8465,-1,-1,-1
652,64,818.87,406.56,68.56,221.81,0.6321,-1,-1,-1
652,63,1130.75,320.08,192.61,512.81,0.8324,-1,-1,-1
652,61,1312.57,301.65,141.52,508.78,0.7737,-1,-1,-1
652,58,1030.25,306.15,114.03,476.21,0.8059,-1,-1,-1
652,57,531.65,362.85,115.23,389.38,0.7142,-1,-1,-1
652,54,1433.73,296.48,145.33,546.22,0.8220,-1,-1,-1
652,39,1728.50,288.72,191.29,623.61,0.6944,-1,-1,-1
652,2,876.84,335.70,161.88,445.42,0.8388,-1,-1,-1
653,64,814.50,402.78,70.73,230.96,0.6532,-1,-1,-1
653,63,1127.75,314.53,194.44,530.24,0.8397,-1,-1,-1
653,61,1311.97,307.99,146.11,503.94,0.7692,-1,-1,-1
653,58,1031.21,305.91,114.41,478.60,0.7999,-1,-1,-1
653,57,529.35,361.35,114.04,393.57,0.7023,-1,-1,-1
653,54,1439.07,292.59,143.52,555.75,0.7714,-1,-1,-1
653,39,1737.67,289.85,182.08,622.09,0.7907,-1,-1,-1
653,2,874.17,338.56,164.68,440.02,0.8441,-1,-1,-1
654,64,808.77,402.09,76.36,230.24,0.6982,-1,-1,-1
654,63,1124.50,310.94,198.60,539.21,0.8530,-1,-1,-1
654,61,1313.59,304.90,146.35,508.59,0.7867,-1,-1,-1
654,58,1030.10,303.64,114.36,480.35,0.7952,-1,-1,-1
654,57,526.01,358.27,99.91,397.72,0.7310,-1,-1,-1
654,54,1441.08,293.61,145.93,551.11,0.7605,-1,-1,-1
654,39,1751.19,286.80,168.50,678.66,0.7756,-1,-1,-1
654,2,870.26,335.30,166.62,441.00,0.8418,-1,-1,-1
655,64,807.79,401.93,70.50,229.59,0.6968,-1,-1,-1
655,63,1119.92,310.48,204.32,543.03,0.8420,-1,-1,-1
655,61,1316.56,294.75,145.03,523.10,0.8103,-1,-1,-1
655,58,1028.03,303.29,116.72,478.28,0.7755,-1,-1,-1
655,57,523.93,357.86,120.60,397.22,0.7642,-1,-1,-1
655,54,1446.55,293.90,144.37,552.60,0.7372,-1,-1,-1
655,39,1758.13,285.86,161.50,724.06,0.7631,-1,-1,-1
655,2,867.33,332.83,167.89,446.50,0.8409,-1,-1,-1
656,64,807.47,406.01,67.21,227.50,0.7179,-1,-1,-1
656,63,1116.19,311.57,202.83,543.13,0.8422,-1,-1,-1
656,61,1316.26,296.87,146.43,527.07,0.8156,-1,-1,-1
656,58,1026.87,305.30,116.01,476.34,0.7899,-1,-1,-1
656,57,517.59,359.04,110.57,403.17,0.7331,-1,-1,-1
656,54,1449.45,292.53,144.23,559.24,0.7550,-1,-1,-1
656,39,1768.96,283.50,150.75,752.75,0.7910,-1,-1,-1
656,2,865.30,332.58,165.17,442.81,0.8471,-1,-1,-1
657,64,803.83,400.58,65.12,237.67,0.6989,-1,-1,-1
657,63,1114.12,312.09,201.90,540.07,0.8437,-1,-1,-1
657,61,1314.65,298.51,149.25,532.82,0.8074,-1,-1,-1
657,58,1026.09,307.03,114.20,482.42,0.7681,-1,-1,-1
657,57,515.29,360.32,114.51,405.50,0.7418,-1,-1,-1
657,54,1450.35,292.80,145.98,559.65,0.7554,-1,-1,-1
657,39,1780.15,295.70,139.76,747.91,0.7591,-1,-1,-1
657,2,859.51,336.44,167.08,437.34,0.8643,-1,-1,-1
658,64,797.51,407.53,67.70,230.60,0.6547,-1,-1,-1
658,63,1112.15,310.56,202.42,532.37,0.8414,-1,-1,-1
658,61,1312.24,296.31,152.18,537.44,0.8145,-1,-1,-1
658,58,1023.44,306.48,114.58,479.59,0.7670,-1,-1,-1
658,57,510.27,359.95,119.72,404.95,0.8041,-1,-1,-1
658,54,1452.96,290.53,145.11,561.43,0.7765,-1,-1,-1
658,39,1790.37,289.86,129.46,766.26,0.7505,-1,-1,-1
658,2,854.41,331.50,170.24,447.24,0.8729,-1,-1,-1
659,64,792.48,403.94,70.67,228.14,0.6916,-1,-1,-1
659,63,1109.03,306.98,207.51,550.34,0.8460,-1,-1,-1
659,61,1310.33,296.20,155.71,540.16,0.8340,-1,-1,-1
659,58,1020.22,306.16,113.58,480.10,0.7716,-1,-1,-1
659,57,505.07,363.84,99.74,399.14,0.6655,-1,-1,-1
659,54,1455.26,288.04,145.48,564.73,0.7847,-1,-1,-1
659,39,1800.54,289.35,119.35,768.00,0.7335,-1,-1,-1
659,2,852.79,330.11,170.18,444.37,0.8717,-1,-1,-1
660,64,788.68,395.58,72.76,235.49,0.7191,-1,-1,-1
660,63,1105.68,302.56,209.13,557.83,0.8482,-1,-1,-1
660,62,1263.15,328.88,86.99,432.85,0.3605,-1,-1,-1
660,61,1307.71,292.10,159.47,546.58,0.8386,-1,-1,-1
660,58,1016.60,306.69,115.20,483.27,0.7695,-1,-1,-1
660,57,500.45,363.68,100.17,398.43,0.7048,-1,-1,-1
660,54,1456.17,286.71,146.91,567.76,0.7903,-1,-1,-1
660,39,1806.86,282.04,112.99,785.61,0.7412,-1,-1,-1
660,2,850.53,328.64,170.33,442.84,0.8650,-1,-1,-1
661,64,787.15,393.69,68.71,241.67,0.7363,-1,-1,-1
661,63,1103.96,298.75,208.26,563.77,0.8686,-1,-1,-1
661,62,1265.31,327.89,78.49,435.81,0.3185,-1,-1,-1
661,61,1306.47,289.90,162.01,554.22,0.8142,-1,-1,-1
661,58,1012.81,306.20,115.12,488.84,0.7686,-1,-1,-1
661,57,495.92,361.16,127.69,408.09,0.7469,-1,-1,-1
661,54,1455.15,285.39,147.88,573.05,0.7940,-1,-1,-1
661,39,1811.01,281.78,108.77,792.06,0.7537,-1,-1,-1
661,2,848.41,327.36,168.01,447.38,0.8620,-1,-1,-1
662,64,781.92,390.06,69.39,248.10,0.7739,-1,-1,-1
662,63,1099.08,300.12,208.56,566.45,0.8826,-1,-1,-1
662,61,1303.71,286.13,165.79,560.17,0.8082,-1,-1,-1
662,58,1015.11,312.58,106.80,485.60,0.7678,-1,-1,-1
662,57,490.31,359.74,106.36,409.21,0.7765,-1,-1,-1
662,54,1453.78,286.01,152.10,574.92,0.8014,-1,-1,-1
662,39,1811.83,284.40,107.77,790.34,0.7514,-1,-1,-1
662,2,847.55,328.41,167.22,453.30,0.8512,-1,-1,-1
663,63,1093.01,296.15,213.22,573.29,0.8783,-1,-1,-1
663,61,1293.95,288.71,172.62,561.51,0.8231,-1,-1,-1
663,58,1009.92,312.23,111.70,490.65,0.8038,-1,-1,-1
663,57,481.40,356.65,111.18,414.33,0.7904,-1,-1,-1
663,54,1451.37,285.97,154.66,575.69,0.8120,-1,-1,-1
663,39,1811.00,280.88,108.61,793.89,0.7606,-1,-1,-1
663,2,837.35,329.07,170.59,448.28,0.8382,-1,-1,-1
664,65,1257.09,332.75,58.19,132.99,0.3002,-1,-1,-1
664,64,775.75,395.45,66.01,233.23,0.5360,-1,-1,-1
664,63,1092.60,298.22,204.12,579.36,0.8737,-1,-1,-1
664,61,1286.44,289.01,179.55,565.46,0.8259,-1,-1,-1
664,58,1007.32,311.35,109.93,490.82,0.8056,-1,-1,-1
664,57,474.82,354.84,123.19,416.98,0.7977,-1,-1,-1
664,54,1450.49,285.14,158.70,578.28,0.8187,-1,-1,-1
664,39,1811.04,281.16,108.59,793.77,0.7675,-1,-1,-1
664,2,833.30,332.29,172.77,441.47,0.8537,-1,-1,-1
665,65,1251.96,327.16,58.53,132.95,0.3658,-1,-1,-1
665,64,764.90,396.29,75.31,240.77,0.6894,-1,-1,-1
665,63,1087.83,294.11,215.89,583.96,0.8689,-1,-1,-1
665,61,1285.78,280.92,177.26,576.30,0.8552,-1,-1,-1
665,58,999.78,307.83,116.28,491.89,0.7884,-1,-1,-1
665,57,468.69,356.46,109.62,418.85,0.7520,-1,-1,-1
665,54,1448.84,284.38,159.09,580.73,0.8174,-1,-1,-1
665,39,1813.82,273.02,105.83,802.48,0.7560,-1,-1,-1
665,2,845.29,332.94,153.11,433.16,0.8442,-1,-1,-1
666,64,765.95,395.98,69.58,243.45,0.6976,-1,-1,-1
666,63,1086.54,290.99,221.83,596.43,0.8739,-1,-1,-1
666,61,1274.11,281.90,185.19,578.09,0.8585,-1,-1,-1
666,58,994.28,304.33,116.33,491.94,0.7845,-1,-1,-1
666,57,462.96,355.64,113.41,420.70,0.7395,-1,-1,-1
666,54,1448.21,283.61,163.27,582.68,0.8405,-1,-1,-1
666,39,1801.48,265.85,118.13,810.28,0.7588,-1,-1,-1
666,2,844.32,332.32,153.35,442.15,0.8453,-1,-1,-1
667,65,1231.18,325.30,63.54,105.49,0.3480,-1,-1,-1
667,64,760.28,397.17,70.40,243.58,0.7136,-1,-1,-1
667,63,1084.93,287.60,224.98,615.04,0.8777,-1,-1,-1
667,61,1274.88,274.53,180.73,585.87,0.8727,-1,-1,-1
667,58,987.71,303.80,118.30,475.70,0.7906,-1,-1,-1
667,57,453.17,355.29,105.86,419.24,0.7101,-1,-1,-1
667,54,1443.22,285.01,167.44,579.93,0.8500,-1,-1,-1
667,39,1790.00,263.05,129.54,810.52,0.7675,-1,-1,-1
667,2,841.59,332.73,152.85,443.75,0.8481,-1,-1,-1
668,65,1222.19,325.61,63.08,93.56,0.3838,-1,-1,-1
668,64,755.98,389.15,72.63,252.65,0.7263,-1,-1,-1
668,63,1079.94,284.93,229.71,620.10,0.8781,-1,-1,-1
668,61,1270.86,269.54,181.79,589.56,0.8743,-1,-1,-1
668,58,981.51,302.06,119.74,488.45,0.7939,-1,-1,-1
668,57,446.16,352.76,107.02,424.75,0.7817,-1,-1,-1
668,54,1441.80,285.43,172.69,579.88,0.8599,-1,-1,-1
668,39,1789.96,260.00,129.59,813.98,0.7447,-1,-1,-1
668,2,836.83,332.68,158.00,439.72,0.8553,-1,-1,-1
669,64,749.48,392.15,74.78,249.55,0.6922,-1,-1,-1
669,63,1075.94,282.56,235.42,637.90,0.8838,-1,-1,-1
669,61,1266.49,265.79,183.40,592.00,0.8618,-1,-1,-1
669,58,975.86,299.04,123.11,491.88,0.8047,-1,-1,-1
669,57,440.72,343.69,109.66,435.39,0.7758,-1,-1,-1
669,54,1440.22,281.99,177.99,582.79,0.8604,-1,-1,-1
669,39,1798.30,254.15,121.28,822.13,0.7750,-1,-1,-1
669,2,836.03,331.32,159.93,431.63,0.8530,-1,-1,-1
670,64,740.94,387.77,82.58,255.62,0.7227,-1,-1,-1
670,63,1073.69,281.06,238.04,653.09,0.8829,-1,-1,-1
670,61,1266.70,246.97,182.70,614.63,0.8559,-1,-1,-1
670,58,976.00,298.38,119.05,487.45,0.8185,-1,-1,-1
670,57,433.05,349.12,112.65,434.08,0.7886,-1,-1,-1
670,54,1440.82,280.28,178.70,584.27,0.8580,-1,-1,-1
670,39,1798.34,247.52,121.22,827.07,0.7926,-1,-1,-1
670,2,834.78,330.06,156.14,430.18,0.8456,-1,-1,-1
671,64,740.34,383.28,79.66,260.20,0.7259,-1,-1,-1
671,63,1074.58,281.37,238.19,668.08,0.8849,-1,-1,-1
671,61,1272.20,257.18,180.97,607.40,0.8529,-1,-1,-1
671,58,973.08,297.71,121.14,484.63,0.8109,-1,-1,-1
671,57,429.17,349.18,114.12,434.09,0.8083,-1,-1,-1
671,54,1440.01,277.30,181.81,589.21,0.8560,-1,-1,-1
671,39,1797.18,241.41,122.35,833.71,0.7864,-1,-1,-1
671,2,834.79,329.32,148.64,433.55,0.8530,-1,-1,-1
672,64,737.35,383.18,82.15,262.71,0.7200,-1,-1,-1
672,63,1075.70,279.63,239.95,687.20,0.8894,-1,-1,-1
672,61,1271.48,245.35,184.94,626.55,0.8495,-1,-1,-1
672,58,970.53,295.98,125.61,489.03,0.8135,-1,-1,-1
672,57,424.38,348.16,120.90,441.07,0.7894,-1,-1,-1
672,54,1441.32,275.63,182.66,590.30,0.8603,-1,-1,-1
672,39,1795.48,222.57,124.50,847.64,0.7839,-1,-1,-1
672,2,836.31,329.26,148.80,434.86,0.8553,-1,-1,-1
673,64,737.18,379.84,79.39,265.73,0.7208,-1,-1,-1
673,63,1075.51,273.72,247.79,698.69,0.8859,-1,-1,-1
673,61,1273.19,241.92,186.33,637.51,0.8356,-1,-1,-1
673,58,970.31,293.65,126.30,484.85,0.8159,-1,-1,-1
673,57,420.98,352.15,120.19,438.62,0.7848,-1,-1,-1
673,54,1443.32,274.21,183.53,594.19,0.8489,-1,-1,-1
673,39,1790.38,140.73,129.52,930.48,0.7711,-1,-1,-1
673,2,838.03,328.12,140.17,433.70,0.8485,-1,-1,-1
674,64,737.18,380.38,83.15,262.07,0.7019,-1,-1,-1
674,63,1073.10,265.97,258.91,710.86,0.8775,-1,-1,-1
674,61,1279.04,240.91,180.48,655.42,0.8244,-1,-1,-1
674,58,970.29,294.38,125.59,485.52,0.8091,-1,-1,-1
674,57,420.06,353.83,118.80,439.98,0.7689,-1,-1,-1
674,54,1444.76,273.42,188.69,592.60,0.8415,-1,-1,-1
674,39,1783.83,154.52,136.01,915.63,0.7815,-1,-1,-1
674,2,838.44,328.02,137.95,433.36,0.8470,-1,-1,-1
675,64,737.00,382.69,81.78,258.16,0.7087,-1,-1,-1
675,63,1069.38,264.23,269.01,718.18,0.8753,-1,-1,-1
675,61,1283.81,249.34,184.93,664.31,0.8162,-1,-1,-1
675,58,969.32,292.84,127.47,490.60,0.8130,-1,-1,-1
675,57,417.13,349.55,123.02,448.34,0.7742,-1,-1,-1
675,54,1446.98,273.19,190.88,594.23,0.8447,-1,-1,-1
675,39,1776.08,215.89,143.73,853.49,0.7946,-1,-1,-1
675,2,838.89,328.50,139.10,434.75,0.8530,-1,-1,-1
676,64,734.58,382.03,84.73,261.04,0.7249,-1,-1,-1
676,63,1067.47,258.36,280.97,727.92,0.8542,-1,-1,-1
676,61,1290.56,237.52,188.69,679.10,0.7948,-1,-1,-1
676,58,969.50,292.82,128.54,489.68,0.8216,-1,-1,-1
676,57,414.69,351.09,125.68,450.39,0.7924,-1,-1,-1
676,54,1457.41,272.55,185.36,586.05,0.8382,-1,-1,-1
676,39,1769.80,225.54,149.91,841.81,0.8228,-1,-1,-1
676,2,837.81,329.46,140.16,436.53,0.8513,-1,-1,-1
677,64,734.15,379.57,86.92,264.84,0.7439,-1,-1,-1
677,63,1064.42,250.55,291.30,699.26,0.8503,-1,-1,-1
677,61,1297.31,228.59,207.43,699.91,0.7771,-1,-1,-1
677,58,972.85,291.61,124.74,486.58,0.8250,-1,-1,-1
677,57,411.30,346.75,126.59,454.50,0.7923,-1,-1,-1
677,54,1461.42,266.39,188.82,593.74,0.8357,-1,-1,-1
677,39,1758.38,237.29,161.25,832.25,0.8337,-1,-1,-1
677,2,837.54,327.32,142.92,437.82,0.8419,-1,-1,-1
678,64,734.13,379.76,86.52,266.45,0.7413,-1,-1,-1
678,63,1060.79,241.87,309.26,701.51,0.8709,-1,-1,-1
678,61,1302.14,226.94,206.45,705.16,0.8077,-1,-1,-1
678,58,972.06,291.16,128.16,488.96,0.8165,-1,-1,-1
678,57,409.01,348.32,128.45,454.39,0.7958,-1,-1,-1
678,54,1468.28,263.77,182.36,596.19,0.8228,-1,-1,-1
678,39,1753.41,236.60,166.25,836.75,0.8556,-1,-1,-1
678,2,838.32,326.41,142.56,439.97,0.8477,-1,-1,-1
679,64,734.27,378.41,85.42,266.26,0.7337,-1,-1,-1
679,63,1060.84,236.33,316.07,738.02,0.8624,-1,-1,-1
679,61,1310.78,229.13,201.27,724.37,0.8381,-1,-1,-1
679,58,978.66,291.55,124.59,484.93,0.7902,-1,-1,-1
679,57,408.43,348.22,126.69,454.57,0.7842,-1,-1,-1
679,54,1477.64,263.33,180.38,594.39,0.8157,-1,-1,-1
679,39,1747.72,246.38,171.94,828.40,0.8451,-1,-1,-1
679,2,837.35,327.62,146.77,438.20,0.8426,-1,-1,-1
680,64,735.57,377.86,86.99,270.39,0.7450,-1,-1,-1
680,63,1064.58,231.07,297.23,768.02,0.8741,-1,-1,-1
680,61,1319.16,238.15,207.32,728.78,0.8708,-1,-1,-1
680,58,982.77,292.93,120.51,483.48,0.7719,-1,-1,-1
680,57,409.00,346.96,129.11,458.81,0.7866,-1,-1,-1
680,54,1486.67,262.13,183.25,605.03,0.8343,-1,-1,-1
680,39,1740.19,247.61,179.46,805.00,0.7728,-1,-1,-1
680,2,835.19,329.63,159.14,438.25,0.8464,-1,-1,-1
681,64,735.25,382.49,92.57,270.78,0.7565,-1,-1,-1
681,63,1072.97,225.78,286.28,787.41,0.8695,-1,-1,-1
681,61,1330.29,240.62,201.80,729.91,0.8650,-1,-1,-1
681,58,985.10,296.55,119.21,480.45,0.7801,-1,-1,-1
681,57,411.28,345.31,130.53,462.64,0.7829,-1,-1,-1
681,54,1490.27,262.29,187.13,609.16,0.8323,-1,-1,-1
681,39,1735.11,251.63,184.56,705.23,0.7891,-1,-1,-1
681,2,837.50,332.07,162.13,437.21,0.8542,-1,-1,-1
682,64,737.09,381.82,93.44,274.84,0.7630,-1,-1,-1
682,63,1079.17,223.65,287.19,793.06,0.8819,-1,-1,-1
682,61,1341.87,234.80,200.37,739.55,0.8559,-1,-1,-1
682,58,992.63,296.23,115.98,482.76,0.8020,-1,-1,-1
682,57,413.33,345.72,127.71,464.59,0.7896,-1,-1,-1
682,54,1500.47,259.82,177.50,620.33,0.8327,-1,-1,-1
682,39,1732.29,256.59,187.37,538.17,0.8295,-1,-1,-1
682,2,838.65,333.30,170.06,442.37,0.8250,-1,-1,-1
683,64,739.82,382.88,91.57,273.65,0.7643,-1,-1,-1
683,63,1083.80,220.48,293.40,814.71,0.8783,-1,-1,-1
683,61,1350.13,232.44,216.31,751.01,0.8696,-1,-1,-1
683,58,996.80,294.56,119.37,488.53,0.8026,-1,-1,-1
683,57,414.11,347.57,125.70,463.14,0.7798,-1,-1,-1
683,54,1507.99,256.75,167.16,623.60,0.8320,-1,-1,-1
683,39,1741.64,259.96,178.00,525.30,0.7002,-1,-1,-1
683,2,846.03,335.96,165.24,428.88,0.8037,-1,-1,-1
684,64,746.98,382.44,89.62,278.09,0.7768,-1,-1,-1
684,63,1091.55,217.35,294.46,852.17,0.8764,-1,-1,-1
684,61,1359.36,224.07,222.91,763.36,0.8637,-1,-1,-1
684,58,1002.34,296.57,114.67,489.85,0.8060,-1,-1,-1
684,57,416.88,348.08,126.58,464.94,0.7942,-1,-1,-1
684,54,1513.88,259.13,171.85,628.03,0.8202,-1,-1,-1
684,39,1747.80,263.34,171.88,512.03,0.6226,-1,-1,-1
684,2,849.70,336.65,161.53,436.60,0.8396,-1,-1,-1
685,64,753.47,382.45,87.47,281.21,0.7896,-1,-1,-1
685,63,1096.91,214.69,300.08,865.31,0.8874,-1,-1,-1
685,61,1370.00,219.16,222.88,767.72,0.8326,-1,-1,-1
685,58,1009.31,297.13,113.82,489.37,0.8054,-1,-1,-1
685,57,420.63,340.51,129.53,474.11,0.7977,-1,-1,-1
685,54,1521.77,260.89,162.25,619.70,0.7561,-1,-1,-1
685,39,1756.18,267.42,163.64,521.02,0.4478,-1,-1,-1
685,2,863.08,332.22,153.64,440.30,0.8128,-1,-1,-1
686,64,757.19,383.53,87.70,277.54,0.8151,-1,-1,-1
686,63,1103.28,210.51,300.77,869.04,0.8993,-1,-1,-1
686,61,1385.88,209.15,235.88,781.69,0.8310,-1,-1,-1
686,58,1016.99,293.11,118.34,491.26,0.7971,-1,-1,-1
686,57,424.75,342.24,123.94,473.47,0.8143,-1,-1,-1
686,54,1545.56,270.07,143.07,615.91,0.4319,-1,-1,-1
686,39,1769.46,281.28,150.44,510.60,0.6647,-1,-1,-1
686,2,874.63,333.48,145.17,433.53,0.8560,-1,-1,-1
687,64,765.26,379.14,87.44,283.40,0.8176,-1,-1,-1
687,63,1104.78,207.17,310.54,872.36,0.9021,-1,-1,-1
687,61,1394.54,200.97,271.20,796.56,0.8371,-1,-1,-1
687,58,1018.88,296.09,122.86,497.04,0.7960,-1,-1,-1
687,57,429.16,336.42,118.96,472.68,0.7954,-1,-1,-1
687,39,1789.75,303.93,130.23,551.47,0.6376,-1,-1,-1
687,2,877.70,329.55,159.11,440.00,0.8462,-1,-1,-1
688,66,865.81,387.60,45.86,227.65,0.3226,-1,-1,-1
688,64,765.30,377.05,92.40,281.39,0.7855,-1,-1,-1
688,63,1107.59,195.80,317.83,881.33,0.8990,-1,-1,-1
688,61,1408.57,190.85,286.97,809.61,0.8662,-1,-1,-1
688,58,1029.35,293.49,118.49,488.06,0.8105,-1,-1,-1
688,57,433.27,331.59,124.06,479.87,0.7643,-1,-1,-1
688,39,1806.24,334.22,113.76,532.15,0.6851,-1,-1,-1
688,2,883.24,326.28,150.04,433.83,0.8325,-1,-1,-1
689,66,864.81,384.35,50.95,225.76,0.4417,-1,-1,-1
689,64,769.36,372.22,97.92,282.38,0.7698,-1,-1,-1
689,63,1111.12,170.62,325.58,904.72,0.8958,-1,-1,-1
689,61,1419.08,188.27,294.26,804.10,0.8775,-1,-1,-1
689,58,1037.48,290.71,115.68,487.90,0.7758,-1,-1,-1
689,57,436.22,329.06,123.81,474.92,0.8082,-1,-1,-1
689,39,1827.65,374.64,92.35,494.69,0.5570,-1,-1,-1
689,2,891.27,322.55,150.52,430.18,0.8105,-1,-1,-1
690,66,869.15,379.09,48.56,227.83,0.4068,-1,-1,-1
690,64,774.17,361.01,92.90,289.83,0.7459,-1,-1,-1
690,63,1109.97,169.62,338.33,900.19,0.8985,-1,-1,-1
690,61,1427.38,178.08,318.18,813.18,0.8656,-1,-1,-1
690,58,1045.73,286.24,115.58,486.82,0.8152,-1,-1,-1
690,57,438.62,321.80,122.24,474.77,0.7845,-1,-1,-1
690,39,1851.54,412.61,68.46,472.97,0.3388,-1,-1,-1
690,2,895.71,316.95,161.34,434.22,0.7927,-1,-1,-1
691,66,869.05,382.04,52.46,218.59,0.3541,-1,-1,-1
691,64,777.68,361.87,93.42,289.94,0.7823,-1,-1,-1
691,63,1109.83,178.08,343.30,896.57,0.9031,-1,-1,-1
691,61,1437.20,163.53,336.64,832.53,0.8799,-1,-1,-1
691,58,1048.12,283.06,115.69,486.19,0.7610,-1,-1,-1
691,57,440.80,319.04,122.53,477.69,0.7142,-1,-1,-1
691,2,901.14,310.97,164.67,432.15,0.8087,-1,-1,-1
692,66,866.86,373.45,58.25,219.23,0.5084,-1,-1,-1
692,64,779.71,355.50,92.91,293.77,0.7835,-1,-1,-1
692,63,1106.84,157.54,360.00,919.70,0.8952,-1,-1,-1
692,61,1444.68,153.16,347.09,860.91,0.8965,-1,-1,-1
692,58,1052.93,279.68,117.69,492.69,0.7499,-1,-1,-1
692,57,440.98,313.67,124.64,484.07,0.7423,-1,-1,-1
692,2,906.77,307.01,144.54,432.91,0.7949,-1,-1,-1
693,66,866.21,370.71,62.57,221.39,0.5334,-1,-1,-1
693,64,778.47,353.83,93.91,291.84,0.7797,-1,-1,-1
693,63,1104.38,132.53,377.72,939.78,0.8889,-1,-1,-1
693,61,1450.96,143.37,360.73,894.59,0.9008,-1,-1,-1
693,58,1059.80,272.09,105.48,521.77,0.6059,-1,-1,-1
693,57,440.54,309.68,150.02,488.33,0.6785,-1,-1,-1
693,2,910.02,302.10,148.11,436.30,0.7916,-1,-1,-1
694,66,865.23,366.94,61.88,217.70,0.5096,-1,-1,-1
694,64,780.07,352.06,93.56,293.65,0.7483,-1,-1,-1
694,63,1101.68,126.00,398.41,947.99,0.8896,-1,-1,-1
694,61,1454.80,138.71,381.52,914.23,0.8983,-1,-1,-1
694,58,1062.49,266.18,97.72,519.21,0.5499,-1,-1,-1
694,57,439.22,304.27,137.00,492.59,0.6921,-1,-1,-1
694,2,909.85,299.49,142.86,437.98,0.8125,-1,-1,-1
695,66,866.99,362.98,64.54,225.78,0.6099,-1,-1,-1
695,64,780.89,346.24,89.44,295.68,0.7459,-1,-1,-1
695,63,1092.94,111.82,425.05,962.23,0.8795,-1,-1,-1
695,61,1461.75,130.87,400.53,920.34,0.8995,-1,-1,-1
695,58,1059.85,258.04,136.63,650.63,0.5273,-1,-1,-1
695,57,434.60,298.56,125.48,494.64,0.7972,-1,-1,-1
695,2,911.48,299.12,142.58,435.12,0.8101,-1,-1,-1
696,66,867.28,364.14,62.79,229.31,0.6269,-1,-1,-1
696,64,776.48,343.41,93.82,297.47,0.7685,-1,-1,-1
696,63,1097.64,99.71,429.90,975.11,0.8823,-1,-1,-1
696,61,1466.57,125.72,412.32,936.30,0.9044,-1,-1,-1
696,58,1044.99,250.16,161.88,668.24,0.6174,-1,-1,-1
696,57,432.31,296.78,126.09,497.82,0.8192,-1,-1,-1
696,2,910.30,301.30,138.75,431.98,0.8455,-1,-1,-1
697,66,865.95,362.03,62.59,228.97,0.6718,-1,-1,-1
697,64,775.72,337.22,95.35,300.62,0.7629,-1,-1,-1
697,63,1109.51,84.26,438.06,990.69,0.8939,-1,-1,-1
697,61,1476.84,115.46,415.11,955.73,0.8911,-1,-1,-1
697,58,1043.21,249.06,153.90,680.03,0.6705,-1,-1,-1
697,57,425.52,295.42,132.27,498.07,0.7917,-1,-1,-1
697,2,915.01,297.11,133.74,430.55,0.8159,-1,-1,-1
698,66,862.54,358.06,65.68,227.90,0.6886,-1,-1,-1
698,64,774.48,338.64,97.63,299.66,0.7806,-1,-1,-1
698,63,1107.04,67.54,444.32,1007.95,0.9041,-1,-1,-1
698,61,1481.29,111.70,428.35,954.13,0.9017,-1,-1,-1
698,58,1045.96,224.13,167.85,708.71,0.6735,-1,-1,-1
698,57,426.26,285.96,125.40,500.97,0.7802,-1,-1,-1
698,2,917.13,290.77,140.98,437.43,0.8321,-1,-1,-1
699,66,863.99,351.78,64.92,229.15,0.6888,-1,-1,-1
699,64,772.42,334.91,102.86,301.37,0.7892,-1,-1,-1
699,63,1115.91,49.81,446.72,1027.93,0.9053,-1,-1,-1
699,61,1492.77,97.37,426.04,963.83,0.9051,-1,-1,-1
699,58,1046.04,206.25,167.35,734.62,0.6958,-1,-1,-1
699,57,422.61,280.71,139.12,503.89,0.7726,-1,-1,-1
699,2,918.21,285.15,150.33,440.16,0.8357,-1,-1,-1
700,66,866.71,347.16,61.55,231.07,0.6505,-1,-1,-1
700,64,771.72,332.40,103.01,303.64,0.7658,-1,-1,-1
700,63,1131.13,32.41,446.36,1043.10,0.8995,-1,-1,-1
700,61,1501.09,80.14,417.93,984.73,0.9102,-1,-1,-1
700,58,1051.55,194.77,159.11,746.98,0.7593,-1,-1,-1
700,57,421.80,276.57,129.81,505.09,0.7967,-1,-1,-1
700,2,919.42,283.35,148.99,439.95,0.8453,-1,-1,-1
701,66,864.65,345.21,65.77,234.12,0.6726,-1,-1,-1
701,64,773.46,328.50,103.16,305.20,0.7538,-1,-1,-1
701,63,1137.82,22.82,446.94,1050.46,0.8951,-1,-1,-1
701,61,1511.13,73.35,408.17,988.38,0.9082,-1,-1,-1
701,58,1054.00,188.07,137.31,751.79,0.7719,-1,-1,-1
701,57,417.28,271.49,130.11,512.50,0.8242,-1,-1,-1
701,2,920.64,282.97,147.15,436.06,0.8551,-1,-1,-1
702,66,858.60,338.25,73.52,238.96,0.7016,-1,-1,-1
702,64,774.98,324.62,97.12,305.71,0.7639,-1,-1,-1
702,63,1138.52,10.91,451.37,1061.24,0.8916,-1,-1,-1
702,61,1512.21,63.29,407.49,999.02,0.9111,-1,-1,-1
702,58,1045.62,179.62,172.93,762.61,0.8142,-1,-1,-1
702,57,415.40,267.77,131.45,517.65,0.8279,-1,-1,-1
702,2,921.51,279.59,139.62,432.98,0.8406,-1,-1,-1
703,68,1498.89,210.15,64.24,138.77,0.3114,-1,-1,-1
703,66,861.04,332.76,71.32,246.83,0.6811,-1,-1,-1
703,64,772.74,318.21,100.86,312.05,0.7657,-1,-1,-1
703,63,1148.50,3.48,451.35,1069.20,0.8957,-1,-1,-1
703,61,1520.75,48.87,399.25,1017.56,0.9060,-1,-1,-1
703,58,1042.67,169.67,178.16,772.36,0.8353,-1,-1,-1
703,57,406.85,260.09,137.30,523.36,0.8179,-1,-1,-1
703,2,922.21,277.21,134.08,430.99,0.8364,-1,-1,-1
704,66,861.14,328.31,69.94,247.21,0.6798,-1,-1,-1
704,64,772.25,313.45,105.44,313.18,0.7671,-1,-1,-1
704,63,1154.21,1.03,453.86,1069.85,0.9025,-1,-1,-1
704,61,1532.74,36.89,387.12,1029.51,0.9108,-1,-1,-1
704,58,1034.32,158.62,208.72,782.96,0.8460,-1,-1,-1
704,57,399.47,254.02,138.64,522.84,0.8432,-1,-1,-1
704,2,921.79,270.86,124.33,431.18,0.8206,-1,-1,-1
705,66,854.87,322.84,72.44,244.57,0.6571,-1,-1,-1
705,64,775.28,309.88,96.43,313.92,0.7489,-1,-1,-1
705,63,1159.32,1.39,452.96,1068.78,0.9049,-1,-1,-1
705,61,1545.15,10.97,374.85,1051.39,0.9016,-1,-1,-1
705,58,1024.41,147.84,205.79,792.91,0.8463,-1,-1,-1
705,57,394.81,251.16,143.78,521.07,0.8588,-1,-1,-1
705,2,920.24,263.02,122.37,430.93,0.8178,-1,-1,-1
706,66,852.63,318.35,73.62,249.80,0.6818,-1,-1,-1
706,64,772.71,302.59,95.32,316.63,0.7622,-1,-1,-1
706,63,1170.35,1.22,458.93,1070.78,0.9111,-1,-1,-1
706,61,1556.88,3.04,362.81,1063.07,0.9177,-1,-1,-1
706,58,1002.02,136.60,214.79,818.64,0.8301,-1,-1,-1
706,57,392.56,242.51,141.27,528.66,0.8137,-1,-1,-1
706,2,921.40,258.27,122.68,428.74,0.8047,-1,-1,-1
707,66,853.12,312.28,73.33,247.97,0.6650,-1,-1,-1
707,64,777.08,294.84,89.51,315.93,0.7834,-1,-1,-1
707,63,1179.79,1.69,472.72,1072.85,0.9136,-1,-1,-1
707,61,1578.96,2.70,340.92,1069.45,0.9171,-1,-1,-1
707,58,991.01,120.19,221.64,857.12,0.8320,-1,-1,-1
707,57,388.61,236.60,142.55,528.19,0.8208,-1,-1,-1
707,2,920.25,254.49,123.87,425.71,0.7561,-1,-1,-1
708,66,852.05,304.90,74.45,257.57,0.6084,-1,-1,-1
708,64,771.44,288.60,100.71,318.08,0.7738,-1,-1,-1
708,63,1182.63,2.17,493.02,1068.00,0.9134,-1,-1,-1
708,61,1601.70,4.19,318.30,1068.68,0.9075,-1,-1,-1
708,58,977.62,106.94,228.38,882.08,0.8468,-1,-1,-1
708,57,387.02,231.11,145.09,530.20,0.7953,-1,-1,-1
708,2,922.15,239.73,104.25,435.39,0.6975,-1,-1,-1
709,66,851.66,301.15,73.71,252.05,0.5355,-1,-1,-1
709,64,766.39,281.30,106.07,322.46,0.7603,-1,-1,-1
709,63,1200.98,2.26,505.89,1068.36,0.9183,-1,-1,-1
709,61,1630.57,5.34,288.96,1074.66,0.8982,-1,-1,-1
709,58,968.85,97.44,262.69,904.63,0.8608,-1,-1,-1
709,57,381.93,216.98,145.17,544.57,0.8032,-1,-1,-1
709,2,912.67,229.45,120.43,437.33,0.5538,-1,-1,-1
710,66,854.71,297.53,69.00,249.26,0.4974,-1,-1,-1
710,64,766.68,274.39,104.72,326.39,0.7691,-1,-1,-1
710,63,1219.10,2.58,523.68,1066.06,0.9315,-1,-1,-1
710,61,1660.35,4.72,259.65,1075.28,0.8972,-1,-1,-1
710,58,936.10,85.85,302.25,927.29,0.8828,-1,-1,-1
710,57,378.59,212.03,145.23,542.71,0.7943,-1,-1,-1
711,66,853.10,295.43,69.69,255.38,0.4925,-1,-1,-1
711,64,774.30,270.16,96.33,329.03,0.7464,-1,-1,-1
711,63,1232.87,0.48,573.82,1066.75,0.9216,-1,-1,-1
711,61,1696.60,5.05,223.24,1056.57,0.8806,-1,-1,-1
711,58,926.46,79.58,312.20,943.71,0.8934,-1,-1,-1
711,57,374.59,207.03,146.31,546.19,0.8141,-1,-1,-1
712,66,853.24,294.16,66.76,251.85,0.5973,-1,-1,-1
712,64,761.75,266.50,111.04,332.98,0.7432,-1,-1,-1
712,63,1256.04,3.74,576.32,1068.04,0.9111,-1,-1,-1
712,61,1734.16,3.02,185.49,887.85,0.7733,-1,-1,-1
712,58,915.28,63.60,324.55,974.18,0.9030,-1,-1,-1
712,57,371.28,203.74,145.60,550.64,0.8205,-1,-1,-1
713,66,852.35,284.49,73.04,262.03,0.5331,-1,-1,-1
713,64,758.59,261.18,117.21,337.45,0.7598,-1,-1,-1
713,63,1275.41,5.07,604.71,1066.14,0.9160,-1,-1,-1
713,61,1781.36,4.55,138.28,830.75,0.5929,-1,-1,-1
713,58,909.14,51.54,327.59,1005.95,0.8966,-1,-1,-1
713,57,366.05,196.54,147.77,556.72,0.8164,-1,-1,-1
714,66,853.85,284.92,67.93,261.71,0.5897,-1,-1,-1
714,64,756.34,258.94,117.35,338.97,0.7818,-1,-1,-1
714,63,1292.28,3.00,626.73,1066.14,0.9254,-1,-1,-1
714,58,900.85,42.91,325.72,1019.91,0.8875,-1,-1,-1
714,57,363.94,194.19,148.55,558.04,0.8264,-1,-1,-1
715,69,1234.19,316.62,58.43,211.25,0.5243,-1,-1,-1
715,66,850.88,280.44,58.17,266.17,0.4189,-1,-1,-1
715,64,757.50,256.30,122.16,339.74,0.7669,-1,-1,-1
715,63,1285.32,0.01,633.91,1065.77,0.9282,-1,-1,-1
715,58,890.31,36.50,326.58,1030.89,0.8909,-1,-1,-1
715,57,358.83,192.28,155.93,558.95,0.8250,-1,-1,-1
716,69,1238.24,317.32,60.32,205.74,0.5864,-1,-1,-1
716,66,847.91,274.22,53.19,269.52,0.3655,-1,-1,-1
716,64,757.67,254.38,118.79,340.04,0.7612,-1,-1,-1
716,63,1270.37,0.00,649.08,1068.59,0.9285,-1,-1,-1
716,58,877.30,11.58,327.98,1053.56,0.8965,-1,-1,-1
716,57,356.50,189.80,151.33,564.46,0.8275,-1,-1,-1
717,70,1201.13,319.56,48.74,184.23,0.3290,-1,-1,-1
717,69,1240.90,310.46,61.15,212.30,0.5065,-1,-1,-1
717,64,755.12,248.69,126.51,346.85,0.8054,-1,-1,-1
717,63,1262.84,0.00,655.85,1067.22,0.9286,-1,-1,-1
717,58,858.47,2.92,343.42,1074.52,0.9083,-1,-1,-1
717,57,350.77,189.84,160.44,563.09,0.8040,-1,-1,-1
718,69,1237.82,307.86,68.97,214.62,0.5916,-1,-1,-1
718,64,755.59,245.27,114.15,351.51,0.8087,-1,-1,-1
718,63,1260.32,1.30,658.59,1068.91,0.9181,-1,-1,-1
718,58,844.11,12.35,339.89,1062.38,0.9027,-1,-1,-1
718,57,346.72,182.20,162.55,572.53,0.8183,-1,-1,-1
719,69,1240.81,312.40,72.28,208.36,0.5576,-1,-1,-1
719,64,754.03,240.96,104.62,355.35,0.7688,-1,-1,-1
719,63,1263.47,1.51,655.78,1069.93,0.9180,-1,-1,-1
719,58,817.46,2.85,350.84,1066.83,0.8994,-1,-1,-1
719,57,344.17,179.99,159.58,576.29,0.8281,-1,-1,-1
720,71,1095.96,165.86,118.22,513.90,0.7162,-1,-1,-1
720,69,1242.69,305.49,75.68,215.80,0.6399,-1,-1,-1
720,64,757.34,241.33,84.16,354.10,0.6817,-1,-1,-1
720,63,1275.35,2.51,643.66,1055.84,0.9174,-1,-1,-1
720,58,791.15,2.44,359.86,1068.92,0.8882,-1,-1,-1
720,57,342.06,179.77,157.55,580.10,0.8483,-1,-1,-1
721,71,1092.56,164.63,130.55,519.57,0.7446,-1,-1,-1
721,69,1242.01,302.01,76.24,216.48,0.6071,-1,-1,-1
721,63,1293.62,2.46,624.55,1062.80,0.8841,-1,-1,-1
721,58,768.82,1.99,361.64,1076.71,0.9126,-1,-1,-1
721,57,338.02,173.87,159.84,588.63,0.8474,-1,-1,-1
722,72,1315.35,115.80,158.02,496.85,0.7093,-1,-1,-1
722,71,1088.54,161.90,140.27,519.78,0.7898,-1,-1,-1
722,69,1245.28,293.90,65.99,225.31,0.4931,-1,-1,-1
722,63,1305.88,1.83,612.10,1063.61,0.9198,-1,-1,-1
722,58,748.65,2.11,367.92,1074.28,0.9107,-1,-1,-1
722,57,331.94,169.08,163.14,594.99,0.8439,-1,-1,-1
723,72,1302.73,110.09,168.46,558.67,0.7296,-1,-1,-1
723,71,1082.76,162.01,142.58,509.60,0.8314,-1,-1,-1
723,69,1246.96,313.55,64.49,207.11,0.5254,-1,-1,-1
723,63,1313.76,2.04,603.95,1063.12,0.9026,-1,-1,-1
723,58,725.12,1.99,371.85,1075.35,0.9035,-1,-1,-1
723,57,326.52,167.03,165.77,597.11,0.8463,-1,-1,-1
724,72,1260.11,107.26,203.18,637.54,0.7751,-1,-1,-1
724,71,1078.16,158.78,150.50,508.95,0.8440,-1,-1,-1
724,63,1322.93,5.14,594.26,1062.01,0.9020,-1,-1,-1
724,58,699.15,1.81,390.73,1068.56,0.9060,-1,-1,-1
724,57,322.08,163.28,165.73,601.14,0.8367,-1,-1,-1
725,72,1240.59,100.88,215.89,664.05,0.8577,-1,-1,-1
725,71,1075.39,157.93,150.80,507.81,0.8371,-1,-1,-1
725,63,1335.54,7.19,580.81,1062.94,0.8823,-1,-1,-1
725,58,661.47,3.40,397.93,1069.94,0.9041,-1,-1,-1
725,57,316.05,158.19,166.99,605.81,0.8385,-1,-1,-1
726,72,1217.80,106.79,239.64,701.42,0.8564,-1,-1,-1
726,71,1071.99,154.31,160.40,509.12,0.8424,-1,-1,-1
726,63,1351.03,7.67,567.89,1059.95,0.8125,-1,-1,-1
726,58,632.66,3.66,404.44,1071.08,0.9087,-1,-1,-1
726,57,312.50,157.12,166.26,608.22,0.8181,-1,-1,-1
727,72,1188.68,105.53,272.95,696.51,0.8693,-1,-1,-1
727,71,1067.58,151.63,164.30,512.74,0.8544,-1,-1,-1
727,63,1391.49,2.25,528.51,1066.44,0.8125,-1,-1,-1
727,58,605.27,4.84,411.29,1069.63,0.9054,-1,-1,-1
727,57,296.25,147.56,172.85,614.57,0.8201,-1,-1,-1
727,2,966.91,193.36,96.29,433.05,0.5839,-1,-1,-1
728,72,1149.72,101.05,311.64,702.58,0.8591,-1,-1,-1
728,71,1066.76,147.75,143.85,510.89,0.6678,-1,-1,-1
728,63,1527.66,6.10,391.81,1046.48,0.7388,-1,-1,-1
728,58,565.13,4.55,435.31,1071.84,0.9091,-1,-1,-1
728,57,290.51,141.94,168.43,619.96,0.8494,-1,-1,-1
728,2,941.47,181.86,121.68,444.02,0.7890,-1,-1,-1
729,72,1124.55,92.96,336.19,708.65,0.8773,-1,-1,-1
729,71,1063.80,146.68,128.94,508.45,0.7568,-1,-1,-1
729,63,1684.01,30.98,235.57,1031.69,0.6982,-1,-1,-1
729,58,519.35,1.71,452.63,1072.41,0.9076,-1,-1,-1
729,57,280.23,129.51,168.62,629.07,0.8670,-1,-1,-1
729,2,937.26,185.70,121.66,437.24,0.8449,-1,-1,-1
730,72,1114.25,94.58,345.33,704.16,0.9001,-1,-1,-1
730,71,1055.10,142.02,135.66,514.52,0.8080,-1,-1,-1
730,58,467.83,1.79,475.38,1073.92,0.9226,-1,-1,-1
730,57,267.59,125.74,172.78,630.55,0.8433,-1,-1,-1
730,2,920.51,184.49,144.08,437.22,0.8502,-1,-1,-1
731,72,1113.76,94.35,341.01,706.08,0.8964,-1,-1,-1
731,71,1050.64,140.17,132.12,515.36,0.7968,-1,-1,-1
731,58,421.40,3.60,485.79,1071.61,0.9070,-1,-1,-1
731,57,253.48,121.25,172.75,637.61,0.8304,-1,-1,-1
731,2,911.08,183.07,144.39,439.43,0.8389,-1,-1,-1
732,75,1442.80,296.08,31.16,46.87,0.3197,-1,-1,-1
732,72,1087.80,90.65,365.40,711.73,0.8788,-1,-1,-1
732,71,1050.46,138.89,125.08,515.01,0.8124,-1,-1,-1
732,58,359.06,4.00,519.46,1064.60,0.9133,-1,-1,-1
732,57,244.66,109.37,157.83,650.74,0.8459,-1,-1,-1
732,2,904.59,183.56,154.45,438.06,0.8396,-1,-1,-1
733,72,1094.30,78.11,344.17,721.93,0.8631,-1,-1,-1
733,71,1046.93,134.97,118.97,513.82,0.8049,-1,-1,-1
733,58,243.45,4.06,599.73,1063.83,0.9027,-1,-1,-1
733,2,899.20,180.28,164.50,437.60,0.8547,-1,-1,-1
734,72,1076.35,80.82,344.66,735.43,0.8613,-1,-1,-1
734,71,1041.90,137.04,117.32,515.22,0.8040,-1,-1,-1
734,58,221.13,6.27,581.75,1060.28,0.9264,-1,-1,-1
734,2,895.84,183.09,145.55,435.18,0.8417,-1,-1,-1
735,76,741.54,208.63,107.56,402.02,0.6855,-1,-1,-1
735,75,1422.57,292.20,31.99,46.22,0.4351,-1,-1,-1
735,72,1058.40,82.64,338.61,740.85,0.8627,-1,-1,-1
735,71,1034.53,138.55,113.46,520.84,0.7598,-1,-1,-1
735,58,160.25,4.28,614.93,1061.40,0.9090,-1,-1,-1
735,2,889.68,182.69,141.34,424.47,0.8574,-1,-1,-1
736,76,711.00,179.51,131.67,410.95,0.6399,-1,-1,-1
736,72,1045.70,77.01,317.79,725.47,0.8803,-1,-1,-1
736,71,1026.66,135.68,106.30,526.31,0.6482,-1,-1,-1
736,58,46.72,2.38,686.68,1065.66,0.8625,-1,-1,-1
736,2,886.47,181.73,137.90,428.90,0.8478,-1,-1,-1
737,76,671.74,177.67,159.24,428.01,0.7134,-1,-1,-1
737,72,1047.88,71.90,276.72,726.31,0.8519,-1,-1,-1
737,71,1013.56,140.01,102.04,524.12,0.6676,-1,-1,-1
737,58,0.71,4.99,694.74,1060.48,0.9244,-1,-1,-1
737,2,879.10,179.49,134.84,428.90,0.8369,-1,-1,-1
738,77,750.72,210.11,64.48,318.97,0.4613,-1,-1,-1
738,76,646.23,170.92,157.61,438.13,0.7848,-1,-1,-1
738,72,1020.10,68.42,257.83,738.51,0.8716,-1,-1,-1
738,71,1005.34,143.28,88.44,516.50,0.4708,-1,-1,-1
738,58,1.45,4.82,681.84,1057.80,0.9044,-1,-1,-1
738,2,863.40,176.39,135.98,432.65,0.8224,-1,-1,-1
739,76,623.28,166.17,170.32,445.99,0.8123,-1,-1,-1
739,72,1001.15,70.02,221.40,732.77,0.8282,-1,-1,-1
739,58,1.41,3.41,651.85,1053.21,0.9128,-1,-1,-1
739,2,841.65,176.76,137.42,435.76,0.8441,-1,-1,-1
740,76,614.42,164.40,159.84,460.40,0.8235,-1,-1,-1
740,72,974.27,66.95,200.07,734.93,0.8288,-1,-1,-1
740,58,1.56,6.42,597.12,1051.09,0.9057,-1,-1,-1
740,2,825.12,177.32,145.41,431.19,0.8412,-1,-1,-1
741,78,1146.95,283.87,63.55,232.27,0.5362,-1,-1,-1
741,76,595.45,162.74,168.68,460.15,0.8471,-1,-1,-1
741,72,950.63,68.33,200.73,757.87,0.8714,-1,-1,-1
741,58,0.47,4.44,543.20,1059.41,0.8886,-1,-1,-1
741,2,818.27,178.37,141.64,431.90,0.8179,-1,-1,-1
742,78,1141.13,272.96,56.30,258.63,0.4855,-1,-1,-1
742,76,580.13,157.89,171.29,465.31,0.8487,-1,-1,-1
742,72,920.00,67.55,212.03,762.38,0.8392,-1,-1,-1
742,58,0.77,4.24,448.25,1063.36,0.8361,-1,-1,-1
742,2,807.88,177.80,140.42,436.70,0.8407,-1,-1,-1
743,78,1088.53,232.37,66.53,300.44,0.4492,-1,-1,-1
743,76,574.09,159.81,161.48,469.45,0.8278,-1,-1,-1
743,72,894.33,68.10,225.13,762.70,0.8162,-1,-1,-1
743,58,0.79,10.15,295.25,1045.25,0.7070,-1,-1,-1
743,2,797.69,181.47,141.55,437.54,0.8273,-1,-1,-1
744,78,1073.80,228.95,97.15,303.75,0.6839,-1,-1,-1
744,76,552.83,158.21,169.14,479.23,0.8403,-1,-1,-1
744,72,845.92,64.36,239.16,763.53,0.8345,-1,-1,-1
744,58,0.16,60.54,200.95,777.89,0.5667,-1,-1,-1
744,2,776.53,180.38,146.86,431.27,0.8210,-1,-1,-1
745,78,1064.97,230.29,103.35,305.49,0.7481,-1,-1,-1
745,76,534.32,155.31,179.65,489.43,0.8411,-1,-1,-1
745,72,802.02,60.70,269.22,761.18,0.7785,-1,-1,-1
745,58,0.00,53.05,181.85,770.39,0.8733,-1,-1,-1
745,2,764.88,181.72,135.58,429.97,0.7266,-1,-1,-1
746,78,1051.75,223.55,101.82,313.37,0.7222,-1,-1,-1
746,76,515.11,153.38,188.08,496.50,0.8397,-1,-1,-1
746,72,731.32,54.57,323.83,784.52,0.8057,-1,-1,-1
746,58,0.77,54.57,157.60,767.10,0.8565,-1,-1,-1
746,2,752.70,182.02,127.74,422.66,0.7471,-1,-1,-1
747,78,1052.51,222.85,92.87,315.89,0.7047,-1,-1,-1
747,76,496.06,152.53,187.27,502.04,0.8303,-1,-1,-1
747,75,1272.70,298.39,35.28,46.06,0.3145,-1,-1,-1
747,72,692.53,41.60,357.96,792.98,0.8328,-1,-1,-1
747,58,0.78,53.47,135.75,772.32,0.8305,-1,-1,-1
747,2,732.94,183.77,117.34,394.55,0.6154,-1,-1,-1
748,78,1043.42,219.38,94.00,323.10,0.7130,-1,-1,-1
748,76,481.78,149.70,190.46,505.63,0.8525,-1,-1,-1
748,72,655.59,50.58,380.16,785.85,0.8795,-1,-1,-1
748,58,0.50,62.67,115.65,770.16,0.8120,-1,-1,-1
748,2,718.90,170.02,109.04,411.18,0.5249,-1,-1,-1
749,80,989.48,230.77,79.83,321.95,0.3807,-1,-1,-1
749,78,1035.11,220.88,92.14,321.94,0.6748,-1,-1,-1
749,76,464.13,148.74,199.25,517.97,0.8425,-1,-1,-1
749,72,673.11,48.88,351.38,787.87,0.8156,-1,-1,-1
749,71,921.19,140.09,85.94,361.81,0.4579,-1,-1,-1
749,58,0.33,108.64,101.43,715.02,0.7610,-1,-1,-1
749,2,703.05,189.70,91.34,359.35,0.3418,-1,-1,-1
750,80,982.02,238.87,82.10,319.47,0.6542,-1,-1,-1
750,79,693.85,251.37,67.49,300.36,0.4288,-1,-1,-1
750,78,1030.42,226.75,93.74,318.15,0.7403,-1,-1,-1
750,76,450.90,148.61,199.88,521.77,0.7512,-1,-1,-1
750,72,642.57,55.36,369.40,790.44,0.8595,-1,-1,-1
750,71,904.40,136.91,91.86,484.18,0.3709,-1,-1,-1
750,58,0.09,184.89,80.39,638.40,0.7270,-1,-1,-1
751,80,979.19,241.09,83.60,321.83,0.6536,-1,-1,-1
751,78,1032.03,227.62,89.47,320.99,0.7149,-1,-1,-1
751,77,565.00,210.70,81.93,345.30,0.4252,-1,-1,-1
751,76,435.47,150.15,205.16,543.47,0.8015,-1,-1,-1
751,72,624.00,52.75,379.25,803.59,0.8738,-1,-1,-1
751,71,883.60,139.04,109.85,512.37,0.6957,-1,-1,-1
752,80,963.28,244.90,101.60,325.14,0.6889,-1,-1,-1
752,78,1029.63,228.14,90.72,321.84,0.7483,-1,-1,-1
752,77,563.20,206.13,76.56,354.57,0.3377,-1,-1,-1
752,76,427.85,143.47,202.75,552.20,0.8282,-1,-1,-1
752,72,612.71,54.37,367.57,808.91,0.8717,-1,-1,-1
752,71,868.80,140.69,119.67,521.25,0.7588,-1,-1,-1
753,80,961.36,250.39,112.45,325.48,0.7031,-1,-1,-1
753,78,1032.02,230.08,89.58,316.51,0.7368,-1,-1,-1
753,76,412.86,138.68,215.70,559.73,0.8390,-1,-1,-1
753,72,603.77,46.71,358.31,821.58,0.8886,-1,-1,-1
753,71,861.19,145.60,123.05,524.87,0.7678,-1,-1,-1
754,81,1830.99,325.51,88.40,375.62,0.5085,-1,-1,-1
754,80,958.34,251.71,113.68,327.64,0.6712,-1,-1,-1
754,78,1029.28,232.15,93.44,324.77,0.7433,-1,-1,-1
754,76,395.58,136.25,229.28,564.36,0.8194,-1,-1,-1
754,72,596.51,47.83,339.83,827.45,0.8870,-1,-1,-1
754,71,856.24,149.55,124.12,526.90,0.7953,-1,-1,-1
755,81,1823.85,309.82,95.55,395.35,0.5032,-1,-1,-1
755,80,957.46,251.12,116.77,330.45,0.6919,-1,-1,-1
755,78,1031.68,230.46,95.08,326.20,0.7177,-1,-1,-1
755,76,394.18,134.38,222.33,568.68,0.8487,-1,-1,-1
755,72,575.06,43.90,342.84,837.92,0.8893,-1,-1,-1
755,71,849.44,149.79,130.06,531.54,0.7997,-1,-1,-1
756,80,955.38,251.51,115.52,333.14,0.6799,-1,-1,-1
756,78,1030.29,229.77,102.80,331.87,0.7039,-1,-1,-1
756,76,384.23,132.58,220.32,582.85,0.8422,-1,-1,-1
756,72,542.22,39.29,336.92,850.98,0.8892,-1,-1,-1
756,71,846.55,154.14,135.25,523.97,0.8010,-1,-1,-1
757,81,1816.81,302.20,102.60,407.35,0.3701,-1,-1,-1
757,80,955.00,251.68,115.68,338.48,0.7569,-1,-1,-1
757,78,1029.89,230.11,107.59,333.72,0.7002,-1,-1,-1
757,76,377.87,135.68,198.21,578.64,0.8540,-1,-1,-1
757,72,504.35,33.57,338.96,863.44,0.8795,-1,-1,-1
757,71,840.99,158.28,141.88,522.25,0.8020,-1,-1,-1
758,82,756.73,195.10,87.87,320.79,0.5818,-1,-1,-1
758,80,957.53,250.32,126.35,343.81,0.7993,-1,-1,-1
758,78,1037.21,228.30,115.25,334.23,0.7044,-1,-1,-1
758,76,373.47,129.62,202.82,587.38,0.7723,-1,-1,-1
758,72,469.09,36.12,343.09,868.93,0.8792,-1,-1,-1
758,71,845.01,164.01,135.96,521.60,0.8243,-1,-1,-1
759,82,703.91,200.53,140.45,474.03,0.3992,-1,-1,-1
759,80,961.58,255.03,120.25,342.75,0.8125,-1,-1,-1
759,78,1043.69,230.03,110.41,347.74,0.7292,-1,-1,-1
759,76,372.28,134.02,203.39,595.73,0.7959,-1,-1,-1
759,72,459.91,33.90,321.84,881.06,0.8467,-1,-1,-1
759,71,844.33,168.16,134.13,524.11,0.8312,-1,-1,-1
760,82,681.91,196.86,164.55,519.28,0.6895,-1,-1,-1
760,80,967.06,255.54,118.53,347.75,0.8079,-1,-1,-1
760,78,1051.07,228.51,105.38,363.82,0.7451,-1,-1,-1
760,76,370.72,130.58,203.67,611.12,0.7837,-1,-1,-1
760,72,451.44,42.23,294.48,880.55,0.7887,-1,-1,-1
760,71,843.25,170.05,134.28,524.93,0.8298,-1,-1,-1
761,82,717.09,202.24,133.74,435.22,0.8251,-1,-1,-1
761,80,970.98,256.77,120.57,349.66,0.8298,-1,-1,-1
761,78,1056.99,229.04,103.34,363.51,0.7625,-1,-1,-1
761,76,370.59,133.55,197.44,607.29,0.7331,-1,-1,-1
761,72,413.28,42.88,321.29,892.09,0.7624,-1,-1,-1
761,71,846.05,171.93,132.15,528.09,0.8358,-1,-1,-1
762,82,708.06,202.33,143.15,437.51,0.8181,-1,-1,-1
762,81,1826.74,352.79,92.62,358.52,0.3066,-1,-1,-1
762,80,970.76,250.04,129.11,358.57,0.8052,-1,-1,-1
762,78,1062.62,230.43,98.29,362.80,0.7787,-1,-1,-1
762,76,361.36,136.26,197.05,611.26,0.7184,-1,-1,-1
762,72,392.11,39.62,338.04,900.45,0.7496,-1,-1,-1
762,71,845.29,172.95,132.89,528.65,0.8351,-1,-1,-1
763,82,706.09,203.75,150.15,450.69,0.8338,-1,-1,-1
763,80,974.58,250.21,136.65,360.61,0.8007,-1,-1,-1
763,78,1064.35,230.94,106.53,366.31,0.7902,-1,-1,-1
763,76,344.85,139.68,188.81,609.52,0.7550,-1,-1,-1
763,72,357.07,37.95,360.58,910.26,0.6405,-1,-1,-1
763,71,848.21,172.55,132.17,524.69,0.8249,-1,-1,-1
764,82,711.94,205.89,146.67,451.51,0.8354,-1,-1,-1
764,80,979.35,249.13,139.84,364.46,0.8011,-1,-1,-1
764,78,1071.28,229.07,101.25,373.63,0.7762,-1,-1,-1
764,76,329.49,117.52,193.16,643.23,0.5565,-1,-1,-1
764,72,328.20,38.40,387.92,916.72,0.8508,-1,-1,-1
764,71,848.30,172.05,135.66,531.00,0.8134,-1,-1,-1
765,82,714.31,208.01,145.89,448.59,0.8442,-1,-1,-1
765,80,983.54,251.05,142.57,368.91,0.7741,-1,-1,-1
765,79,661.36,265.85,69.96,299.86,0.3672,-1,-1,-1
765,78,1077.82,228.44,101.73,374.16,0.7166,-1,-1,-1
765,72,323.78,36.65,394.75,924.74,0.8615,-1,-1,-1
765,71,850.21,168.14,142.48,520.16,0.8031,-1,-1,-1
766,82,717.08,210.38,144.10,444.91,0.8415,-1,-1,-1
766,80,983.03,249.83,145.94,374.91,0.7986,-1,-1,-1
766,79,641.36,273.93,91.41,342.58,0.6817,-1,-1,-1
766,78,1081.99,229.65,103.25,378.60,0.6847,-1,-1,-1
766,72,305.35,34.32,412.17,926.72,0.9033,-1,-1,-1
766,71,855.92,166.65,137.21,512.43,0.8125,-1,-1,-1
767,82,718.23,210.47,143.25,441.24,0.8457,-1,-1,-1
767,80,976.58,250.35,164.13,379.62,0.8226,-1,-1,-1
767,79,633.12,272.36,100.21,341.22,0.7334,-1,-1,-1
767,78,1087.34,225.88,119.40,388.80,0.7386,-1,-1,-1
767,72,287.88,32.25,426.13,934.30,0.9007,-1,-1,-1
767,71,854.90,162.86,140.16,513.30,0.8093,-1,-1,-1
768,82,721.17,207.39,139.12,440.97,0.8233,-1,-1,-1
768,80,977.01,251.91,175.67,379.45,0.8123,-1,-1,-1
768,79,631.56,268.61,104.62,340.96,0.7523,-1,-1,-1
768,78,1086.85,225.71,124.80,391.27,0.7688,-1,-1,-1
768,72,268.47,31.39,438.75,939.14,0.9039,-1,-1,-1
768,71,856.97,159.17,137.88,516.04,0.8119,-1,-1,-1
769,82,722.12,207.23,136.62,439.60,0.8093,-1,-1,-1
769,80,975.28,251.92,185.38,385.21,0.8258,-1,-1,-1
769,79,630.06,265.75,105.55,347.95,0.7799,-1,-1,-1
769,78,1090.95,226.53,112.33,395.26,0.7569,-1,-1,-1
769,72,245.41,31.00,450.94,949.23,0.9094,-1,-1,-1
769,71,852.90,157.79,144.23,518.91,0.8252,-1,-1,-1
770,82,724.57,204.94,133.52,439.50,0.8269,-1,-1,-1
770,80,976.19,250.38,186.35,389.79,0.8337,-1,-1,-1
770,79,628.82,265.17,105.64,343.93,0.7877,-1,-1,-1
770,78,1095.81,223.75,101.30,403.08,0.7140,-1,-1,-1
770,72,222.08,25.27,459.10,962.95,0.8976,-1,-1,-1
770,71,851.34,155.21,148.65,521.02,0.8249,-1,-1,-1
771,82,720.53,196.30,133.34,445.09,0.8494,-1,-1,-1
771,80,975.09,243.80,187.75,396.97,0.8279,-1,-1,-1
771,79,626.67,254.42,107.44,347.49,0.7397,-1,-1,-1
771,78,1099.04,219.53,99.99,409.34,0.7150,-1,-1,-1
771,72,201.15,11.66,455.15,987.15,0.8927,-1,-1,-1
771,71,845.15,152.65,153.64,520.67,0.8571,-1,-1,-1
772,82,722.85,201.82,131.14,439.43,0.8348,-1,-1,-1
772,80,965.74,243.61,192.87,403.33,0.8342,-1,-1,-1
772,79,618.25,258.88,114.15,352.12,0.7895,-1,-1,-1
772,78,1095.53,218.44,105.13,411.59,0.7856,-1,-1,-1
772,72,178.68,9.20,456.05,981.16,0.8889,-1,-1,-1
772,71,843.75,152.65,150.94,524.16,0.8601,-1,-1,-1
773,82,721.10,199.28,125.49,439.43,0.8333,-1,-1,-1
773,80,962.69,239.93,195.66,409.04,0.8424,-1,-1,-1
773,79,615.89,258.81,111.47,351.12,0.8121,-1,-1,-1
773,78,1092.63,213.71,110.92,418.86,0.7979,-1,-1,-1
773,72,159.12,10.98,434.92,937.71,0.8627,-1,-1,-1
773,71,841.86,154.40,143.99,523.84,0.8634,-1,-1,-1
773,2,426.16,73.93,200.05,752.95,0.5662,-1,-1,-1
774,82,714.39,191.50,127.36,441.98,0.8312,-1,-1,-1
774,80,961.74,233.87,196.32,413.34,0.8588,-1,-1,-1
774,79,610.80,256.00,112.83,348.18,0.7973,-1,-1,-1
774,78,1091.91,211.58,115.54,419.60,0.7751,-1,-1,-1
774,72,146.75,5.02,395.42,941.29,0.8763,-1,-1,-1
774,71,836.75,150.83,142.90,530.43,0.8140,-1,-1,-1
774,2,431.40,64.94,193.99,751.77,0.5842,-1,-1,-1
775,82,708.79,188.62,132.52,445.06,0.8175,-1,-1,-1
775,80,959.12,228.26,198.33,415.27,0.8610,-1,-1,-1
775,79,607.19,249.09,113.89,360.46,0.7791,-1,-1,-1
775,78,1085.36,206.52,121.74,423.71,0.7982,-1,-1,-1
775,72,134.11,3.29,359.77,950.96,0.8709,-1,-1,-1
775,71,829.78,152.45,130.84,525.33,0.7832,-1,-1,-1
775,2,400.01,54.89,221.60,776.66,0.7690,-1,-1,-1
776,82,698.86,188.76,136.74,443.78,0.8012,-1,-1,-1
776,80,956.21,224.10,195.71,420.59,0.8485,-1,-1,-1
776,79,600.17,247.61,113.13,359.86,0.7792,-1,-1,-1
776,78,1085.37,201.10,121.76,429.57,0.8110,-1,-1,-1
776,72,112.87,0.99,347.70,965.25,0.8845,-1,-1,-1
776,71,818.36,151.51,139.10,529.19,0.7805,-1,-1,-1
776,2,379.47,46.36,240.46,782.25,0.7165,-1,-1,-1
777,82,690.65,192.47,138.44,441.85,0.7899,-1,-1,-1
777,80,954.59,221.44,189.68,425.39,0.8350,-1,-1,-1
777,79,591.84,246.25,112.31,367.87,0.7139,-1,-1,-1
777,78,1083.55,198.01,130.04,433.85,0.8342,-1,-1,-1
777,72,95.49,2.02,341.18,958.70,0.8973,-1,-1,-1
777,71,813.41,152.52,142.23,528.67,0.8014,-1,-1,-1
777,2,348.89,41.36,263.31,800.92,0.7782,-1,-1,-1
778,82,680.52,190.74,137.56,449.68,0.7419,-1,-1,-1
778,80,951.89,219.73,183.78,427.86,0.8405,-1,-1,-1
778,79,586.86,246.40,108.48,361.66,0.7242,-1,-1,-1
778,78,1083.91,190.58,129.59,444.06,0.8308,-1,-1,-1
778,72,77.12,3.42,329.83,981.54,0.8957,-1,-1,-1
778,71,812.90,153.14,140.30,528.22,0.8066,-1,-1,-1
778,2,332.14,36.99,280.40,833.36,0.8288,-1,-1,-1
779,82,671.94,191.61,137.89,439.04,0.7599,-1,-1,-1
779,80,954.54,215.27,173.13,435.86,0.8366,-1,-1,-1
779,79,571.61,244.00,118.69,366.35,0.7648,-1,-1,-1
779,78,1080.86,194.95,124.21,440.25,0.8096,-1,-1,-1
779,72,51.35,2.00,330.19,1005.63,0.8965,-1,-1,-1
779,71,799.77,155.42,145.29,521.93,0.7423,-1,-1,-1
779,2,332.60,32.15,272.26,861.78,0.8166,-1,-1,-1
780,82,662.94,189.11,141.34,451.24,0.7399,-1,-1,-1
780,80,950.69,213.87,169.59,438.22,0.8450,-1,-1,-1
780,79,566.92,243.69,113.97,359.79,0.6803,-1,-1,-1
780,78,1076.05,193.24,128.78,448.60,0.8100,-1,-1,-1
780,72,24.57,1.47,329.89,998.97,0.9100,-1,-1,-1
780,71,790.24,154.72,146.53,531.51,0.8078,-1,-1,-1
780,2,321.45,26.60,274.14,885.55,0.8464,-1,-1,-1
781,82,680.17,190.15,120.22,447.05,0.6145,-1,-1,-1
781,80,952.13,212.84,163.07,447.00,0.8394,-1,-1,-1
781,79,566.94,243.06,103.82,358.71,0.6034,-1,-1,-1
781,78,1074.73,191.87,137.38,455.59,0.8177,-1,-1,-1
781,72,0.60,4.21,329.04,1006.36,0.9110,-1,-1,-1
781,71,791.90,152.60,141.87,532.62,0.8175,-1,-1,-1
781,2,307.08,19.69,289.49,888.92,0.8435,-1,-1,-1
782,82,675.58,191.31,126.11,444.91,0.6777,-1,-1,-1
782,80,950.78,209.55,163.26,455.89,0.8712,-1,-1,-1
782,79,555.10,242.32,108.87,385.57,0.6246,-1,-1,-1
782,78,1071.99,189.73,148.81,458.99,0.8121,-1,-1,-1
782,72,0.00,5.21,304.36,1003.62,0.9091,-1,-1,-1
782,71,786.32,157.71,145.77,525.06,0.8169,-1,-1,-1
782,2,279.31,10.37,318.59,913.98,0.8664,-1,-1,-1
783,82,673.99,196.33,123.39,443.64,0.6679,-1,-1,-1
783,80,949.68,209.79,164.03,461.75,0.8781,-1,-1,-1
783,79,535.81,242.62,122.26,385.44,0.6261,-1,-1,-1
783,78,1069.63,190.79,151.69,458.99,0.8291,-1,-1,-1
783,72,0.00,3.58,277.01,1012.97,0.9018,-1,-1,-1
783,71,776.89,156.04,153.44,523.15,0.8087,-1,-1,-1
783,2,239.35,1.18,354.17,943.45,0.8584,-1,-1,-1
784,82,678.95,197.11,117.66,441.46,0.7078,-1,-1,-1
784,80,948.79,207.14,164.74,468.43,0.8681,-1,-1,-1
784,79,543.77,242.11,109.54,386.85,0.5875,-1,-1,-1
784,78,1068.11,190.24,155.82,467.48,0.8239,-1,-1,-1
784,72,0.00,5.83,257.02,1011.56,0.9015,-1,-1,-1
784,71,784.59,154.89,139.21,523.61,0.7934,-1,-1,-1
784,2,227.75,1.46,361.24,966.09,0.8618,-1,-1,-1
785,83,627.17,247.87,77.74,360.50,0.3552,-1,-1,-1
785,82,682.56,195.77,113.87,440.72,0.7288,-1,-1,-1
785,80,946.55,205.94,167.10,471.63,0.8452,-1,-1,-1
785,79,536.52,238.08,119.06,389.39,0.6670,-1,-1,-1
785,78,1071.16,185.53,155.87,478.75,0.8279,-1,-1,-1
785,72,0.61,8.97,236.37,1015.70,0.8980,-1,-1,-1
785,71,785.30,148.36,137.22,527.98,0.7905,-1,-1,-1
785,2,217.05,2.27,352.67,976.02,0.8932,-1,-1,-1
786,83,617.17,244.06,92.30,369.54,0.6327,-1,-1,-1
786,82,681.83,196.36,114.67,440.52,0.7288,-1,-1,-1
786,80,948.17,203.23,167.57,484.76,0.8298,-1,-1,-1
786,79,503.07,232.13,131.63,397.32,0.6943,-1,-1,-1
786,78,1071.98,180.80,160.58,490.27,0.8262,-1,-1,-1
786,72,1.01,8.37,221.42,1016.73,0.8743,-1,-1,-1
786,71,785.02,146.93,140.11,524.00,0.8162,-1,-1,-1
786,2,206.48,0.78,354.98,986.14,0.8785,-1,-1,-1
787,84,1858.69,266.63,60.68,475.34,0.3632,-1,-1,-1
787,83,617.10,249.68,92.03,366.80,0.6549,-1,-1,-1
787,82,682.26,194.26,114.02,441.64,0.7789,-1,-1,-1
787,80,948.39,206.68,172.03,488.97,0.8348,-1,-1,-1
787,79,527.23,235.54,113.34,390.09,0.6560,-1,-1,-1
787,78,1077.63,177.24,163.71,496.32,0.8361,-1,-1,-1
787,72,0.20,38.67,201.95,990.83,0.8781,-1,-1,-1
787,71,791.41,144.06,135.44,526.91,0.8247,-1,-1,-1
787,2,196.38,0.17,363.70,997.23,0.8834,-1,-1,-1
788,84,1853.79,268.52,65.59,461.70,0.4964,-1,-1,-1
788,83,607.25,251.15,101.01,370.87,0.7317,-1,-1,-1
788,82,682.06,190.59,113.38,441.90,0.7531,-1,-1,-1
788,80,948.88,209.73,178.80,491.29,0.8564,-1,-1,-1
788,79,521.35,235.56,108.94,398.26,0.6462,-1,-1,-1
788,78,1081.16,179.22,166.99,501.85,0.8461,-1,-1,-1
788,72,0.57,58.59,187.23,977.85,0.8716,-1,-1,-1
788,71,792.95,146.60,136.39,523.31,0.8247,-1,-1,-1
788,2,182.75,1.10,366.66,996.38,0.8983,-1,-1,-1
789,84,1842.08,283.76,77.23,473.18,0.4277,-1,-1,-1
789,83,604.72,247.12,104.63,381.94,0.7485,-1,-1,-1
789,82,682.21,193.71,123.19,449.76,0.7677,-1,-1,-1
789,80,940.51,211.62,191.43,498.55,0.8388,-1,-1,-1
789,79,518.74,233.65,100.59,402.64,0.6090,-1,-1,-1
789,78,1079.60,172.90,162.48,511.97,0.8342,-1,-1,-1
789,72,0.71,86.12,177.89,964.87,0.8654,-1,-1,-1
789,71,793.56,152.76,132.94,516.79,0.8369,-1,-1,-1
789,2,170.62,0.00,372.04,1010.05,0.9006,-1,-1,-1
790,84,1838.16,326.28,81.17,400.39,0.4096,-1,-1,-1
790,83,605.69,248.78,106.44,384.51,0.7296,-1,-1,-1
790,82,690.00,185.92,121.16,449.31,0.7495,-1,-1,-1
790,80,933.11,201.37,212.88,511.45,0.7915,-1,-1,-1
790,79,517.95,232.42,101.90,400.47,0.5647,-1,-1,-1
790,78,1082.42,169.87,165.28,515.35,0.8422,-1,-1,-1
790,72,0.64,99.53,157.89,960.57,0.8349,-1,-1,-1
790,71,794.97,150.28,134.91,519.48,0.8470,-1,-1,-1
790,2,162.05,0.00,383.86,1022.75,0.8939,-1,-1,-1
791,84,1840.71,364.96,78.69,360.66,0.5016,-1,-1,-1
791,83,607.27,250.10,111.06,386.53,0.7472,-1,-1,-1
791,82,691.91,196.19,128.48,442.06,0.7749,-1,-1,-1
791,80,964.88,198.27,192.04,525.07,0.8015,-1,-1,-1
791,79,516.75,231.83,113.21,411.92,0.6063,-1,-1,-1
791,78,1091.62,169.01,172.39,517.71,0.7853,-1,-1,-1
791,72,0.51,105.21,141.85,956.92,0.8023,-1,-1,-1
791,71,802.44,151.46,133.27,522.77,0.8245,-1,-1,-1
791,2,148.09,0.71,397.91,1034.80,0.8914,-1,-1,-1
792,83,615.35,251.34,107.78,390.95,0.7983,-1,-1,-1
792,82,697.23,198.03,128.32,449.49,0.8056,-1,-1,-1
792,80,968.72,197.77,204.44,526.79,0.8236,-1,-1,-1
792,79,516.17,235.66,114.16,412.59,0.6413,-1,-1,-1
792,78,1103.28,166.90,169.29,499.79,0.7373,-1,-1,-1
792,72,0.13,122.53,122.78,945.10,0.5292,-1,-1,-1
792,71,810.36,155.33,130.17,519.63,0.8029,-1,-1,-1
792,2,141.63,1.85,431.12,1044.45,0.8590,-1,-1,-1
793,86,0.47,141.51,47.20,425.63,0.5689,-1,-1,-1
793,84,1841.36,400.77,78.01,344.67,0.3913,-1,-1,-1
793,83,617.59,252.37,113.58,393.96,0.7889,-1,-1,-1
793,82,702.68,194.43,128.56,450.13,0.8049,-1,-1,-1
793,80,969.21,193.73,214.53,534.10,0.8462,-1,-1,-1
793,79,519.73,234.04,110.52,398.28,0.5564,-1,-1,-1
793,78,1116.48,166.59,160.76,527.12,0.8171,-1,-1,-1
793,72,0.56,505.33,101.10,561.09,0.5706,-1,-1,-1
793,71,816.74,153.07,135.52,526.49,0.8001,-1,-1,-1
793,2,118.02,3.04,467.86,1051.80,0.8892,-1,-1,-1
794,86,0.42,159.54,38.72,405.94,0.3675,-1,-1,-1
794,83,615.62,254.89,125.65,394.60,0.7142,-1,-1,-1
794,82,710.47,196.44,128.30,443.88,0.7987,-1,-1,-1
794,80,978.88,187.45,224.89,545.48,0.8460,-1,-1,-1
794,79,524.02,232.69,113.49,413.64,0.6189,-1,-1,-1
794,78,1122.44,160.43,163.95,538.43,0.8549,-1,-1,-1
794,72,0.52,466.26,92.01,584.07,0.5623,-1,-1,-1
794,71,818.79,156.00,141.14,527.38,0.7788,-1,-1,-1
794,2,102.21,2.98,487.34,1071.16,0.9024,-1,-1,-1
795,86,0.36,179.09,29.66,396.62,0.3062,-1,-1,-1
795,83,617.48,256.73,129.40,395.94,0.7389,-1,-1,-1
795,82,725.68,197.13,125.73,451.08,0.7715,-1,-1,-1
795,80,987.08,176.46,231.79,564.15,0.8166,-1,-1,-1
795,79,527.33,235.91,106.88,415.26,0.6672,-1,-1,-1
795,78,1136.65,159.38,165.26,544.20,0.8199,-1,-1,-1
795,72,0.60,548.21,85.52,500.34,0.4803,-1,-1,-1
795,71,839.80,158.37,133.26,528.25,0.8230,-1,-1,-1
795,2,84.96,1.94,508.84,1068.36,0.9214,-1,-1,-1
796,83,634.53,255.65,113.30,402.63,0.7114,-1,-1,-1
796,82,732.30,201.68,131.31,451.92,0.8062,-1,-1,-1
796,80,992.67,181.25,237.59,559.60,0.8531,-1,-1,-1
796,79,533.43,236.86,117.07,374.90,0.5600,-1,-1,-1
796,78,1150.47,161.00,161.90,559.57,0.8439,-1,-1,-1
796,72,0.56,547.43,79.95,489.09,0.5386,-1,-1,-1
796,71,846.42,161.77,137.21,529.87,0.8366,-1,-1,-1
796,2,62.16,1.67,535.56,1067.56,0.9202,-1,-1,-1
797,83,620.50,259.59,137.82,407.66,0.7170,-1,-1,-1
797,82,743.66,207.55,132.95,451.80,0.7889,-1,-1,-1
797,80,999.07,181.36,249.72,573.19,0.8470,-1,-1,-1
797,79,533.55,239.27,118.64,348.49,0.5610,-1,-1,-1
797,78,1169.44,161.26,154.05,585.00,0.8542,-1,-1,-1
797,72,0.00,554.51,76.13,252.76,0.4139,-1,-1,-1
797,71,857.15,170.00,129.85,525.92,0.8141,-1,-1,-1
797,2,37.84,2.23,564.97,1066.77,0.9131,-1,-1,-1
798,83,632.69,260.35,131.43,412.33,0.7293,-1,-1,-1
798,82,749.01,212.36,131.12,443.94,0.8196,-1,-1,-1
798,80,998.16,184.53,262.05,590.18,0.8452,-1,-1,-1
798,79,535.73,243.64,117.88,327.98,0.5451,-1,-1,-1
798,78,1178.05,163.74,160.87,598.32,0.8345,-1,-1,-1
798,71,862.57,172.70,130.73,529.96,0.8025,-1,-1,-1
798,2,12.52,3.24,605.78,1059.88,0.9108,-1,-1,-1
799,83,641.47,262.42,124.57,414.04,0.7690,-1,-1,-1
799,82,748.88,215.92,134.59,446.87,0.8059,-1,-1,-1
799,80,998.28,186.03,270.45,608.15,0.8559,-1,-1,-1
799,79,535.22,246.84,126.03,353.49,0.5391,-1,-1,-1
799,78,1187.83,164.56,159.59,614.94,0.8224,-1,-1,-1
799,72,0.00,530.65,66.79,277.51,0.3180,-1,-1,-1
799,71,862.63,179.18,139.19,526.82,0.7985,-1,-1,-1
799,2,0.00,3.29,630.95,1061.01,0.9042,-1,-1,-1
800,83,642.81,264.86,123.43,417.88,0.7708,-1,-1,-1
800,82,756.60,224.91,132.69,441.84,0.8025,-1,-1,-1
800,80,1007.29,187.77,270.48,623.85,0.8321,-1,-1,-1
800,79,533.91,250.43,131.23,360.34,0.4936,-1,-1,-1
800,78,1195.37,165.83,162.55,617.90,0.8056,-1,-1,-1
800,71,869.14,184.23,134.29,526.96,0.7829,-1,-1,-1
800,2,0.00,2.63,638.05,1054.97,0.9076,-1,-1,-1
801,83,643.17,268.32,124.78,418.84,0.7918,-1,-1,-1
801,82,762.52,230.06,127.51,440.72,0.8329,-1,-1,-1
801,80,1008.84,190.40,279.31,631.57,0.8489,-1,-1,-1
801,79,529.17,252.16,140.46,351.59,0.4642,-1,-1,-1
801,78,1203.02,164.85,161.62,627.71,0.8158,-1,-1,-1
801,71,871.36,193.04,131.18,524.95,0.7764,-1,-1,-1
801,2,0.00,4.21,637.35,1062.00,0.9128,-1,-1,-1
802,83,643.13,268.87,126.51,420.60,0.7840,-1,-1,-1
802,82,774.46,231.80,115.71,436.56,0.8250,-1,-1,-1
802,80,1002.18,194.05,299.71,640.51,0.8425,-1,-1,-1
802,79,531.98,255.00,139.19,357.12,0.4759,-1,-1,-1
802,78,1208.84,165.57,168.14,641.65,0.8242,-1,-1,-1
802,71,883.91,190.97,133.99,527.38,0.8150,-1,-1,-1
802,2,0.00,4.45,654.11,1075.31,0.8968,-1,-1,-1
803,83,643.48,269.79,127.15,428.96,0.7782,-1,-1,-1
803,82,782.55,234.25,111.71,436.17,0.8210,-1,-1,-1
803,80,1000.94,193.49,310.42,650.53,0.8562,-1,-1,-1
803,79,533.49,253.70,137.48,337.71,0.6079,-1,-1,-1
803,78,1219.54,159.86,172.64,656.49,0.8484,-1,-1,-1
803,71,887.89,191.28,135.84,533.71,0.8152,-1,-1,-1
803,2,0.70,3.61,651.68,1071.99,0.8459,-1,-1,-1
804,88,389.72,79.70,229.69,734.45,0.5133,-1,-1,-1
804,83,641.48,270.37,131.22,430.21,0.7674,-1,-1,-1
804,82,786.17,227.59,114.69,436.13,0.8377,-1,-1,-1
804,80,993.96,190.82,324.56,680.67,0.8705,-1,-1,-1
804,79,531.32,254.58,135.14,348.38,0.4900,-1,-1,-1
804,78,1235.02,163.84,171.25,655.42,0.8440,-1,-1,-1
804,71,888.71,189.31,140.26,535.21,0.8473,-1,-1,-1
804,2,0.39,2.75,619.16,1076.37,0.6965,-1,-1,-1
805,88,382.40,22.96,230.31,803.51,0.6831,-1,-1,-1
805,83,647.02,270.30,131.30,439.79,0.8048,-1,-1,-1
805,82,789.89,227.85,113.91,437.57,0.8298,-1,-1,-1
805,80,1000.60,188.42,328.43,687.15,0.8709,-1,-1,-1
805,79,527.56,253.69,144.77,316.28,0.5696,-1,-1,-1
805,78,1239.70,157.88,190.76,660.27,0.8532,-1,-1,-1
805,71,894.13,187.78,137.65,537.58,0.8339,-1,-1,-1
805,2,0.00,3.36,431.17,1068.14,0.6324,-1,-1,-1
806,88,366.17,27.02,219.70,811.46,0.4086,-1,-1,-1
806,83,649.39,269.43,128.50,443.00,0.8318,-1,-1,-1
806,82,794.06,225.39,113.40,443.83,0.7982,-1,-1,-1
806,80,1009.23,179.20,327.24,706.94,0.8763,-1,-1,-1
806,79,525.59,251.30,147.63,311.73,0.6716,-1,-1,-1
806,78,1248.67,151.54,197.74,672.85,0.8648,-1,-1,-1
806,71,903.19,184.75,130.63,537.68,0.8121,-1,-1,-1
806,2,0.36,0.00,585.76,1072.30,0.7613,-1,-1,-1
807,83,649.71,268.44,131.78,447.45,0.8278,-1,-1,-1
807,82,797.68,225.98,113.34,451.05,0.8083,-1,-1,-1
807,80,1024.09,173.01,318.52,716.87,0.8726,-1,-1,-1
807,79,517.54,246.80,155.72,321.67,0.6206,-1,-1,-1
807,78,1257.50,142.32,207.63,688.25,0.8719,-1,-1,-1
807,71,904.66,182.51,133.56,539.01,0.8236,-1,-1,-1
807,2,0.90,0.37,566.04,1071.41,0.8730,-1,-1,-1
808,83,653.69,268.09,132.78,450.49,0.8314,-1,-1,-1
808,82,802.18,222.50,116.37,451.23,0.8076,-1,-1,-1
808,80,1031.61,166.52,320.20,732.33,0.8951,-1,-1,-1
808,79,504.67,243.50,173.91,340.13,0.6440,-1,-1,-1
808,78,1267.35,135.55,218.97,703.23,0.8792,-1,-1,-1
808,71,908.32,185.39,126.99,526.13,0.7930,-1,-1,-1
808,2,1.34,0.48,546.43,1071.24,0.9096,-1,-1,-1
809,83,650.39,265.13,138.25,454.72,0.8060,-1,-1,-1
809,82,803.06,220.39,115.75,444.74,0.8092,-1,-1,-1
809,80,1040.31,157.54,320.11,742.11,0.8923,-1,-1,-1
809,79,506.21,237.01,179.98,381.98,0.6298,-1,-1,-1
809,78,1277.51,125.82,224.34,714.93,0.8594,-1,-1,-1
809,71,910.86,181.08,133.64,520.82,0.8241,-1,-1,-1
809,2,2.14,2.29,511.48,1065.07,0.9245,-1,-1,-1
810,89,757.00,265.91,68.70,284.29,0.4899,-1,-1,-1
810,83,651.76,263.64,136.83,465.20,0.8278,-1,-1,-1
810,82,805.16,219.34,117.34,448.49,0.8102,-1,-1,-1
810,80,1051.94,144.36,316.01,763.22,0.8916,-1,-1,-1
810,79,501.42,230.31,182.57,512.17,0.7273,-1,-1,-1
810,78,1282.22,117.25,237.71,732.54,0.8830,-1,-1,-1
810,71,909.84,179.92,139.98,526.73,0.7969,-1,-1,-1
810,2,1.38,2.43,477.64,1064.79,0.8876,-1,-1,-1
811,90,388.92,197.46,129.62,519.78,0.5770,-1,-1,-1
811,83,648.50,267.85,137.23,463.24,0.8603,-1,-1,-1
811,82,804.35,222.33,117.35,445.62,0.8241,-1,-1,-1
811,80,1060.44,143.45,316.57,772.73,0.8863,-1,-1,-1
811,79,502.57,233.73,164.66,512.85,0.8199,-1,-1,-1
811,78,1288.69,116.22,245.59,748.76,0.9014,-1,-1,-1
811,71,910.89,183.05,138.80,519.27,0.7954,-1,-1,-1
811,2,1.05,4.37,423.47,1064.60,0.9158,-1,-1,-1
812,89,759.06,264.40,63.61,284.10,0.4043,-1,-1,-1
812,88,344.84,76.50,169.17,767.72,0.7698,-1,-1,-1
812,83,649.39,263.90,139.60,469.54,0.8223,-1,-1,-1
812,82,802.08,219.34,115.33,446.92,0.8002,-1,-1,-1
812,80,1070.10,136.29,312.57,786.13,0.8709,-1,-1,-1
812,79,499.86,228.71,169.76,522.50,0.8193,-1,-1,-1
812,78,1298.09,111.56,255.26,776.10,0.8952,-1,-1,-1
812,71,910.30,179.04,140.97,527.01,0.7912,-1,-1,-1
812,2,1.27,1.21,382.10,1071.23,0.8384,-1,-1,-1
813,88,294.75,66.16,216.98,811.34,0.8574,-1,-1,-1
813,83,635.81,260.06,155.56,479.63,0.7835,-1,-1,-1
813,82,798.12,217.93,117.47,447.92,0.8013,-1,-1,-1
813,80,1076.48,126.05,312.18,797.84,0.8735,-1,-1,-1
813,79,498.38,220.52,166.28,532.56,0.8090,-1,-1,-1
813,78,1302.95,106.89,262.05,804.16,0.8929,-1,-1,-1
813,71,911.21,175.05,140.12,524.86,0.8096,-1,-1,-1
813,2,0.40,2.39,347.28,1060.55,0.6382,-1,-1,-1
814,88,254.19,54.51,250.93,831.02,0.8845,-1,-1,-1
814,83,620.12,256.39,171.94,484.23,0.7932,-1,-1,-1
814,82,793.75,217.70,121.46,448.22,0.8031,-1,-1,-1
814,80,1089.79,107.02,306.95,845.65,0.8697,-1,-1,-1
814,79,495.17,217.04,165.13,539.19,0.8188,-1,-1,-1
814,78,1311.75,101.22,263.45,822.12,0.8866,-1,-1,-1
814,71,908.26,173.59,143.83,525.19,0.7997,-1,-1,-1
814,2,0.54,1.05,343.96,1054.90,0.7494,-1,-1,-1
815,88,225.27,46.15,272.75,842.87,0.8864,-1,-1,-1
815,85,1052.51,323.82,67.03,238.70,0.5032,-1,-1,-1
815,83,626.52,253.85,166.83,491.61,0.7754,-1,-1,-1
815,82,792.55,218.26,121.81,449.46,0.7973,-1,-1,-1
815,80,1106.10,105.94,301.89,881.37,0.8695,-1,-1,-1
815,79,491.88,216.62,165.03,546.28,0.8129,-1,-1,-1
815,78,1320.85,102.19,269.80,816.99,0.8687,-1,-1,-1
815,71,908.48,174.11,142.15,528.85,0.7994,-1,-1,-1
815,2,0.00,5.08,245.26,1057.21,0.3469,-1,-1,-1
816,88,218.21,39.07,275.08,851.58,0.8953,-1,-1,-1
816,85,1053.36,316.56,74.45,246.15,0.5717,-1,-1,-1
816,83,628.31,252.06,164.16,494.81,0.7762,-1,-1,-1
816,82,785.56,221.58,129.69,450.19,0.8061,-1,-1,-1
816,80,1114.23,109.97,294.31,901.90,0.8698,-1,-1,-1
816,79,482.87,219.85,168.29,549.02,0.8394,-1,-1,-1
816,78,1321.02,98.89,279.08,834.57,0.8635,-1,-1,-1
816,71,908.11,176.76,142.10,528.80,0.8122,-1,-1,-1
817,88,206.68,35.86,285.57,862.64,0.8957,-1,-1,-1
817,85,1055.27,305.33,77.37,258.73,0.5909,-1,-1,-1
817,83,633.11,249.18,155.09,500.22,0.7746,-1,-1,-1
817,82,780.88,224.45,131.43,448.55,0.8147,-1,-1,-1
817,80,1117.17,110.80,300.53,938.70,0.8778,-1,-1,-1
817,79,470.59,217.79,176.06,554.26,0.8512,-1,-1,-1
817,78,1328.24,94.72,288.58,876.23,0.8666,-1,-1,-1
817,71,908.77,177.68,143.46,527.20,0.8215,-1,-1,-1
818,88,196.69,30.57,291.48,899.38,0.8934,-1,-1,-1
818,85,1049.87,306.14,86.10,258.49,0.6077,-1,-1,-1
818,83,624.43,248.37,162.10,503.84,0.8077,-1,-1,-1
818,82,779.51,227.41,128.85,443.69,0.8472,-1,-1,-1
818,80,1119.23,108.32,306.68,929.49,0.8848,-1,-1,-1
818,79,455.51,218.77,188.80,562.21,0.8725,-1,-1,-1
818,78,1330.52,88.11,297.69,895.28,0.8674,-1,-1,-1
818,71,909.99,181.24,138.80,529.32,0.8162,-1,-1,-1
819,88,181.30,23.48,299.47,937.97,0.8984,-1,-1,-1
819,85,1047.65,305.67,91.12,260.15,0.5703,-1,-1,-1
819,83,617.19,248.56,161.64,514.02,0.7943,-1,-1,-1
819,82,774.31,227.18,132.16,443.68,0.8614,-1,-1,-1
819,80,1122.47,108.30,313.00,945.34,0.8785,-1,-1,-1
819,79,440.82,217.11,196.04,566.08,0.8665,-1,-1,-1
819,78,1331.57,78.15,309.81,923.23,0.8669,-1,-1,-1
819,71,905.36,181.67,135.00,534.24,0.8111,-1,-1,-1
820,88,168.79,16.33,303.48,974.25,0.9027,-1,-1,-1
820,85,1050.01,306.03,96.95,259.43,0.5496,-1,-1,-1
820,83,615.66,240.99,168.65,523.04,0.8118,-1,-1,-1
820,82,766.65,226.48,138.23,441.38,0.8553,-1,-1,-1
820,80,1129.71,105.23,316.73,972.38,0.8766,-1,-1,-1
820,79,428.92,216.11,204.10,571.72,0.8549,-1,-1,-1
820,78,1331.98,66.36,319.50,940.37,0.8612,-1,-1,-1
820,71,904.75,181.90,135.84,537.03,0.8086,-1,-1,-1
821,88,158.89,11.94,312.34,991.17,0.8985,-1,-1,-1
821,85,1054.17,302.66,96.94,262.75,0.5683,-1,-1,-1
821,83,614.16,239.91,176.01,527.26,0.8454,-1,-1,-1
821,82,758.83,223.94,143.25,444.32,0.8539,-1,-1,-1
821,80,1133.23,97.45,329.12,978.04,0.8893,-1,-1,-1
821,79,423.80,215.00,207.32,580.21,0.8218,-1,-1,-1
821,78,1342.76,49.43,319.15,948.77,0.8478,-1,-1,-1
821,71,905.17,180.72,136.56,539.41,0.8035,-1,-1,-1
822,88,146.21,8.30,314.13,1003.11,0.9046,-1,-1,-1
822,85,1048.48,303.32,102.40,261.95,0.6550,-1,-1,-1
822,83,605.41,234.96,184.73,532.44,0.8641,-1,-1,-1
822,82,759.04,220.68,146.07,449.18,0.8420,-1,-1,-1
822,80,1140.47,80.34,340.97,998.19,0.8873,-1,-1,-1
822,79,412.27,212.61,213.14,593.96,0.7860,-1,-1,-1
822,78,1359.26,34.97,308.07,967.93,0.8757,-1,-1,-1
822,71,904.98,180.65,137.08,536.43,0.8126,-1,-1,-1
823,88,134.06,2.90,318.24,1026.87,0.9096,-1,-1,-1
823,85,1047.58,302.45,103.53,262.58,0.6931,-1,-1,-1
823,83,604.84,231.37,185.19,541.85,0.8698,-1,-1,-1
823,82,754.83,214.23,147.61,454.60,0.8345,-1,-1,-1
823,80,1145.57,59.64,354.72,1016.55,0.8847,-1,-1,-1
823,79,410.01,210.08,212.36,602.90,0.8204,-1,-1,-1
823,78,1374.89,8.31,300.38,954.24,0.8765,-1,-1,-1
823,71,904.67,179.87,139.21,533.89,0.8215,-1,-1,-1
824,88,120.71,0.00,325.05,1052.56,0.9032,-1,-1,-1
824,85,1051.37,301.89,101.50,263.45,0.6942,-1,-1,-1
824,83,602.10,228.23,185.73,553.06,0.8528,-1,-1,-1
824,82,751.56,211.35,152.39,456.01,0.8342,-1,-1,-1
824,80,1143.75,41.15,367.84,1034.52,0.8801,-1,-1,-1
824,79,409.11,205.21,210.99,610.92,0.8360,-1,-1,-1
824,78,1388.90,3.56,297.49,971.35,0.8888,-1,-1,-1
824,71,905.03,178.84,141.83,534.87,0.8136,-1,-1,-1
825,88,102.21,0.27,335.83,1043.33,0.8822,-1,-1,-1
825,85,1055.00,301.40,99.37,263.85,0.6616,-1,-1,-1
825,83,599.42,227.63,187.37,571.49,0.8471,-1,-1,-1
825,82,747.32,208.99,160.11,453.84,0.8216,-1,-1,-1
825,80,1138.94,23.83,398.31,1052.00,0.8810,-1,-1,-1
825,79,404.36,202.31,212.16,617.51,0.8375,-1,-1,-1
825,78,1410.10,2.20,285.33,1018.43,0.8786,-1,-1,-1
825,71,907.29,182.48,147.92,530.86,0.8198,-1,-1,-1
826,88,87.77,0.00,343.79,1030.48,0.8826,-1,-1,-1
826,85,1056.31,300.31,103.59,264.55,0.6436,-1,-1,-1
826,83,596.61,228.38,191.78,584.97,0.8610,-1,-1,-1
826,82,747.99,208.66,158.91,453.73,0.8248,-1,-1,-1
826,80,1131.25,10.89,442.08,1064.55,0.8883,-1,-1,-1
826,79,399.16,199.87,215.88,626.80,0.7980,-1,-1,-1
826,78,1425.34,2.67,278.51,1056.39,0.8553,-1,-1,-1
826,71,909.83,175.56,143.39,538.84,0.8177,-1,-1,-1
827,88,73.64,1.90,347.81,1065.70,0.8938,-1,-1,-1
827,85,1059.03,298.85,104.29,265.81,0.6530,-1,-1,-1
827,83,595.08,228.64,192.45,587.27,0.8583,-1,-1,-1
827,82,746.11,208.86,161.52,452.00,0.8216,-1,-1,-1
827,80,1126.29,3.32,480.48,1072.52,0.9006,-1,-1,-1
827,79,393.76,196.33,218.24,636.22,0.7823,-1,-1,-1
827,78,1463.80,1.88,251.61,1078.04,0.8656,-1,-1,-1
827,71,907.99,178.78,154.18,531.20,0.8199,-1,-1,-1
828,88,57.58,0.33,355.49,1074.64,0.9080,-1,-1,-1
828,85,1060.77,294.72,107.27,271.32,0.6991,-1,-1,-1
828,83,592.64,227.72,195.49,589.82,0.8642,-1,-1,-1
828,82,744.23,208.02,162.86,452.04,0.8277,-1,-1,-1
828,80,1124.56,3.16,529.61,1066.44,0.8980,-1,-1,-1
828,79,387.39,190.77,218.28,644.58,0.8686,-1,-1,-1
828,78,1489.00,1.35,243.36,1068.85,0.8727,-1,-1,-1
828,71,904.77,176.18,160.94,529.31,0.8059,-1,-1,-1
829,88,40.82,1.80,367.96,1067.18,0.9134,-1,-1,-1
829,85,1069.42,298.37,103.84,266.95,0.7450,-1,-1,-1
829,83,590.13,232.89,198.96,605.99,0.8414,-1,-1,-1
829,82,748.32,211.06,163.41,452.46,0.8204,-1,-1,-1
829,80,1124.55,7.24,570.53,1059.76,0.9010,-1,-1,-1
829,79,389.45,190.84,207.72,650.44,0.8678,-1,-1,-1
829,78,1500.45,4.22,255.49,1054.68,0.8185,-1,-1,-1
829,71,910.69,174.89,157.96,522.55,0.8104,-1,-1,-1
830,88,16.63,1.31,392.26,1065.84,0.9188,-1,-1,-1
830,85,1073.00,298.56,104.44,268.09,0.7492,-1,-1,-1
830,83,588.26,231.13,203.47,620.34,0.8520,-1,-1,-1
830,82,750.07,215.05,174.35,451.59,0.7890,-1,-1,-1
830,80,1123.45,6.08,616.11,1063.53,0.9023,-1,-1,-1
830,79,388.95,190.66,210.46,656.56,0.8762,-1,-1,-1
830,78,1531.04,0.00,253.91,1062.67,0.8036,-1,-1,-1
830,71,921.19,182.41,151.17,510.92,0.7807,-1,-1,-1
831,91,712.42,241.71,54.22,96.91,0.3612,-1,-1,-1
831,88,2.24,1.04,410.41,1074.97,0.9233,-1,-1,-1
831,85,1076.13,296.10,109.73,269.56,0.6999,-1,-1,-1
831,83,585.31,229.16,207.75,630.82,0.8535,-1,-1,-1
831,82,757.66,214.01,159.32,451.05,0.8244,-1,-1,-1
831,80,1122.35,4.40,671.03,1064.09,0.8984,-1,-1,-1
831,79,382.23,188.53,214.94,672.99,0.8743,-1,-1,-1
831,78,1555.80,2.43,266.28,1060.86,0.7660,-1,-1,-1
831,71,921.79,177.02,157.79,516.30,0.8061,-1,-1,-1
832,91,723.99,245.51,49.36,85.57,0.3109,-1,-1,-1
832,88,0.00,0.80,422.15,1079.20,0.9280,-1,-1,-1
832,85,1082.53,295.42,107.77,282.22,0.6864,-1,-1,-1
832,83,583.54,227.85,206.65,634.49,0.8488,-1,-1,-1
832,82,758.73,216.24,159.53,449.19,0.8290,-1,-1,-1
832,80,1119.35,4.28,704.58,1065.72,0.9020,-1,-1,-1
832,79,381.32,189.47,215.28,680.03,0.8794,-1,-1,-1
832,78,1581.17,2.71,272.68,1059.26,0.7248,-1,-1,-1
832,71,934.28,178.54,150.21,514.00,0.8073,-1,-1,-1
833,91,724.22,245.90,53.46,85.00,0.3128,-1,-1,-1
833,88,0.00,0.06,428.12,1076.31,0.9265,-1,-1,-1
833,85,1088.55,293.70,107.97,278.76,0.7050,-1,-1,-1
833,83,581.71,227.31,209.12,645.57,0.8506,-1,-1,-1
833,82,757.15,217.07,164.06,448.51,0.8280,-1,-1,-1
833,80,1118.51,2.77,767.13,1066.04,0.9097,-1,-1,-1
833,79,378.85,188.12,218.62,694.06,0.8858,-1,-1,-1
833,78,1611.63,0.24,278.59,1069.17,0.5175,-1,-1,-1
833,71,927.17,172.90,159.68,524.24,0.8089,-1,-1,-1
834,88,0.00,0.00,433.33,1072.40,0.9224,-1,-1,-1
834,85,1094.50,298.81,105.54,272.84,0.6412,-1,-1,-1
834,83,578.96,222.54,213.78,652.68,0.8448,-1,-1,-1
834,82,765.98,219.20,166.02,447.77,0.8216,-1,-1,-1
834,80,1120.81,1.62,798.39,1065.42,0.9191,-1,-1,-1
834,79,372.00,188.41,222.89,711.96,0.8659,-1,-1,-1
834,78,1619.70,1.00,299.83,570.31,0.6268,-1,-1,-1
834,71,939.62,173.10,151.80,530.07,0.8126,-1,-1,-1
835,88,0.00,1.87,434.94,1066.46,0.9277,-1,-1,-1
835,85,1100.42,294.96,106.25,286.05,0.7140,-1,-1,-1
835,83,579.03,220.81,217.23,661.06,0.8500,-1,-1,-1
835,82,771.41,220.68,166.58,450.02,0.8367,-1,-1,-1
835,80,1132.07,2.95,786.26,1068.38,0.9125,-1,-1,-1
835,79,370.97,190.31,223.77,722.00,0.8785,-1,-1,-1
835,78,1668.14,0.00,251.50,1069.93,0.3002,-1,-1,-1
835,71,932.02,180.99,167.90,524.63,0.7632,-1,-1,-1
836,92,1714.98,5.25,204.37,398.41,0.4313,-1,-1,-1
836,88,0.15,2.13,434.40,1067.18,0.9285,-1,-1,-1
836,85,1113.45,296.82,102.91,281.99,0.7317,-1,-1,-1
836,83,573.99,220.76,230.86,671.99,0.8579,-1,-1,-1
836,82,784.25,224.14,154.41,447.46,0.8432,-1,-1,-1
836,80,1149.38,2.06,770.04,1060.24,0.9211,-1,-1,-1
836,79,373.99,190.96,216.60,735.86,0.8620,-1,-1,-1
836,78,1708.83,1.42,210.98,1060.44,0.3211,-1,-1,-1
836,71,939.24,183.91,167.20,524.69,0.7519,-1,-1,-1
837,93,743.94,251.62,59.02,207.71,0.3709,-1,-1,-1
837,88,0.57,1.33,436.02,1068.16,0.9301,-1,-1,-1
837,85,1120.75,297.22,100.30,287.58,0.7708,-1,-1,-1
837,83,572.59,216.85,238.26,681.01,0.8703,-1,-1,-1
837,82,786.02,224.92,162.05,454.22,0.8334,-1,-1,-1
837,80,1165.05,5.77,753.57,1062.00,0.9206,-1,-1,-1
837,79,373.95,189.00,219.74,747.59,0.8583,-1,-1,-1
837,71,948.77,190.04,161.24,519.50,0.7959,-1,-1,-1
838,93,744.10,251.42,72.53,257.16,0.3103,-1,-1,-1
838,88,0.86,0.00,438.23,1068.08,0.9264,-1,-1,-1
838,85,1126.11,299.70,99.34,285.40,0.7544,-1,-1,-1
838,83,574.47,215.98,237.69,684.68,0.8617,-1,-1,-1
838,82,790.28,225.31,172.80,453.55,0.8297,-1,-1,-1
838,80,1205.62,5.86,713.56,1064.57,0.8835,-1,-1,-1
838,79,371.18,185.44,226.86,760.02,0.8563,-1,-1,-1
838,71,955.93,194.46,163.75,517.27,0.8187,-1,-1,-1
839,93,748.58,245.49,73.88,224.78,0.3788,-1,-1,-1
839,88,0.69,0.00,441.89,1067.58,0.9291,-1,-1,-1
839,85,1132.55,295.63,101.49,291.44,0.7150,-1,-1,-1
839,83,580.02,210.96,238.15,692.47,0.8651,-1,-1,-1
839,82,800.03,226.79,173.54,449.61,0.8149,-1,-1,-1
839,80,1267.79,5.05,651.22,1061.98,0.8994,-1,-1,-1
839,79,369.94,184.37,228.22,780.29,0.8480,-1,-1,-1
839,71,967.21,192.77,154.58,522.98,0.8116,-1,-1,-1
840,94,1350.68,211.19,205.61,774.63,0.4906,-1,-1,-1
840,93,753.38,241.84,74.87,236.44,0.3039,-1,-1,-1
840,88,0.23,1.12,442.35,1067.78,0.9288,-1,-1,-1
840,85,1137.82,294.91,104.93,294.86,0.6740,-1,-1,-1
840,83,581.00,203.88,244.07,700.10,0.8679,-1,-1,-1
840,82,810.12,221.78,153.31,454.78,0.8147,-1,-1,-1
840,80,1362.21,2.26,557.20,1063.45,0.7785,-1,-1,-1
840,79,368.61,181.15,233.26,786.95,0.8263,-1,-1,-1
840,71,966.85,192.54,158.06,523.40,0.8094,-1,-1,-1
841,95,1373.40,235.05,159.30,449.64,0.6409,-1,-1,-1
841,93,754.40,240.43,82.51,231.77,0.4678,-1,-1,-1
841,88,0.00,0.00,443.39,1066.80,0.9262,-1,-1,-1
841,85,1149.34,294.47,100.59,295.64,0.7114,-1,-1,-1
841,83,585.47,197.68,244.13,705.15,0.8622,-1,-1,-1
841,82,817.36,218.91,163.21,455.31,0.8181,-1,-1,-1
841,80,1441.81,2.58,477.88,1059.27,0.9260,-1,-1,-1
841,79,365.64,172.48,235.06,799.19,0.8173,-1,-1,-1
841,71,983.00,187.66,143.69,527.04,0.7971,-1,-1,-1
842,94,1391.17,227.84,208.01,673.51,0.8708,-1,-1,-1
842,93,752.95,233.81,85.26,241.16,0.4987,-1,-1,-1
842,88,0.37,0.85,439.52,1068.03,0.9216,-1,-1,-1
842,85,1151.40,293.60,102.63,292.13,0.6731,-1,-1,-1
842,83,583.98,193.21,248.83,711.01,0.8605,-1,-1,-1
842,82,820.24,217.99,173.04,454.07,0.8482,-1,-1,-1
842,80,1536.04,2.51,383.50,1062.55,0.8670,-1,-1,-1
842,79,360.72,158.19,240.78,811.96,0.8334,-1,-1,-1
842,71,978.90,189.65,153.51,522.21,0.8125,-1,-1,-1
843,94,1404.82,213.84,240.55,699.82,0.8930,-1,-1,-1
843,93,760.24,229.07,85.04,277.20,0.5645,-1,-1,-1
843,88,0.67,1.56,436.74,1064.87,0.9231,-1,-1,-1
843,85,1166.06,290.38,96.26,294.85,0.6427,-1,-1,-1
843,83,580.90,187.78,254.43,733.74,0.8456,-1,-1,-1
843,82,827.43,215.13,168.96,445.94,0.8282,-1,-1,-1
843,80,1619.79,5.31,299.75,1057.15,0.6206,-1,-1,-1
843,79,362.06,146.73,240.81,838.43,0.8444,-1,-1,-1
843,71,989.43,184.79,153.96,523.46,0.8123,-1,-1,-1
844,94,1418.35,203.79,253.54,739.03,0.8912,-1,-1,-1
844,93,758.97,227.56,88.12,252.72,0.5311,-1,-1,-1
844,88,0.86,0.46,421.77,1057.40,0.8958,-1,-1,-1
844,85,1167.24,280.03,97.95,301.94,0.7412,-1,-1,-1
844,83,585.84,181.69,249.32,760.54,0.8479,-1,-1,-1
844,82,830.54,213.31,166.01,443.95,0.8341,-1,-1,-1
844,80,1696.34,0.48,221.73,1070.65,0.7024,-1,-1,-1
844,79,349.71,136.10,255.00,840.27,0.8523,-1,-1,-1
844,71,992.35,178.20,161.32,527.61,0.8173,-1,-1,-1
845,94,1433.40,195.91,268.00,764.04,0.8910,-1,-1,-1
845,93,760.80,218.48,88.74,256.38,0.5539,-1,-1,-1
845,88,0.56,3.57,410.12,1061.15,0.8187,-1,-1,-1
845,85,1168.77,274.77,100.03,305.92,0.7723,-1,-1,-1
845,83,586.21,172.35,258.70,780.26,0.8444,-1,-1,-1
845,82,829.93,203.23,174.61,449.72,0.8244,-1,-1,-1
845,80,1753.90,4.88,165.62,1058.50,0.6843,-1,-1,-1
845,79,334.74,127.70,271.26,844.20,0.8579,-1,-1,-1
845,71,996.26,174.02,152.25,529.40,0.7953,-1,-1,-1
846,94,1439.90,189.88,266.97,779.12,0.9031,-1,-1,-1
846,93,763.48,214.15,85.97,261.37,0.4687,-1,-1,-1
846,88,0.77,5.81,389.67,1066.89,0.7571,-1,-1,-1
846,85,1169.85,277.08,102.68,299.83,0.8039,-1,-1,-1
846,83,587.02,167.71,253.39,787.38,0.8255,-1,-1,-1
846,82,834.23,200.19,171.20,452.95,0.8094,-1,-1,-1
846,79,320.66,118.12,285.10,853.12,0.8412,-1,-1,-1
846,71,998.24,169.22,153.90,530.99,0.7937,-1,-1,-1
847,94,1455.40,185.62,253.21,784.32,0.8875,-1,-1,-1
847,93,758.52,210.01,94.35,258.66,0.5732,-1,-1,-1
847,88,0.57,7.63,351.42,1058.65,0.7316,-1,-1,-1
847,85,1180.70,273.93,99.93,295.93,0.7058,-1,-1,-1
847,83,587.14,155.57,256.33,806.18,0.8320,-1,-1,-1
847,82,836.29,193.65,168.91,452.95,0.8160,-1,-1,-1
847,79,314.78,108.16,295.51,868.69,0.8150,-1,-1,-1
847,71,999.02,160.21,158.07,525.96,0.8103,-1,-1,-1
848,94,1470.21,179.29,248.62,800.95,0.8942,-1,-1,-1
848,93,756.10,204.89,96.21,255.64,0.5192,-1,-1,-1
848,88,0.88,6.39,270.32,1049.92,0.6484,-1,-1,-1
848,85,1180.31,268.61,98.93,299.13,0.7343,-1,-1,-1
848,83,578.73,148.98,263.44,821.07,0.8342,-1,-1,-1
848,82,832.73,188.42,177.90,455.41,0.8487,-1,-1,-1
848,79,305.33,99.02,295.79,881.98,0.8659,-1,-1,-1
848,71,995.78,151.47,161.86,521.03,0.8077,-1,-1,-1
849,94,1484.31,176.76,250.40,838.27,0.8941,-1,-1,-1
849,93,749.04,203.47,101.29,255.12,0.5249,-1,-1,-1
849,88,0.05,8.69,216.46,1056.62,0.4005,-1,-1,-1
849,85,1178.18,267.50,98.64,301.73,0.8063,-1,-1,-1
849,83,563.75,146.60,278.16,871.31,0.8621,-1,-1,-1
849,82,832.35,187.77,176.96,455.06,0.8703,-1,-1,-1
849,79,296.05,93.55,297.34,906.67,0.8928,-1,-1,-1
849,71,995.15,148.08,155.59,519.22,0.8047,-1,-1,-1
850,94,1497.11,175.15,249.63,848.53,0.8931,-1,-1,-1
850,93,743.05,202.04,104.99,245.17,0.5507,-1,-1,-1
850,85,1181.65,261.62,93.69,303.93,0.7792,-1,-1,-1
850,83,561.02,138.98,281.10,884.34,0.8499,-1,-1,-1
850,82,829.52,186.03,177.54,453.06,0.8742,-1,-1,-1
850,79,283.24,83.51,303.36,924.34,0.8839,-1,-1,-1
850,71,996.37,144.45,152.42,517.38,0.8064,-1,-1,-1
851,94,1508.62,167.20,258.42,862.06,0.9020,-1,-1,-1
851,93,739.97,196.28,106.03,246.35,0.3522,-1,-1,-1
851,88,0.57,5.02,103.82,844.99,0.6220,-1,-1,-1
851,85,1170.21,254.12,110.47,310.30,0.7458,-1,-1,-1
851,83,552.03,133.01,292.95,898.81,0.8686,-1,-1,-1
851,82,828.22,180.36,176.89,458.60,0.8674,-1,-1,-1
851,79,271.08,70.22,309.80,943.98,0.8966,-1,-1,-1
851,71,995.46,140.60,154.84,518.89,0.8045,-1,-1,-1
852,94,1518.05,161.37,268.56,870.03,0.9033,-1,-1,-1
852,85,1181.47,250.37,94.30,310.04,0.7404,-1,-1,-1
852,83,543.62,117.74,301.68,915.38,0.8786,-1,-1,-1
852,82,826.34,178.82,180.10,455.61,0.8512,-1,-1,-1
852,79,255.83,63.97,318.65,962.88,0.8917,-1,-1,-1
852,71,992.65,137.13,159.35,517.62,0.8070,-1,-1,-1
853,94,1526.44,143.09,280.42,892.23,0.9013,-1,-1,-1
853,85,1182.51,243.49,98.75,316.05,0.7414,-1,-1,-1
853,83,536.20,105.66,308.80,930.54,0.8869,-1,-1,-1
853,82,822.56,178.07,174.95,452.78,0.8415,-1,-1,-1
853,79,242.00,53.75,325.26,1004.47,0.8973,-1,-1,-1
853,71,990.17,133.04,165.75,517.99,0.7997,-1,-1,-1
854,94,1530.12,135.81,292.32,908.71,0.9020,-1,-1,-1
854,85,1177.32,241.96,98.63,317.03,0.7035,-1,-1,-1
854,83,533.89,97.93,310.91,950.76,0.8928,-1,-1,-1
854,82,821.68,177.01,174.74,453.38,0.8467,-1,-1,-1
854,79,219.63,47.45,337.11,1024.59,0.9002,-1,-1,-1
854,71,979.23,132.43,171.08,517.51,0.7999,-1,-1,-1
855,94,1540.87,127.10,298.75,920.76,0.9083,-1,-1,-1
855,85,1171.54,238.39,99.12,318.98,0.6320,-1,-1,-1
855,83,517.59,86.34,326.77,963.55,0.8941,-1,-1,-1
855,82,823.51,173.66,166.93,454.86,0.8420,-1,-1,-1
855,79,204.56,37.82,344.12,1028.02,0.9007,-1,-1,-1
855,71,977.30,129.11,176.15,522.41,0.8159,-1,-1,-1
856,94,1539.32,110.40,325.20,942.58,0.9105,-1,-1,-1
856,85,1174.14,234.74,93.65,318.61,0.6547,-1,-1,-1
856,83,508.12,73.01,338.53,982.04,0.9023,-1,-1,-1
856,82,814.98,171.53,174.51,455.97,0.8454,-1,-1,-1
856,79,180.51,27.10,353.59,1042.61,0.9073,-1,-1,-1
856,71,985.63,123.18,160.11,530.59,0.8353,-1,-1,-1
857,94,1534.32,104.00,346.54,953.00,0.9024,-1,-1,-1
857,85,1168.90,229.04,101.02,321.60,0.7003,-1,-1,-1
857,83,492.67,63.19,352.42,1007.13,0.9045,-1,-1,-1
857,82,804.85,167.98,184.45,456.86,0.8492,-1,-1,-1
857,79,187.82,18.98,335.43,1052.41,0.8867,-1,-1,-1
857,71,980.44,123.03,163.23,528.35,0.8445,-1,-1,-1
858,96,1330.31,284.24,96.97,283.45,0.3682,-1,-1,-1
858,94,1523.36,88.34,381.04,982.93,0.8980,-1,-1,-1
858,85,1166.77,225.98,98.06,323.51,0.6965,-1,-1,-1
858,83,480.10,51.35,364.39,1025.60,0.9026,-1,-1,-1
858,82,801.15,159.86,173.07,463.33,0.8390,-1,-1,-1
858,79,112.35,5.52,393.39,1062.20,0.8999,-1,-1,-1
858,71,981.08,122.50,155.92,526.20,0.8352,-1,-1,-1
859,94,1548.40,76.64,370.77,994.80,0.8808,-1,-1,-1
859,85,1163.25,223.63,99.83,322.96,0.7111,-1,-1,-1
859,83,471.86,38.62,369.41,1033.50,0.9041,-1,-1,-1
859,82,801.04,155.00,170.97,462.98,0.8236,-1,-1,-1
859,79,97.67,4.04,391.08,1061.60,0.9068,-1,-1,-1
859,71,962.73,125.76,169.44,520.91,0.8276,-1,-1,-1
860,96,1327.46,281.97,94.08,278.45,0.3159,-1,-1,-1
860,94,1557.74,60.69,362.23,1016.24,0.9030,-1,-1,-1
860,85,1158.57,218.04,100.92,326.19,0.6954,-1,-1,-1
860,83,459.39,26.40,379.18,1048.31,0.9164,-1,-1,-1
860,82,800.79,148.47,168.90,465.56,0.8283,-1,-1,-1
860,79,65.53,2.82,406.60,1064.71,0.9020,-1,-1,-1
860,71,957.84,125.04,175.88,520.98,0.8489,-1,-1,-1
861,94,1560.66,55.07,359.24,1020.49,0.9075,-1,-1,-1
861,85,1158.76,214.08,102.29,327.88,0.6875,-1,-1,-1
861,83,444.37,15.12,392.44,1059.32,0.9101,-1,-1,-1
861,82,793.64,144.97,172.84,464.69,0.8513,-1,-1,-1
861,79,32.23,3.35,426.68,1067.84,0.8689,-1,-1,-1
861,71,955.79,122.01,176.80,520.24,0.8619,-1,-1,-1
862,94,1573.28,37.42,346.03,1033.45,0.9108,-1,-1,-1
862,85,1160.84,212.91,98.66,324.41,0.6659,-1,-1,-1
862,83,438.55,6.80,394.31,1067.43,0.9136,-1,-1,-1
862,82,795.60,143.38,173.07,459.64,0.8392,-1,-1,-1
862,79,0.65,1.17,441.83,1067.24,0.7874,-1,-1,-1
862,71,953.86,119.47,178.63,519.18,0.8486,-1,-1,-1
863,94,1585.83,34.12,332.90,1037.47,0.9092,-1,-1,-1
863,85,1160.70,211.37,99.15,322.89,0.6469,-1,-1,-1
863,83,424.99,3.22,405.76,1069.41,0.9202,-1,-1,-1
863,82,794.13,140.76,172.96,459.33,0.8488,-1,-1,-1
863,79,16.49,0.00,409.47,1070.53,0.8526,-1,-1,-1
863,71,963.76,113.93,172.11,522.30,0.8305,-1,-1,-1
864,94,1596.96,17.48,321.55,1057.17,0.9041,-1,-1,-1
864,85,1160.67,207.35,100.39,330.08,0.6389,-1,-1,-1
864,83,411.80,2.83,408.43,1069.85,0.9225,-1,-1,-1
864,82,792.08,139.25,172.72,458.94,0.8542,-1,-1,-1
864,79,6.45,0.38,411.99,1070.18,0.8978,-1,-1,-1
864,71,963.62,112.08,174.64,524.61,0.8338,-1,-1,-1
865,94,1613.71,11.94,304.76,1063.23,0.9012,-1,-1,-1
865,85,1158.20,205.59,106.53,332.62,0.6334,-1,-1,-1
865,83,399.86,2.61,413.63,1072.13,0.9203,-1,-1,-1
865,82,795.51,136.79,171.11,461.15,0.8496,-1,-1,-1
865,79,0.86,0.00,403.04,1069.35,0.9119,-1,-1,-1
865,71,961.42,109.21,179.55,529.54,0.8288,-1,-1,-1
866,94,1652.79,1.52,266.45,1071.50,0.8885,-1,-1,-1
866,85,1165.65,203.87,96.92,332.90,0.6828,-1,-1,-1
866,83,378.47,3.49,428.74,1070.22,0.9195,-1,-1,-1
866,82,797.80,135.43,169.66,465.78,0.8540,-1,-1,-1
866,79,0.02,4.05,365.44,1067.25,0.9117,-1,-1,-1
866,71,964.38,107.41,178.24,529.24,0.8340,-1,-1,-1
867,94,1689.90,2.82,229.74,1071.27,0.8729,-1,-1,-1
867,85,1171.87,202.21,96.96,335.85,0.6991,-1,-1,-1
867,83,357.97,5.46,435.10,1065.48,0.9154,-1,-1,-1
867,82,796.36,137.72,173.09,468.16,0.8571,-1,-1,-1
867,79,0.00,3.64,336.92,1066.77,0.9206,-1,-1,-1
867,71,977.03,105.70,170.02,528.75,0.8222,-1,-1,-1
868,95,1710.85,173.19,208.67,898.37,0.7514,-1,-1,-1
868,85,1171.42,203.40,98.51,337.91,0.6993,-1,-1,-1
868,83,329.67,2.17,447.85,1068.62,0.9192,-1,-1,-1
868,82,794.27,141.86,176.60,470.30,0.8590,-1,-1,-1
868,79,0.40,2.31,314.40,1068.29,0.9112,-1,-1,-1
868,71,988.27,108.95,153.28,519.95,0.8261,-1,-1,-1
869,94,1717.60,214.54,202.12,540.96,0.4260,-1,-1,-1
869,85,1172.85,204.07,98.82,339.97,0.7079,-1,-1,-1
869,83,297.77,2.92,467.41,1066.87,0.9160,-1,-1,-1
869,82,794.92,143.69,173.16,471.40,0.8630,-1,-1,-1
869,79,0.06,3.77,290.92,1060.30,0.9164,-1,-1,-1
869,71,984.53,106.58,156.77,520.09,0.8231,-1,-1,-1
870,94,1762.36,208.92,157.31,606.18,0.7600,-1,-1,-1
870,85,1171.65,203.84,102.07,343.25,0.7100,-1,-1,-1
870,83,262.25,3.23,490.05,1068.13,0.9113,-1,-1,-1
870,82,795.63,145.06,171.64,473.02,0.8690,-1,-1,-1
870,79,0.09,6.04,266.67,1058.99,0.9127,-1,-1,-1
870,71,983.24,109.82,151.69,517.53,0.8241,-1,-1,-1
871,97,621.83,140.08,157.53,455.33,0.6070,-1,-1,-1
871,94,1797.91,252.35,122.03,579.19,0.5826,-1,-1,-1
871,85,1174.74,205.55,100.11,344.15,0.6881,-1,-1,-1
871,83,231.18,2.50,505.16,1069.80,0.9160,-1,-1,-1
871,82,795.95,151.61,171.89,470.15,0.8587,-1,-1,-1
871,79,0.16,6.60,241.81,1060.38,0.8959,-1,-1,-1
871,71,986.56,114.53,143.41,518.08,0.8178,-1,-1,-1
872,97,615.35,143.87,162.61,472.54,0.7942,-1,-1,-1
872,85,1183.43,206.65,93.56,346.69,0.7181,-1,-1,-1
872,83,199.68,2.09,526.23,1066.61,0.9146,-1,-1,-1
872,82,797.30,157.24,170.35,470.13,0.8490,-1,-1,-1
872,79,0.84,7.64,205.71,1057.15,0.8787,-1,-1,-1
872,71,988.10,116.86,145.48,518.06,0.8112,-1,-1,-1
873,97,611.28,146.13,159.67,487.13,0.7626,-1,-1,-1
873,85,1179.58,208.57,99.93,348.82,0.7083,-1,-1,-1
873,83,155.71,3.18,556.89,1065.16,0.9237,-1,-1,-1
873,82,797.95,160.82,171.33,473.37,0.8356,-1,-1,-1
873,79,0.15,51.89,176.76,1016.97,0.8603,-1,-1,-1
873,71,987.47,121.33,141.63,515.03,0.8108,-1,-1,-1
874,97,605.78,150.11,165.75,487.84,0.7557,-1,-1,-1
874,85,1177.27,210.10,103.70,349.32,0.7217,-1,-1,-1
874,83,117.32,0.00,579.10,1066.85,0.9102,-1,-1,-1
874,82,799.29,165.56,169.53,472.70,0.8370,-1,-1,-1
874,79,1.17,124.91,143.92,948.27,0.8120,-1,-1,-1
874,71,988.16,124.21,139.51,521.76,0.7984,-1,-1,-1
875,97,597.76,149.70,173.48,490.13,0.7736,-1,-1,-1
875,85,1170.45,211.97,112.02,348.06,0.6495,-1,-1,-1
875,83,98.59,1.71,584.00,1063.17,0.9138,-1,-1,-1
875,82,802.12,164.78,168.99,474.32,0.8291,-1,-1,-1
875,79,0.64,136.65,122.73,924.27,0.4880,-1,-1,-1
875,71,988.61,130.09,138.11,517.83,0.7913,-1,-1,-1
876,97,588.34,148.01,179.62,498.76,0.8001,-1,-1,-1
876,85,1174.13,210.77,115.08,350.74,0.6067,-1,-1,-1
876,83,9.63,2.05,655.14,1067.79,0.8978,-1,-1,-1
876,82,802.45,167.14,171.10,470.13,0.8372,-1,-1,-1
876,79,0.58,223.35,144.57,818.11,0.3707,-1,-1,-1
876,71,993.49,133.28,132.61,516.32,0.8014,-1,-1,-1
877,97,581.35,146.40,169.57,503.20,0.7880,-1,-1,-1
877,85,1173.94,209.57,113.08,354.73,0.6405,-1,-1,-1
877,83,1.11,1.80,645.62,1067.09,0.9369,-1,-1,-1
877,82,802.63,167.07,171.87,461.69,0.8343,-1,-1,-1
877,71,991.69,135.19,132.06,518.34,0.8113,-1,-1,-1
878,97,569.37,142.51,189.97,510.61,0.7966,-1,-1,-1
878,85,1177.40,207.26,113.27,357.45,0.6440,-1,-1,-1
878,83,0.93,2.50,628.83,1068.82,0.9417,-1,-1,-1
878,82,801.46,164.16,169.84,471.75,0.8294,-1,-1,-1
878,71,984.82,134.86,137.80,515.36,0.7996,-1,-1,-1
879,98,712.83,228.72,94.65,314.88,0.3500,-1,-1,-1
879,97,557.60,143.30,195.52,512.96,0.8391,-1,-1,-1
879,85,1171.57,206.76,113.37,356.95,0.6908,-1,-1,-1
879,83,1.55,1.76,605.41,1067.14,0.9240,-1,-1,-1
879,82,800.91,161.41,169.33,475.49,0.8387,-1,-1,-1
879,71,986.01,135.76,134.40,512.68,0.8161,-1,-1,-1
880,98,704.48,219.40,95.65,355.54,0.4623,-1,-1,-1
880,97,545.74,143.01,206.23,518.09,0.8515,-1,-1,-1
880,85,1171.38,202.85,114.11,360.94,0.7160,-1,-1,-1
880,83,1.87,6.89,579.60,1063.95,0.9167,-1,-1,-1
880,82,800.31,157.78,171.07,468.76,0.8505,-1,-1,-1
880,71,981.40,135.35,137.68,510.58,0.8103,-1,-1,-1
881,98,698.62,219.78,97.25,365.25,0.5596,-1,-1,-1
881,97,530.99,143.51,227.98,520.19,0.8298,-1,-1,-1
881,85,1177.44,199.07,110.05,365.19,0.7111,-1,-1,-1
881,83,0.72,4.58,554.95,1062.75,0.9261,-1,-1,-1
881,82,798.32,156.49,173.13,464.57,0.8605,-1,-1,-1
881,71,976.54,134.71,143.02,510.83,0.8070,-1,-1,-1
882,98,697.50,224.27,95.04,358.97,0.6270,-1,-1,-1
882,97,521.06,140.89,227.60,533.13,0.8173,-1,-1,-1
882,85,1176.72,199.28,112.86,364.36,0.7519,-1,-1,-1
882,83,0.94,5.75,532.69,1063.08,0.9208,-1,-1,-1
882,82,795.72,153.04,171.76,468.83,0.8554,-1,-1,-1
882,71,964.76,131.47,149.03,516.71,0.8414,-1,-1,-1
883,98,688.53,217.80,106.05,367.69,0.6265,-1,-1,-1
883,97,504.55,141.33,238.85,536.12,0.8178,-1,-1,-1
883,85,1175.66,202.24,114.43,362.59,0.7632,-1,-1,-1
883,83,0.82,7.03,507.44,1059.08,0.9379,-1,-1,-1
883,82,793.55,151.78,172.35,465.43,0.8532,-1,-1,-1
883,71,962.97,123.31,140.43,524.42,0.8341,-1,-1,-1
884,98,671.72,227.19,118.31,354.74,0.4762,-1,-1,-1
884,97,492.61,138.74,234.61,542.69,0.7863,-1,-1,-1
884,85,1177.92,199.87,112.84,367.65,0.7449,-1,-1,-1
884,83,1.05,6.35,462.74,1057.88,0.9147,-1,-1,-1
884,82,794.32,150.61,169.61,466.69,0.8348,-1,-1,-1
884,71,959.63,121.33,143.63,524.87,0.7680,-1,-1,-1
885,98,665.90,226.69,119.23,345.99,0.4707,-1,-1,-1
885,97,483.77,139.22,240.80,549.84,0.7694,-1,-1,-1
885,85,1175.30,199.74,117.00,366.87,0.7260,-1,-1,-1
885,83,1.14,8.58,414.02,1057.47,0.9099,-1,-1,-1
885,82,789.44,149.02,169.88,471.05,0.8272,-1,-1,-1
885,71,959.81,117.39,142.15,526.44,0.7980,-1,-1,-1
886,98,658.08,213.30,116.70,312.53,0.3493,-1,-1,-1
886,97,457.93,135.58,244.88,560.38,0.7897,-1,-1,-1
886,85,1172.14,202.03,118.82,368.13,0.7358,-1,-1,-1
886,83,0.75,4.30,362.98,1061.44,0.8795,-1,-1,-1
886,82,782.06,147.45,169.05,476.30,0.8347,-1,-1,-1
886,71,956.11,115.46,141.39,516.62,0.8178,-1,-1,-1
887,98,642.13,222.61,124.94,308.28,0.4484,-1,-1,-1
887,97,443.49,124.49,257.78,574.83,0.8619,-1,-1,-1
887,85,1170.06,204.31,113.95,367.74,0.7783,-1,-1,-1
887,83,1.71,20.68,300.16,1044.13,0.4255,-1,-1,-1
887,82,769.28,153.50,179.10,470.91,0.8473,-1,-1,-1
887,71,953.52,115.84,143.34,513.63,0.8074,-1,-1,-1
888,98,634.48,212.41,119.42,318.18,0.4534,-1,-1,-1
888,97,429.82,117.13,261.03,586.31,0.8354,-1,-1,-1
888,85,1165.78,205.25,118.29,366.16,0.7411,-1,-1,-1
888,82,774.40,155.39,168.01,470.01,0.8298,-1,-1,-1
888,71,929.54,125.06,158.62,499.19,0.8171,-1,-1,-1
889,98,609.77,225.71,127.11,313.08,0.3017,-1,-1,-1
889,97,411.63,108.80,266.09,593.05,0.8579,-1,-1,-1
889,85,1162.28,204.72,118.67,369.63,0.7057,-1,-1,-1
889,82,761.37,157.06,171.85,470.90,0.7856,-1,-1,-1
889,71,928.21,115.64,153.46,511.34,0.7966,-1,-1,-1
890,98,590.76,188.79,125.40,413.60,0.4051,-1,-1,-1
890,97,389.46,104.51,256.09,606.71,0.8354,-1,-1,-1
890,85,1152.58,208.46,116.07,370.23,0.7256,-1,-1,-1
890,82,748.62,163.68,167.94,471.07,0.8133,-1,-1,-1
890,71,896.31,119.95,167.12,511.07,0.8089,-1,-1,-1
891,98,597.22,213.37,100.94,363.73,0.3739,-1,-1,-1
891,97,359.56,91.25,277.11,623.63,0.7530,-1,-1,-1
891,85,1142.07,210.50,117.61,370.29,0.7853,-1,-1,-1
891,82,726.13,164.53,179.76,469.47,0.8517,-1,-1,-1
891,71,901.35,120.73,159.00,515.21,0.8333,-1,-1,-1
892,97,338.74,85.10,282.59,636.31,0.8512,-1,-1,-1
892,85,1133.37,213.42,112.83,370.93,0.7824,-1,-1,-1
892,82,715.14,167.18,174.68,468.14,0.8356,-1,-1,-1
892,71,885.58,123.68,157.79,514.24,0.8481,-1,-1,-1
893,98,518.22,214.50,140.60,404.65,0.4089,-1,-1,-1
893,97,313.60,83.53,288.47,647.77,0.7565,-1,-1,-1
893,85,1123.55,215.16,117.28,379.08,0.7904,-1,-1,-1
893,82,703.84,165.83,173.85,471.94,0.8188,-1,-1,-1
893,71,875.15,127.07,159.51,515.29,0.8260,-1,-1,-1
894,98,497.81,223.91,163.47,412.99,0.3676,-1,-1,-1
894,97,295.68,82.98,297.21,653.25,0.8381,-1,-1,-1
894,85,1117.57,218.75,115.04,376.52,0.7932,-1,-1,-1
894,82,693.46,167.78,170.95,474.42,0.8464,-1,-1,-1
894,71,863.92,133.10,160.21,517.81,0.7594,-1,-1,-1
895,98,510.83,228.50,146.37,405.56,0.3601,-1,-1,-1
895,97,280.08,79.78,301.59,672.89,0.7083,-1,-1,-1
895,85,1108.64,220.89,121.86,379.40,0.7967,-1,-1,-1
895,82,681.35,170.74,168.84,471.40,0.8566,-1,-1,-1
895,71,847.10,136.03,160.01,519.64,0.7766,-1,-1,-1
896,98,493.94,180.77,142.36,469.96,0.4468,-1,-1,-1
896,97,260.53,77.07,289.71,684.87,0.8387,-1,-1,-1
896,85,1103.12,225.60,125.07,375.05,0.7503,-1,-1,-1
896,82,674.02,169.62,169.76,467.29,0.8336,-1,-1,-1
896,71,829.37,138.61,182.07,518.89,0.8284,-1,-1,-1
897,98,507.89,176.67,115.25,465.08,0.3776,-1,-1,-1
897,97,243.80,71.19,304.52,708.32,0.8678,-1,-1,-1
897,85,1096.90,227.77,126.16,376.75,0.7874,-1,-1,-1
897,82,667.93,169.86,167.34,466.32,0.8086,-1,-1,-1
897,71,821.99,145.14,182.46,513.34,0.8283,-1,-1,-1
898,98,488.90,176.02,128.40,476.75,0.5378,-1,-1,-1
898,97,233.40,66.56,309.69,743.63,0.8666,-1,-1,-1
898,85,1096.35,228.05,126.45,382.12,0.8016,-1,-1,-1
898,82,665.32,169.49,166.25,465.85,0.8209,-1,-1,-1
898,71,823.95,147.95,182.76,514.93,0.8318,-1,-1,-1
899,98,463.05,173.30,145.33,493.60,0.4802,-1,-1,-1
899,97,220.85,65.56,311.96,748.74,0.8347,-1,-1,-1
899,85,1095.62,232.35,125.94,379.81,0.7906,-1,-1,-1
899,82,655.40,169.46,175.52,477.55,0.7895,-1,-1,-1
899,71,821.04,149.56,186.13,515.85,0.8329,-1,-1,-1
900,98,455.35,169.67,149.63,508.33,0.5944,-1,-1,-1
900,97,214.33,59.67,284.23,761.02,0.7911,-1,-1,-1
900,85,1099.04,230.10,129.93,385.45,0.8067,-1,-1,-1
900,82,658.23,169.58,171.69,482.82,0.8100,-1,-1,-1
900,71,825.00,152.33,183.33,514.06,0.8238,-1,-1,-1
