1,2,16.01,148.75,74.71,190.87,0.8161,-1,-1,-1
1,1,118.00,157.54,79.98,171.14,0.8484,-1,-1,-1
2,2,18.02,145.07,74.00,194.96,0.8564,-1,-1,-1
2,1,118.12,154.68,82.42,174.83,0.8473,-1,-1,-1
3,2,22.25,136.38,73.97,204.89,0.8292,-1,-1,-1
3,1,125.29,153.64,64.39,177.57,0.7127,-1,-1,-1
4,3,252.54,192.51,25.43,68.49,0.4798,-1,-1,-1
4,2,27.42,144.09,72.49,199.26,0.8195,-1,-1,-1
4,1,129.75,154.35,81.51,179.32,0.8464,-1,-1,-1
5,3,263.98,199.79,22.90,63.74,0.5435,-1,-1,-1
5,2,35.18,139.73,73.37,208.35,0.8696,-1,-1,-1
5,1,135.54,157.36,85.27,180.09,0.8142,-1,-1,-1
6,5,251.01,197.54,22.10,66.49,0.4320,-1,-1,-1
6,4,222.27,197.42,24.84,67.70,0.6156,-1,-1,-1
6,3,269.01,197.76,25.39,66.95,0.5849,-1,-1,-1
6,2,33.48,141.12,79.79,208.89,0.8530,-1,-1,-1
6,1,141.04,154.79,86.84,184.56,0.8338,-1,-1,-1
7,5,257.26,196.16,21.42,61.85,0.6026,-1,-1,-1
7,4,226.07,198.46,25.26,65.83,0.6563,-1,-1,-1
7,3,274.44,199.35,26.27,62.82,0.6750,-1,-1,-1
7,2,39.09,140.46,76.28,209.45,0.8356,-1,-1,-1
7,1,144.28,152.04,87.81,187.61,0.8596,-1,-1,-1
8,5,264.99,198.19,20.33,64.69,0.5557,-1,-1,-1
8,4,234.81,200.27,24.39,65.48,0.6827,-1,-1,-1
8,3,280.74,200.74,26.68,65.42,0.5865,-1,-1,-1
8,2,42.17,140.22,78.57,213.55,0.8246,-1,-1,-1
8,1,152.25,152.71,88.69,190.77,0.8705,-1,-1,-1
9,5,269.82,198.91,22.66,66.63,0.6483,-1,-1,-1
9,4,240.75,203.76,25.03,62.56,0.5638,-1,-1,-1
9,3,288.27,199.47,25.28,66.11,0.7194,-1,-1,-1
9,2,47.47,140.30,77.90,213.25,0.8303,-1,-1,-1
9,1,156.61,151.64,87.55,193.24,0.8672,-1,-1,-1
10,5,278.72,196.60,21.72,67.12,0.4571,-1,-1,-1
10,4,250.61,196.75,25.47,68.86,0.6481,-1,-1,-1
10,3,296.07,201.54,25.54,64.69,0.6356,-1,-1,-1
10,2,48.26,134.85,86.27,221.29,0.8570,-1,-1,-1
10,1,164.68,147.69,87.99,198.30,0.8700,-1,-1,-1
11,11,142.24,195.45,29.63,69.95,0.5641,-1,-1,-1
11,5,285.00,198.00,23.30,67.42,0.6969,-1,-1,-1
11,4,255.51,201.24,21.79,64.14,0.4892,-1,-1,-1
11,3,306.28,201.06,21.45,64.58,0.6468,-1,-1,-1
11,2,54.73,135.49,85.28,221.82,0.8677,-1,-1,-1
11,1,170.95,147.20,88.75,201.15,0.8610,-1,-1,-1
12,11,153.65,198.37,29.98,68.83,0.5752,-1,-1,-1
12,4,269.34,199.55,24.76,68.66,0.6253,-1,-1,-1
12,3,316.22,205.73,22.55,62.62,0.5021,-1,-1,-1
12,2,64.75,130.20,83.61,233.83,0.8809,-1,-1,-1
12,1,181.95,147.81,92.43,205.49,0.8703,-1,-1,-1
13,11,159.03,196.49,30.47,71.14,0.5697,-1,-1,-1
13,5,304.12,204.02,20.63,62.73,0.4753,-1,-1,-1
13,4,275.68,200.24,23.81,68.25,0.5114,-1,-1,-1
13,3,321.07,194.04,25.30,73.77,0.4620,-1,-1,-1
13,2,67.42,143.01,85.98,222.28,0.8564,-1,-1,-1
13,1,182.99,147.34,97.42,209.38,0.8587,-1,-1,-1
14,11,170.77,195.92,29.59,71.31,0.5988,-1,-1,-1
14,5,316.76,201.44,22.06,65.24,0.5770,-1,-1,-1
14,4,287.01,204.23,23.50,62.62,0.5904,-1,-1,-1
14,3,335.03,205.99,21.09,61.90,0.3740,-1,-1,-1
14,2,83.27,127.70,81.05,239.35,0.8714,-1,-1,-1
14,1,198.54,145.06,93.45,212.06,0.8289,-1,-1,-1
15,14,0.09,144.76,42.27,166.72,0.5383,-1,-1,-1
15,11,182.52,197.98,28.54,70.70,0.6603,-1,-1,-1
15,5,326.00,200.20,23.34,67.71,0.5191,-1,-1,-1
15,4,297.35,202.32,22.50,66.95,0.5779,-1,-1,-1
15,3,346.35,205.29,26.81,64.42,0.6198,-1,-1,-1
15,2,85.29,138.90,86.48,231.99,0.8602,-1,-1,-1
15,1,209.87,145.28,95.31,216.21,0.8599,-1,-1,-1
16,14,0.24,143.06,46.79,154.26,0.4315,-1,-1,-1
16,11,185.54,193.32,30.26,71.76,0.6428,-1,-1,-1
16,5,330.81,194.92,24.37,71.16,0.5512,-1,-1,-1
16,4,300.81,198.22,24.15,66.79,0.6870,-1,-1,-1
16,3,352.52,199.42,27.45,67.76,0.5437,-1,-1,-1
16,2,78.10,123.42,96.98,246.71,0.8776,-1,-1,-1
16,1,211.57,144.65,100.15,215.84,0.8454,-1,-1,-1
17,14,0.14,140.90,65.13,148.48,0.3777,-1,-1,-1
17,11,189.15,192.89,28.59,71.69,0.6427,-1,-1,-1
17,5,334.86,195.47,23.15,69.61,0.4478,-1,-1,-1
17,4,306.39,195.79,24.12,69.86,0.5983,-1,-1,-1
17,3,353.60,186.36,25.64,78.20,0.4916,-1,-1,-1
17,2,85.11,124.09,92.80,247.66,0.8982,-1,-1,-1
17,1,213.39,139.67,108.32,223.43,0.7736,-1,-1,-1
18,14,0.11,140.73,47.99,157.30,0.4971,-1,-1,-1
18,11,193.74,195.02,27.42,69.78,0.5470,-1,-1,-1
18,4,312.04,195.08,21.91,71.24,0.7058,-1,-1,-1
18,2,83.47,124.56,97.07,252.58,0.9013,-1,-1,-1
18,1,215.75,137.59,111.29,230.31,0.8571,-1,-1,-1
19,14,0.11,137.69,44.33,157.20,0.3074,-1,-1,-1
19,11,193.96,192.78,29.04,70.09,0.5152,-1,-1,-1
19,4,311.08,192.43,25.55,71.09,0.6221,-1,-1,-1
19,2,81.28,118.62,98.10,257.51,0.9063,-1,-1,-1
19,1,217.42,132.74,112.84,235.01,0.8666,-1,-1,-1
20,11,192.26,187.30,28.86,72.94,0.5805,-1,-1,-1
20,2,76.61,113.00,99.11,265.29,0.9028,-1,-1,-1
20,1,214.27,128.40,113.99,241.07,0.8877,-1,-1,-1
21,16,43.01,186.45,24.70,69.58,0.5715,-1,-1,-1
21,14,0.05,131.94,37.81,165.54,0.5214,-1,-1,-1
21,11,192.25,186.23,27.94,74.55,0.6607,-1,-1,-1
21,2,72.85,107.12,102.23,275.10,0.8988,-1,-1,-1
21,1,213.93,126.38,116.71,247.78,0.8791,-1,-1,-1
22,16,41.68,183.04,28.63,71.11,0.4108,-1,-1,-1
22,14,0.04,128.85,38.12,225.65,0.3500,-1,-1,-1
22,11,194.27,185.84,26.99,73.36,0.3514,-1,-1,-1
22,2,68.15,103.45,105.81,280.99,0.8849,-1,-1,-1
22,1,214.45,122.67,117.92,253.73,0.8830,-1,-1,-1
23,16,50.58,191.46,22.27,67.15,0.3668,-1,-1,-1
23,14,0.00,133.35,39.24,228.87,0.3567,-1,-1,-1
23,11,198.42,190.57,25.85,73.23,0.5791,-1,-1,-1
23,2,68.10,104.67,106.88,290.00,0.8966,-1,-1,-1
23,1,215.10,123.43,118.36,261.29,0.8812,-1,-1,-1
24,17,0.00,133.60,23.48,88.97,0.3386,-1,-1,-1
24,14,0.31,133.16,40.33,164.59,0.4352,-1,-1,-1
24,2,65.07,104.26,111.97,294.78,0.8601,-1,-1,-1
24,1,221.37,121.38,114.79,265.53,0.7988,-1,-1,-1
25,14,0.13,134.21,38.15,170.40,0.3614,-1,-1,-1
25,2,61.22,103.05,116.34,304.22,0.8911,-1,-1,-1
25,1,231.79,120.71,109.32,276.03,0.8809,-1,-1,-1
26,14,0.14,132.76,37.44,171.70,0.3657,-1,-1,-1
26,2,57.57,100.37,118.96,309.60,0.8826,-1,-1,-1
26,1,230.67,116.21,110.20,281.83,0.8711,-1,-1,-1
27,14,0.20,130.49,38.38,169.94,0.4624,-1,-1,-1
27,2,55.26,95.62,121.64,315.96,0.8972,-1,-1,-1
27,1,236.82,112.99,110.49,288.71,0.8808,-1,-1,-1
28,14,0.12,129.84,39.15,170.22,0.3370,-1,-1,-1
28,2,54.27,94.28,123.39,323.28,0.9022,-1,-1,-1
28,1,240.80,111.12,110.19,294.89,0.8851,-1,-1,-1
29,2,51.32,85.89,127.94,339.06,0.8817,-1,-1,-1
29,1,232.61,105.07,124.46,303.35,0.8659,-1,-1,-1
30,14,0.13,125.05,36.65,179.69,0.3049,-1,-1,-1
30,2,47.88,83.84,132.22,345.75,0.8888,-1,-1,-1
30,1,234.39,103.21,124.34,310.31,0.8838,-1,-1,-1
31,19,392.86,175.88,20.94,35.07,0.3310,-1,-1,-1
31,18,142.19,81.17,48.89,171.08,0.4190,-1,-1,-1
31,2,42.22,80.16,140.06,353.68,0.8947,-1,-1,-1
31,1,246.18,98.28,119.45,321.51,0.8791,-1,-1,-1
32,18,147.42,80.00,47.44,177.04,0.5287,-1,-1,-1
32,4,408.28,190.83,25.90,75.44,0.6674,-1,-1,-1
32,2,44.77,77.65,139.67,364.72,0.8790,-1,-1,-1
32,1,254.42,96.54,120.04,332.51,0.8770,-1,-1,-1
33,18,153.36,76.80,46.45,183.03,0.3760,-1,-1,-1
33,9,360.96,186.77,26.98,75.26,0.6282,-1,-1,-1
33,4,418.41,188.94,26.61,75.15,0.6742,-1,-1,-1
33,2,53.85,70.25,137.09,374.54,0.8887,-1,-1,-1
33,1,259.21,89.68,127.61,339.11,0.8614,-1,-1,-1
34,18,158.83,75.02,54.93,179.87,0.5103,-1,-1,-1
34,14,0.13,116.17,28.68,100.75,0.5157,-1,-1,-1
34,9,368.31,187.00,29.79,76.94,0.6829,-1,-1,-1
34,4,425.93,187.47,27.08,79.15,0.6605,-1,-1,-1
34,2,60.37,70.61,140.43,381.35,0.8852,-1,-1,-1
34,1,270.24,88.96,130.61,352.15,0.8579,-1,-1,-1
35,21,410.21,189.36,24.56,76.19,0.4801,-1,-1,-1
35,14,0.14,119.09,37.09,104.43,0.6117,-1,-1,-1
35,9,377.30,189.66,28.10,76.96,0.7057,-1,-1,-1
35,4,434.95,190.55,28.39,78.30,0.6585,-1,-1,-1
35,2,65.82,70.70,139.91,387.12,0.9043,-1,-1,-1
35,1,269.71,88.40,147.58,360.95,0.8551,-1,-1,-1
36,22,420.72,181.38,26.32,83.69,0.4863,-1,-1,-1
36,18,174.66,71.40,55.57,182.90,0.5571,-1,-1,-1
36,9,387.62,189.34,27.58,75.91,0.5828,-1,-1,-1
36,4,447.66,189.75,28.31,77.94,0.6642,-1,-1,-1
36,2,71.90,62.12,145.93,400.48,0.8947,-1,-1,-1
36,1,270.51,80.77,163.26,370.23,0.8937,-1,-1,-1
37,21,425.05,188.27,23.76,77.79,0.3210,-1,-1,-1
37,18,177.52,71.22,53.74,186.12,0.4360,-1,-1,-1
37,9,391.56,189.41,28.38,76.20,0.6550,-1,-1,-1
37,4,452.26,190.30,26.81,78.51,0.6201,-1,-1,-1
37,2,72.20,61.20,148.35,405.59,0.9014,-1,-1,-1
37,1,271.54,78.07,167.83,378.75,0.8908,-1,-1,-1
38,21,430.11,189.79,27.09,78.66,0.5465,-1,-1,-1
38,18,181.03,70.93,57.55,196.32,0.4526,-1,-1,-1
38,9,398.02,194.88,29.04,72.68,0.4972,-1,-1,-1
38,4,456.84,189.63,29.02,80.90,0.7279,-1,-1,-1
38,2,70.66,58.89,153.26,416.20,0.8760,-1,-1,-1
38,1,278.83,76.50,176.57,388.75,0.8878,-1,-1,-1
39,21,434.69,186.92,26.12,78.01,0.5780,-1,-1,-1
39,18,182.56,63.48,57.41,195.57,0.5570,-1,-1,-1
39,9,403.58,195.87,26.71,69.99,0.5583,-1,-1,-1
39,4,460.15,187.37,33.27,82.04,0.6731,-1,-1,-1
39,2,69.38,53.46,158.09,424.71,0.8790,-1,-1,-1
39,1,284.52,70.32,178.44,398.19,0.8903,-1,-1,-1
40,21,438.90,185.92,28.03,82.58,0.5369,-1,-1,-1
40,18,185.35,63.01,55.86,200.50,0.6959,-1,-1,-1
40,9,409.61,199.86,23.29,69.76,0.4659,-1,-1,-1
40,4,465.04,188.41,31.37,83.41,0.7034,-1,-1,-1
40,2,67.65,52.75,162.44,427.25,0.8847,-1,-1,-1
40,1,285.41,65.82,187.17,412.93,0.8876,-1,-1,-1
41,21,440.00,188.54,26.90,79.48,0.5487,-1,-1,-1
41,18,183.09,63.08,57.60,198.71,0.7386,-1,-1,-1
41,17,0.00,114.38,49.46,154.02,0.3842,-1,-1,-1
41,4,468.32,189.00,31.19,46.58,0.6166,-1,-1,-1
41,2,64.02,48.69,166.25,431.31,0.8904,-1,-1,-1
41,1,290.10,62.86,191.42,417.14,0.8833,-1,-1,-1
42,18,177.52,55.40,60.28,209.31,0.6335,-1,-1,-1
42,4,465.11,187.50,34.00,38.64,0.5382,-1,-1,-1
42,2,49.75,41.68,173.68,438.32,0.8915,-1,-1,-1
42,1,283.00,56.10,199.34,423.90,0.8999,-1,-1,-1
43,18,175.18,50.88,58.63,206.80,0.6478,-1,-1,-1
43,11,265.84,186.83,24.77,76.69,0.3265,-1,-1,-1
43,4,463.99,190.29,30.44,31.68,0.5275,-1,-1,-1
43,2,46.89,35.95,174.26,443.96,0.8964,-1,-1,-1
43,1,281.48,53.22,206.09,426.78,0.9045,-1,-1,-1
44,18,174.67,48.49,59.79,212.36,0.6431,-1,-1,-1
44,11,266.53,186.80,26.07,77.79,0.3630,-1,-1,-1
44,2,43.02,30.72,178.19,448.76,0.8975,-1,-1,-1
44,1,280.32,50.45,210.73,429.55,0.9040,-1,-1,-1
45,18,176.06,47.57,61.64,215.54,0.6475,-1,-1,-1
45,17,0.12,99.84,39.38,325.67,0.3616,-1,-1,-1
45,11,267.56,185.80,28.04,77.84,0.4541,-1,-1,-1
45,2,41.68,27.66,178.91,450.69,0.8951,-1,-1,-1
45,1,283.90,46.70,213.82,432.71,0.8964,-1,-1,-1
46,18,174.38,45.26,62.83,218.34,0.6940,-1,-1,-1
46,17,0.23,97.61,37.00,329.65,0.4206,-1,-1,-1
46,2,35.48,19.77,185.23,459.66,0.8836,-1,-1,-1
46,1,277.21,42.81,224.93,437.19,0.9094,-1,-1,-1
47,18,173.94,41.22,61.74,216.85,0.6581,-1,-1,-1
47,17,0.18,93.95,37.25,334.83,0.3059,-1,-1,-1
47,11,269.56,183.34,27.35,79.36,0.3722,-1,-1,-1
47,2,32.48,14.98,187.00,464.05,0.8725,-1,-1,-1
47,1,284.04,38.02,222.66,441.98,0.9064,-1,-1,-1
48,18,176.78,38.39,63.94,223.30,0.6422,-1,-1,-1
48,17,0.07,93.08,40.58,341.19,0.3451,-1,-1,-1
48,2,29.47,11.86,193.44,468.14,0.8635,-1,-1,-1
48,1,289.84,29.62,222.76,449.64,0.9001,-1,-1,-1
49,18,176.26,36.64,65.95,226.81,0.6404,-1,-1,-1
49,14,0.07,93.22,30.97,113.27,0.3329,-1,-1,-1
49,2,26.90,9.92,200.88,466.85,0.8603,-1,-1,-1
49,1,286.50,29.09,230.50,450.91,0.8895,-1,-1,-1
50,18,173.85,34.65,67.06,237.15,0.6501,-1,-1,-1
50,14,0.08,90.33,29.67,117.44,0.5214,-1,-1,-1
50,2,20.06,3.04,204.93,475.54,0.8586,-1,-1,-1
50,1,285.26,22.88,233.39,456.15,0.8995,-1,-1,-1
51,18,174.24,33.52,70.98,238.27,0.7364,-1,-1,-1
51,14,0.07,89.53,30.90,117.93,0.4487,-1,-1,-1
51,2,22.51,1.61,201.03,474.77,0.8588,-1,-1,-1
51,1,285.16,19.72,239.02,459.61,0.9086,-1,-1,-1
52,18,173.37,30.08,71.11,240.12,0.5961,-1,-1,-1
52,14,0.03,87.20,31.20,161.50,0.4835,-1,-1,-1
52,2,16.72,0.71,204.81,477.17,0.8465,-1,-1,-1
52,1,290.78,16.21,238.05,462.53,0.9018,-1,-1,-1
53,18,173.51,28.33,70.37,239.72,0.6309,-1,-1,-1
53,14,0.03,86.42,37.46,162.29,0.3697,-1,-1,-1
53,2,13.18,0.40,211.45,479.17,0.8606,-1,-1,-1
53,1,287.70,14.37,248.91,464.66,0.9045,-1,-1,-1
54,18,173.33,28.61,71.36,240.91,0.5766,-1,-1,-1
54,14,0.07,87.45,36.05,113.84,0.4175,-1,-1,-1
54,2,13.88,1.14,210.79,475.89,0.8425,-1,-1,-1
54,1,290.28,12.60,249.76,467.40,0.9116,-1,-1,-1
55,18,175.39,26.15,71.59,243.93,0.5485,-1,-1,-1
55,14,0.16,86.29,37.06,197.17,0.4511,-1,-1,-1
55,2,11.50,1.17,214.06,478.10,0.8570,-1,-1,-1
55,1,293.98,8.20,256.98,469.29,0.8858,-1,-1,-1
56,18,176.30,24.81,71.44,246.93,0.5892,-1,-1,-1
56,14,0.08,84.18,36.76,166.16,0.4639,-1,-1,-1
56,2,12.59,0.32,215.62,478.23,0.8621,-1,-1,-1
56,1,290.16,5.96,262.36,472.30,0.8460,-1,-1,-1
57,18,176.32,23.06,73.61,289.45,0.6123,-1,-1,-1
57,14,0.08,83.56,35.99,165.81,0.5686,-1,-1,-1
57,2,7.91,1.25,219.97,475.54,0.8578,-1,-1,-1
57,1,300.88,2.85,262.12,476.58,0.9116,-1,-1,-1
58,18,176.06,20.68,76.17,380.45,0.4971,-1,-1,-1
58,14,0.10,83.50,34.58,165.51,0.4871,-1,-1,-1
58,2,8.04,1.23,219.54,475.95,0.8595,-1,-1,-1
58,1,302.03,2.63,264.43,477.37,0.8998,-1,-1,-1
59,18,177.24,20.75,75.84,332.86,0.7053,-1,-1,-1
59,14,0.07,84.47,32.17,163.44,0.4010,-1,-1,-1
59,2,6.18,1.30,222.85,475.96,0.8446,-1,-1,-1
59,1,302.97,1.52,273.81,477.83,0.9035,-1,-1,-1
60,18,174.69,19.06,79.84,407.76,0.5710,-1,-1,-1
60,14,0.17,79.62,29.87,219.43,0.3767,-1,-1,-1
60,2,5.43,0.66,224.81,476.90,0.8185,-1,-1,-1
60,1,303.41,0.11,280.94,477.29,0.9005,-1,-1,-1
61,18,175.39,18.33,78.90,402.84,0.6078,-1,-1,-1
61,14,0.11,80.13,28.50,213.30,0.3827,-1,-1,-1
61,2,2.04,1.41,225.84,475.32,0.8557,-1,-1,-1
61,1,307.58,0.00,284.29,479.06,0.8972,-1,-1,-1
62,18,178.11,16.49,78.71,414.94,0.7278,-1,-1,-1
62,14,0.28,78.48,31.49,226.90,0.4523,-1,-1,-1
62,2,1.77,1.26,225.23,475.75,0.8613,-1,-1,-1
62,1,312.30,0.09,285.94,474.08,0.8307,-1,-1,-1
63,21,565.04,192.85,20.96,51.32,0.3504,-1,-1,-1
63,18,176.92,15.07,80.71,419.15,0.7197,-1,-1,-1
63,14,0.21,75.46,37.56,361.86,0.3749,-1,-1,-1
63,2,0.90,1.57,225.58,475.76,0.7898,-1,-1,-1
63,1,313.11,0.14,286.18,479.86,0.8859,-1,-1,-1
64,18,175.84,15.29,83.39,411.89,0.5741,-1,-1,-1
64,14,0.26,75.39,33.82,383.52,0.3596,-1,-1,-1
64,2,1.26,2.24,227.98,476.18,0.8102,-1,-1,-1
64,1,317.49,0.00,286.51,480.00,0.8757,-1,-1,-1
65,24,501.67,193.00,26.21,76.47,0.6446,-1,-1,-1
65,18,178.10,14.39,83.24,347.88,0.5251,-1,-1,-1
65,14,0.33,74.61,35.30,353.14,0.3509,-1,-1,-1
65,2,0.88,1.53,236.02,474.63,0.7656,-1,-1,-1
65,1,316.99,0.00,288.10,480.00,0.8766,-1,-1,-1
66,25,0.12,78.64,22.01,128.41,0.3769,-1,-1,-1
66,24,502.25,192.04,26.49,76.79,0.6827,-1,-1,-1
66,18,177.44,13.18,85.57,329.67,0.6346,-1,-1,-1
66,14,0.20,74.97,33.52,376.47,0.3688,-1,-1,-1
66,2,0.51,1.45,230.61,472.89,0.8418,-1,-1,-1
66,1,312.45,0.26,293.48,479.74,0.8838,-1,-1,-1
67,24,503.61,192.62,24.54,76.41,0.6497,-1,-1,-1
67,21,574.01,197.39,18.90,41.95,0.4008,-1,-1,-1
67,18,179.92,11.68,83.36,414.40,0.7483,-1,-1,-1
67,14,0.22,75.50,32.07,380.16,0.5349,-1,-1,-1
67,2,0.53,1.30,226.19,476.83,0.8089,-1,-1,-1
67,1,310.63,0.00,300.04,479.80,0.8852,-1,-1,-1
68,24,505.93,192.78,23.09,76.88,0.6043,-1,-1,-1
68,18,178.94,11.23,84.92,432.47,0.6779,-1,-1,-1
68,14,0.15,75.27,33.98,335.58,0.3685,-1,-1,-1
68,2,0.08,3.04,225.52,474.65,0.7493,-1,-1,-1
68,1,316.69,0.50,294.77,479.50,0.8942,-1,-1,-1
69,25,0.13,77.89,22.37,129.64,0.3679,-1,-1,-1
69,24,505.84,193.52,22.12,75.42,0.6365,-1,-1,-1
69,21,576.59,198.01,22.61,50.96,0.3178,-1,-1,-1
69,18,179.07,10.04,85.57,434.11,0.6042,-1,-1,-1
69,14,0.28,73.78,34.55,361.63,0.3950,-1,-1,-1
69,2,0.24,2.97,225.25,475.40,0.7383,-1,-1,-1
69,1,317.88,0.66,292.39,479.34,0.8913,-1,-1,-1
70,26,295.48,176.94,26.65,85.10,0.5257,-1,-1,-1
70,25,0.13,77.70,22.63,128.20,0.3831,-1,-1,-1
70,24,506.31,193.05,22.88,76.01,0.6176,-1,-1,-1
70,21,577.29,194.17,23.98,53.06,0.3083,-1,-1,-1
70,18,183.24,9.34,83.68,424.00,0.8348,-1,-1,-1
70,14,0.27,74.78,34.80,356.37,0.4043,-1,-1,-1
70,2,0.07,1.30,223.14,478.60,0.8236,-1,-1,-1
70,1,317.58,0.53,292.53,479.47,0.8924,-1,-1,-1
71,26,292.86,176.68,28.66,84.63,0.5884,-1,-1,-1
71,25,0.12,78.20,22.56,125.87,0.4386,-1,-1,-1
71,24,506.53,193.29,22.52,74.73,0.5619,-1,-1,-1
71,18,183.92,8.27,84.59,425.14,0.8365,-1,-1,-1
71,14,0.27,74.04,33.70,368.53,0.3859,-1,-1,-1
71,2,0.15,1.35,222.43,478.65,0.8286,-1,-1,-1
71,1,317.50,0.00,291.06,480.00,0.8762,-1,-1,-1
72,26,290.34,176.73,31.83,85.17,0.6207,-1,-1,-1
72,25,0.11,78.25,22.85,126.68,0.4065,-1,-1,-1
72,24,506.68,192.76,22.68,76.36,0.5835,-1,-1,-1
72,21,586.43,196.48,22.64,50.66,0.5860,-1,-1,-1
72,18,184.57,7.89,85.04,425.85,0.8376,-1,-1,-1
72,14,0.26,75.45,33.07,369.10,0.4926,-1,-1,-1
72,2,0.08,1.25,223.06,478.75,0.8600,-1,-1,-1
72,1,315.71,0.48,294.32,479.52,0.8826,-1,-1,-1
73,26,289.86,177.25,30.83,82.45,0.6045,-1,-1,-1
73,25,0.12,78.10,22.49,128.33,0.4082,-1,-1,-1
73,24,505.55,192.11,23.13,78.18,0.5065,-1,-1,-1
73,21,586.24,196.17,23.22,52.09,0.5505,-1,-1,-1
73,18,184.87,10.70,87.62,422.75,0.8394,-1,-1,-1
73,14,0.26,73.87,34.44,360.52,0.3455,-1,-1,-1
73,2,0.09,1.34,223.14,478.66,0.8543,-1,-1,-1
73,1,313.18,0.42,297.57,479.58,0.8920,-1,-1,-1
74,26,290.20,177.05,30.30,82.25,0.5464,-1,-1,-1
74,25,0.12,78.29,22.63,125.95,0.4139,-1,-1,-1
74,24,505.17,193.32,22.63,75.68,0.5655,-1,-1,-1
74,18,185.19,9.20,88.91,423.49,0.8488,-1,-1,-1
74,14,0.29,73.27,34.12,352.41,0.3471,-1,-1,-1
74,2,0.20,1.33,223.37,477.61,0.8479,-1,-1,-1
74,1,312.67,0.03,294.96,479.97,0.8503,-1,-1,-1
75,26,290.13,177.34,31.25,82.02,0.6049,-1,-1,-1
75,25,0.10,77.62,22.95,125.37,0.3665,-1,-1,-1
75,18,186.88,9.84,88.77,422.34,0.8458,-1,-1,-1
75,2,1.01,0.89,222.11,478.30,0.8281,-1,-1,-1
75,1,306.73,0.56,295.05,479.44,0.8712,-1,-1,-1
76,26,290.36,176.90,30.24,81.46,0.6553,-1,-1,-1
76,25,0.12,78.26,22.58,128.69,0.3269,-1,-1,-1
76,18,186.97,10.17,89.28,422.57,0.8553,-1,-1,-1
76,2,1.14,0.82,221.89,478.16,0.8186,-1,-1,-1
76,1,305.40,0.00,297.44,478.57,0.8885,-1,-1,-1
77,26,289.87,176.70,32.24,81.38,0.6551,-1,-1,-1
77,25,0.12,78.71,22.77,117.44,0.3555,-1,-1,-1
77,18,187.46,9.79,89.05,421.54,0.8452,-1,-1,-1
77,2,1.41,0.84,222.32,476.77,0.8269,-1,-1,-1
77,1,303.70,0.00,295.22,477.40,0.8744,-1,-1,-1
78,26,289.38,177.29,30.93,80.98,0.4950,-1,-1,-1
78,25,0.15,78.90,22.72,111.65,0.4588,-1,-1,-1
78,18,189.05,9.11,86.46,422.01,0.8443,-1,-1,-1
78,2,1.07,1.17,223.17,478.83,0.8335,-1,-1,-1
78,1,301.74,0.00,297.49,476.74,0.8931,-1,-1,-1
79,26,288.66,177.83,33.38,80.52,0.4671,-1,-1,-1
79,25,0.13,79.14,23.00,125.22,0.3724,-1,-1,-1
79,18,188.63,10.25,84.89,422.22,0.8373,-1,-1,-1
79,2,1.49,0.70,222.86,478.17,0.8327,-1,-1,-1
79,1,305.54,0.00,287.88,480.00,0.8720,-1,-1,-1
80,25,0.12,79.66,23.12,118.21,0.3806,-1,-1,-1
80,18,188.64,11.23,85.01,423.13,0.8294,-1,-1,-1
80,14,0.22,75.99,31.99,351.25,0.3052,-1,-1,-1
80,2,0.88,1.30,224.22,478.70,0.8516,-1,-1,-1
80,1,314.92,0.00,272.27,480.00,0.8760,-1,-1,-1
81,25,0.13,79.39,23.82,118.93,0.3810,-1,-1,-1
81,18,188.91,11.22,84.08,417.92,0.7937,-1,-1,-1
81,14,0.19,75.81,32.51,371.68,0.4110,-1,-1,-1
81,2,0.86,1.27,226.90,478.36,0.8433,-1,-1,-1
81,1,312.83,0.00,276.05,480.00,0.8798,-1,-1,-1
82,25,0.13,79.61,22.96,114.71,0.4140,-1,-1,-1
82,18,188.94,12.30,83.97,418.71,0.7391,-1,-1,-1
82,14,0.23,75.30,33.34,357.50,0.3537,-1,-1,-1
82,2,0.72,1.34,230.93,476.42,0.8403,-1,-1,-1
82,1,318.56,0.00,267.98,480.00,0.8625,-1,-1,-1
83,25,0.12,79.06,22.69,119.84,0.4516,-1,-1,-1
83,18,187.61,13.51,84.00,423.47,0.8171,-1,-1,-1
83,14,0.23,73.78,32.82,379.54,0.3463,-1,-1,-1
83,2,0.52,1.47,225.19,477.80,0.8173,-1,-1,-1
83,1,308.93,0.00,278.07,475.57,0.8783,-1,-1,-1
84,25,0.11,79.09,21.19,123.29,0.4582,-1,-1,-1
84,18,183.30,11.90,86.57,426.76,0.7986,-1,-1,-1
84,2,0.26,1.53,224.67,476.27,0.7694,-1,-1,-1
84,1,307.28,0.00,274.95,479.51,0.9027,-1,-1,-1
85,25,0.12,79.08,22.06,124.76,0.3618,-1,-1,-1
85,18,181.75,15.09,84.09,422.74,0.7476,-1,-1,-1
85,2,0.36,1.63,231.31,474.80,0.7586,-1,-1,-1
85,1,308.51,0.05,279.56,478.28,0.8923,-1,-1,-1
86,28,615.92,193.50,23.87,56.61,0.4659,-1,-1,-1
86,25,0.11,79.84,22.39,126.04,0.3758,-1,-1,-1
86,18,177.68,17.35,84.86,422.40,0.7511,-1,-1,-1
86,14,0.25,73.48,33.57,370.35,0.3097,-1,-1,-1
86,2,0.61,1.74,228.94,476.42,0.7407,-1,-1,-1
86,1,307.75,0.07,279.89,476.15,0.8678,-1,-1,-1
87,28,615.18,193.33,24.61,56.04,0.4908,-1,-1,-1
87,25,0.12,80.02,21.08,122.35,0.3259,-1,-1,-1
87,24,503.71,193.11,23.70,75.82,0.6591,-1,-1,-1
87,18,173.71,17.13,85.05,409.42,0.6694,-1,-1,-1
87,14,0.23,74.93,32.63,366.39,0.4776,-1,-1,-1
87,2,0.16,1.78,232.67,475.08,0.7022,-1,-1,-1
87,1,310.78,0.08,276.52,479.92,0.8880,-1,-1,-1
88,25,0.13,80.71,22.01,123.44,0.4347,-1,-1,-1
88,24,505.37,193.08,23.25,77.38,0.5267,-1,-1,-1
88,18,174.27,22.16,82.08,410.50,0.7452,-1,-1,-1
88,14,0.25,73.30,32.93,382.88,0.3274,-1,-1,-1
88,2,0.19,1.76,226.35,475.95,0.8130,-1,-1,-1
88,1,306.67,0.93,280.96,479.07,0.8987,-1,-1,-1
89,25,0.12,81.05,21.94,123.50,0.3759,-1,-1,-1
89,24,506.13,192.69,21.84,77.08,0.5062,-1,-1,-1
89,18,171.79,23.26,84.13,404.28,0.7136,-1,-1,-1
89,14,0.28,75.40,32.30,343.65,0.3441,-1,-1,-1
89,2,0.13,1.71,226.26,476.81,0.8042,-1,-1,-1
89,1,312.24,0.48,275.45,479.52,0.8955,-1,-1,-1
90,24,506.06,192.96,20.97,77.06,0.4290,-1,-1,-1
90,18,168.82,23.52,87.72,402.58,0.7518,-1,-1,-1
90,14,0.22,77.96,31.70,369.49,0.4349,-1,-1,-1
90,2,0.00,1.47,223.32,477.55,0.7955,-1,-1,-1
90,1,308.46,0.69,279.40,479.31,0.8977,-1,-1,-1
91,29,544.55,205.62,13.54,32.65,0.3145,-1,-1,-1
91,25,0.04,83.64,21.92,130.36,0.4234,-1,-1,-1
91,24,505.42,192.18,21.11,76.39,0.3010,-1,-1,-1
91,18,167.64,23.68,90.31,402.74,0.7204,-1,-1,-1
91,14,0.23,78.90,31.80,378.92,0.4679,-1,-1,-1
91,2,0.09,1.37,222.66,477.44,0.7908,-1,-1,-1
91,1,308.59,0.97,280.50,479.03,0.8943,-1,-1,-1
92,28,595.98,172.27,43.85,92.35,0.4482,-1,-1,-1
92,26,299.83,179.60,24.38,71.27,0.4458,-1,-1,-1
92,24,506.78,192.82,20.60,76.85,0.3289,-1,-1,-1
92,18,167.01,24.25,93.94,399.93,0.6929,-1,-1,-1
92,14,0.27,80.22,33.10,359.55,0.4252,-1,-1,-1
92,2,0.46,1.48,233.68,475.75,0.7656,-1,-1,-1
92,1,304.79,0.53,283.51,478.89,0.9044,-1,-1,-1
93,28,552.17,171.19,70.64,92.38,0.4669,-1,-1,-1
93,26,299.23,180.67,25.81,77.58,0.4509,-1,-1,-1
93,25,0.00,84.74,21.58,125.82,0.3356,-1,-1,-1
93,18,167.55,23.45,104.66,410.21,0.7887,-1,-1,-1
93,14,0.20,79.18,33.08,359.04,0.3035,-1,-1,-1
93,2,0.15,1.42,223.03,474.83,0.8434,-1,-1,-1
93,1,306.06,0.39,279.09,478.73,0.8917,-1,-1,-1
94,30,266.74,190.81,17.60,57.63,0.4871,-1,-1,-1
94,26,299.73,179.01,25.74,79.09,0.4524,-1,-1,-1
94,18,168.26,23.64,105.61,410.10,0.7889,-1,-1,-1
94,14,0.21,79.58,33.00,366.97,0.3178,-1,-1,-1
94,2,0.08,1.54,223.64,475.09,0.8469,-1,-1,-1
94,1,306.64,0.00,278.04,479.96,0.9027,-1,-1,-1
95,30,266.47,193.34,15.84,55.25,0.5568,-1,-1,-1
95,26,301.37,178.76,23.73,81.17,0.5129,-1,-1,-1
95,18,171.11,21.48,103.57,413.19,0.7888,-1,-1,-1
95,14,0.22,78.80,34.01,372.05,0.4197,-1,-1,-1
95,2,0.39,1.47,222.94,475.18,0.8603,-1,-1,-1
95,1,307.62,0.00,276.26,477.37,0.9009,-1,-1,-1
96,31,282.19,179.84,28.37,77.88,0.3072,-1,-1,-1
96,30,265.48,191.84,16.79,56.97,0.5346,-1,-1,-1
96,26,301.87,177.79,22.41,80.75,0.5023,-1,-1,-1
96,18,173.05,21.63,100.88,411.08,0.7912,-1,-1,-1
96,14,0.08,83.48,34.65,363.23,0.4161,-1,-1,-1
96,2,0.41,1.65,222.63,474.35,0.8357,-1,-1,-1
96,1,307.09,0.00,275.79,480.00,0.9001,-1,-1,-1
97,31,282.85,179.80,25.03,78.43,0.3720,-1,-1,-1
97,30,262.24,191.95,16.88,58.78,0.5794,-1,-1,-1
97,26,301.79,179.01,23.19,80.84,0.5723,-1,-1,-1
97,24,504.86,192.34,23.61,81.19,0.3296,-1,-1,-1
97,18,176.18,20.37,97.10,412.51,0.8181,-1,-1,-1
97,14,0.04,84.41,33.73,310.46,0.3742,-1,-1,-1
97,2,0.54,1.44,222.42,472.10,0.8641,-1,-1,-1
97,1,307.55,0.04,276.15,476.91,0.9031,-1,-1,-1
98,26,302.10,177.96,22.85,82.88,0.5935,-1,-1,-1
98,24,506.64,192.54,21.45,76.58,0.5044,-1,-1,-1
98,18,182.89,20.02,90.99,412.59,0.8353,-1,-1,-1
98,14,0.00,82.48,32.69,348.75,0.5060,-1,-1,-1
98,2,0.58,1.24,222.62,473.02,0.8744,-1,-1,-1
98,1,308.90,0.00,275.16,478.14,0.9064,-1,-1,-1
99,31,279.59,179.61,26.29,79.41,0.3552,-1,-1,-1
99,26,300.90,177.75,24.23,80.35,0.5368,-1,-1,-1
99,24,506.85,192.34,21.97,76.77,0.3768,-1,-1,-1
99,18,185.60,20.86,90.30,411.25,0.8485,-1,-1,-1
99,14,0.24,77.98,35.46,372.78,0.4609,-1,-1,-1
99,2,0.61,1.04,222.49,474.65,0.8856,-1,-1,-1
99,1,309.25,0.00,274.88,478.11,0.9089,-1,-1,-1
100,31,279.35,178.25,26.38,80.49,0.5716,-1,-1,-1
100,26,300.77,178.47,25.62,79.69,0.5877,-1,-1,-1
100,24,505.79,192.54,22.07,75.74,0.5338,-1,-1,-1
100,18,187.72,18.02,89.83,413.82,0.8407,-1,-1,-1
100,14,0.03,81.93,34.72,336.47,0.4251,-1,-1,-1
100,2,0.59,1.00,221.46,475.55,0.8821,-1,-1,-1
100,1,309.86,0.00,273.60,477.45,0.9027,-1,-1,-1
101,31,279.45,179.05,26.37,79.59,0.4015,-1,-1,-1
101,27,557.14,201.73,17.20,42.76,0.3074,-1,-1,-1
101,26,300.67,177.98,24.03,81.77,0.4530,-1,-1,-1
101,24,507.24,192.68,21.71,76.29,0.3768,-1,-1,-1
101,18,189.95,16.90,92.10,413.67,0.8511,-1,-1,-1
101,14,0.05,81.36,33.52,358.51,0.4265,-1,-1,-1
101,2,0.58,0.89,221.69,475.17,0.8767,-1,-1,-1
101,1,310.24,0.00,274.23,480.00,0.9087,-1,-1,-1
102,18,189.57,15.81,94.36,412.98,0.8478,-1,-1,-1
102,14,0.03,81.82,34.06,346.33,0.4420,-1,-1,-1
102,2,0.47,0.85,221.77,475.66,0.8734,-1,-1,-1
102,1,312.40,0.05,271.45,477.99,0.9023,-1,-1,-1
103,29,540.91,202.65,11.95,37.07,0.4240,-1,-1,-1
103,24,508.63,192.99,18.25,75.29,0.3144,-1,-1,-1
103,18,191.07,17.31,93.35,414.77,0.8403,-1,-1,-1
103,14,0.02,82.26,33.97,320.11,0.3840,-1,-1,-1
103,2,0.36,1.04,221.84,476.56,0.8702,-1,-1,-1
103,1,313.58,0.00,271.68,480.00,0.9121,-1,-1,-1
104,29,541.03,202.51,11.08,36.45,0.3305,-1,-1,-1
104,25,0.14,81.37,28.85,117.82,0.3102,-1,-1,-1
104,24,507.62,193.17,19.80,74.97,0.3209,-1,-1,-1
104,18,192.08,17.77,89.77,414.83,0.8419,-1,-1,-1
104,14,0.14,79.82,33.67,342.57,0.3363,-1,-1,-1
104,2,0.20,0.83,222.68,476.87,0.8893,-1,-1,-1
104,1,314.42,0.00,274.28,480.00,0.9107,-1,-1,-1
105,29,540.95,203.78,12.14,35.68,0.4035,-1,-1,-1
105,25,0.10,84.09,24.34,119.72,0.3023,-1,-1,-1
105,18,191.72,17.04,88.98,410.13,0.8375,-1,-1,-1
105,14,0.05,83.84,31.08,354.15,0.3769,-1,-1,-1
105,2,0.16,0.57,223.01,476.62,0.8627,-1,-1,-1
105,1,314.06,0.00,274.93,480.00,0.9087,-1,-1,-1
106,31,279.26,178.80,25.49,81.42,0.5836,-1,-1,-1
106,29,540.68,203.83,12.37,36.08,0.4060,-1,-1,-1
106,26,300.87,178.73,23.94,82.18,0.6319,-1,-1,-1
106,18,192.32,16.54,85.94,415.21,0.8269,-1,-1,-1
106,14,0.03,82.30,32.71,362.79,0.4090,-1,-1,-1
106,2,0.22,0.41,223.39,477.85,0.8801,-1,-1,-1
106,1,314.04,0.00,276.74,479.11,0.9044,-1,-1,-1
107,31,279.79,179.51,25.54,79.21,0.5653,-1,-1,-1
107,29,541.47,204.27,11.77,35.55,0.3813,-1,-1,-1
107,26,301.01,178.50,24.42,82.09,0.5891,-1,-1,-1
107,18,192.24,16.81,86.21,414.79,0.8186,-1,-1,-1
107,14,0.03,82.43,31.38,362.65,0.3586,-1,-1,-1
107,2,0.19,0.25,224.80,478.21,0.8802,-1,-1,-1
107,1,313.50,0.37,279.86,478.52,0.8954,-1,-1,-1
108,31,279.51,181.15,24.84,77.27,0.5110,-1,-1,-1
108,29,541.08,201.95,12.18,38.12,0.4674,-1,-1,-1
108,26,301.18,178.82,24.22,81.12,0.6022,-1,-1,-1
108,24,511.13,196.46,16.25,71.95,0.3204,-1,-1,-1
108,18,191.62,16.14,86.23,415.48,0.8235,-1,-1,-1
108,2,0.00,0.09,225.63,477.54,0.8740,-1,-1,-1
108,1,312.02,0.00,284.55,477.05,0.8996,-1,-1,-1
109,31,279.19,180.42,26.01,78.28,0.5034,-1,-1,-1
109,26,301.21,178.29,23.87,82.43,0.5541,-1,-1,-1
109,18,189.27,16.93,88.54,413.58,0.8310,-1,-1,-1
109,2,0.04,0.00,224.37,478.87,0.8856,-1,-1,-1
109,1,312.64,0.00,285.01,475.16,0.8306,-1,-1,-1
110,26,300.63,178.18,24.66,82.21,0.4512,-1,-1,-1
110,18,187.95,16.94,91.46,413.71,0.8394,-1,-1,-1
110,2,0.00,0.14,223.29,478.31,0.9072,-1,-1,-1
110,1,312.66,0.00,288.45,478.14,0.7584,-1,-1,-1
111,18,187.87,17.30,93.01,414.32,0.8444,-1,-1,-1
111,2,0.00,0.10,222.61,479.19,0.8960,-1,-1,-1
111,1,310.85,0.00,291.20,476.87,0.7981,-1,-1,-1
112,26,298.21,177.41,27.21,83.33,0.3518,-1,-1,-1
112,18,187.71,16.93,96.03,416.05,0.8492,-1,-1,-1
112,2,0.00,0.12,222.79,479.28,0.9072,-1,-1,-1
112,1,330.64,0.00,273.56,479.66,0.7947,-1,-1,-1
113,18,187.80,18.11,94.15,416.86,0.8532,-1,-1,-1
113,2,0.00,0.09,222.68,478.83,0.9027,-1,-1,-1
113,1,311.06,0.19,285.10,479.40,0.8647,-1,-1,-1
114,18,187.40,19.61,94.82,413.05,0.8539,-1,-1,-1
114,2,0.00,0.00,222.08,478.48,0.8953,-1,-1,-1
114,1,308.72,0.00,288.90,479.35,0.8971,-1,-1,-1
115,18,188.39,20.24,94.81,415.38,0.8667,-1,-1,-1
115,2,0.00,0.07,222.32,479.06,0.8897,-1,-1,-1
115,1,308.86,0.00,284.12,477.28,0.8816,-1,-1,-1
116,18,191.60,20.58,92.89,415.77,0.8596,-1,-1,-1
116,2,0.00,0.00,221.53,478.52,0.8792,-1,-1,-1
116,1,305.44,0.00,286.43,479.68,0.8954,-1,-1,-1
117,18,192.46,20.22,95.17,416.97,0.8547,-1,-1,-1
117,2,0.00,0.21,223.01,478.02,0.8703,-1,-1,-1
117,1,305.57,0.00,282.75,478.99,0.8835,-1,-1,-1
118,27,562.40,200.31,14.54,41.06,0.3042,-1,-1,-1
118,18,193.61,19.97,93.29,417.95,0.8588,-1,-1,-1
118,2,0.00,0.39,224.64,478.75,0.8678,-1,-1,-1
118,1,303.80,0.00,278.23,478.04,0.8899,-1,-1,-1
119,25,0.13,80.20,22.98,105.47,0.3710,-1,-1,-1
119,24,498.82,193.28,29.87,78.27,0.7000,-1,-1,-1
119,18,197.39,19.74,91.57,413.16,0.8165,-1,-1,-1
119,14,0.00,79.91,30.44,341.99,0.4015,-1,-1,-1
119,2,0.00,0.47,228.79,479.53,0.8853,-1,-1,-1
119,1,302.70,0.00,279.53,480.00,0.9113,-1,-1,-1
120,25,0.06,79.10,23.44,112.65,0.3259,-1,-1,-1
120,24,498.77,193.13,29.56,79.00,0.7204,-1,-1,-1
120,18,200.85,21.23,87.46,410.88,0.8094,-1,-1,-1
120,2,0.12,0.59,231.76,479.38,0.8726,-1,-1,-1
120,1,301.86,0.00,280.47,480.00,0.9104,-1,-1,-1
121,24,498.71,192.76,30.07,79.64,0.6620,-1,-1,-1
121,18,199.84,21.14,88.56,415.74,0.8197,-1,-1,-1
121,2,0.20,0.43,236.47,479.57,0.8771,-1,-1,-1
121,1,303.04,0.57,280.76,479.43,0.8872,-1,-1,-1
122,24,499.07,194.11,29.38,77.83,0.6644,-1,-1,-1
122,18,202.38,21.99,82.91,417.78,0.8233,-1,-1,-1
122,14,0.21,75.08,35.30,400.98,0.3795,-1,-1,-1
122,2,0.99,0.18,240.00,479.82,0.8574,-1,-1,-1
122,1,306.93,0.25,281.78,477.56,0.8887,-1,-1,-1
123,24,499.25,194.16,30.44,77.80,0.6807,-1,-1,-1
123,18,201.82,21.13,84.45,414.44,0.8339,-1,-1,-1
123,14,0.25,75.88,38.81,402.86,0.5533,-1,-1,-1
123,2,0.88,1.24,243.58,478.76,0.8720,-1,-1,-1
123,1,301.95,0.92,282.42,479.08,0.8961,-1,-1,-1
124,27,560.32,200.97,16.58,39.38,0.4119,-1,-1,-1
124,26,295.37,177.85,30.85,80.96,0.3168,-1,-1,-1
124,24,499.76,194.24,29.69,77.75,0.6536,-1,-1,-1
124,18,202.90,22.51,82.32,407.75,0.8400,-1,-1,-1
124,14,0.20,75.83,38.87,401.52,0.5491,-1,-1,-1
124,2,0.90,0.86,246.23,478.15,0.8647,-1,-1,-1
124,1,304.64,0.17,279.09,479.31,0.9042,-1,-1,-1
125,32,547.14,198.98,15.15,47.67,0.3744,-1,-1,-1
125,31,286.57,183.00,24.65,75.33,0.3006,-1,-1,-1
125,29,534.81,197.28,16.67,44.57,0.3238,-1,-1,-1
125,27,561.35,202.23,16.08,37.64,0.4811,-1,-1,-1
125,26,297.46,178.55,27.29,79.12,0.3564,-1,-1,-1
125,24,500.75,193.64,28.51,77.63,0.6411,-1,-1,-1
125,18,202.99,22.72,81.44,405.59,0.8190,-1,-1,-1
125,14,0.17,76.70,42.31,403.30,0.5967,-1,-1,-1
125,2,0.64,0.78,248.56,478.05,0.8533,-1,-1,-1
125,1,305.21,0.65,277.06,478.86,0.9025,-1,-1,-1
126,31,286.75,180.10,26.06,78.33,0.3464,-1,-1,-1
126,27,561.30,202.48,16.27,37.32,0.4963,-1,-1,-1
126,24,501.11,194.06,27.76,77.84,0.6275,-1,-1,-1
126,18,203.79,22.49,80.29,406.27,0.7895,-1,-1,-1
126,14,0.21,76.61,43.06,400.70,0.4517,-1,-1,-1
126,2,0.00,0.69,251.59,464.75,0.7896,-1,-1,-1
126,1,305.64,0.54,275.69,479.13,0.8998,-1,-1,-1
127,32,549.55,198.70,13.00,40.91,0.4050,-1,-1,-1
127,29,533.57,202.29,14.51,39.35,0.3151,-1,-1,-1
127,27,562.64,203.15,15.07,37.01,0.5215,-1,-1,-1
127,24,502.74,193.04,26.76,77.69,0.5890,-1,-1,-1
127,18,205.51,22.68,78.56,406.34,0.8087,-1,-1,-1
127,14,0.16,77.87,45.76,402.13,0.4123,-1,-1,-1
127,2,0.99,0.97,249.34,475.50,0.8427,-1,-1,-1
127,1,306.90,0.38,276.17,479.36,0.8969,-1,-1,-1
128,31,294.50,178.21,30.99,79.86,0.3228,-1,-1,-1
128,29,534.13,202.94,14.07,40.25,0.3206,-1,-1,-1
128,27,562.05,203.39,16.01,37.63,0.4791,-1,-1,-1
128,24,502.96,194.10,26.27,76.56,0.6027,-1,-1,-1
128,18,204.95,22.62,79.64,407.01,0.7371,-1,-1,-1
128,14,0.20,77.36,47.30,402.64,0.5870,-1,-1,-1
128,2,0.39,0.68,253.86,473.37,0.8326,-1,-1,-1
128,1,306.16,0.59,276.93,478.86,0.9037,-1,-1,-1
129,31,287.44,187.78,21.62,70.45,0.3248,-1,-1,-1
129,27,561.20,203.98,16.43,37.04,0.4414,-1,-1,-1
129,24,502.97,194.01,26.35,77.10,0.5897,-1,-1,-1
129,18,204.82,22.91,79.53,407.64,0.7424,-1,-1,-1
129,14,0.17,80.00,47.71,400.00,0.6339,-1,-1,-1
129,2,0.56,0.84,253.19,473.99,0.8552,-1,-1,-1
129,1,307.25,0.23,274.93,478.64,0.8964,-1,-1,-1
130,32,542.57,195.66,17.20,51.99,0.3489,-1,-1,-1
130,31,288.97,189.81,20.41,68.22,0.3440,-1,-1,-1
130,27,561.25,202.93,16.34,38.12,0.4590,-1,-1,-1
130,24,504.11,193.56,26.37,76.96,0.6025,-1,-1,-1
130,18,204.87,23.89,79.30,407.08,0.7664,-1,-1,-1
130,14,0.22,80.35,48.87,399.65,0.6948,-1,-1,-1
130,2,2.21,0.80,248.05,472.69,0.8326,-1,-1,-1
130,1,306.31,0.31,276.47,478.88,0.9091,-1,-1,-1
131,31,288.49,191.33,20.59,66.80,0.3443,-1,-1,-1
131,29,530.18,198.82,17.47,46.29,0.3019,-1,-1,-1
131,27,559.86,203.48,17.46,36.81,0.4565,-1,-1,-1
131,24,501.89,193.58,27.94,77.75,0.6517,-1,-1,-1
131,18,203.95,23.11,80.52,404.56,0.7974,-1,-1,-1
131,14,0.18,80.14,48.95,231.81,0.3747,-1,-1,-1
131,2,12.55,0.91,236.34,470.29,0.8090,-1,-1,-1
131,1,306.16,0.51,275.57,478.74,0.8996,-1,-1,-1
132,31,282.15,189.39,21.13,67.74,0.3161,-1,-1,-1
132,26,295.84,177.68,26.99,81.21,0.5032,-1,-1,-1
132,24,502.19,192.64,27.45,77.81,0.6414,-1,-1,-1
132,18,201.63,22.80,82.15,405.95,0.8254,-1,-1,-1
132,2,11.17,0.57,235.77,471.70,0.7882,-1,-1,-1
132,1,306.76,0.09,273.18,479.23,0.8962,-1,-1,-1
133,31,280.00,187.35,22.16,68.39,0.3831,-1,-1,-1
133,26,294.61,177.90,29.80,80.86,0.5443,-1,-1,-1
133,24,501.96,192.89,28.08,78.55,0.5941,-1,-1,-1
133,18,201.55,22.00,82.15,411.81,0.8320,-1,-1,-1
133,14,0.07,82.07,38.93,223.95,0.3313,-1,-1,-1
133,2,8.81,0.52,236.69,475.39,0.8360,-1,-1,-1
133,1,306.19,0.00,273.21,476.31,0.8986,-1,-1,-1
134,32,537.34,190.86,19.61,56.91,0.4867,-1,-1,-1
134,31,280.08,188.05,20.53,66.24,0.3153,-1,-1,-1
134,27,557.80,200.24,19.46,40.35,0.4412,-1,-1,-1
134,26,295.10,178.42,29.86,80.23,0.5867,-1,-1,-1
134,24,500.97,192.63,29.05,79.41,0.6291,-1,-1,-1
134,18,201.28,22.74,81.23,411.63,0.8372,-1,-1,-1
134,14,0.13,80.80,46.77,397.37,0.4223,-1,-1,-1
134,2,9.85,0.74,234.06,477.64,0.8551,-1,-1,-1
134,1,305.30,0.29,270.74,476.34,0.9034,-1,-1,-1
135,32,537.03,192.84,19.11,55.07,0.5090,-1,-1,-1
135,26,295.06,177.44,29.92,81.80,0.5324,-1,-1,-1
135,24,500.69,192.94,27.96,78.76,0.6266,-1,-1,-1
135,18,202.16,22.76,80.90,412.43,0.8361,-1,-1,-1
135,14,0.17,80.04,43.44,396.15,0.4021,-1,-1,-1
135,2,7.36,0.83,234.45,477.96,0.8785,-1,-1,-1
135,1,306.49,0.00,269.65,480.00,0.8891,-1,-1,-1
136,32,534.89,190.75,21.05,58.31,0.3696,-1,-1,-1
136,26,297.29,178.45,26.98,80.63,0.4176,-1,-1,-1
136,24,500.33,192.54,28.72,79.48,0.6370,-1,-1,-1
136,18,199.81,23.82,83.23,410.14,0.8289,-1,-1,-1
136,14,0.10,77.85,43.62,393.20,0.4073,-1,-1,-1
136,2,5.67,0.92,231.04,477.38,0.8580,-1,-1,-1
136,1,305.73,0.10,269.53,479.90,0.8892,-1,-1,-1
137,32,534.20,191.07,22.07,58.01,0.4994,-1,-1,-1
137,26,297.72,178.02,26.79,80.76,0.5058,-1,-1,-1
137,24,500.71,193.29,28.51,78.61,0.6005,-1,-1,-1
137,18,194.66,22.89,89.06,409.18,0.8278,-1,-1,-1
137,14,0.01,79.78,41.04,389.38,0.4120,-1,-1,-1
137,2,6.45,0.76,225.04,478.26,0.8565,-1,-1,-1
137,1,305.75,0.00,269.58,480.00,0.8921,-1,-1,-1
138,32,533.20,190.02,24.22,58.19,0.4713,-1,-1,-1
138,26,292.72,178.47,33.92,80.96,0.6006,-1,-1,-1
138,24,501.95,192.88,27.82,78.85,0.5742,-1,-1,-1
138,18,191.22,22.72,92.31,409.02,0.8409,-1,-1,-1
138,2,5.40,0.39,222.02,479.61,0.8711,-1,-1,-1
138,1,304.16,0.00,272.05,479.94,0.9061,-1,-1,-1
139,27,556.40,201.63,17.38,40.29,0.4002,-1,-1,-1
139,26,291.54,178.14,35.09,81.23,0.6250,-1,-1,-1
139,24,502.02,193.64,27.61,77.88,0.5522,-1,-1,-1
139,18,190.34,22.39,93.54,410.15,0.8470,-1,-1,-1
139,2,3.75,0.38,222.77,479.62,0.8713,-1,-1,-1
139,1,304.96,0.00,272.69,480.00,0.9105,-1,-1,-1
140,27,556.39,203.48,16.50,38.33,0.3286,-1,-1,-1
140,26,292.92,177.02,32.01,82.25,0.6007,-1,-1,-1
140,24,502.72,192.71,27.93,78.53,0.5440,-1,-1,-1
140,18,189.28,22.30,95.13,410.39,0.8526,-1,-1,-1
140,2,2.28,0.66,220.31,478.98,0.8797,-1,-1,-1
140,1,305.42,0.64,274.23,478.93,0.9103,-1,-1,-1
141,27,554.76,204.02,15.70,38.00,0.3273,-1,-1,-1
141,26,293.12,178.48,32.07,80.13,0.4773,-1,-1,-1
141,24,502.18,192.89,27.34,78.24,0.5858,-1,-1,-1
141,18,187.54,20.92,97.08,412.37,0.8561,-1,-1,-1
141,2,1.86,0.77,217.70,478.52,0.8872,-1,-1,-1
141,1,304.15,0.00,276.65,474.57,0.8997,-1,-1,-1
142,27,555.87,203.29,18.01,39.18,0.3905,-1,-1,-1
142,26,294.55,178.22,27.80,80.15,0.4532,-1,-1,-1
142,24,502.66,192.24,27.05,79.02,0.5661,-1,-1,-1
142,18,187.49,20.63,97.00,413.66,0.8585,-1,-1,-1
142,2,1.48,0.95,215.81,479.05,0.8835,-1,-1,-1
142,1,304.13,0.33,277.42,479.29,0.9093,-1,-1,-1
143,27,555.44,207.01,14.01,35.54,0.3283,-1,-1,-1
143,26,291.70,178.19,32.93,81.45,0.5429,-1,-1,-1
143,24,504.31,191.97,24.39,78.34,0.5971,-1,-1,-1
143,18,185.38,20.26,99.55,414.14,0.8619,-1,-1,-1
143,2,0.59,0.98,216.31,479.02,0.8861,-1,-1,-1
143,1,305.58,0.00,278.23,479.87,0.9058,-1,-1,-1
144,27,554.07,202.80,16.95,39.52,0.4363,-1,-1,-1
144,26,293.29,178.20,29.80,80.15,0.5567,-1,-1,-1
144,24,504.52,191.30,23.62,78.79,0.5346,-1,-1,-1
144,18,185.03,20.56,99.76,413.26,0.8556,-1,-1,-1
144,2,0.24,1.02,216.84,478.43,0.8928,-1,-1,-1
144,1,305.08,0.00,282.08,480.00,0.9140,-1,-1,-1
145,27,555.39,201.69,20.92,59.34,0.4486,-1,-1,-1
145,26,294.02,178.44,28.91,79.86,0.5819,-1,-1,-1
145,24,505.81,192.22,22.88,77.79,0.5537,-1,-1,-1
145,18,182.45,20.19,102.55,412.93,0.8543,-1,-1,-1
145,2,0.23,1.05,215.38,478.11,0.9011,-1,-1,-1
145,1,307.01,0.00,286.75,480.00,0.9006,-1,-1,-1
146,26,295.97,178.11,26.45,80.34,0.6033,-1,-1,-1
146,18,182.67,20.33,102.29,412.29,0.8513,-1,-1,-1
146,2,0.14,1.26,215.57,477.47,0.8963,-1,-1,-1
146,1,308.49,0.00,285.75,479.72,0.8602,-1,-1,-1
147,26,296.68,177.26,24.05,83.13,0.3722,-1,-1,-1
147,18,183.63,20.48,100.68,412.54,0.8539,-1,-1,-1
147,2,0.36,1.38,216.10,476.71,0.8910,-1,-1,-1
147,1,324.04,0.00,281.81,477.15,0.8401,-1,-1,-1
148,26,298.49,177.94,23.47,83.46,0.3988,-1,-1,-1
148,18,186.36,20.39,97.79,412.42,0.8583,-1,-1,-1
148,2,1.14,0.99,217.19,478.21,0.8647,-1,-1,-1
148,1,315.55,0.00,293.53,476.60,0.8730,-1,-1,-1
149,31,289.36,200.74,19.18,59.03,0.4410,-1,-1,-1
149,26,300.67,178.64,21.96,84.57,0.4508,-1,-1,-1
149,18,189.35,20.83,94.73,411.14,0.8565,-1,-1,-1
149,2,2.02,0.48,221.88,479.52,0.8583,-1,-1,-1
149,1,315.69,0.00,296.10,477.46,0.8848,-1,-1,-1
150,18,190.46,21.69,93.80,413.06,0.8527,-1,-1,-1
150,2,2.26,0.91,223.46,478.75,0.8667,-1,-1,-1
150,1,315.33,0.00,298.62,479.33,0.8777,-1,-1,-1
151,18,193.24,21.97,90.48,414.55,0.8593,-1,-1,-1
151,2,3.79,0.75,224.53,478.92,0.8561,-1,-1,-1
151,1,316.60,0.00,295.10,479.62,0.8436,-1,-1,-1
152,18,193.69,21.87,89.81,413.18,0.8666,-1,-1,-1
152,2,8.38,0.54,222.95,479.46,0.8585,-1,-1,-1
152,1,316.39,0.00,288.78,478.93,0.7837,-1,-1,-1
153,18,193.42,21.54,89.84,412.03,0.8637,-1,-1,-1
153,14,0.29,79.59,45.40,386.03,0.3106,-1,-1,-1
153,2,8.80,0.64,225.21,475.69,0.8398,-1,-1,-1
153,1,310.75,0.00,291.35,476.40,0.8182,-1,-1,-1
154,27,554.02,206.40,15.27,36.14,0.4256,-1,-1,-1
154,24,502.98,188.67,26.01,79.53,0.6724,-1,-1,-1
154,18,192.91,21.49,90.78,414.08,0.8524,-1,-1,-1
154,14,0.29,79.50,45.23,386.05,0.3543,-1,-1,-1
154,2,5.90,0.61,228.41,475.09,0.8285,-1,-1,-1
154,1,306.22,0.64,288.60,479.36,0.8769,-1,-1,-1
155,27,553.92,204.85,16.35,37.54,0.3842,-1,-1,-1
155,24,500.64,192.75,27.64,76.50,0.6323,-1,-1,-1
155,18,192.69,21.97,90.29,414.60,0.8440,-1,-1,-1
155,14,0.24,78.68,43.62,387.45,0.3347,-1,-1,-1
155,2,8.19,0.62,226.12,476.80,0.8269,-1,-1,-1
155,1,305.29,0.47,284.63,479.53,0.8917,-1,-1,-1
156,33,0.14,80.18,35.83,119.12,0.3460,-1,-1,-1
156,27,552.66,208.27,15.45,34.35,0.3119,-1,-1,-1
156,24,499.24,195.04,28.23,74.73,0.5654,-1,-1,-1
156,18,192.22,21.73,90.10,413.93,0.8660,-1,-1,-1
156,2,6.50,0.70,228.40,478.10,0.8637,-1,-1,-1
156,1,305.09,0.00,280.26,480.00,0.9025,-1,-1,-1
157,27,555.02,210.22,14.14,32.66,0.3180,-1,-1,-1
157,24,497.98,194.45,29.55,76.88,0.5836,-1,-1,-1
157,18,191.29,20.84,89.34,415.97,0.8652,-1,-1,-1
157,14,0.01,80.22,35.12,175.14,0.3272,-1,-1,-1
157,2,7.23,0.39,226.52,475.21,0.8367,-1,-1,-1
157,1,302.82,0.00,261.17,480.00,0.9151,-1,-1,-1
158,34,589.35,0.77,50.53,255.46,0.4964,-1,-1,-1
158,29,526.23,194.40,20.97,57.49,0.4342,-1,-1,-1
158,27,552.35,208.98,16.91,34.34,0.4271,-1,-1,-1
158,24,497.86,195.98,29.88,75.26,0.5187,-1,-1,-1
158,18,191.05,19.37,89.54,419.09,0.8587,-1,-1,-1
158,14,0.15,79.29,33.05,117.88,0.3701,-1,-1,-1
158,2,6.12,0.15,225.18,478.03,0.8401,-1,-1,-1
158,1,304.66,0.00,231.24,480.00,0.9171,-1,-1,-1
159,34,587.49,0.00,52.36,251.64,0.3500,-1,-1,-1
159,29,527.28,195.26,20.48,56.08,0.4937,-1,-1,-1
159,27,549.27,205.07,17.65,39.27,0.3324,-1,-1,-1
159,24,496.80,183.99,31.41,88.32,0.7016,-1,-1,-1
159,18,190.55,18.80,92.06,418.09,0.8467,-1,-1,-1
159,2,3.77,0.26,227.29,478.31,0.8462,-1,-1,-1
159,1,299.94,0.00,218.39,480.00,0.9095,-1,-1,-1
160,35,0.04,76.53,40.18,393.88,0.4354,-1,-1,-1
160,31,282.42,183.02,22.99,75.28,0.3043,-1,-1,-1
160,24,496.46,184.87,32.24,87.15,0.7206,-1,-1,-1
160,18,190.07,18.86,91.21,419.68,0.8497,-1,-1,-1
160,2,0.11,1.01,228.58,478.15,0.8644,-1,-1,-1
160,1,302.55,0.57,200.24,474.14,0.9184,-1,-1,-1
161,35,0.11,76.30,36.33,392.32,0.4436,-1,-1,-1
161,34,585.66,0.65,54.21,249.83,0.3894,-1,-1,-1
161,24,495.85,186.13,32.28,85.99,0.6946,-1,-1,-1
161,18,188.89,18.15,91.71,420.58,0.8480,-1,-1,-1
161,2,0.35,0.78,228.21,479.22,0.8620,-1,-1,-1
161,1,294.87,0.00,206.28,480.00,0.9106,-1,-1,-1
162,35,0.09,72.79,35.29,389.47,0.3513,-1,-1,-1
162,34,588.90,0.81,50.97,248.39,0.3276,-1,-1,-1
162,32,524.88,193.21,19.59,59.08,0.4757,-1,-1,-1
162,24,496.87,184.20,32.22,88.18,0.7160,-1,-1,-1
162,18,187.90,15.52,94.87,421.92,0.8530,-1,-1,-1
162,2,0.00,0.50,229.47,478.35,0.8341,-1,-1,-1
162,1,289.70,0.59,212.83,474.48,0.9057,-1,-1,-1
163,35,0.20,70.74,35.44,373.08,0.3305,-1,-1,-1
163,34,589.64,0.83,50.21,248.40,0.3870,-1,-1,-1
163,24,496.86,183.76,33.74,88.36,0.7193,-1,-1,-1
163,18,187.70,15.41,93.68,426.49,0.8500,-1,-1,-1
163,2,0.24,0.41,227.89,474.66,0.8297,-1,-1,-1
163,1,288.50,0.39,213.77,475.26,0.9064,-1,-1,-1
164,35,0.10,72.32,32.87,364.20,0.3538,-1,-1,-1
164,24,495.84,182.67,32.64,89.81,0.7224,-1,-1,-1
164,18,186.62,13.67,93.92,428.43,0.8368,-1,-1,-1
164,2,0.15,0.69,224.60,475.04,0.8047,-1,-1,-1
164,1,289.70,0.71,211.72,474.46,0.9040,-1,-1,-1
165,35,0.00,78.65,29.43,346.30,0.3299,-1,-1,-1
165,24,496.24,183.26,33.27,89.20,0.7145,-1,-1,-1
165,18,187.09,13.65,93.32,428.07,0.8456,-1,-1,-1
165,2,0.00,0.46,223.55,475.43,0.8193,-1,-1,-1
165,1,295.05,0.00,206.79,480.00,0.9196,-1,-1,-1
166,24,496.46,182.76,33.04,89.50,0.7194,-1,-1,-1
166,18,185.50,12.06,94.92,430.83,0.8413,-1,-1,-1
166,2,0.00,0.08,222.78,476.80,0.8162,-1,-1,-1
166,1,296.03,0.00,206.51,480.00,0.9216,-1,-1,-1
167,27,547.31,202.84,17.26,42.58,0.3515,-1,-1,-1
167,24,496.13,183.74,33.91,88.64,0.7214,-1,-1,-1
167,18,184.65,10.69,94.58,432.35,0.8184,-1,-1,-1
167,2,0.00,0.47,221.13,472.76,0.7955,-1,-1,-1
167,1,294.84,0.00,207.18,480.00,0.9166,-1,-1,-1
168,32,525.32,189.70,19.13,62.30,0.3093,-1,-1,-1
168,27,547.50,200.83,20.68,45.08,0.3976,-1,-1,-1
168,24,496.04,182.83,34.12,89.39,0.7232,-1,-1,-1
168,18,183.64,10.65,94.85,432.20,0.8437,-1,-1,-1
168,2,0.00,0.42,220.87,474.55,0.8192,-1,-1,-1
168,1,293.73,0.00,207.58,480.00,0.9130,-1,-1,-1
169,27,548.23,202.92,20.14,42.03,0.3260,-1,-1,-1
169,24,496.54,183.97,33.33,89.01,0.7326,-1,-1,-1
169,18,183.16,10.56,96.02,433.54,0.8432,-1,-1,-1
169,2,0.00,0.31,220.68,474.27,0.7544,-1,-1,-1
169,1,286.03,1.13,215.44,473.78,0.9028,-1,-1,-1
170,32,526.71,188.76,17.71,63.86,0.3600,-1,-1,-1
170,24,496.42,182.75,33.66,89.93,0.7141,-1,-1,-1
170,18,182.87,10.02,96.31,435.81,0.8438,-1,-1,-1
170,2,0.01,0.26,220.03,471.73,0.7599,-1,-1,-1
170,1,280.68,0.84,220.50,473.94,0.8991,-1,-1,-1
171,18,182.32,9.88,96.89,437.41,0.8462,-1,-1,-1
171,2,0.01,0.01,219.26,473.95,0.7940,-1,-1,-1
171,1,279.80,0.67,221.07,474.79,0.9023,-1,-1,-1
172,18,182.57,9.98,96.61,437.79,0.8468,-1,-1,-1
172,2,0.00,0.25,219.06,475.99,0.8446,-1,-1,-1
172,1,281.83,0.81,219.10,475.67,0.8972,-1,-1,-1
173,18,181.56,10.08,97.90,436.63,0.8485,-1,-1,-1
173,2,0.10,0.12,218.88,477.04,0.8150,-1,-1,-1
173,1,283.51,0.70,216.39,476.89,0.8991,-1,-1,-1
174,18,181.12,10.24,97.99,436.74,0.8489,-1,-1,-1
174,2,0.00,0.11,218.69,476.11,0.8273,-1,-1,-1
174,1,283.12,0.90,216.20,477.11,0.9031,-1,-1,-1
175,18,179.87,10.96,100.13,442.72,0.8493,-1,-1,-1
175,2,0.07,0.06,218.52,477.07,0.8592,-1,-1,-1
175,1,280.97,0.87,218.24,477.47,0.8520,-1,-1,-1
176,18,180.73,11.36,99.60,439.13,0.8401,-1,-1,-1
176,2,0.00,0.00,218.90,476.88,0.8270,-1,-1,-1
176,1,283.81,0.00,215.40,479.18,0.8983,-1,-1,-1
177,18,181.04,11.68,97.98,438.77,0.8551,-1,-1,-1
177,2,0.00,0.00,218.67,474.45,0.7937,-1,-1,-1
177,1,282.86,0.61,216.22,475.29,0.8925,-1,-1,-1
178,27,547.42,202.94,18.87,42.92,0.5527,-1,-1,-1
178,24,495.85,183.48,34.63,89.42,0.7170,-1,-1,-1
178,18,180.14,11.11,99.72,436.71,0.8606,-1,-1,-1
178,2,0.06,0.10,218.18,477.54,0.8279,-1,-1,-1
178,1,282.10,0.00,219.30,478.34,0.9043,-1,-1,-1
179,27,548.69,204.53,17.96,40.92,0.4067,-1,-1,-1
179,24,496.40,183.29,33.78,89.63,0.7313,-1,-1,-1
179,18,181.00,11.28,98.32,440.21,0.8658,-1,-1,-1
179,2,0.11,0.10,218.14,475.81,0.8362,-1,-1,-1
179,1,266.90,0.60,233.77,477.01,0.8600,-1,-1,-1
180,27,549.80,206.32,17.12,39.93,0.3472,-1,-1,-1
180,24,496.34,183.27,33.28,89.47,0.7046,-1,-1,-1
180,18,180.43,11.39,98.89,437.79,0.8561,-1,-1,-1
180,2,0.00,0.17,218.42,477.63,0.8414,-1,-1,-1
180,1,283.66,0.00,217.50,479.27,0.9032,-1,-1,-1
181,27,549.77,206.57,17.29,40.08,0.3748,-1,-1,-1
181,24,496.57,183.50,32.83,89.33,0.7028,-1,-1,-1
181,18,182.14,11.73,96.89,437.26,0.8607,-1,-1,-1
181,2,0.00,0.03,218.22,476.72,0.8204,-1,-1,-1
181,1,281.87,0.00,219.97,479.90,0.9067,-1,-1,-1
182,24,496.61,183.72,32.60,88.52,0.7113,-1,-1,-1
182,18,181.32,11.14,97.24,435.42,0.8436,-1,-1,-1
182,2,0.00,0.24,217.86,474.25,0.8315,-1,-1,-1
182,1,282.74,0.62,220.96,475.24,0.9032,-1,-1,-1
183,32,523.25,188.66,23.88,68.38,0.5403,-1,-1,-1
183,27,548.71,205.75,16.04,40.58,0.3513,-1,-1,-1
183,24,497.07,184.59,31.17,87.77,0.7194,-1,-1,-1
183,18,182.04,11.70,96.38,435.95,0.8515,-1,-1,-1
183,2,0.01,0.44,218.84,476.06,0.8448,-1,-1,-1
183,1,283.12,0.56,221.27,475.93,0.9035,-1,-1,-1
184,32,524.07,187.48,25.53,69.68,0.5914,-1,-1,-1
184,24,497.94,184.12,29.75,88.57,0.7047,-1,-1,-1
184,18,181.14,11.59,97.26,435.25,0.8484,-1,-1,-1
184,2,0.16,0.47,218.44,474.85,0.8220,-1,-1,-1
184,1,285.35,0.85,220.75,475.29,0.9052,-1,-1,-1
185,32,522.84,189.08,25.58,66.93,0.4276,-1,-1,-1
185,27,546.78,202.69,18.39,44.32,0.3313,-1,-1,-1
185,24,498.52,184.46,29.37,87.56,0.7022,-1,-1,-1
185,18,180.71,11.56,97.54,435.19,0.8490,-1,-1,-1
185,2,0.06,0.34,218.49,475.42,0.8310,-1,-1,-1
185,1,288.77,0.76,219.01,474.79,0.8970,-1,-1,-1
186,32,522.74,187.78,22.65,68.82,0.5188,-1,-1,-1
186,27,548.44,205.06,18.08,42.15,0.3169,-1,-1,-1
186,24,498.65,185.52,28.72,85.97,0.6988,-1,-1,-1
186,18,181.25,11.46,97.22,435.86,0.8527,-1,-1,-1
186,2,0.00,0.36,218.73,476.53,0.8592,-1,-1,-1
186,1,294.83,1.14,214.53,474.37,0.9137,-1,-1,-1
187,32,522.91,191.95,20.91,64.84,0.5343,-1,-1,-1
187,24,499.38,185.66,27.97,85.40,0.6709,-1,-1,-1
187,18,182.37,11.46,96.00,435.75,0.8493,-1,-1,-1
187,2,0.09,0.27,218.68,475.85,0.8708,-1,-1,-1
187,1,294.77,1.05,215.40,474.77,0.9097,-1,-1,-1
188,32,522.65,192.08,19.52,67.58,0.4162,-1,-1,-1
188,31,292.86,178.64,23.69,77.07,0.4594,-1,-1,-1
188,27,549.48,206.61,16.36,40.52,0.3246,-1,-1,-1
188,24,499.78,185.18,28.15,86.53,0.6811,-1,-1,-1
188,18,181.10,11.35,97.34,435.54,0.8516,-1,-1,-1
188,2,0.06,0.39,218.68,475.91,0.8590,-1,-1,-1
188,1,295.98,0.98,214.18,474.20,0.9125,-1,-1,-1
189,32,523.86,189.17,20.52,70.18,0.5307,-1,-1,-1
189,31,293.80,177.88,23.33,76.09,0.3294,-1,-1,-1
189,24,499.39,184.41,28.79,87.18,0.6822,-1,-1,-1
189,18,181.33,10.91,96.78,435.88,0.8536,-1,-1,-1
189,2,0.07,0.27,218.70,475.44,0.8382,-1,-1,-1
189,1,296.59,0.87,213.30,473.84,0.9133,-1,-1,-1
190,32,523.40,188.87,20.26,70.94,0.5016,-1,-1,-1
190,31,293.70,178.21,23.21,78.46,0.4623,-1,-1,-1
190,24,499.07,185.56,29.07,85.84,0.6715,-1,-1,-1
190,18,181.76,11.06,96.32,434.63,0.8424,-1,-1,-1
190,2,0.07,0.29,218.53,475.35,0.8497,-1,-1,-1
190,1,296.48,0.78,213.46,474.71,0.9129,-1,-1,-1
191,32,524.99,189.46,21.23,69.72,0.4345,-1,-1,-1
191,31,294.67,178.01,22.94,78.23,0.5040,-1,-1,-1
191,24,498.89,184.73,29.50,87.46,0.6867,-1,-1,-1
191,18,181.56,10.88,96.62,435.84,0.8470,-1,-1,-1
191,2,0.11,0.43,218.40,475.69,0.8553,-1,-1,-1
191,1,296.65,0.94,212.91,474.60,0.9146,-1,-1,-1
192,31,294.32,178.38,23.07,77.53,0.4824,-1,-1,-1
192,24,498.88,184.44,29.49,87.04,0.6718,-1,-1,-1
192,18,180.84,11.10,97.54,435.74,0.8524,-1,-1,-1
192,2,0.06,0.39,218.36,475.57,0.8473,-1,-1,-1
192,1,295.50,0.95,214.17,474.42,0.9103,-1,-1,-1
193,32,525.07,188.97,24.84,72.04,0.3451,-1,-1,-1
193,31,293.16,177.23,23.94,77.76,0.3574,-1,-1,-1
193,24,499.08,184.75,29.10,87.49,0.6923,-1,-1,-1
193,18,181.50,11.16,96.81,436.36,0.8512,-1,-1,-1
193,2,0.13,0.35,217.90,474.32,0.8332,-1,-1,-1
193,1,294.43,0.70,215.28,474.59,0.9085,-1,-1,-1
194,32,523.13,188.73,26.98,73.08,0.3123,-1,-1,-1
194,24,499.32,184.61,29.01,87.71,0.6948,-1,-1,-1
194,18,180.30,10.99,97.78,436.81,0.8552,-1,-1,-1
194,2,0.21,0.36,217.32,475.87,0.8344,-1,-1,-1
194,1,290.13,0.44,219.21,475.78,0.8971,-1,-1,-1
195,24,498.91,184.17,28.55,88.50,0.6762,-1,-1,-1
195,18,180.16,10.98,97.40,436.84,0.8557,-1,-1,-1
195,2,0.28,0.54,217.10,475.64,0.8490,-1,-1,-1
195,1,285.36,0.42,223.66,476.12,0.8812,-1,-1,-1
196,32,526.51,189.98,28.64,72.02,0.3367,-1,-1,-1
196,24,499.67,183.63,28.83,89.13,0.6644,-1,-1,-1
196,18,178.95,10.94,98.83,436.85,0.8554,-1,-1,-1
196,2,0.35,0.40,216.72,474.12,0.7969,-1,-1,-1
196,1,282.57,0.47,226.38,476.24,0.8901,-1,-1,-1
197,32,526.51,189.63,26.84,73.30,0.3978,-1,-1,-1
197,24,499.01,184.52,29.30,87.76,0.6449,-1,-1,-1
197,18,178.15,10.32,99.29,437.57,0.8518,-1,-1,-1
197,2,0.30,0.44,217.16,474.27,0.8443,-1,-1,-1
197,1,281.16,0.49,228.74,476.66,0.8978,-1,-1,-1
198,32,527.57,188.14,36.55,75.07,0.3537,-1,-1,-1
198,24,499.18,184.76,30.12,87.66,0.6916,-1,-1,-1
198,18,177.31,10.43,98.85,438.50,0.8591,-1,-1,-1
198,2,0.29,0.50,216.32,474.70,0.8636,-1,-1,-1
198,1,281.11,0.68,228.12,475.91,0.9114,-1,-1,-1
199,32,540.14,187.21,23.36,73.75,0.3565,-1,-1,-1
199,24,498.15,184.66,30.77,86.41,0.6870,-1,-1,-1
199,18,175.91,11.41,98.58,437.70,0.8502,-1,-1,-1
199,2,0.12,1.56,216.73,473.37,0.8071,-1,-1,-1
199,1,279.39,0.67,229.72,476.63,0.9095,-1,-1,-1
200,32,529.27,185.71,35.94,74.35,0.4084,-1,-1,-1
200,24,498.19,185.21,30.77,87.30,0.7192,-1,-1,-1
200,18,174.56,11.99,96.52,437.68,0.8486,-1,-1,-1
200,2,0.07,5.32,216.30,469.01,0.7858,-1,-1,-1
200,1,277.00,0.75,231.66,475.67,0.9051,-1,-1,-1
201,24,497.58,185.19,30.14,87.47,0.7009,-1,-1,-1
201,18,169.55,12.91,99.15,438.71,0.8345,-1,-1,-1
201,2,0.13,3.17,216.42,471.04,0.7744,-1,-1,-1
201,1,274.17,0.00,233.53,480.00,0.9075,-1,-1,-1
202,36,524.82,189.14,26.84,75.68,0.3477,-1,-1,-1
202,31,291.76,178.62,19.84,43.46,0.3219,-1,-1,-1
202,24,497.31,185.33,29.85,87.24,0.6886,-1,-1,-1
202,18,164.06,15.33,100.61,435.67,0.8105,-1,-1,-1
202,2,0.10,7.22,216.80,468.81,0.7264,-1,-1,-1
202,1,273.48,0.00,233.38,480.00,0.9086,-1,-1,-1
203,36,524.10,188.04,27.98,77.02,0.5199,-1,-1,-1
203,24,496.91,184.76,29.76,88.20,0.7034,-1,-1,-1
203,18,155.46,16.90,106.55,432.36,0.7761,-1,-1,-1
203,2,0.43,14.27,215.16,462.02,0.6434,-1,-1,-1
203,1,273.36,0.00,232.77,478.58,0.8959,-1,-1,-1
204,36,519.68,189.46,31.57,76.78,0.5688,-1,-1,-1
204,24,495.18,186.33,29.60,86.98,0.7615,-1,-1,-1
204,18,155.88,18.91,101.98,419.89,0.8096,-1,-1,-1
204,2,0.23,1.44,214.43,470.13,0.6956,-1,-1,-1
204,1,273.16,0.81,232.41,474.40,0.8902,-1,-1,-1
205,36,521.86,187.78,30.24,78.62,0.5857,-1,-1,-1
205,27,546.58,207.68,15.30,42.55,0.3064,-1,-1,-1
205,24,496.22,186.50,28.62,85.97,0.7397,-1,-1,-1
205,18,154.16,20.90,97.61,412.69,0.8104,-1,-1,-1
205,2,0.15,0.97,214.18,470.07,0.6692,-1,-1,-1
205,1,272.15,1.01,234.57,473.69,0.8818,-1,-1,-1
206,36,523.68,186.71,29.65,78.24,0.4716,-1,-1,-1
206,27,548.92,204.33,13.42,45.94,0.3126,-1,-1,-1
206,24,495.21,186.48,29.38,85.44,0.7052,-1,-1,-1
206,18,153.42,23.29,95.34,406.62,0.7804,-1,-1,-1
206,2,0.10,1.91,212.20,471.31,0.6218,-1,-1,-1
206,1,269.52,0.74,236.98,474.00,0.8895,-1,-1,-1
207,36,519.46,185.50,31.44,80.06,0.5181,-1,-1,-1
207,27,548.09,202.04,14.00,48.52,0.3133,-1,-1,-1
207,24,495.27,185.96,28.64,86.26,0.7400,-1,-1,-1
207,18,156.28,25.01,92.12,396.10,0.7157,-1,-1,-1
207,2,0.18,2.14,211.48,469.58,0.5668,-1,-1,-1
207,1,267.72,0.51,238.47,476.03,0.8838,-1,-1,-1
208,36,519.52,187.10,34.96,78.18,0.4416,-1,-1,-1
208,24,493.67,186.65,29.86,87.15,0.7037,-1,-1,-1
208,18,166.68,30.07,85.07,374.35,0.7922,-1,-1,-1
208,2,0.17,0.30,210.96,474.08,0.7749,-1,-1,-1
208,1,263.39,0.59,243.60,475.07,0.8870,-1,-1,-1
209,36,521.21,185.82,33.89,81.94,0.4611,-1,-1,-1
209,24,494.49,185.95,29.06,86.77,0.7297,-1,-1,-1
209,18,169.96,33.66,81.07,365.34,0.7932,-1,-1,-1
209,2,0.00,0.34,209.15,474.42,0.7683,-1,-1,-1
209,1,261.21,0.83,246.09,475.40,0.8913,-1,-1,-1
210,36,519.85,186.45,24.41,80.65,0.4352,-1,-1,-1
210,24,492.52,185.59,30.56,88.31,0.7282,-1,-1,-1
210,18,173.09,44.92,79.66,352.96,0.8381,-1,-1,-1
210,2,0.24,1.03,204.15,474.49,0.8731,-1,-1,-1
210,1,256.55,0.76,248.77,476.52,0.8625,-1,-1,-1
211,36,524.68,184.99,24.84,80.49,0.4125,-1,-1,-1
211,24,491.65,183.53,31.57,89.75,0.7399,-1,-1,-1
211,18,171.83,48.13,84.59,349.31,0.8474,-1,-1,-1
211,2,0.17,1.42,201.06,475.69,0.8797,-1,-1,-1
211,1,267.96,1.22,237.04,476.54,0.8116,-1,-1,-1
212,36,524.89,187.07,34.01,78.68,0.3883,-1,-1,-1
212,24,491.15,185.97,30.03,89.50,0.7198,-1,-1,-1
212,18,169.79,54.39,93.42,345.29,0.8593,-1,-1,-1
212,2,0.40,0.75,197.28,472.24,0.8260,-1,-1,-1
212,1,264.35,1.09,240.39,476.47,0.8358,-1,-1,-1
213,36,520.77,186.01,24.29,80.23,0.4462,-1,-1,-1
213,24,490.16,184.72,29.26,89.39,0.6655,-1,-1,-1
213,18,167.57,53.62,103.74,344.84,0.8615,-1,-1,-1
213,2,0.47,2.46,188.25,473.75,0.7969,-1,-1,-1
213,1,252.19,1.24,250.91,477.04,0.8698,-1,-1,-1
214,36,517.73,185.26,26.66,83.25,0.5575,-1,-1,-1
214,24,489.70,184.72,28.57,90.02,0.7142,-1,-1,-1
214,18,154.72,56.13,121.85,354.11,0.8709,-1,-1,-1
214,2,0.37,0.58,183.46,477.29,0.8093,-1,-1,-1
214,1,254.55,0.78,245.16,476.72,0.8787,-1,-1,-1
215,36,516.16,184.51,26.49,83.61,0.5475,-1,-1,-1
215,27,539.13,198.53,20.21,54.35,0.4530,-1,-1,-1
215,24,485.35,185.05,33.07,89.39,0.7066,-1,-1,-1
215,18,161.60,56.36,117.86,345.46,0.8818,-1,-1,-1
215,2,0.54,0.19,182.71,476.35,0.7635,-1,-1,-1
215,1,256.25,0.64,241.34,475.24,0.8980,-1,-1,-1
216,36,520.95,187.15,19.78,79.79,0.4105,-1,-1,-1
216,27,536.89,197.71,20.78,53.21,0.4401,-1,-1,-1
216,24,488.00,184.36,28.19,90.06,0.7331,-1,-1,-1
216,18,168.01,59.12,114.37,341.09,0.8861,-1,-1,-1
216,2,0.52,0.34,179.18,474.07,0.7170,-1,-1,-1
216,1,255.95,0.28,239.11,476.27,0.8769,-1,-1,-1
217,36,522.59,185.00,19.06,79.82,0.5044,-1,-1,-1
217,27,538.27,196.32,19.25,54.54,0.4274,-1,-1,-1
217,24,485.49,182.36,31.58,91.77,0.7296,-1,-1,-1
217,18,170.47,61.78,115.00,339.38,0.8841,-1,-1,-1
217,2,0.56,0.23,179.05,477.26,0.8019,-1,-1,-1
217,1,289.36,1.17,204.95,478.83,0.8183,-1,-1,-1
218,36,521.77,190.98,18.57,75.58,0.3868,-1,-1,-1
218,24,482.23,181.69,31.34,95.03,0.7211,-1,-1,-1
218,18,173.72,69.06,113.98,331.45,0.8689,-1,-1,-1
218,2,0.55,0.38,181.14,478.34,0.7899,-1,-1,-1
218,1,264.01,1.05,226.02,478.95,0.7992,-1,-1,-1
219,36,506.36,184.68,30.45,83.55,0.4143,-1,-1,-1
219,27,535.06,198.35,21.71,53.94,0.3232,-1,-1,-1
219,24,481.35,180.45,30.87,94.29,0.7536,-1,-1,-1
219,18,181.16,74.76,110.23,325.72,0.8704,-1,-1,-1
219,2,0.44,0.37,182.86,476.05,0.8149,-1,-1,-1
219,1,294.37,0.11,193.39,479.70,0.8278,-1,-1,-1
220,36,509.85,184.26,27.40,84.77,0.5779,-1,-1,-1
220,27,537.79,199.01,21.58,52.15,0.3207,-1,-1,-1
220,24,480.03,180.24,31.16,95.99,0.7703,-1,-1,-1
220,18,186.38,80.19,105.38,316.97,0.8613,-1,-1,-1
220,2,0.27,0.29,186.86,476.19,0.8100,-1,-1,-1
220,1,292.92,9.82,191.24,468.47,0.7506,-1,-1,-1
221,36,506.75,184.30,29.44,84.58,0.6154,-1,-1,-1
221,27,537.78,200.07,21.18,52.08,0.3591,-1,-1,-1
221,24,483.83,181.74,25.65,93.56,0.7415,-1,-1,-1
221,18,189.48,87.92,104.32,301.21,0.8712,-1,-1,-1
221,2,0.10,0.98,193.17,475.60,0.7582,-1,-1,-1
221,1,268.13,22.38,218.50,456.93,0.8681,-1,-1,-1
222,36,506.69,182.39,30.43,86.59,0.6742,-1,-1,-1
222,27,538.50,204.07,21.03,49.37,0.4667,-1,-1,-1
222,24,486.75,182.99,24.00,91.57,0.6507,-1,-1,-1
222,18,196.76,90.57,102.24,290.10,0.8689,-1,-1,-1
222,2,0.12,2.42,199.07,477.58,0.5468,-1,-1,-1
222,1,282.46,28.43,209.60,450.89,0.9131,-1,-1,-1
223,36,506.61,183.74,29.16,88.15,0.4503,-1,-1,-1
223,27,537.77,203.85,22.16,49.77,0.5084,-1,-1,-1
223,24,488.83,182.56,21.75,97.69,0.4528,-1,-1,-1
223,18,203.11,92.75,96.53,273.24,0.8622,-1,-1,-1
223,2,0.06,0.70,211.93,472.06,0.7689,-1,-1,-1
223,1,290.18,32.72,206.03,447.28,0.8906,-1,-1,-1
224,36,508.96,185.74,25.22,86.53,0.3170,-1,-1,-1
224,27,538.05,202.93,22.06,50.89,0.5162,-1,-1,-1
224,24,488.76,182.59,23.49,95.53,0.5215,-1,-1,-1
224,18,208.23,95.03,92.81,271.20,0.8636,-1,-1,-1
224,2,0.00,0.92,216.08,474.96,0.6623,-1,-1,-1
224,1,291.57,35.19,205.32,444.81,0.9124,-1,-1,-1
225,38,561.15,204.53,15.75,39.09,0.3296,-1,-1,-1
225,27,538.62,201.00,22.50,53.35,0.5126,-1,-1,-1
225,24,486.00,184.25,28.88,94.54,0.6247,-1,-1,-1
225,18,214.05,101.82,89.22,266.21,0.8741,-1,-1,-1
225,2,0.00,0.00,220.20,478.10,0.8390,-1,-1,-1
225,1,292.68,38.84,202.25,440.06,0.9178,-1,-1,-1
226,36,510.96,189.70,21.29,82.54,0.4372,-1,-1,-1
226,27,539.19,202.01,23.26,53.54,0.5079,-1,-1,-1
226,24,484.31,180.15,30.27,98.51,0.6673,-1,-1,-1
226,18,219.82,107.77,85.64,260.60,0.8760,-1,-1,-1
226,2,0.00,2.22,227.05,473.79,0.8229,-1,-1,-1
226,1,295.27,43.38,193.17,436.62,0.9127,-1,-1,-1
227,36,510.30,188.50,21.47,83.95,0.4046,-1,-1,-1
227,27,540.09,201.04,21.94,54.01,0.5443,-1,-1,-1
227,24,481.07,180.29,33.22,100.34,0.7181,-1,-1,-1
227,18,222.02,111.16,87.21,249.63,0.8698,-1,-1,-1
227,2,0.13,1.15,227.09,475.66,0.8140,-1,-1,-1
227,1,299.20,49.69,182.94,430.31,0.9025,-1,-1,-1
228,38,563.11,195.23,15.99,49.80,0.3400,-1,-1,-1
228,36,510.69,185.28,21.93,87.05,0.3763,-1,-1,-1
228,27,542.25,201.72,21.28,55.00,0.5636,-1,-1,-1
228,24,481.86,180.40,34.12,102.83,0.7392,-1,-1,-1
228,18,231.01,111.21,84.07,245.88,0.8427,-1,-1,-1
228,2,0.09,1.35,231.35,475.82,0.9134,-1,-1,-1
228,1,302.77,55.03,172.53,423.96,0.9124,-1,-1,-1
229,38,564.73,202.67,17.50,44.51,0.3102,-1,-1,-1
229,27,543.12,199.78,23.75,58.32,0.5930,-1,-1,-1
229,24,484.75,183.84,31.71,100.96,0.6979,-1,-1,-1
229,18,236.81,109.73,86.18,231.55,0.8608,-1,-1,-1
229,2,0.81,1.51,225.48,475.94,0.9023,-1,-1,-1
229,1,306.42,61.61,158.02,418.39,0.9038,-1,-1,-1
230,39,454.11,169.04,33.40,123.17,0.6904,-1,-1,-1
230,27,545.68,199.48,21.22,59.11,0.6463,-1,-1,-1
230,24,485.95,182.97,32.06,102.90,0.6965,-1,-1,-1
230,18,239.36,110.20,84.67,229.97,0.8485,-1,-1,-1
230,2,0.14,1.42,223.27,477.77,0.8907,-1,-1,-1
230,1,309.13,66.14,151.39,413.21,0.8855,-1,-1,-1
231,39,453.14,165.28,38.56,126.48,0.7732,-1,-1,-1
231,36,515.39,184.57,22.73,88.95,0.4097,-1,-1,-1
231,27,552.04,199.51,22.32,59.03,0.6639,-1,-1,-1
231,24,489.28,183.53,29.31,103.00,0.7233,-1,-1,-1
231,18,244.97,110.40,83.43,229.55,0.8647,-1,-1,-1
231,2,0.24,4.95,222.38,470.27,0.7197,-1,-1,-1
231,1,308.34,66.13,148.31,413.87,0.8867,-1,-1,-1
232,41,575.06,156.52,64.84,201.62,0.6587,-1,-1,-1
232,39,456.23,162.70,42.02,130.49,0.7572,-1,-1,-1
232,36,514.66,184.01,25.05,92.78,0.5439,-1,-1,-1
232,27,552.92,199.62,26.76,60.48,0.5285,-1,-1,-1
232,24,494.26,183.13,24.99,101.44,0.6568,-1,-1,-1
232,18,251.81,113.69,81.08,227.95,0.8518,-1,-1,-1
232,2,0.53,5.68,221.60,472.96,0.8020,-1,-1,-1
232,1,325.29,65.41,135.46,413.53,0.8692,-1,-1,-1
233,41,576.65,164.32,63.28,190.48,0.3403,-1,-1,-1
233,39,467.04,160.12,38.07,133.33,0.6891,-1,-1,-1
233,36,522.10,184.87,20.34,92.36,0.5434,-1,-1,-1
233,27,557.65,198.81,25.36,61.40,0.6122,-1,-1,-1
233,24,503.06,178.72,19.72,98.13,0.3932,-1,-1,-1
233,18,258.22,119.07,79.02,223.27,0.8271,-1,-1,-1
233,2,0.25,2.49,221.35,470.52,0.5826,-1,-1,-1
233,1,332.61,64.24,131.67,415.40,0.8697,-1,-1,-1
234,41,585.96,167.53,53.93,216.44,0.4543,-1,-1,-1
234,39,477.32,160.48,37.21,132.05,0.5221,-1,-1,-1
234,38,566.57,202.98,21.08,57.41,0.5036,-1,-1,-1
234,36,519.75,184.52,26.21,92.70,0.4937,-1,-1,-1
234,18,265.98,121.56,75.72,216.87,0.8079,-1,-1,-1
234,2,0.48,1.57,223.06,470.65,0.6602,-1,-1,-1
234,1,322.57,70.27,164.62,409.73,0.8999,-1,-1,-1
235,39,484.55,158.98,36.71,129.49,0.3941,-1,-1,-1
235,36,526.89,187.08,23.18,92.82,0.4080,-1,-1,-1
235,27,570.04,198.28,28.09,63.60,0.4997,-1,-1,-1
235,18,270.37,121.67,77.36,213.18,0.8104,-1,-1,-1
235,2,6.09,0.79,219.99,477.75,0.8441,-1,-1,-1
235,1,334.50,74.75,168.30,405.17,0.8958,-1,-1,-1
236,42,0.05,115.13,44.45,181.62,0.5007,-1,-1,-1
236,41,609.59,168.16,30.28,273.09,0.5688,-1,-1,-1
236,39,505.86,173.86,28.46,114.04,0.3176,-1,-1,-1
236,36,530.31,192.05,26.15,85.57,0.4801,-1,-1,-1
236,27,574.95,190.70,29.27,70.13,0.5557,-1,-1,-1
236,18,278.75,117.49,73.57,206.00,0.7913,-1,-1,-1
236,2,6.99,0.82,224.01,477.18,0.8866,-1,-1,-1
236,1,343.23,79.37,169.46,400.63,0.8977,-1,-1,-1
237,42,0.52,119.94,57.22,153.35,0.5861,-1,-1,-1
237,41,610.33,202.55,29.53,276.42,0.6431,-1,-1,-1
237,39,490.99,163.02,44.87,156.91,0.3038,-1,-1,-1
237,36,541.66,182.76,18.90,96.55,0.4479,-1,-1,-1
237,27,584.67,192.61,27.45,69.30,0.5674,-1,-1,-1
237,18,286.73,118.89,74.57,204.36,0.8393,-1,-1,-1
237,2,8.13,7.15,232.37,471.97,0.8754,-1,-1,-1
237,1,361.94,88.23,164.66,391.33,0.9057,-1,-1,-1
238,43,241.89,170.45,30.03,102.72,0.5704,-1,-1,-1
238,42,0.19,116.73,66.83,156.47,0.4621,-1,-1,-1
238,41,609.25,205.83,30.64,273.99,0.5989,-1,-1,-1
238,36,545.57,185.31,20.54,97.55,0.3530,-1,-1,-1
238,27,589.25,195.34,29.47,67.99,0.5376,-1,-1,-1
238,18,290.05,120.11,77.08,202.94,0.8213,-1,-1,-1
238,2,9.87,7.21,235.95,472.79,0.8706,-1,-1,-1
238,1,373.61,85.62,162.76,394.38,0.9026,-1,-1,-1
239,44,364.96,175.66,23.45,86.77,0.5247,-1,-1,-1
239,43,248.04,163.24,32.87,115.50,0.5148,-1,-1,-1
239,42,0.00,115.51,81.17,348.47,0.4070,-1,-1,-1
239,41,597.50,216.05,42.34,263.83,0.3966,-1,-1,-1
239,27,595.06,200.27,29.57,63.14,0.3602,-1,-1,-1
239,18,305.72,124.68,65.01,198.80,0.7860,-1,-1,-1
239,2,3.04,14.14,249.23,465.48,0.8336,-1,-1,-1
239,1,391.54,88.32,156.17,391.20,0.8984,-1,-1,-1
240,45,0.00,166.26,45.30,96.87,0.5310,-1,-1,-1
240,44,366.05,180.74,24.72,79.69,0.4233,-1,-1,-1
240,43,252.64,158.71,38.14,116.24,0.7078,-1,-1,-1
240,27,596.56,189.49,31.52,72.53,0.5216,-1,-1,-1
240,18,304.69,124.92,69.41,194.31,0.7562,-1,-1,-1
240,2,18.89,15.13,243.31,463.52,0.7604,-1,-1,-1
240,1,398.26,85.23,160.30,373.10,0.8860,-1,-1,-1
241,44,366.19,180.76,24.10,79.82,0.3869,-1,-1,-1
241,42,0.25,110.76,105.12,327.15,0.3260,-1,-1,-1
241,27,598.02,198.65,30.65,56.63,0.3112,-1,-1,-1
241,18,308.78,123.35,76.80,194.30,0.7989,-1,-1,-1
241,2,0.00,14.71,265.82,460.70,0.7140,-1,-1,-1
241,1,410.56,83.12,154.29,376.23,0.8928,-1,-1,-1
242,46,392.53,180.85,25.26,80.30,0.5069,-1,-1,-1
242,42,3.37,114.75,104.97,324.82,0.4655,-1,-1,-1
242,41,591.26,166.92,48.56,312.29,0.7152,-1,-1,-1
242,18,290.03,121.97,94.52,192.77,0.8223,-1,-1,-1
242,2,47.82,9.20,225.46,470.80,0.8343,-1,-1,-1
242,1,414.02,86.86,149.10,377.90,0.8768,-1,-1,-1
243,46,391.18,180.89,26.73,81.04,0.5726,-1,-1,-1
243,45,17.94,165.86,45.95,86.28,0.6019,-1,-1,-1
243,42,9.55,115.51,101.62,326.06,0.3919,-1,-1,-1
243,41,575.85,19.37,64.01,460.63,0.7334,-1,-1,-1
243,39,531.02,139.29,37.30,177.90,0.3250,-1,-1,-1
243,18,304.17,121.72,78.25,189.37,0.8473,-1,-1,-1
243,2,51.71,6.85,224.96,471.06,0.8379,-1,-1,-1
243,1,415.01,88.78,146.23,381.00,0.8920,-1,-1,-1
244,46,393.75,178.84,25.17,83.35,0.5860,-1,-1,-1
244,45,10.15,168.57,57.31,85.91,0.7447,-1,-1,-1
244,41,543.15,2.22,96.63,477.78,0.8333,-1,-1,-1
244,39,536.88,135.13,34.79,84.63,0.3439,-1,-1,-1
244,18,316.53,120.40,66.04,189.71,0.7012,-1,-1,-1
244,2,76.34,6.89,205.70,468.77,0.7839,-1,-1,-1
244,1,424.30,90.36,141.44,378.74,0.8873,-1,-1,-1
245,48,413.45,172.72,31.06,106.68,0.4904,-1,-1,-1
245,46,391.62,179.56,25.58,82.40,0.6203,-1,-1,-1
245,41,530.94,0.00,108.94,478.60,0.7262,-1,-1,-1
245,18,310.87,121.15,72.12,192.89,0.7878,-1,-1,-1
245,2,69.56,9.69,214.38,449.50,0.8553,-1,-1,-1
245,1,428.75,87.37,133.80,385.18,0.8594,-1,-1,-1
246,48,411.44,169.24,39.22,109.45,0.7346,-1,-1,-1
246,46,387.89,174.87,28.17,86.97,0.5735,-1,-1,-1
246,45,0.22,162.61,34.65,90.89,0.7545,-1,-1,-1
246,41,533.56,0.00,106.32,479.02,0.7503,-1,-1,-1
246,18,306.09,121.03,75.71,190.41,0.8127,-1,-1,-1
246,2,74.23,9.01,212.91,468.24,0.9022,-1,-1,-1
246,1,434.06,86.27,119.02,381.86,0.8572,-1,-1,-1
247,49,28.41,195.34,18.77,38.50,0.5784,-1,-1,-1
247,48,408.75,171.63,32.84,106.75,0.7496,-1,-1,-1
247,46,386.33,176.34,25.91,84.65,0.6345,-1,-1,-1
247,45,0.35,165.79,15.96,87.93,0.6919,-1,-1,-1
247,41,504.09,0.80,135.41,477.31,0.8081,-1,-1,-1
247,18,307.05,122.25,72.15,190.04,0.8133,-1,-1,-1
247,2,80.59,9.97,206.90,466.33,0.9034,-1,-1,-1
247,1,436.81,85.18,116.66,364.15,0.8353,-1,-1,-1
248,50,285.42,168.75,28.10,93.46,0.5171,-1,-1,-1
248,49,27.18,194.71,18.77,38.93,0.6141,-1,-1,-1
248,48,407.51,170.31,34.71,110.02,0.7694,-1,-1,-1
248,46,383.84,174.47,28.39,87.23,0.6753,-1,-1,-1
248,41,524.97,0.98,114.87,479.02,0.8617,-1,-1,-1
248,18,306.40,122.67,73.32,190.08,0.8410,-1,-1,-1
248,2,87.56,8.74,201.93,469.66,0.8322,-1,-1,-1
248,1,436.23,87.81,130.12,353.17,0.8476,-1,-1,-1
249,50,290.34,169.59,24.36,92.33,0.6561,-1,-1,-1
249,49,29.19,195.41,17.11,38.11,0.5670,-1,-1,-1
249,48,410.46,170.10,34.94,110.91,0.7719,-1,-1,-1
249,46,386.05,173.95,29.48,88.02,0.6865,-1,-1,-1
249,43,311.68,121.75,72.89,186.70,0.8361,-1,-1,-1
249,41,497.71,0.74,141.91,477.07,0.8527,-1,-1,-1
249,2,97.72,7.09,197.30,471.65,0.8886,-1,-1,-1
249,1,446.28,86.49,122.93,360.17,0.7632,-1,-1,-1
250,50,297.54,172.87,21.55,91.64,0.5938,-1,-1,-1
250,49,32.93,197.05,18.40,39.57,0.5372,-1,-1,-1
250,48,414.20,171.91,35.24,113.31,0.7797,-1,-1,-1
250,46,390.21,175.02,30.28,91.06,0.6794,-1,-1,-1
250,43,318.83,123.09,71.51,181.99,0.8530,-1,-1,-1
250,41,502.76,0.63,137.07,479.37,0.8213,-1,-1,-1
250,2,109.98,7.92,193.75,470.43,0.9174,-1,-1,-1
250,1,459.87,87.55,122.81,366.24,0.6550,-1,-1,-1
251,52,78.35,177.36,41.42,89.75,0.5205,-1,-1,-1
251,49,35.05,197.01,17.10,40.61,0.5068,-1,-1,-1
251,48,414.90,170.52,36.98,116.28,0.7773,-1,-1,-1
251,46,394.74,175.11,27.06,91.35,0.6136,-1,-1,-1
251,43,324.51,123.91,67.33,182.28,0.8605,-1,-1,-1
251,41,511.29,0.26,128.54,479.69,0.8438,-1,-1,-1
251,2,120.58,10.15,189.08,469.85,0.9129,-1,-1,-1
252,52,66.50,179.67,50.94,90.39,0.6011,-1,-1,-1
252,49,37.08,199.30,16.25,40.56,0.4358,-1,-1,-1
252,48,416.44,174.52,35.93,116.95,0.7351,-1,-1,-1
252,46,397.37,177.32,27.16,92.25,0.5381,-1,-1,-1
252,43,327.88,128.66,65.94,181.57,0.8593,-1,-1,-1
252,41,519.08,3.26,120.64,470.72,0.8710,-1,-1,-1
252,2,126.86,17.09,189.77,462.91,0.8902,-1,-1,-1
253,54,460.98,142.35,57.69,179.03,0.7375,-1,-1,-1
253,52,65.78,180.13,49.93,93.82,0.7019,-1,-1,-1
253,49,42.91,202.34,14.84,39.12,0.4383,-1,-1,-1
253,48,420.55,174.23,36.98,120.32,0.6898,-1,-1,-1
253,46,401.08,174.01,27.36,95.46,0.5322,-1,-1,-1
253,43,333.69,130.62,68.27,182.55,0.8571,-1,-1,-1
253,41,523.30,5.41,116.53,466.94,0.8819,-1,-1,-1
253,24,501.36,145.67,49.33,162.33,0.3232,-1,-1,-1
253,2,137.72,28.19,186.01,451.69,0.8997,-1,-1,-1
254,54,459.93,141.40,56.71,181.82,0.7379,-1,-1,-1
254,52,67.98,179.93,44.74,93.14,0.6661,-1,-1,-1
254,49,44.37,203.03,14.73,39.16,0.3574,-1,-1,-1
254,48,421.62,171.38,37.94,123.55,0.6797,-1,-1,-1
254,46,405.02,175.61,25.99,95.12,0.4116,-1,-1,-1
254,43,338.89,133.77,63.29,179.90,0.8495,-1,-1,-1
254,41,529.04,4.03,110.51,473.24,0.8784,-1,-1,-1
254,2,147.44,28.73,182.30,450.71,0.8914,-1,-1,-1
255,56,111.35,143.07,55.35,160.50,0.7456,-1,-1,-1
255,54,440.47,142.26,74.30,187.26,0.8488,-1,-1,-1
255,52,59.28,180.54,40.39,97.33,0.6407,-1,-1,-1
255,48,418.79,171.91,37.93,126.17,0.6412,-1,-1,-1
255,43,342.41,137.18,60.14,178.67,0.8388,-1,-1,-1
255,41,527.85,3.99,111.64,475.21,0.8989,-1,-1,-1
255,24,504.20,146.29,39.57,151.81,0.3814,-1,-1,-1
255,2,129.10,37.81,211.79,442.07,0.8651,-1,-1,-1
256,56,81.43,134.49,73.20,169.12,0.6306,-1,-1,-1
256,54,427.44,141.49,86.10,190.57,0.8101,-1,-1,-1
256,52,37.97,178.06,48.05,100.72,0.6235,-1,-1,-1
256,48,415.70,168.10,36.28,130.49,0.5575,-1,-1,-1
256,43,344.42,134.22,58.52,177.18,0.7650,-1,-1,-1
256,41,525.63,0.76,114.10,477.29,0.9070,-1,-1,-1
256,24,495.41,168.36,46.28,134.34,0.5907,-1,-1,-1
256,2,166.54,35.42,186.31,443.78,0.8960,-1,-1,-1
257,56,58.08,131.54,84.87,176.52,0.7949,-1,-1,-1
257,54,426.96,139.07,84.25,196.22,0.8734,-1,-1,-1
257,52,14.76,178.96,64.87,101.51,0.6383,-1,-1,-1
257,43,345.71,132.75,52.41,176.27,0.7822,-1,-1,-1
257,41,524.23,0.35,115.45,478.76,0.9039,-1,-1,-1
257,24,489.26,167.59,51.71,143.55,0.6816,-1,-1,-1
257,2,168.60,35.84,185.81,442.20,0.8838,-1,-1,-1
258,56,32.85,132.32,99.09,180.09,0.8588,-1,-1,-1
258,54,412.40,132.00,78.58,207.70,0.8203,-1,-1,-1
258,52,0.72,183.41,52.17,95.81,0.3846,-1,-1,-1
258,43,343.09,133.21,55.87,179.68,0.7986,-1,-1,-1
258,41,483.43,0.60,156.44,479.40,0.8380,-1,-1,-1
258,24,483.57,163.96,53.51,149.12,0.6872,-1,-1,-1
258,2,151.72,27.47,202.99,449.84,0.8614,-1,-1,-1
259,56,11.44,129.12,111.37,184.90,0.8813,-1,-1,-1
259,54,397.90,128.36,72.94,213.25,0.8711,-1,-1,-1
259,52,0.56,176.08,43.47,99.06,0.4515,-1,-1,-1
259,43,344.52,136.49,50.99,177.09,0.7995,-1,-1,-1
259,41,472.70,0.00,167.17,480.00,0.8552,-1,-1,-1
259,24,480.36,163.22,58.63,149.86,0.6149,-1,-1,-1
259,2,150.72,28.48,200.53,449.97,0.8740,-1,-1,-1
260,56,0.00,127.25,104.65,192.60,0.8998,-1,-1,-1
260,54,391.23,127.50,72.16,224.96,0.7485,-1,-1,-1
260,43,335.99,141.20,53.44,173.77,0.7811,-1,-1,-1
260,41,498.58,1.22,141.15,478.78,0.8915,-1,-1,-1
260,24,473.14,141.70,58.19,177.82,0.6941,-1,-1,-1
260,2,143.40,27.45,197.75,452.55,0.9072,-1,-1,-1
261,56,0.15,124.19,78.98,195.54,0.8625,-1,-1,-1
261,54,359.98,129.40,99.73,232.70,0.8355,-1,-1,-1
261,43,323.74,145.81,58.07,171.76,0.8076,-1,-1,-1
261,41,488.77,1.42,151.06,477.68,0.9112,-1,-1,-1
261,24,466.61,146.64,46.65,178.65,0.6196,-1,-1,-1
261,2,134.08,26.71,193.26,453.29,0.8996,-1,-1,-1
262,54,332.48,128.38,111.79,240.57,0.8338,-1,-1,-1
262,52,0.05,157.61,40.39,162.69,0.3286,-1,-1,-1
262,43,317.47,146.56,56.35,168.78,0.6461,-1,-1,-1
262,41,459.24,1.80,180.52,475.67,0.8911,-1,-1,-1
262,2,117.79,21.89,195.32,457.54,0.8416,-1,-1,-1
263,54,320.72,120.98,102.37,257.71,0.8725,-1,-1,-1
263,44,388.23,165.33,57.97,151.07,0.3995,-1,-1,-1
263,41,442.95,0.84,196.80,477.63,0.9250,-1,-1,-1
263,2,108.96,11.75,196.10,468.25,0.8953,-1,-1,-1
264,54,318.18,117.17,106.54,264.02,0.8487,-1,-1,-1
264,41,437.74,0.56,201.99,478.99,0.9049,-1,-1,-1
264,2,103.15,10.58,194.32,468.11,0.8477,-1,-1,-1
265,54,287.81,107.71,78.36,279.98,0.7723,-1,-1,-1
265,41,431.30,0.84,208.34,476.68,0.9104,-1,-1,-1
265,18,374.52,160.69,47.22,156.49,0.8163,-1,-1,-1
265,2,72.91,8.06,219.43,471.57,0.8510,-1,-1,-1
266,54,284.17,99.29,63.74,287.53,0.7699,-1,-1,-1
266,43,336.29,147.38,41.73,157.40,0.7445,-1,-1,-1
266,41,424.84,0.77,214.85,476.10,0.8700,-1,-1,-1
266,18,370.66,156.04,46.84,159.78,0.7843,-1,-1,-1
266,2,80.37,9.32,212.13,470.20,0.8524,-1,-1,-1
267,54,256.52,88.72,82.83,293.50,0.7857,-1,-1,-1
267,43,315.26,140.40,51.16,158.33,0.8248,-1,-1,-1
267,41,422.74,0.89,217.12,476.40,0.9143,-1,-1,-1
267,18,359.97,146.92,63.13,165.32,0.7855,-1,-1,-1
267,2,57.84,6.79,229.18,471.65,0.8257,-1,-1,-1
268,57,285.54,159.88,29.89,101.66,0.3469,-1,-1,-1
268,54,242.45,77.40,90.83,300.98,0.5004,-1,-1,-1
268,43,308.80,134.00,54.45,161.48,0.8496,-1,-1,-1
268,41,423.29,0.60,216.47,476.13,0.9181,-1,-1,-1
268,18,355.61,141.17,66.33,166.41,0.7797,-1,-1,-1
268,2,36.42,0.91,246.74,479.09,0.7728,-1,-1,-1
269,57,275.97,145.45,34.70,130.47,0.3931,-1,-1,-1
269,43,308.06,130.08,53.17,158.68,0.7997,-1,-1,-1
269,41,419.36,0.91,220.64,474.10,0.9118,-1,-1,-1
269,18,347.26,135.54,60.23,171.13,0.7766,-1,-1,-1
269,2,32.71,0.00,262.86,480.00,0.8080,-1,-1,-1
269,1,592.29,146.55,47.57,287.10,0.4694,-1,-1,-1
270,43,311.00,110.67,40.83,160.23,0.7389,-1,-1,-1
270,41,405.01,0.73,234.99,476.46,0.9088,-1,-1,-1
270,18,337.52,114.74,56.96,176.85,0.7992,-1,-1,-1
270,2,37.09,0.64,255.31,479.15,0.8814,-1,-1,-1
270,1,589.61,179.38,50.29,228.12,0.6833,-1,-1,-1
271,50,298.57,110.83,23.63,122.66,0.3442,-1,-1,-1
271,43,315.71,83.79,34.61,162.12,0.5845,-1,-1,-1
271,41,400.30,0.65,239.64,479.35,0.9133,-1,-1,-1
271,18,328.21,86.36,60.02,182.08,0.7888,-1,-1,-1
271,2,31.87,0.48,258.90,474.88,0.8834,-1,-1,-1
271,1,591.67,93.84,48.25,274.11,0.5438,-1,-1,-1
272,57,271.00,67.60,39.21,138.28,0.4073,-1,-1,-1
272,42,21.16,0.20,122.16,386.73,0.3725,-1,-1,-1
272,41,396.88,0.20,242.67,479.80,0.9159,-1,-1,-1
272,18,314.65,47.74,67.38,192.05,0.8085,-1,-1,-1
272,2,32.44,0.62,245.17,441.30,0.7822,-1,-1,-1
272,1,590.43,39.33,49.44,299.62,0.4052,-1,-1,-1
273,57,252.47,61.17,61.43,147.17,0.7548,-1,-1,-1
273,42,0.72,5.10,101.98,372.35,0.3706,-1,-1,-1
273,41,397.48,0.18,242.14,479.77,0.9119,-1,-1,-1
273,18,311.24,41.21,65.63,195.05,0.7510,-1,-1,-1
273,2,24.85,0.96,247.16,446.38,0.6990,-1,-1,-1
273,1,585.34,137.98,54.48,180.49,0.3697,-1,-1,-1
274,57,258.62,80.78,51.09,142.44,0.7573,-1,-1,-1
274,54,81.93,0.00,180.54,478.77,0.7083,-1,-1,-1
274,42,0.00,1.04,66.58,263.54,0.4690,-1,-1,-1
274,41,396.93,0.48,241.82,473.20,0.9033,-1,-1,-1
274,18,306.12,54.78,69.16,199.07,0.7755,-1,-1,-1
274,1,585.94,59.50,53.97,264.79,0.4816,-1,-1,-1
275,57,265.22,100.53,38.79,139.43,0.6514,-1,-1,-1
275,42,0.00,82.97,53.23,236.40,0.6453,-1,-1,-1
275,41,394.69,0.30,241.50,475.36,0.8676,-1,-1,-1
275,18,297.14,73.20,65.94,203.08,0.7900,-1,-1,-1
275,2,33.21,0.23,221.23,476.19,0.8453,-1,-1,-1
275,1,599.85,5.84,40.06,324.72,0.5045,-1,-1,-1
276,57,260.09,133.34,47.24,131.68,0.4934,-1,-1,-1
276,45,0.15,169.84,28.29,99.11,0.4699,-1,-1,-1
276,41,404.10,0.43,234.51,478.21,0.9043,-1,-1,-1
276,18,292.52,102.06,71.44,204.51,0.8092,-1,-1,-1
276,2,39.37,0.64,210.52,466.99,0.8091,-1,-1,-1
276,1,604.41,132.93,35.12,224.72,0.4006,-1,-1,-1
277,57,247.92,142.90,37.92,130.85,0.4893,-1,-1,-1
277,54,45.70,0.01,198.84,436.13,0.8312,-1,-1,-1
277,41,404.62,0.31,234.42,479.69,0.9186,-1,-1,-1
277,18,283.65,112.37,69.72,210.21,0.7236,-1,-1,-1
277,1,596.48,41.45,43.38,327.79,0.4075,-1,-1,-1
278,57,238.79,148.04,37.09,127.33,0.5448,-1,-1,-1
278,41,401.30,0.18,219.56,479.82,0.9042,-1,-1,-1
278,18,269.94,112.95,72.15,218.70,0.7793,-1,-1,-1
278,2,24.72,0.00,209.25,478.04,0.8501,-1,-1,-1
278,1,590.42,107.60,49.51,259.92,0.4626,-1,-1,-1
279,60,188.38,143.17,64.28,194.88,0.7392,-1,-1,-1
279,59,315.40,148.48,54.74,144.24,0.6582,-1,-1,-1
279,41,381.10,0.05,218.59,479.22,0.8974,-1,-1,-1
279,18,254.04,129.08,74.78,223.87,0.7786,-1,-1,-1
279,2,8.79,22.16,204.97,454.65,0.8795,-1,-1,-1
279,1,578.59,62.57,61.34,314.40,0.8094,-1,-1,-1
280,60,168.90,144.84,72.50,201.91,0.8064,-1,-1,-1
280,59,298.41,149.43,54.13,146.47,0.8052,-1,-1,-1
280,54,0.47,20.67,184.84,456.56,0.8899,-1,-1,-1
280,41,359.23,0.00,221.98,477.93,0.8896,-1,-1,-1
280,18,232.46,126.58,74.58,228.30,0.7876,-1,-1,-1
280,1,565.34,60.95,74.66,314.79,0.8292,-1,-1,-1
281,60,140.01,132.44,74.14,200.82,0.8363,-1,-1,-1
281,59,269.12,138.32,51.50,145.01,0.8326,-1,-1,-1
281,57,193.78,105.65,78.36,243.67,0.7881,-1,-1,-1
281,54,0.14,3.07,146.86,476.93,0.9054,-1,-1,-1
281,43,317.29,101.72,57.82,220.07,0.6759,-1,-1,-1
281,41,330.88,0.48,233.49,479.52,0.9069,-1,-1,-1
281,1,543.45,58.45,83.85,307.32,0.8292,-1,-1,-1
282,60,137.38,135.07,37.67,189.03,0.6085,-1,-1,-1
282,59,259.35,145.05,42.82,143.92,0.8067,-1,-1,-1
282,57,162.48,106.82,82.91,256.16,0.8022,-1,-1,-1
282,54,0.18,11.08,117.44,466.34,0.8911,-1,-1,-1
282,43,291.30,73.75,75.25,299.61,0.5352,-1,-1,-1
282,41,329.28,0.58,238.42,479.42,0.9031,-1,-1,-1
282,1,531.96,96.97,80.34,293.43,0.4118,-1,-1,-1
283,60,110.68,166.77,45.24,150.07,0.6092,-1,-1,-1
283,59,263.20,158.22,36.82,144.55,0.7235,-1,-1,-1
283,57,147.79,115.37,92.71,266.11,0.8316,-1,-1,-1
283,54,0.25,21.50,117.95,455.78,0.8596,-1,-1,-1
283,43,307.83,134.53,73.75,273.49,0.6680,-1,-1,-1
283,41,349.98,0.00,234.30,480.00,0.8833,-1,-1,-1
283,1,529.34,136.54,76.47,279.21,0.3847,-1,-1,-1
284,63,297.66,85.42,69.00,232.47,0.5069,-1,-1,-1
284,60,117.50,164.90,43.47,152.38,0.7252,-1,-1,-1
284,59,274.58,160.28,40.37,144.52,0.7297,-1,-1,-1
284,57,149.39,113.10,94.71,272.53,0.8490,-1,-1,-1
284,54,0.23,17.17,127.22,461.90,0.8171,-1,-1,-1
284,43,317.94,129.24,83.02,289.32,0.7441,-1,-1,-1
284,41,380.61,0.67,226.53,479.33,0.8914,-1,-1,-1
285,63,311.25,74.13,69.06,279.88,0.7344,-1,-1,-1
285,60,121.80,160.62,47.06,158.85,0.6722,-1,-1,-1
285,59,241.07,171.04,32.68,127.62,0.4862,-1,-1,-1
285,57,159.90,105.45,89.56,277.52,0.8549,-1,-1,-1
285,43,338.22,84.79,88.86,332.58,0.8513,-1,-1,-1
285,41,412.34,0.61,225.35,479.39,0.9175,-1,-1,-1
285,2,0.22,17.70,134.29,461.87,0.8869,-1,-1,-1
286,63,316.95,72.37,77.22,284.70,0.6259,-1,-1,-1
286,60,129.71,164.60,41.79,160.96,0.6716,-1,-1,-1
286,59,252.01,173.08,34.27,129.42,0.4764,-1,-1,-1
286,57,164.93,105.36,92.07,283.74,0.8644,-1,-1,-1
286,43,354.01,77.29,104.09,360.07,0.8755,-1,-1,-1
286,41,442.56,0.67,197.34,478.67,0.9100,-1,-1,-1
286,2,0.18,29.29,141.38,450.71,0.9023,-1,-1,-1
287,63,328.84,72.27,80.11,293.81,0.7645,-1,-1,-1
287,60,136.63,162.53,39.49,166.16,0.6260,-1,-1,-1
287,59,265.50,172.91,33.61,128.26,0.4458,-1,-1,-1
287,57,168.54,104.25,100.00,289.50,0.8163,-1,-1,-1
287,43,367.65,66.58,121.32,383.44,0.8856,-1,-1,-1
287,41,472.10,0.00,167.66,479.35,0.8892,-1,-1,-1
287,2,0.17,37.38,146.11,442.62,0.8947,-1,-1,-1
288,63,339.43,64.55,85.01,303.22,0.8194,-1,-1,-1
288,60,138.31,160.09,46.47,166.23,0.6098,-1,-1,-1
288,59,277.81,168.46,31.49,132.31,0.5890,-1,-1,-1
288,43,383.65,56.49,142.42,404.98,0.8844,-1,-1,-1
288,41,503.12,0.00,136.69,479.60,0.8589,-1,-1,-1
288,18,173.77,99.11,95.18,303.05,0.8312,-1,-1,-1
288,2,0.07,39.50,149.87,440.50,0.8996,-1,-1,-1
289,64,294.33,169.84,33.58,132.88,0.5502,-1,-1,-1
289,63,356.93,60.41,86.31,314.71,0.7689,-1,-1,-1
289,60,146.89,158.43,60.29,175.32,0.6041,-1,-1,-1
289,59,260.28,157.92,47.42,177.01,0.6809,-1,-1,-1
289,57,185.07,101.33,99.33,316.44,0.8152,-1,-1,-1
289,43,406.30,51.79,150.13,422.28,0.8816,-1,-1,-1
289,41,556.98,6.02,82.88,471.58,0.8154,-1,-1,-1
289,2,0.31,51.31,160.15,428.42,0.9023,-1,-1,-1
289,1,525.33,75.86,57.29,362.45,0.5402,-1,-1,-1
290,64,288.71,160.41,41.98,178.93,0.5821,-1,-1,-1
290,63,375.30,51.73,89.99,339.09,0.8409,-1,-1,-1
290,60,158.73,156.33,47.20,177.93,0.6928,-1,-1,-1
290,57,196.53,98.98,103.08,327.96,0.8002,-1,-1,-1
290,43,431.08,38.34,163.40,441.66,0.8746,-1,-1,-1
290,41,559.20,65.21,72.71,362.31,0.5656,-1,-1,-1
290,2,0.73,59.29,173.50,420.41,0.8947,-1,-1,-1
291,64,306.98,161.75,50.55,176.51,0.6887,-1,-1,-1
291,63,391.02,42.34,107.48,352.62,0.8330,-1,-1,-1
291,60,166.43,151.69,49.76,179.73,0.7071,-1,-1,-1
291,57,211.17,91.56,104.49,345.48,0.8387,-1,-1,-1
291,43,449.64,25.17,178.88,450.11,0.8855,-1,-1,-1
291,41,587.68,56.01,51.99,397.26,0.6430,-1,-1,-1
291,2,3.46,56.42,178.18,423.58,0.8692,-1,-1,-1
292,66,359.33,182.99,24.56,116.28,0.3419,-1,-1,-1
292,64,322.65,167.03,58.34,174.55,0.7874,-1,-1,-1
292,63,406.92,36.95,112.52,371.97,0.8805,-1,-1,-1
292,60,170.53,156.64,56.17,176.49,0.7096,-1,-1,-1
292,57,222.06,88.30,112.77,364.47,0.8385,-1,-1,-1
292,43,471.85,11.97,168.00,466.81,0.8920,-1,-1,-1
292,2,11.01,53.87,180.03,425.50,0.8849,-1,-1,-1
293,64,332.24,168.44,63.62,173.84,0.8567,-1,-1,-1
293,63,417.47,25.51,122.59,402.16,0.8618,-1,-1,-1
293,60,167.16,150.26,63.58,183.65,0.5394,-1,-1,-1
293,57,231.32,76.87,111.14,373.61,0.8478,-1,-1,-1
293,43,488.38,0.00,151.59,479.57,0.8871,-1,-1,-1
293,2,12.74,45.18,181.74,434.82,0.9074,-1,-1,-1
294,64,349.30,166.51,65.24,175.72,0.8113,-1,-1,-1
294,63,430.18,17.18,133.16,423.25,0.8433,-1,-1,-1
294,57,238.58,67.96,118.27,397.73,0.8387,-1,-1,-1
294,43,513.97,1.60,125.80,476.28,0.8180,-1,-1,-1
294,2,24.84,46.06,178.44,433.94,0.8777,-1,-1,-1
295,68,214.00,192.66,38.14,114.65,0.7578,-1,-1,-1
295,64,370.50,165.06,59.49,172.33,0.7781,-1,-1,-1
295,63,443.15,8.49,142.98,442.24,0.8817,-1,-1,-1
295,57,244.91,57.78,122.62,414.14,0.8833,-1,-1,-1
295,43,536.69,69.61,102.69,409.99,0.8525,-1,-1,-1
295,42,1.20,130.22,64.43,291.37,0.3222,-1,-1,-1
295,2,39.32,47.08,178.69,432.65,0.7480,-1,-1,-1
296,69,219.82,194.96,40.56,114.66,0.7646,-1,-1,-1
296,64,385.49,163.91,56.77,177.28,0.8128,-1,-1,-1
296,63,452.14,1.38,153.55,460.17,0.8691,-1,-1,-1
296,57,250.52,50.30,124.63,425.44,0.8884,-1,-1,-1
296,43,556.59,63.05,83.26,416.95,0.7008,-1,-1,-1
296,42,11.26,131.68,60.02,181.03,0.6200,-1,-1,-1
296,2,1.83,55.30,219.57,422.99,0.8218,-1,-1,-1
297,69,222.87,195.38,37.52,111.48,0.4858,-1,-1,-1
297,64,387.20,161.95,68.44,176.18,0.8626,-1,-1,-1
297,63,460.20,0.00,165.52,465.57,0.8799,-1,-1,-1
297,57,247.61,35.09,132.38,441.74,0.8809,-1,-1,-1
297,42,0.21,125.48,69.76,213.20,0.7805,-1,-1,-1
297,41,590.59,108.20,49.12,332.08,0.4687,-1,-1,-1
297,2,3.47,55.12,224.43,422.93,0.8670,-1,-1,-1
298,64,399.06,166.21,84.62,171.35,0.8572,-1,-1,-1
298,63,467.45,0.12,172.27,479.21,0.9150,-1,-1,-1
298,57,237.51,18.23,143.91,460.86,0.8798,-1,-1,-1
298,42,0.05,120.96,54.06,194.52,0.8388,-1,-1,-1
298,2,50.66,54.74,186.19,424.18,0.7869,-1,-1,-1
299,70,394.24,172.31,36.09,124.49,0.3715,-1,-1,-1
299,66,366.43,169.26,39.65,129.41,0.5945,-1,-1,-1
299,64,403.96,168.46,86.18,169.27,0.8671,-1,-1,-1
299,63,472.43,0.37,167.36,479.63,0.9084,-1,-1,-1
299,57,238.90,8.39,139.48,471.61,0.8843,-1,-1,-1
299,42,0.20,117.09,51.78,202.30,0.8598,-1,-1,-1
299,2,62.35,53.49,180.97,424.56,0.8573,-1,-1,-1
300,70,406.82,174.08,31.33,118.33,0.4046,-1,-1,-1
300,66,369.45,167.98,49.49,138.10,0.7341,-1,-1,-1
300,64,411.92,164.58,82.91,171.65,0.8894,-1,-1,-1
300,63,487.79,0.00,151.95,480.00,0.8959,-1,-1,-1
300,57,225.11,0.00,146.20,478.10,0.8594,-1,-1,-1
300,42,0.19,136.68,58.63,198.36,0.8118,-1,-1,-1
300,2,79.89,50.46,164.80,429.54,0.8136,-1,-1,-1
301,70,404.65,192.07,34.76,102.91,0.4444,-1,-1,-1
301,66,364.87,166.19,56.03,139.26,0.7595,-1,-1,-1
301,64,419.47,163.42,78.08,172.55,0.8431,-1,-1,-1
301,63,495.39,0.00,144.58,478.24,0.9062,-1,-1,-1
301,57,208.82,0.00,168.40,480.00,0.9033,-1,-1,-1
301,42,0.17,149.39,61.98,176.59,0.7263,-1,-1,-1
301,2,87.85,47.66,150.64,431.25,0.8625,-1,-1,-1
302,66,361.06,164.70,71.38,142.21,0.6598,-1,-1,-1
302,64,442.09,160.11,63.27,173.34,0.7802,-1,-1,-1
302,63,510.91,0.10,129.08,479.90,0.9076,-1,-1,-1
302,57,175.73,0.00,180.48,478.53,0.8282,-1,-1,-1
302,42,0.82,145.19,52.85,170.12,0.6401,-1,-1,-1
302,18,60.99,108.50,79.02,315.00,0.6074,-1,-1,-1
302,2,96.75,41.96,137.16,432.88,0.7945,-1,-1,-1
303,72,337.03,192.32,31.79,119.11,0.6988,-1,-1,-1
303,67,307.93,161.44,39.32,156.17,0.6535,-1,-1,-1
303,66,381.32,163.01,57.38,143.17,0.6276,-1,-1,-1
303,64,450.66,158.84,69.17,174.05,0.7804,-1,-1,-1
303,63,526.19,0.00,113.67,480.00,0.9000,-1,-1,-1
303,42,9.94,145.65,52.30,169.44,0.6056,-1,-1,-1
303,18,48.06,101.89,90.19,305.41,0.6893,-1,-1,-1
303,2,100.03,0.11,222.68,479.79,0.6804,-1,-1,-1
304,72,335.93,191.58,50.94,122.20,0.6363,-1,-1,-1
304,67,282.99,162.36,65.62,153.26,0.4414,-1,-1,-1
304,66,384.38,160.26,53.76,140.37,0.6638,-1,-1,-1
304,64,460.54,157.72,64.72,173.06,0.8056,-1,-1,-1
304,63,540.10,2.68,99.75,477.32,0.8460,-1,-1,-1
304,59,276.57,154.20,38.31,145.45,0.5714,-1,-1,-1
304,18,1.71,92.27,118.27,296.95,0.8246,-1,-1,-1
304,2,108.13,0.00,187.74,476.42,0.7529,-1,-1,-1
304,1,531.01,183.82,50.29,188.58,0.4728,-1,-1,-1
305,72,334.78,189.26,58.47,126.70,0.7114,-1,-1,-1
305,67,278.66,157.70,37.40,150.87,0.5748,-1,-1,-1
305,66,385.92,160.60,50.62,148.46,0.7342,-1,-1,-1
305,64,463.30,161.65,65.66,171.37,0.8323,-1,-1,-1
305,63,556.54,5.17,83.36,473.79,0.7593,-1,-1,-1
305,18,0.02,91.02,143.48,302.55,0.8747,-1,-1,-1
305,2,85.43,0.72,186.23,469.73,0.3599,-1,-1,-1
305,1,524.87,142.20,72.57,234.18,0.7763,-1,-1,-1
306,73,304.53,153.61,51.84,163.89,0.6880,-1,-1,-1
306,72,348.69,188.56,40.55,125.31,0.5545,-1,-1,-1
306,69,227.21,132.27,54.39,177.36,0.3059,-1,-1,-1
306,67,270.75,161.13,37.31,147.13,0.5985,-1,-1,-1
306,66,383.83,159.18,56.56,148.66,0.7650,-1,-1,-1
306,64,464.56,161.45,71.45,169.40,0.8049,-1,-1,-1
306,63,577.80,0.00,61.83,480.00,0.4563,-1,-1,-1
306,18,0.52,86.09,85.43,232.30,0.3058,-1,-1,-1
306,2,3.78,0.81,242.16,466.25,0.3523,-1,-1,-1
306,1,511.88,134.17,93.69,242.98,0.8045,-1,-1,-1
307,73,304.94,152.78,51.91,166.18,0.7664,-1,-1,-1
307,72,341.87,187.10,46.41,127.91,0.5544,-1,-1,-1
307,67,266.37,153.23,41.88,150.20,0.4171,-1,-1,-1
307,66,385.01,158.67,65.84,148.89,0.7866,-1,-1,-1
307,64,466.96,164.43,61.98,169.65,0.7172,-1,-1,-1
307,57,177.15,100.09,101.03,337.57,0.6156,-1,-1,-1
307,2,0.29,0.35,214.42,477.55,0.3873,-1,-1,-1
307,1,507.72,128.08,110.92,249.65,0.8133,-1,-1,-1
308,75,468.07,168.38,29.37,122.19,0.4678,-1,-1,-1
308,73,307.97,151.04,51.09,168.47,0.7905,-1,-1,-1
308,72,354.62,185.62,35.45,129.50,0.7033,-1,-1,-1
308,67,274.18,179.88,32.61,111.61,0.4040,-1,-1,-1
308,66,384.33,158.99,74.31,147.98,0.8044,-1,-1,-1
308,64,477.37,173.76,60.25,154.11,0.3118,-1,-1,-1
308,57,150.06,58.69,137.17,416.52,0.8633,-1,-1,-1
308,1,496.56,123.40,123.08,259.14,0.8262,-1,-1,-1
309,75,467.64,169.19,33.38,121.19,0.6661,-1,-1,-1
309,73,309.19,150.86,70.16,169.53,0.8433,-1,-1,-1
309,72,363.57,185.07,36.83,128.93,0.6372,-1,-1,-1
309,66,389.29,158.38,71.02,150.75,0.8139,-1,-1,-1
309,57,115.56,57.22,179.36,422.78,0.8759,-1,-1,-1
309,2,0.16,0.74,107.36,478.29,0.5372,-1,-1,-1
309,1,490.43,118.59,136.38,282.30,0.8729,-1,-1,-1
310,75,463.92,175.58,37.97,117.76,0.6794,-1,-1,-1
310,73,305.27,152.36,79.64,171.79,0.8536,-1,-1,-1
310,72,364.44,187.03,54.25,130.48,0.6417,-1,-1,-1
310,66,394.78,159.07,61.90,153.96,0.7619,-1,-1,-1
310,57,105.04,85.57,187.23,394.43,0.8674,-1,-1,-1
310,18,39.71,115.96,52.40,205.50,0.5638,-1,-1,-1
310,1,496.57,119.48,138.21,292.81,0.8442,-1,-1,-1
311,75,459.78,177.32,38.08,116.21,0.7473,-1,-1,-1
311,73,297.71,152.85,84.73,173.79,0.8541,-1,-1,-1
311,72,364.47,187.52,56.55,133.24,0.6607,-1,-1,-1
311,66,396.43,159.29,59.94,157.66,0.7743,-1,-1,-1
311,57,117.47,82.34,170.13,397.66,0.8418,-1,-1,-1
311,54,37.99,72.97,111.29,370.71,0.8241,-1,-1,-1
311,42,0.15,153.33,43.02,155.05,0.5233,-1,-1,-1
311,1,494.43,115.25,143.99,317.55,0.8848,-1,-1,-1
312,75,453.70,177.47,36.29,116.09,0.7328,-1,-1,-1
312,73,292.74,150.86,87.25,178.30,0.8819,-1,-1,-1
312,72,362.67,189.25,56.00,134.03,0.6162,-1,-1,-1
312,66,396.70,153.77,60.84,164.03,0.7226,-1,-1,-1
312,57,114.92,62.47,166.36,415.65,0.8811,-1,-1,-1
312,2,0.00,60.78,125.26,392.41,0.8998,-1,-1,-1
312,1,489.71,105.97,144.70,333.01,0.8927,-1,-1,-1
313,75,445.98,178.11,38.13,113.79,0.7123,-1,-1,-1
313,73,295.32,150.06,83.24,180.71,0.8424,-1,-1,-1
313,72,358.79,188.71,53.42,137.81,0.6821,-1,-1,-1
313,67,271.95,177.33,36.52,139.06,0.3464,-1,-1,-1
313,66,397.40,156.66,59.90,162.39,0.7335,-1,-1,-1
313,57,108.47,68.80,168.93,409.91,0.8785,-1,-1,-1
313,2,0.00,51.40,99.34,412.49,0.8863,-1,-1,-1
313,1,483.53,95.37,144.88,348.27,0.8805,-1,-1,-1
314,75,444.13,177.37,34.82,114.24,0.6570,-1,-1,-1
314,73,300.77,148.92,80.80,183.42,0.8188,-1,-1,-1
314,72,364.14,185.08,47.88,140.32,0.7039,-1,-1,-1
314,66,399.29,155.86,59.20,164.28,0.7812,-1,-1,-1
314,57,108.32,66.10,171.67,413.86,0.8714,-1,-1,-1
314,18,37.63,145.39,71.62,177.36,0.3321,-1,-1,-1
314,2,0.09,38.53,82.94,435.63,0.8193,-1,-1,-1
314,1,479.68,85.46,149.97,362.91,0.8715,-1,-1,-1
315,73,314.84,152.09,63.25,187.54,0.8029,-1,-1,-1
315,72,375.83,189.78,47.70,145.23,0.6791,-1,-1,-1
315,66,406.38,159.73,67.20,162.45,0.7408,-1,-1,-1
315,57,114.37,69.31,173.64,410.69,0.8883,-1,-1,-1
315,18,5.13,149.65,84.94,181.61,0.7585,-1,-1,-1
315,1,479.34,78.79,159.71,394.23,0.8984,-1,-1,-1
316,73,318.98,146.23,67.15,192.91,0.7825,-1,-1,-1
316,72,374.44,188.72,72.71,145.25,0.8178,-1,-1,-1
316,66,416.28,156.77,61.76,162.06,0.7186,-1,-1,-1
316,57,118.51,64.92,178.02,415.08,0.8937,-1,-1,-1
316,42,0.00,110.71,21.73,194.99,0.4943,-1,-1,-1
316,18,19.55,145.78,65.01,179.25,0.8001,-1,-1,-1
316,1,480.75,66.86,158.62,413.14,0.9018,-1,-1,-1
317,73,324.17,143.79,79.64,197.19,0.8411,-1,-1,-1
317,72,386.85,188.65,77.06,148.20,0.5471,-1,-1,-1
317,66,427.49,156.15,58.49,167.41,0.7289,-1,-1,-1
317,57,124.78,65.46,178.51,413.50,0.8972,-1,-1,-1
317,18,31.40,145.69,56.00,178.23,0.8411,-1,-1,-1
317,1,488.00,51.68,151.94,428.32,0.9217,-1,-1,-1
318,73,326.64,142.00,84.14,200.43,0.8618,-1,-1,-1
318,72,397.82,185.10,73.07,151.82,0.7635,-1,-1,-1
318,66,435.06,156.68,58.86,166.58,0.7452,-1,-1,-1
318,57,129.25,67.47,184.44,412.53,0.8463,-1,-1,-1
318,18,32.85,146.12,58.86,179.31,0.8350,-1,-1,-1
318,1,492.12,41.16,147.80,438.84,0.9193,-1,-1,-1
319,73,330.81,126.12,96.07,216.43,0.8666,-1,-1,-1
319,72,407.62,183.73,71.98,151.90,0.5640,-1,-1,-1
319,66,443.66,149.88,59.35,171.33,0.6665,-1,-1,-1
319,57,137.73,71.26,178.36,406.72,0.8766,-1,-1,-1
319,18,37.48,145.72,61.52,177.02,0.8261,-1,-1,-1
319,1,503.43,14.81,136.39,463.15,0.9128,-1,-1,-1
320,73,332.88,132.39,102.88,208.76,0.8862,-1,-1,-1
320,72,421.32,172.46,63.48,162.27,0.6894,-1,-1,-1
320,66,459.23,145.57,59.04,175.77,0.4721,-1,-1,-1
320,57,149.99,74.67,176.16,404.66,0.8649,-1,-1,-1
320,18,33.61,143.14,72.58,177.17,0.8176,-1,-1,-1
320,1,518.57,0.00,121.17,480.00,0.8849,-1,-1,-1
321,73,343.60,125.29,102.76,215.59,0.8861,-1,-1,-1
321,72,459.18,171.93,39.70,161.43,0.5413,-1,-1,-1
321,60,152.28,119.73,57.20,191.46,0.4294,-1,-1,-1
321,57,171.36,52.96,167.84,426.58,0.8706,-1,-1,-1
321,43,547.26,51.26,92.59,426.62,0.3472,-1,-1,-1
321,18,44.79,135.36,70.51,179.67,0.8635,-1,-1,-1
322,73,356.68,116.45,102.98,219.31,0.8588,-1,-1,-1
322,72,459.49,164.76,29.25,107.19,0.5174,-1,-1,-1
322,66,472.13,160.34,65.12,170.62,0.6781,-1,-1,-1
322,64,593.69,61.23,46.21,262.08,0.7486,-1,-1,-1
322,60,144.66,111.71,69.37,196.36,0.7454,-1,-1,-1
322,57,184.13,44.77,169.98,435.23,0.8802,-1,-1,-1
322,18,58.04,129.49,65.51,177.90,0.8230,-1,-1,-1
323,73,385.18,113.74,93.33,225.41,0.8610,-1,-1,-1
323,72,467.49,165.09,38.34,108.59,0.7133,-1,-1,-1
323,66,482.40,162.53,63.32,169.21,0.5741,-1,-1,-1
323,60,141.03,103.24,79.20,217.97,0.8355,-1,-1,-1
323,57,197.68,39.68,174.53,440.32,0.9010,-1,-1,-1
323,18,74.39,125.29,59.60,176.08,0.8201,-1,-1,-1
324,73,403.79,108.17,81.33,229.71,0.8248,-1,-1,-1
324,72,474.56,163.12,34.62,108.29,0.6748,-1,-1,-1
324,66,489.64,157.45,100.92,174.24,0.7858,-1,-1,-1
324,60,136.33,97.22,84.01,223.65,0.8335,-1,-1,-1
324,57,205.16,31.72,178.98,448.28,0.9035,-1,-1,-1
324,18,79.21,122.55,59.98,176.41,0.7953,-1,-1,-1
325,75,380.92,143.83,52.34,175.81,0.7274,-1,-1,-1
325,73,421.65,100.30,76.48,238.24,0.8090,-1,-1,-1
325,66,512.30,152.74,90.16,178.32,0.7677,-1,-1,-1
325,60,125.53,91.65,87.18,242.37,0.8381,-1,-1,-1
325,57,216.38,32.85,180.21,447.15,0.9066,-1,-1,-1
325,18,67.15,122.50,76.82,176.67,0.7951,-1,-1,-1
326,85,387.43,142.34,50.29,177.69,0.6702,-1,-1,-1
326,73,431.81,98.29,75.45,244.23,0.8657,-1,-1,-1
326,66,530.76,151.10,77.21,180.28,0.6980,-1,-1,-1
326,60,116.70,89.23,90.59,248.56,0.8177,-1,-1,-1
326,57,216.09,36.49,183.37,443.48,0.8992,-1,-1,-1
326,18,66.23,124.31,85.99,178.52,0.7124,-1,-1,-1
327,85,394.18,139.81,52.86,178.39,0.7287,-1,-1,-1
327,73,433.86,94.05,87.01,248.46,0.8881,-1,-1,-1
327,66,563.34,144.09,67.65,184.09,0.8159,-1,-1,-1
327,60,99.67,81.41,95.97,258.98,0.8709,-1,-1,-1
327,57,219.48,37.81,187.09,440.30,0.8833,-1,-1,-1
327,42,0.11,123.88,29.81,161.67,0.7700,-1,-1,-1
327,18,74.00,124.11,70.02,176.19,0.6387,-1,-1,-1
328,89,520.25,111.13,89.23,212.45,0.4244,-1,-1,-1
328,85,401.63,138.96,48.52,132.26,0.3029,-1,-1,-1
328,73,429.69,93.99,101.47,250.54,0.8788,-1,-1,-1
328,72,513.12,137.14,46.18,158.33,0.4092,-1,-1,-1
328,66,568.75,143.67,71.03,191.37,0.7824,-1,-1,-1
328,60,89.15,78.29,92.12,277.97,0.7860,-1,-1,-1
328,57,208.79,41.20,206.30,434.77,0.8397,-1,-1,-1
328,42,0.06,125.60,32.22,159.03,0.7584,-1,-1,-1
329,89,537.51,107.46,72.82,208.53,0.5164,-1,-1,-1
329,85,407.66,137.46,45.97,138.72,0.4209,-1,-1,-1
329,77,53.19,67.73,111.75,291.85,0.8753,-1,-1,-1
329,73,424.06,92.62,107.09,254.08,0.8939,-1,-1,-1
329,72,511.77,138.02,54.32,155.46,0.4950,-1,-1,-1
329,66,564.48,146.05,75.32,189.21,0.8078,-1,-1,-1
329,57,223.56,40.03,193.67,439.97,0.8235,-1,-1,-1
329,42,0.25,125.05,46.59,157.63,0.7698,-1,-1,-1
330,85,410.38,140.26,47.73,151.38,0.5151,-1,-1,-1
330,79,503.68,138.23,60.48,161.22,0.6630,-1,-1,-1
330,77,44.11,62.02,107.82,307.39,0.8381,-1,-1,-1
330,73,421.37,94.28,106.34,259.52,0.8873,-1,-1,-1
330,66,559.80,149.99,80.13,190.29,0.7779,-1,-1,-1
330,57,241.95,34.96,180.00,445.04,0.8509,-1,-1,-1
330,42,0.11,130.86,47.61,156.14,0.6370,-1,-1,-1
331,89,562.06,110.76,56.99,227.99,0.7402,-1,-1,-1
331,85,391.89,142.19,73.39,191.92,0.6651,-1,-1,-1
331,79,498.69,138.48,62.78,162.04,0.5724,-1,-1,-1
331,77,22.57,54.06,114.95,319.63,0.8641,-1,-1,-1
331,73,427.21,94.72,101.36,263.24,0.8693,-1,-1,-1
331,57,241.62,32.75,182.01,447.25,0.8658,-1,-1,-1
331,42,0.16,132.17,46.65,158.18,0.6217,-1,-1,-1
332,89,560.64,106.99,72.73,218.51,0.7998,-1,-1,-1
332,85,412.35,136.49,56.34,198.27,0.6831,-1,-1,-1
332,77,3.98,41.35,110.12,339.25,0.8850,-1,-1,-1
332,73,446.58,88.81,95.43,264.89,0.8648,-1,-1,-1
332,57,240.47,27.44,184.92,452.42,0.9127,-1,-1,-1
333,89,559.43,108.96,80.42,226.26,0.8702,-1,-1,-1
333,85,423.09,131.78,52.95,206.39,0.7997,-1,-1,-1
333,77,0.00,34.12,99.56,351.77,0.9164,-1,-1,-1
333,73,454.32,88.20,88.26,264.35,0.8396,-1,-1,-1
333,72,523.66,139.39,27.56,97.68,0.4559,-1,-1,-1
333,57,243.45,25.37,181.99,454.63,0.8931,-1,-1,-1
334,89,552.52,108.81,87.35,222.04,0.9007,-1,-1,-1
334,85,418.60,130.10,60.89,211.63,0.8473,-1,-1,-1
334,77,0.21,23.90,67.16,367.76,0.8868,-1,-1,-1
334,73,462.37,83.29,92.62,271.37,0.8788,-1,-1,-1
334,57,240.43,29.79,180.91,450.21,0.8954,-1,-1,-1
335,90,28.34,121.22,71.05,181.37,0.7375,-1,-1,-1
335,89,548.92,110.91,90.94,220.62,0.8955,-1,-1,-1
335,85,416.20,132.56,57.51,213.15,0.6958,-1,-1,-1
335,77,0.13,45.62,49.10,355.00,0.8330,-1,-1,-1
335,73,463.76,84.73,90.52,271.62,0.8358,-1,-1,-1
335,57,240.26,29.47,179.69,447.78,0.9059,-1,-1,-1
336,90,26.68,115.76,61.70,178.21,0.7518,-1,-1,-1
336,89,552.84,104.39,87.00,225.66,0.8826,-1,-1,-1
336,85,410.43,128.51,81.03,219.24,0.6553,-1,-1,-1
336,73,464.28,77.90,100.59,273.62,0.8487,-1,-1,-1
336,57,240.63,22.76,178.09,454.23,0.9050,-1,-1,-1
336,42,0.00,121.09,39.75,174.04,0.3890,-1,-1,-1
337,90,28.86,110.84,56.24,174.95,0.8423,-1,-1,-1
337,89,572.27,97.31,67.60,223.48,0.8723,-1,-1,-1
337,85,410.45,120.07,94.10,229.29,0.7620,-1,-1,-1
337,73,464.83,71.65,114.67,273.98,0.8442,-1,-1,-1
337,57,240.37,13.02,182.13,466.98,0.9129,-1,-1,-1
338,90,25.14,113.49,62.87,179.42,0.8276,-1,-1,-1
338,89,594.77,97.03,45.17,223.15,0.8011,-1,-1,-1
338,85,425.58,116.55,70.63,226.36,0.7687,-1,-1,-1
338,73,469.01,69.29,114.36,284.69,0.8406,-1,-1,-1
338,57,240.78,19.97,186.34,459.32,0.9027,-1,-1,-1
338,42,0.12,165.06,35.81,125.42,0.6239,-1,-1,-1
339,90,23.67,113.33,63.53,181.46,0.8278,-1,-1,-1
339,89,595.36,94.31,44.63,229.66,0.8487,-1,-1,-1
339,85,432.33,115.68,71.47,221.54,0.7678,-1,-1,-1
339,73,465.60,68.90,118.22,289.03,0.8681,-1,-1,-1
339,57,240.60,17.02,186.84,462.98,0.9062,-1,-1,-1
339,42,0.00,154.83,26.69,136.53,0.4023,-1,-1,-1
340,97,188.19,198.20,15.93,40.74,0.4482,-1,-1,-1
340,90,13.74,113.29,94.97,182.47,0.8413,-1,-1,-1
340,89,603.28,94.70,36.45,229.84,0.8176,-1,-1,-1
340,85,460.26,116.86,53.93,213.66,0.7128,-1,-1,-1
340,73,467.53,67.86,130.29,289.55,0.8770,-1,-1,-1
340,57,241.99,12.43,191.91,467.57,0.8864,-1,-1,-1
340,42,0.11,114.96,22.87,174.58,0.5380,-1,-1,-1
341,98,433.89,108.18,53.54,210.45,0.7800,-1,-1,-1
341,90,2.50,117.30,112.56,181.93,0.8640,-1,-1,-1
341,89,610.20,120.31,29.66,208.49,0.6626,-1,-1,-1
341,85,475.78,120.48,53.73,224.53,0.7193,-1,-1,-1
341,73,496.17,65.83,118.45,294.94,0.8619,-1,-1,-1
341,57,250.40,14.94,185.55,465.06,0.8716,-1,-1,-1
341,42,0.04,115.47,27.69,173.80,0.6965,-1,-1,-1
342,101,228.56,170.28,35.65,86.68,0.6957,-1,-1,-1
342,98,432.64,104.27,65.64,218.32,0.7182,-1,-1,-1
342,90,0.03,117.05,113.45,181.60,0.8865,-1,-1,-1
342,89,612.78,105.49,26.99,224.53,0.4788,-1,-1,-1
342,85,486.51,112.92,60.79,236.65,0.8003,-1,-1,-1
342,73,516.75,60.16,114.37,299.88,0.8155,-1,-1,-1
342,57,252.11,14.15,194.45,465.85,0.8407,-1,-1,-1
342,42,0.00,113.60,36.69,177.55,0.7069,-1,-1,-1
343,101,222.94,173.51,38.27,88.89,0.7600,-1,-1,-1
343,98,453.29,104.05,57.57,219.85,0.7997,-1,-1,-1
343,90,24.90,119.88,87.63,173.87,0.8432,-1,-1,-1
343,85,497.02,117.44,72.16,239.89,0.7783,-1,-1,-1
343,73,546.28,59.84,93.32,308.36,0.8510,-1,-1,-1
343,57,248.69,17.01,215.80,462.99,0.8243,-1,-1,-1
343,42,0.28,119.68,51.56,182.11,0.7695,-1,-1,-1
344,101,219.72,172.88,37.09,90.53,0.7700,-1,-1,-1
344,98,459.95,103.72,57.08,228.97,0.7391,-1,-1,-1
344,97,187.07,202.17,15.31,41.35,0.3155,-1,-1,-1
344,90,36.28,119.92,73.58,177.73,0.8141,-1,-1,-1
344,85,500.15,120.86,80.83,238.68,0.8536,-1,-1,-1
344,73,557.57,58.74,82.26,316.32,0.8875,-1,-1,-1
344,57,258.14,14.94,214.24,465.06,0.8384,-1,-1,-1
344,42,0.19,121.82,56.05,177.74,0.7615,-1,-1,-1
345,101,207.87,169.73,45.53,94.42,0.7459,-1,-1,-1
345,98,466.40,97.94,49.67,235.02,0.4726,-1,-1,-1
345,97,186.96,200.06,16.20,41.51,0.3223,-1,-1,-1
345,90,61.00,115.72,51.51,180.46,0.8050,-1,-1,-1
345,85,514.46,117.47,80.28,241.94,0.8286,-1,-1,-1
345,73,575.20,55.71,64.70,321.24,0.8784,-1,-1,-1
345,57,273.68,4.86,215.75,473.27,0.8087,-1,-1,-1
345,42,0.06,122.96,68.67,171.57,0.8403,-1,-1,-1
346,101,208.42,176.16,47.87,95.63,0.7930,-1,-1,-1
346,90,73.52,125.25,50.05,179.61,0.7774,-1,-1,-1
346,85,543.32,116.03,83.98,255.74,0.7943,-1,-1,-1
346,79,461.94,103.77,55.94,245.55,0.4930,-1,-1,-1
346,73,595.87,58.93,43.87,329.51,0.7633,-1,-1,-1
346,57,298.72,5.18,196.91,474.82,0.7968,-1,-1,-1
346,42,0.53,132.59,77.16,170.36,0.8446,-1,-1,-1
347,101,214.23,176.24,44.44,96.58,0.7567,-1,-1,-1
347,98,489.92,96.12,57.37,247.15,0.4438,-1,-1,-1
347,90,84.68,128.93,62.90,177.42,0.8376,-1,-1,-1
347,85,570.73,113.18,69.16,264.50,0.8129,-1,-1,-1
347,57,304.64,1.48,206.74,478.52,0.8327,-1,-1,-1
347,42,9.10,130.76,76.81,174.85,0.8244,-1,-1,-1
348,101,214.66,170.74,40.72,99.90,0.6574,-1,-1,-1
348,98,491.45,86.12,83.93,263.78,0.3042,-1,-1,-1
348,90,84.65,128.66,77.67,173.50,0.8689,-1,-1,-1
348,85,583.40,107.20,56.49,258.60,0.8473,-1,-1,-1
348,57,313.37,1.38,204.45,478.62,0.7768,-1,-1,-1
348,42,26.83,126.24,63.09,174.17,0.7702,-1,-1,-1
349,101,207.67,170.77,43.65,102.09,0.5486,-1,-1,-1
349,98,500.43,82.93,63.71,279.29,0.5489,-1,-1,-1
349,90,85.73,133.20,85.00,169.19,0.8356,-1,-1,-1
349,85,597.48,112.96,42.50,258.51,0.7198,-1,-1,-1
349,60,50.58,128.53,54.94,174.73,0.7851,-1,-1,-1
349,57,317.63,1.74,208.75,476.53,0.8066,-1,-1,-1
349,42,25.73,158.57,34.63,118.53,0.5402,-1,-1,-1
350,101,203.63,170.21,43.48,104.09,0.6751,-1,-1,-1
350,98,508.32,78.62,57.71,300.34,0.7984,-1,-1,-1
350,90,85.83,131.01,84.88,174.33,0.8515,-1,-1,-1
350,85,607.75,134.50,32.25,239.26,0.6292,-1,-1,-1
350,60,52.87,130.36,54.76,170.80,0.7858,-1,-1,-1
350,57,319.13,1.16,207.68,478.84,0.8553,-1,-1,-1
350,42,25.84,158.51,36.06,117.57,0.5310,-1,-1,-1
351,101,198.48,167.84,45.17,103.31,0.6921,-1,-1,-1
351,98,512.75,62.73,66.65,329.62,0.7700,-1,-1,-1
351,90,119.09,127.01,52.52,170.44,0.8052,-1,-1,-1
351,66,565.55,154.64,54.96,103.37,0.4170,-1,-1,-1
351,60,51.41,128.59,84.40,170.03,0.8460,-1,-1,-1
351,57,321.03,1.20,211.64,478.80,0.8400,-1,-1,-1
351,42,23.25,154.10,42.77,120.11,0.5896,-1,-1,-1
352,101,194.38,165.20,46.25,107.86,0.7720,-1,-1,-1
352,98,510.34,59.10,90.80,346.37,0.5622,-1,-1,-1
352,90,133.22,125.20,50.86,170.42,0.8240,-1,-1,-1
352,77,0.00,108.13,47.19,244.06,0.4307,-1,-1,-1
352,60,52.47,130.05,99.46,165.58,0.8871,-1,-1,-1
352,57,324.43,1.31,196.56,476.80,0.8304,-1,-1,-1
352,42,25.57,151.36,47.47,120.80,0.3494,-1,-1,-1
353,101,196.51,160.32,42.95,109.49,0.5702,-1,-1,-1
353,98,515.19,49.07,105.52,370.66,0.8687,-1,-1,-1
353,90,144.10,120.96,54.43,171.86,0.8180,-1,-1,-1
353,77,0.15,87.72,34.60,257.82,0.7842,-1,-1,-1
353,60,57.81,130.89,92.97,161.97,0.8761,-1,-1,-1
353,57,328.86,1.02,204.26,478.86,0.8404,-1,-1,-1
353,42,27.55,144.23,42.87,124.68,0.3270,-1,-1,-1
354,103,530.43,56.96,40.05,71.18,0.5130,-1,-1,-1
354,101,197.36,164.76,37.72,106.00,0.6842,-1,-1,-1
354,98,524.68,43.50,114.13,384.88,0.9041,-1,-1,-1
354,90,151.58,126.41,62.85,171.95,0.8323,-1,-1,-1
354,77,0.27,88.41,43.60,263.76,0.7611,-1,-1,-1
354,60,66.10,133.77,87.31,163.33,0.8426,-1,-1,-1
354,57,329.52,1.35,211.72,477.96,0.8395,-1,-1,-1
355,103,537.31,47.55,47.63,110.79,0.5614,-1,-1,-1
355,98,548.76,32.84,91.08,406.51,0.8924,-1,-1,-1
355,90,151.91,134.82,87.99,166.49,0.8619,-1,-1,-1
355,77,0.11,70.78,70.90,298.96,0.8491,-1,-1,-1
355,60,96.59,133.74,73.97,163.25,0.8370,-1,-1,-1
355,57,327.44,0.73,224.78,476.26,0.7052,-1,-1,-1
356,98,558.51,13.86,81.34,421.94,0.8952,-1,-1,-1
356,90,148.51,130.41,90.11,166.06,0.8628,-1,-1,-1
356,77,0.05,42.91,78.09,317.66,0.8704,-1,-1,-1
356,60,112.98,127.37,59.35,163.91,0.7902,-1,-1,-1
356,57,326.96,0.58,235.50,471.06,0.6619,-1,-1,-1
357,98,575.69,11.47,64.20,468.53,0.7956,-1,-1,-1
357,90,157.49,125.95,77.86,167.38,0.8381,-1,-1,-1
357,77,0.00,39.35,104.46,309.42,0.9116,-1,-1,-1
357,60,125.50,125.95,55.27,161.18,0.7953,-1,-1,-1
357,57,325.42,0.59,235.00,479.41,0.7513,-1,-1,-1
358,104,534.88,20.40,79.64,375.31,0.8246,-1,-1,-1
358,98,585.30,64.41,54.44,382.01,0.7908,-1,-1,-1
358,90,172.25,130.29,61.03,164.96,0.7140,-1,-1,-1
358,77,0.13,45.25,107.43,307.44,0.9061,-1,-1,-1
358,60,126.06,132.28,60.08,162.19,0.8412,-1,-1,-1
358,57,327.82,0.84,237.44,479.16,0.7976,-1,-1,-1
359,104,532.39,42.71,82.61,388.04,0.8600,-1,-1,-1
359,101,186.99,153.90,46.30,164.28,0.7843,-1,-1,-1
359,98,594.68,87.61,45.10,370.69,0.7896,-1,-1,-1
359,77,0.02,79.06,98.79,303.98,0.9116,-1,-1,-1
359,60,117.52,160.05,75.98,157.73,0.8437,-1,-1,-1
359,57,329.07,16.80,232.46,459.62,0.8328,-1,-1,-1
360,104,535.65,42.05,98.90,405.99,0.8535,-1,-1,-1
360,101,193.39,161.06,42.19,165.31,0.8011,-1,-1,-1
360,89,614.05,106.74,25.72,211.49,0.3693,-1,-1,-1
360,77,0.02,85.27,94.18,306.81,0.9074,-1,-1,-1
360,60,117.49,162.29,75.93,164.29,0.8402,-1,-1,-1
360,57,332.06,28.33,230.25,449.04,0.8130,-1,-1,-1
361,104,526.97,21.25,112.83,422.45,0.8875,-1,-1,-1
361,101,188.84,157.57,47.86,164.85,0.8304,-1,-1,-1
361,77,0.07,75.06,87.04,315.03,0.9181,-1,-1,-1
361,60,116.58,161.06,69.60,160.78,0.8034,-1,-1,-1
361,57,334.56,19.01,224.91,456.73,0.8065,-1,-1,-1
362,104,526.36,0.00,113.54,443.78,0.8871,-1,-1,-1
362,101,181.19,154.31,55.30,162.61,0.8651,-1,-1,-1
362,77,0.25,65.89,89.85,321.39,0.8996,-1,-1,-1
362,60,135.16,154.09,48.28,155.45,0.7198,-1,-1,-1
362,57,335.24,11.81,222.39,465.97,0.8218,-1,-1,-1
363,105,97.10,174.20,48.33,135.18,0.7431,-1,-1,-1
363,104,534.06,0.00,105.78,453.52,0.8736,-1,-1,-1
363,101,178.95,157.19,62.08,162.66,0.8108,-1,-1,-1
363,77,0.08,67.45,97.93,325.62,0.8986,-1,-1,-1
363,60,139.44,154.67,47.24,156.05,0.7852,-1,-1,-1
363,57,340.86,12.67,220.06,463.61,0.8706,-1,-1,-1
364,105,93.55,180.00,46.52,138.22,0.7117,-1,-1,-1
364,104,546.81,2.14,93.03,477.86,0.8255,-1,-1,-1
364,101,183.08,164.10,58.92,163.99,0.8290,-1,-1,-1
364,77,0.00,76.46,104.29,327.30,0.8801,-1,-1,-1
364,60,146.61,163.07,46.91,157.44,0.8069,-1,-1,-1
364,57,353.44,18.30,206.40,458.50,0.8310,-1,-1,-1
365,105,81.32,178.20,50.54,145.66,0.3852,-1,-1,-1
365,104,548.54,37.57,91.29,441.39,0.8248,-1,-1,-1
365,101,192.79,168.79,48.71,160.54,0.8370,-1,-1,-1
365,77,0.04,84.83,103.34,323.13,0.8848,-1,-1,-1
365,60,142.63,168.73,53.43,157.41,0.8374,-1,-1,-1
365,57,352.32,21.49,202.69,458.51,0.8640,-1,-1,-1
366,104,570.69,29.77,69.17,445.99,0.8545,-1,-1,-1
366,101,193.29,155.03,48.49,160.08,0.8535,-1,-1,-1
366,77,0.06,72.49,101.97,321.10,0.8833,-1,-1,-1
366,60,129.62,160.61,83.88,153.68,0.8549,-1,-1,-1
366,57,350.67,17.59,199.78,462.41,0.8088,-1,-1,-1
367,101,201.46,147.59,49.64,158.95,0.8119,-1,-1,-1
367,77,0.00,63.42,113.47,320.70,0.6884,-1,-1,-1
367,66,602.13,33.88,37.80,260.91,0.6346,-1,-1,-1
367,60,132.36,152.09,76.16,151.63,0.8683,-1,-1,-1
367,57,357.74,12.71,202.28,467.29,0.7835,-1,-1,-1
368,101,212.97,147.31,55.13,161.35,0.8367,-1,-1,-1
368,77,0.00,65.92,122.26,323.02,0.9084,-1,-1,-1
368,60,142.64,154.96,72.45,151.25,0.8734,-1,-1,-1
368,57,369.54,14.19,206.87,461.53,0.7971,-1,-1,-1
369,101,222.55,156.31,66.76,159.78,0.8792,-1,-1,-1
369,77,0.00,77.20,135.28,309.84,0.9081,-1,-1,-1
369,60,161.13,160.01,67.52,153.04,0.8361,-1,-1,-1
369,57,382.87,14.89,208.29,465.11,0.7992,-1,-1,-1
370,106,0.00,207.42,32.78,167.40,0.4453,-1,-1,-1
370,101,220.00,162.01,67.89,157.17,0.8731,-1,-1,-1
370,77,0.00,77.56,135.33,305.30,0.9046,-1,-1,-1
370,60,175.74,161.69,57.26,149.53,0.8047,-1,-1,-1
370,57,413.97,11.03,182.88,468.97,0.7042,-1,-1,-1
371,101,221.50,159.95,65.87,157.41,0.8603,-1,-1,-1
371,77,0.00,74.73,135.04,308.12,0.8934,-1,-1,-1
371,60,188.15,156.80,49.87,153.38,0.8103,-1,-1,-1
371,57,377.38,6.83,232.86,472.50,0.7236,-1,-1,-1
372,106,0.05,161.12,41.79,213.68,0.4378,-1,-1,-1
372,101,231.00,159.12,61.57,155.24,0.8308,-1,-1,-1
372,77,7.98,73.55,132.05,307.66,0.8884,-1,-1,-1
372,60,195.08,158.59,50.71,151.41,0.8386,-1,-1,-1
372,57,391.77,0.50,239.23,474.30,0.7743,-1,-1,-1
373,106,0.18,110.67,38.17,269.03,0.5749,-1,-1,-1
373,101,249.92,156.94,55.45,157.80,0.8102,-1,-1,-1
373,77,21.45,79.76,131.18,307.81,0.8768,-1,-1,-1
373,60,206.04,159.21,54.95,150.62,0.7864,-1,-1,-1
373,57,389.67,0.45,249.72,477.73,0.7731,-1,-1,-1
374,108,186.96,220.83,20.30,49.39,0.6456,-1,-1,-1
374,106,0.11,105.80,48.04,275.65,0.8112,-1,-1,-1
374,101,267.28,158.36,45.24,157.48,0.8148,-1,-1,-1
374,77,26.98,85.16,133.17,310.79,0.9135,-1,-1,-1
374,60,212.24,165.23,60.26,146.87,0.8290,-1,-1,-1
374,57,395.96,0.61,243.80,479.39,0.8052,-1,-1,-1
375,108,187.85,221.10,17.77,47.63,0.4491,-1,-1,-1
375,106,0.06,102.34,51.09,281.00,0.8409,-1,-1,-1
375,101,273.44,157.57,44.92,157.50,0.8191,-1,-1,-1
375,77,29.93,79.59,127.69,319.37,0.9087,-1,-1,-1
375,60,214.54,164.41,60.32,146.95,0.8254,-1,-1,-1
375,57,416.69,0.36,222.99,479.64,0.8331,-1,-1,-1
376,108,187.44,218.70,18.73,48.53,0.4898,-1,-1,-1
376,106,0.18,99.95,60.41,281.17,0.8471,-1,-1,-1
376,101,277.80,159.62,45.34,154.13,0.8113,-1,-1,-1
376,77,34.62,79.85,130.08,312.51,0.8995,-1,-1,-1
376,60,221.68,162.30,55.13,149.58,0.8277,-1,-1,-1
376,57,427.33,0.76,212.45,479.24,0.8703,-1,-1,-1
377,109,445.80,192.57,40.79,89.80,0.6946,-1,-1,-1
377,108,185.87,217.27,20.24,49.73,0.5299,-1,-1,-1
377,106,0.23,96.91,65.47,289.51,0.8691,-1,-1,-1
377,101,279.28,161.00,47.77,153.91,0.8218,-1,-1,-1
377,77,35.58,73.14,137.02,314.86,0.9036,-1,-1,-1
377,60,229.64,159.50,48.24,145.60,0.8410,-1,-1,-1
377,57,454.33,18.40,185.15,460.60,0.8271,-1,-1,-1
378,109,447.99,193.09,39.70,91.50,0.7467,-1,-1,-1
378,108,186.79,216.89,18.89,48.87,0.4008,-1,-1,-1
378,106,0.20,96.39,66.78,290.72,0.8419,-1,-1,-1
378,101,281.62,159.68,48.50,156.01,0.7886,-1,-1,-1
378,77,44.09,72.54,131.07,305.47,0.9043,-1,-1,-1
378,60,234.20,159.13,45.18,147.73,0.8088,-1,-1,-1
378,57,480.30,26.61,159.27,451.24,0.7826,-1,-1,-1
379,109,446.73,191.31,41.60,88.43,0.7358,-1,-1,-1
379,106,0.20,95.66,55.33,276.48,0.8316,-1,-1,-1
379,101,288.04,155.47,47.38,154.70,0.8250,-1,-1,-1
379,77,44.42,70.33,129.18,311.49,0.9090,-1,-1,-1
379,60,237.80,158.38,44.25,147.86,0.7582,-1,-1,-1
379,57,505.17,40.96,134.69,439.04,0.8234,-1,-1,-1
380,109,444.67,193.07,40.98,91.71,0.7600,-1,-1,-1
380,106,0.22,100.62,55.35,278.97,0.8309,-1,-1,-1
380,101,292.35,158.94,45.22,153.50,0.8534,-1,-1,-1
380,77,41.14,72.08,129.35,318.46,0.9091,-1,-1,-1
380,60,238.18,161.86,53.85,147.95,0.7777,-1,-1,-1
380,57,532.33,54.75,107.67,423.97,0.7981,-1,-1,-1
381,110,508.96,164.66,65.79,168.46,0.7991,-1,-1,-1
381,109,443.00,195.91,42.10,91.73,0.6532,-1,-1,-1
381,107,172.64,218.91,21.14,53.62,0.3531,-1,-1,-1
381,106,0.09,111.79,49.33,271.46,0.8099,-1,-1,-1
381,101,293.39,161.67,46.16,155.28,0.8392,-1,-1,-1
381,77,37.74,75.63,126.61,324.68,0.9010,-1,-1,-1
381,60,234.68,169.46,59.60,144.85,0.8034,-1,-1,-1
381,57,552.42,79.33,87.09,399.31,0.8514,-1,-1,-1
382,110,508.70,164.00,77.35,172.78,0.8207,-1,-1,-1
382,109,448.07,195.14,37.89,90.26,0.5552,-1,-1,-1
382,106,0.08,125.02,40.16,208.73,0.7746,-1,-1,-1
382,101,292.17,159.31,52.47,157.40,0.8303,-1,-1,-1
382,77,33.38,75.59,123.22,331.57,0.8928,-1,-1,-1
382,60,231.37,170.02,58.75,144.13,0.7872,-1,-1,-1
382,57,574.59,119.32,65.26,358.34,0.8174,-1,-1,-1
383,110,503.51,163.27,89.16,179.93,0.8429,-1,-1,-1
383,109,442.74,200.83,36.30,86.15,0.5177,-1,-1,-1
383,106,0.00,137.45,37.86,198.78,0.7275,-1,-1,-1
383,101,289.68,161.34,58.64,160.12,0.8610,-1,-1,-1
383,98,592.47,232.81,47.40,245.86,0.6735,-1,-1,-1
383,77,21.75,75.73,125.31,337.99,0.9024,-1,-1,-1
383,60,228.11,171.95,58.93,145.11,0.8324,-1,-1,-1
384,110,509.43,152.58,82.58,186.76,0.8692,-1,-1,-1
384,109,433.26,196.22,43.47,88.23,0.5958,-1,-1,-1
384,106,0.15,177.88,24.86,143.44,0.5623,-1,-1,-1
384,101,283.80,161.57,56.10,157.93,0.8819,-1,-1,-1
384,77,5.07,72.96,126.85,335.18,0.8992,-1,-1,-1
384,60,230.19,166.10,58.40,145.11,0.8166,-1,-1,-1
385,110,512.41,148.16,78.74,193.14,0.8483,-1,-1,-1
385,109,432.32,194.36,42.52,86.57,0.7244,-1,-1,-1
385,101,283.13,160.21,55.43,157.83,0.8695,-1,-1,-1
385,77,0.00,66.63,126.62,333.60,0.9165,-1,-1,-1
385,60,235.91,162.34,51.36,146.44,0.8231,-1,-1,-1
386,110,524.56,143.40,57.27,206.67,0.8515,-1,-1,-1
386,109,428.24,191.24,43.36,86.96,0.6963,-1,-1,-1
386,101,284.83,156.89,53.53,158.11,0.8677,-1,-1,-1
386,77,0.00,62.34,121.10,337.87,0.9177,-1,-1,-1
386,60,238.72,159.23,50.24,150.12,0.8105,-1,-1,-1
387,110,523.23,137.15,68.75,221.65,0.8725,-1,-1,-1
387,109,421.55,190.83,41.75,87.17,0.6860,-1,-1,-1
387,101,288.36,153.00,46.92,159.30,0.8400,-1,-1,-1
387,77,0.05,57.60,118.05,350.27,0.9155,-1,-1,-1
387,60,234.91,159.57,54.24,149.05,0.8194,-1,-1,-1
388,111,381.88,219.98,13.34,31.36,0.3619,-1,-1,-1
388,110,521.69,135.97,70.09,230.48,0.8617,-1,-1,-1
388,109,417.87,190.62,39.91,89.93,0.5968,-1,-1,-1
388,101,288.62,155.11,44.26,160.32,0.8042,-1,-1,-1
388,77,0.10,57.06,111.38,358.50,0.9081,-1,-1,-1
388,60,234.44,164.02,51.72,146.88,0.8595,-1,-1,-1
389,110,522.94,136.56,73.16,243.96,0.8783,-1,-1,-1
389,109,427.24,197.25,24.35,87.47,0.4456,-1,-1,-1
389,101,284.43,163.30,45.42,159.63,0.7681,-1,-1,-1
389,77,0.05,59.37,106.01,358.01,0.9007,-1,-1,-1
389,60,228.27,171.57,52.68,144.23,0.8681,-1,-1,-1
390,113,404.04,194.75,38.94,85.43,0.6972,-1,-1,-1
390,110,519.11,125.69,75.92,253.53,0.8743,-1,-1,-1
390,101,275.99,163.17,51.90,154.36,0.8281,-1,-1,-1
390,77,0.03,58.70,95.35,341.36,0.8813,-1,-1,-1
390,60,222.17,167.30,54.17,149.38,0.8405,-1,-1,-1
391,113,395.81,192.09,35.78,84.14,0.6724,-1,-1,-1
391,110,505.40,114.42,99.27,266.76,0.8816,-1,-1,-1
391,101,268.13,162.76,48.65,153.88,0.7901,-1,-1,-1
391,77,0.28,93.87,78.37,311.18,0.8843,-1,-1,-1
391,60,215.71,164.02,49.50,143.44,0.8554,-1,-1,-1
392,113,388.61,192.31,36.77,78.51,0.7530,-1,-1,-1
392,110,498.63,107.67,120.97,275.58,0.8902,-1,-1,-1
392,101,264.01,157.10,50.53,158.24,0.7478,-1,-1,-1
392,77,0.04,96.54,65.13,312.31,0.8573,-1,-1,-1
392,60,213.61,160.93,47.26,145.74,0.8307,-1,-1,-1
393,113,382.69,196.57,37.17,82.65,0.7258,-1,-1,-1
393,110,489.64,106.93,150.19,302.37,0.9025,-1,-1,-1
393,101,259.11,163.45,52.80,153.16,0.8070,-1,-1,-1
393,77,0.29,103.10,51.89,310.52,0.7831,-1,-1,-1
393,60,209.88,164.19,46.16,149.92,0.8187,-1,-1,-1
394,119,342.49,221.02,12.51,33.42,0.3724,-1,-1,-1
394,113,383.18,195.83,37.62,83.38,0.7382,-1,-1,-1
394,110,492.46,103.29,147.53,313.35,0.9113,-1,-1,-1
394,101,260.81,161.71,51.10,154.48,0.7965,-1,-1,-1
394,77,0.24,104.08,65.98,313.18,0.6984,-1,-1,-1
394,60,211.85,165.13,46.08,150.29,0.8241,-1,-1,-1
395,118,83.00,221.84,19.15,61.06,0.4348,-1,-1,-1
395,113,377.97,193.09,37.05,84.06,0.7642,-1,-1,-1
395,110,486.88,93.60,152.99,336.38,0.9142,-1,-1,-1
395,106,0.23,103.75,36.01,225.71,0.6575,-1,-1,-1
395,101,255.19,158.84,51.19,154.98,0.8399,-1,-1,-1
395,60,207.57,161.80,52.39,149.89,0.8532,-1,-1,-1
396,113,373.39,197.21,35.49,82.44,0.7301,-1,-1,-1
396,110,487.84,87.27,152.04,362.08,0.9193,-1,-1,-1
396,106,0.02,110.10,25.49,223.36,0.6885,-1,-1,-1
396,101,253.71,161.06,47.99,155.65,0.8375,-1,-1,-1
396,60,202.96,166.52,57.01,149.65,0.8397,-1,-1,-1
397,113,370.81,200.27,31.62,80.42,0.4875,-1,-1,-1
397,110,493.17,76.41,146.67,387.54,0.9147,-1,-1,-1
397,101,254.12,165.35,47.68,154.96,0.8374,-1,-1,-1
397,60,198.83,169.65,54.45,147.29,0.8518,-1,-1,-1
398,121,305.90,224.22,13.15,32.34,0.3172,-1,-1,-1
398,113,369.60,202.23,32.70,80.23,0.5846,-1,-1,-1
398,110,511.97,60.80,127.88,411.43,0.8970,-1,-1,-1
398,101,254.03,169.19,46.71,154.38,0.8325,-1,-1,-1
398,60,199.18,173.05,51.69,146.78,0.8325,-1,-1,-1
399,122,321.94,220.49,14.76,34.96,0.3617,-1,-1,-1
399,113,368.36,196.29,35.75,83.86,0.5756,-1,-1,-1
399,110,522.69,38.96,117.31,440.37,0.8849,-1,-1,-1
399,101,252.72,166.13,49.41,155.29,0.8189,-1,-1,-1
399,60,200.19,169.69,51.52,147.26,0.8105,-1,-1,-1
400,122,316.50,218.08,13.52,35.51,0.3484,-1,-1,-1
400,113,364.30,195.12,32.71,84.13,0.7028,-1,-1,-1
400,110,539.97,24.00,99.87,456.00,0.8500,-1,-1,-1
400,101,250.64,164.59,48.89,152.31,0.8584,-1,-1,-1
400,60,205.64,164.45,44.49,147.63,0.8163,-1,-1,-1
401,113,359.53,198.69,32.56,81.15,0.4778,-1,-1,-1
401,110,564.13,26.78,75.64,453.22,0.8554,-1,-1,-1
401,101,248.77,164.28,48.64,150.16,0.8305,-1,-1,-1
401,60,199.78,163.69,51.64,147.34,0.8370,-1,-1,-1
402,110,584.47,80.55,55.39,399.45,0.8287,-1,-1,-1
402,101,246.05,160.65,45.48,149.42,0.8265,-1,-1,-1
402,60,196.68,160.94,50.19,148.48,0.8397,-1,-1,-1
403,113,352.08,193.70,34.46,84.84,0.4305,-1,-1,-1
403,110,599.08,102.98,40.75,375.27,0.4071,-1,-1,-1
403,101,244.18,167.28,50.47,148.66,0.8471,-1,-1,-1
403,60,197.19,165.79,49.86,147.81,0.8565,-1,-1,-1
404,113,350.59,193.97,34.74,81.94,0.5315,-1,-1,-1
404,101,243.72,166.88,51.90,149.48,0.8153,-1,-1,-1
404,60,197.59,168.01,48.52,145.20,0.8520,-1,-1,-1
405,121,300.60,216.19,14.14,34.07,0.3748,-1,-1,-1
405,113,348.42,193.38,31.95,79.38,0.5735,-1,-1,-1
405,101,243.86,165.12,51.87,148.26,0.8255,-1,-1,-1
405,60,195.00,167.74,51.77,143.04,0.8551,-1,-1,-1
406,113,347.40,191.81,32.87,82.15,0.6696,-1,-1,-1
406,101,244.01,164.81,48.99,144.64,0.8271,-1,-1,-1
406,60,194.55,166.09,52.46,139.98,0.8374,-1,-1,-1
407,113,347.23,192.27,31.51,78.93,0.6990,-1,-1,-1
407,101,248.91,160.47,46.70,144.04,0.8036,-1,-1,-1
407,60,195.50,159.78,50.64,143.21,0.8292,-1,-1,-1
408,113,345.71,191.19,32.55,78.30,0.7891,-1,-1,-1
408,101,249.95,158.75,45.87,144.57,0.8269,-1,-1,-1
408,60,197.72,155.20,46.08,147.45,0.8225,-1,-1,-1
409,113,345.34,187.83,33.25,79.83,0.7917,-1,-1,-1
409,101,249.01,157.33,46.06,145.23,0.8140,-1,-1,-1
409,60,196.13,156.41,45.63,144.79,0.8379,-1,-1,-1
410,113,339.50,184.55,34.81,80.67,0.5613,-1,-1,-1
410,101,246.78,157.60,47.18,145.70,0.8263,-1,-1,-1
410,60,191.53,159.15,48.82,142.29,0.8358,-1,-1,-1
411,113,334.33,188.34,18.80,70.24,0.4321,-1,-1,-1
411,101,242.63,158.43,45.19,145.59,0.8173,-1,-1,-1
411,60,183.55,159.32,52.22,139.60,0.8485,-1,-1,-1
412,113,328.23,188.97,33.00,77.46,0.6985,-1,-1,-1
412,101,238.39,162.21,45.56,142.20,0.8007,-1,-1,-1
412,60,183.92,162.86,43.82,140.27,0.8241,-1,-1,-1
413,113,325.39,187.38,34.18,76.78,0.5352,-1,-1,-1
413,101,235.85,159.63,47.87,142.61,0.7735,-1,-1,-1
413,60,182.95,162.12,44.35,139.80,0.8220,-1,-1,-1
414,113,317.88,188.55,36.71,76.84,0.6143,-1,-1,-1
414,101,233.65,162.79,46.31,139.56,0.7851,-1,-1,-1
414,98,566.13,192.98,73.73,237.96,0.6414,-1,-1,-1
414,60,178.82,161.10,48.32,140.07,0.8274,-1,-1,-1
415,113,312.22,191.80,32.97,74.00,0.4619,-1,-1,-1
415,101,227.79,159.95,45.55,140.66,0.8076,-1,-1,-1
415,98,546.50,133.00,93.50,283.52,0.8509,-1,-1,-1
415,60,173.17,160.00,48.46,140.26,0.8280,-1,-1,-1
416,113,304.46,195.28,27.93,72.50,0.3423,-1,-1,-1
416,101,221.60,164.98,46.07,139.24,0.7814,-1,-1,-1
416,98,543.94,93.07,96.06,334.68,0.8903,-1,-1,-1
416,60,169.93,161.93,50.52,138.93,0.8228,-1,-1,-1
417,113,300.75,193.16,31.40,77.57,0.6707,-1,-1,-1
417,101,218.64,169.93,42.84,137.55,0.7352,-1,-1,-1
417,98,544.54,41.37,95.38,393.54,0.8590,-1,-1,-1
417,60,168.69,163.95,49.00,140.50,0.8353,-1,-1,-1
418,113,297.09,193.80,31.14,72.74,0.6010,-1,-1,-1
418,101,210.69,167.75,51.68,135.60,0.8221,-1,-1,-1
418,98,543.88,28.42,95.95,406.98,0.8707,-1,-1,-1
418,60,166.65,163.72,48.16,137.26,0.8470,-1,-1,-1
419,113,294.70,191.91,31.88,75.58,0.7495,-1,-1,-1
419,101,209.43,169.41,49.68,135.20,0.8021,-1,-1,-1
419,98,526.18,26.11,113.55,411.67,0.8962,-1,-1,-1
419,60,164.06,166.98,49.90,135.40,0.8384,-1,-1,-1
420,113,288.26,193.72,32.61,70.56,0.7503,-1,-1,-1
420,101,208.64,169.05,44.78,133.15,0.7920,-1,-1,-1
420,98,494.04,23.21,145.83,423.10,0.9185,-1,-1,-1
420,60,160.17,166.84,49.51,135.52,0.8041,-1,-1,-1
421,113,280.70,191.50,32.44,74.09,0.8138,-1,-1,-1
421,101,203.24,167.35,42.84,129.17,0.7575,-1,-1,-1
421,98,472.87,28.83,166.76,420.25,0.9188,-1,-1,-1
421,60,153.56,167.08,47.39,129.63,0.8403,-1,-1,-1
422,113,277.90,189.95,30.88,74.73,0.7362,-1,-1,-1
422,101,199.29,163.36,42.88,132.71,0.7860,-1,-1,-1
422,98,465.12,32.45,174.27,416.74,0.9191,-1,-1,-1
422,60,151.58,163.68,46.67,131.26,0.8326,-1,-1,-1
423,113,271.89,190.02,30.98,71.81,0.6320,-1,-1,-1
423,101,195.71,159.35,42.51,132.13,0.7963,-1,-1,-1
423,98,456.68,36.76,175.60,416.24,0.9169,-1,-1,-1
423,60,146.72,159.75,46.72,134.19,0.8228,-1,-1,-1
424,113,266.60,187.53,29.91,74.87,0.7524,-1,-1,-1
424,101,193.49,161.46,40.37,131.89,0.7998,-1,-1,-1
424,98,442.88,44.34,179.88,409.51,0.8874,-1,-1,-1
424,60,141.96,159.77,45.21,135.28,0.8043,-1,-1,-1
425,113,259.38,185.94,30.14,73.20,0.7069,-1,-1,-1
425,101,185.92,159.84,40.90,132.70,0.7890,-1,-1,-1
425,98,428.17,46.58,182.30,400.94,0.8981,-1,-1,-1
425,60,135.26,160.99,46.40,131.63,0.8081,-1,-1,-1
426,113,254.80,183.60,28.54,73.38,0.6917,-1,-1,-1
426,101,182.85,159.71,39.14,130.18,0.7942,-1,-1,-1
426,98,419.14,47.64,185.80,397.97,0.8714,-1,-1,-1
426,60,129.89,158.63,49.19,132.14,0.7798,-1,-1,-1
427,113,249.19,178.57,27.94,76.00,0.7292,-1,-1,-1
427,110,589.01,76.81,50.87,300.87,0.6228,-1,-1,-1
427,101,177.32,157.01,44.42,130.37,0.7678,-1,-1,-1
427,98,409.37,45.51,156.97,392.74,0.8805,-1,-1,-1
427,60,124.60,158.61,50.14,129.58,0.7881,-1,-1,-1
428,113,240.86,179.44,29.38,73.38,0.6691,-1,-1,-1
428,110,559.20,0.00,80.66,476.90,0.8489,-1,-1,-1
428,101,174.00,152.20,42.21,130.29,0.7953,-1,-1,-1
428,98,406.45,42.72,131.20,376.60,0.9019,-1,-1,-1
428,60,118.93,157.60,51.86,128.73,0.8162,-1,-1,-1
429,113,235.02,179.37,28.26,74.56,0.7574,-1,-1,-1
429,110,470.76,1.35,169.24,478.06,0.8366,-1,-1,-1
429,101,170.99,152.45,42.98,129.63,0.7996,-1,-1,-1
429,98,400.03,45.35,114.59,355.69,0.9054,-1,-1,-1
429,60,116.70,156.02,48.82,127.60,0.7956,-1,-1,-1
430,113,229.00,182.13,27.27,71.55,0.5700,-1,-1,-1
430,110,403.13,0.00,236.47,479.34,0.8966,-1,-1,-1
430,101,165.86,153.58,41.86,128.01,0.7858,-1,-1,-1
430,98,366.40,50.13,128.91,351.16,0.8954,-1,-1,-1
430,60,111.74,154.42,50.63,127.13,0.8180,-1,-1,-1
431,113,223.07,178.81,30.65,72.52,0.7438,-1,-1,-1
431,110,385.85,0.00,253.63,480.00,0.8794,-1,-1,-1
431,101,163.69,153.76,44.40,125.83,0.7834,-1,-1,-1
431,98,343.79,52.11,140.85,345.76,0.8955,-1,-1,-1
431,60,108.51,151.72,51.66,127.22,0.7935,-1,-1,-1
432,126,0.17,117.91,62.39,209.69,0.6869,-1,-1,-1
432,113,221.46,174.15,29.99,76.91,0.7564,-1,-1,-1
432,110,414.68,0.00,225.32,477.54,0.8881,-1,-1,-1
432,101,161.26,156.39,40.84,122.31,0.6762,-1,-1,-1
432,98,337.06,54.64,124.11,315.03,0.8707,-1,-1,-1
432,60,108.11,151.91,51.21,125.66,0.8177,-1,-1,-1
433,126,0.18,99.38,71.81,260.88,0.6653,-1,-1,-1
433,113,218.28,176.49,30.61,73.93,0.8185,-1,-1,-1
433,110,411.80,0.00,228.20,479.49,0.8541,-1,-1,-1
433,101,156.79,154.27,42.28,124.34,0.7056,-1,-1,-1
433,98,336.28,56.60,104.23,314.92,0.8564,-1,-1,-1
433,60,106.20,154.17,50.90,124.48,0.8291,-1,-1,-1
434,126,0.16,59.10,76.07,303.94,0.6238,-1,-1,-1
434,113,212.30,173.27,31.04,76.95,0.7610,-1,-1,-1
434,110,384.77,0.37,183.18,479.63,0.7955,-1,-1,-1
434,101,155.26,153.79,40.84,123.71,0.7952,-1,-1,-1
434,98,330.53,58.54,86.69,314.85,0.7950,-1,-1,-1
434,60,100.05,156.64,50.02,122.19,0.8361,-1,-1,-1
435,127,594.94,103.77,44.92,290.79,0.6185,-1,-1,-1
435,126,0.19,56.34,77.73,306.72,0.5676,-1,-1,-1
435,113,209.42,176.88,30.52,72.62,0.6605,-1,-1,-1
435,110,345.24,0.00,167.90,479.18,0.8554,-1,-1,-1
435,101,151.94,152.31,40.67,120.58,0.7766,-1,-1,-1
435,98,313.67,97.84,67.60,277.06,0.7107,-1,-1,-1
435,60,96.66,153.67,51.81,123.68,0.8350,-1,-1,-1
436,127,579.88,103.54,59.99,293.50,0.7717,-1,-1,-1
436,113,205.53,173.79,28.81,73.10,0.6919,-1,-1,-1
436,110,300.06,0.47,188.16,479.53,0.8961,-1,-1,-1
436,101,149.67,147.95,41.44,121.74,0.7939,-1,-1,-1
436,60,91.64,151.31,48.15,122.50,0.8045,-1,-1,-1
437,127,602.23,88.82,37.67,309.49,0.7321,-1,-1,-1
437,126,0.24,64.95,76.32,269.50,0.3907,-1,-1,-1
437,113,204.05,171.82,28.30,75.69,0.7496,-1,-1,-1
437,110,247.39,0.00,227.26,478.86,0.9259,-1,-1,-1
437,101,148.41,150.19,42.38,120.40,0.7414,-1,-1,-1
437,60,88.98,149.42,46.80,122.17,0.8183,-1,-1,-1
438,127,552.07,68.45,87.86,332.58,0.8623,-1,-1,-1
438,126,0.07,75.85,74.45,269.12,0.5811,-1,-1,-1
438,113,202.57,168.47,25.44,78.66,0.6454,-1,-1,-1
438,110,198.44,0.00,277.42,479.95,0.9044,-1,-1,-1
438,101,145.47,149.72,42.94,120.16,0.7583,-1,-1,-1
438,60,84.53,152.50,46.82,118.28,0.8289,-1,-1,-1
439,129,384.81,135.33,49.74,180.23,0.6430,-1,-1,-1
439,127,528.84,77.39,111.03,325.03,0.8994,-1,-1,-1
439,126,0.23,75.68,71.07,296.08,0.3917,-1,-1,-1
439,110,182.12,1.64,276.65,478.36,0.8631,-1,-1,-1
439,101,143.00,149.28,38.32,119.09,0.8132,-1,-1,-1
439,60,82.14,148.06,46.79,121.83,0.8398,-1,-1,-1
440,129,370.69,135.97,55.49,178.89,0.7037,-1,-1,-1
440,127,521.75,77.66,118.20,330.51,0.9120,-1,-1,-1
440,126,0.00,54.13,70.64,352.87,0.6912,-1,-1,-1
440,110,84.51,0.00,334.80,480.00,0.8434,-1,-1,-1
440,98,309.84,59.02,80.83,207.35,0.7654,-1,-1,-1
440,60,78.84,145.89,44.26,93.05,0.4035,-1,-1,-1
441,129,369.40,137.99,52.93,178.43,0.7125,-1,-1,-1
441,127,526.90,80.66,112.94,330.82,0.8890,-1,-1,-1
441,110,0.91,0.75,287.68,478.15,0.8619,-1,-1,-1
441,98,277.33,65.83,113.06,337.19,0.7949,-1,-1,-1
442,129,366.94,137.23,50.52,178.19,0.7611,-1,-1,-1
442,127,534.39,79.64,96.62,317.77,0.8631,-1,-1,-1
442,110,0.76,1.05,247.41,477.73,0.7010,-1,-1,-1
442,98,258.08,66.93,126.27,331.90,0.8812,-1,-1,-1
443,130,608.59,83.71,31.20,221.90,0.4619,-1,-1,-1
443,129,365.32,132.99,47.04,178.15,0.7381,-1,-1,-1
443,127,522.41,76.21,99.86,309.95,0.7489,-1,-1,-1
443,110,0.54,2.18,205.95,474.56,0.7434,-1,-1,-1
443,98,255.18,62.54,122.64,333.35,0.8876,-1,-1,-1
444,129,359.01,135.65,47.99,180.17,0.7314,-1,-1,-1
444,127,497.17,81.38,111.42,302.21,0.6011,-1,-1,-1
444,113,187.58,178.57,29.78,70.00,0.7556,-1,-1,-1
444,101,145.74,155.22,36.41,118.49,0.7471,-1,-1,-1
444,98,249.56,64.96,120.45,321.66,0.8924,-1,-1,-1
445,132,591.28,87.90,48.51,259.38,0.6840,-1,-1,-1
445,129,357.87,138.77,50.47,179.21,0.7980,-1,-1,-1
445,127,532.29,82.12,80.38,318.79,0.5216,-1,-1,-1
445,113,189.53,179.09,29.84,71.02,0.7035,-1,-1,-1
445,101,143.63,157.49,39.82,115.67,0.7746,-1,-1,-1
445,98,249.43,62.57,115.88,317.31,0.8938,-1,-1,-1
446,133,94.53,153.55,45.52,118.16,0.8078,-1,-1,-1
446,132,582.70,75.48,57.12,293.43,0.8484,-1,-1,-1
446,129,343.70,139.69,63.00,177.97,0.7751,-1,-1,-1
446,127,463.86,82.88,159.17,315.52,0.8933,-1,-1,-1
446,126,0.15,3.61,99.63,288.83,0.7682,-1,-1,-1
446,113,193.36,177.71,29.23,71.87,0.6205,-1,-1,-1
446,101,147.38,157.80,41.11,114.21,0.7492,-1,-1,-1
446,98,246.81,60.37,109.68,319.00,0.8980,-1,-1,-1
447,133,96.98,155.56,48.05,119.11,0.7881,-1,-1,-1
447,132,575.56,81.08,64.30,290.87,0.8191,-1,-1,-1
447,129,341.38,143.44,65.35,179.27,0.7891,-1,-1,-1
447,127,470.02,86.27,159.17,316.23,0.8470,-1,-1,-1
447,126,0.17,0.55,103.37,314.18,0.7400,-1,-1,-1
447,113,193.94,181.52,30.50,70.22,0.5503,-1,-1,-1
447,101,147.62,160.73,42.59,113.83,0.7080,-1,-1,-1
447,98,238.94,61.42,111.71,327.47,0.8948,-1,-1,-1
448,133,98.60,152.21,47.79,117.60,0.8173,-1,-1,-1
448,132,574.17,82.77,65.70,293.55,0.8024,-1,-1,-1
448,129,343.68,141.01,61.76,180.77,0.7878,-1,-1,-1
448,127,473.96,83.96,128.01,312.57,0.8571,-1,-1,-1
448,126,0.06,0.00,106.97,480.00,0.8846,-1,-1,-1
448,113,192.76,181.16,32.96,68.94,0.5861,-1,-1,-1
448,101,147.96,157.35,41.60,113.91,0.7693,-1,-1,-1
448,98,236.79,60.72,107.72,330.91,0.8920,-1,-1,-1
449,133,103.82,157.65,46.10,113.28,0.8283,-1,-1,-1
449,132,550.58,87.80,89.12,295.83,0.5436,-1,-1,-1
449,129,344.01,142.13,61.59,178.95,0.7879,-1,-1,-1
449,127,485.73,84.38,96.52,304.71,0.8426,-1,-1,-1
449,126,0.00,0.00,111.98,476.58,0.8933,-1,-1,-1
449,113,197.15,182.69,32.61,69.66,0.6079,-1,-1,-1
449,101,150.67,158.29,37.57,112.80,0.7932,-1,-1,-1
449,98,241.18,66.00,101.47,330.62,0.8942,-1,-1,-1
450,133,114.25,158.90,45.15,113.81,0.7857,-1,-1,-1
450,132,548.02,86.81,91.83,272.35,0.5572,-1,-1,-1
450,129,355.61,138.97,56.65,177.09,0.8351,-1,-1,-1
450,127,499.42,82.16,98.89,314.65,0.8299,-1,-1,-1
450,126,0.00,0.32,122.10,477.93,0.8711,-1,-1,-1
450,113,205.69,182.50,32.00,70.35,0.6946,-1,-1,-1
450,101,160.13,158.18,37.34,112.57,0.8062,-1,-1,-1
450,98,243.33,66.80,102.06,327.65,0.8902,-1,-1,-1
451,133,121.14,160.14,43.31,113.18,0.8020,-1,-1,-1
451,132,554.90,88.73,84.96,278.89,0.6901,-1,-1,-1
451,129,359.47,139.47,58.18,178.55,0.8255,-1,-1,-1
451,127,489.03,85.22,111.95,317.68,0.8500,-1,-1,-1
451,126,0.00,4.38,130.33,474.11,0.9075,-1,-1,-1
451,113,209.32,183.53,30.74,69.50,0.5818,-1,-1,-1
451,101,165.67,160.74,39.16,111.66,0.7897,-1,-1,-1
451,98,233.83,65.58,116.55,329.97,0.8778,-1,-1,-1
452,133,131.38,158.77,42.21,112.66,0.8057,-1,-1,-1
452,132,579.13,85.53,60.77,275.09,0.6923,-1,-1,-1
452,129,358.81,138.64,61.41,181.28,0.7611,-1,-1,-1
452,127,476.99,87.55,134.02,320.83,0.8441,-1,-1,-1
452,126,0.00,5.21,137.36,472.12,0.9110,-1,-1,-1
452,101,174.77,160.78,36.45,112.44,0.8050,-1,-1,-1
452,98,223.87,61.58,125.24,324.05,0.8976,-1,-1,-1
453,133,139.09,156.72,41.37,111.91,0.8192,-1,-1,-1
453,132,581.69,77.57,58.22,299.11,0.7389,-1,-1,-1
453,129,361.03,138.09,71.60,180.99,0.7732,-1,-1,-1
453,127,486.20,83.97,132.13,325.89,0.8523,-1,-1,-1
453,126,0.00,2.46,149.46,473.72,0.9064,-1,-1,-1
453,101,182.81,160.14,34.51,110.83,0.7901,-1,-1,-1
453,98,232.19,54.11,124.54,327.56,0.8821,-1,-1,-1
454,133,151.19,159.27,37.59,114.34,0.7884,-1,-1,-1
454,132,588.72,81.79,50.92,302.95,0.7582,-1,-1,-1
454,129,371.52,144.17,71.23,181.59,0.8144,-1,-1,-1
454,127,503.19,84.67,116.08,330.36,0.8654,-1,-1,-1
454,126,0.15,4.22,159.43,471.97,0.9140,-1,-1,-1
454,101,192.41,163.80,35.15,111.96,0.7999,-1,-1,-1
454,98,241.36,59.30,126.21,332.20,0.9030,-1,-1,-1
455,133,160.06,159.80,37.45,110.11,0.8076,-1,-1,-1
455,132,571.01,80.83,68.88,309.74,0.7522,-1,-1,-1
455,129,378.11,139.76,69.70,183.75,0.8281,-1,-1,-1
455,127,505.29,77.23,103.57,317.48,0.8730,-1,-1,-1
455,126,0.32,0.00,170.69,477.19,0.8870,-1,-1,-1
455,101,198.02,161.75,39.26,110.54,0.7637,-1,-1,-1
455,98,255.48,58.51,119.19,340.78,0.8962,-1,-1,-1
456,133,168.90,162.28,32.69,107.39,0.6910,-1,-1,-1
456,132,585.63,83.93,54.13,283.50,0.7749,-1,-1,-1
456,129,381.46,140.18,67.79,186.68,0.7733,-1,-1,-1
456,127,504.14,79.65,102.95,320.04,0.8724,-1,-1,-1
456,126,0.00,1.33,179.60,473.63,0.8860,-1,-1,-1
456,101,205.24,161.55,38.08,111.22,0.7777,-1,-1,-1
456,98,260.14,62.17,118.13,342.88,0.8837,-1,-1,-1
457,133,178.66,166.61,34.26,106.12,0.7369,-1,-1,-1
457,132,602.22,87.54,37.61,290.55,0.7489,-1,-1,-1
457,129,389.12,141.07,63.20,184.12,0.7402,-1,-1,-1
457,127,480.70,85.86,131.81,327.69,0.8825,-1,-1,-1
457,126,2.10,6.32,191.35,466.47,0.8834,-1,-1,-1
457,101,213.86,163.64,36.72,110.79,0.7629,-1,-1,-1
457,98,267.18,65.71,120.33,350.46,0.8820,-1,-1,-1
458,133,188.18,163.61,31.53,104.61,0.5363,-1,-1,-1
458,132,607.07,79.39,32.70,302.30,0.7272,-1,-1,-1
458,129,393.48,137.34,59.76,185.01,0.8172,-1,-1,-1
458,127,474.98,84.75,149.15,331.35,0.8931,-1,-1,-1
458,126,16.49,3.28,188.90,470.97,0.8728,-1,-1,-1
458,101,224.35,161.59,33.68,110.24,0.7654,-1,-1,-1
458,98,273.42,62.40,120.05,350.14,0.8835,-1,-1,-1
459,132,602.94,85.23,36.99,289.23,0.6143,-1,-1,-1
459,129,401.55,143.86,59.89,188.12,0.7877,-1,-1,-1
459,127,487.99,89.94,151.77,335.97,0.8958,-1,-1,-1
459,126,39.34,4.56,186.96,472.95,0.8384,-1,-1,-1
459,101,232.66,168.86,31.50,109.52,0.7598,-1,-1,-1
459,98,274.76,67.25,124.52,357.29,0.8802,-1,-1,-1
460,132,605.55,79.04,34.35,305.39,0.6391,-1,-1,-1
460,129,401.06,143.90,61.28,189.47,0.7969,-1,-1,-1
460,127,494.81,87.51,144.21,341.82,0.8786,-1,-1,-1
460,126,38.82,2.19,193.29,477.81,0.8569,-1,-1,-1
460,101,234.30,167.56,31.71,109.63,0.7275,-1,-1,-1
460,98,273.30,64.70,130.33,356.35,0.8956,-1,-1,-1
461,132,600.34,79.08,39.37,305.48,0.6705,-1,-1,-1
461,129,405.75,142.55,57.96,192.15,0.8032,-1,-1,-1
461,127,513.16,80.86,101.69,322.54,0.8676,-1,-1,-1
461,126,50.41,0.00,190.65,479.82,0.8820,-1,-1,-1
461,101,241.05,165.37,31.31,110.14,0.7184,-1,-1,-1
461,98,277.40,55.98,130.38,345.89,0.9053,-1,-1,-1
462,132,588.73,81.43,50.99,297.12,0.7029,-1,-1,-1
462,129,404.02,144.01,62.50,193.07,0.8333,-1,-1,-1
462,127,514.73,80.93,101.61,330.64,0.8475,-1,-1,-1
462,126,53.10,0.00,189.27,475.20,0.8680,-1,-1,-1
462,101,241.56,165.49,36.89,111.85,0.7216,-1,-1,-1
462,98,280.20,56.27,125.78,345.39,0.8935,-1,-1,-1
463,132,584.89,88.80,54.85,295.22,0.6668,-1,-1,-1
463,129,409.15,146.80,53.19,196.32,0.8212,-1,-1,-1
463,127,503.84,89.47,123.80,336.28,0.8842,-1,-1,-1
463,126,52.58,3.27,194.33,476.73,0.8517,-1,-1,-1
463,101,242.81,166.02,34.30,112.29,0.7093,-1,-1,-1
463,98,280.91,60.04,120.30,352.22,0.8943,-1,-1,-1
464,133,242.19,169.33,33.08,108.31,0.7387,-1,-1,-1
464,132,589.82,88.86,50.05,296.81,0.7476,-1,-1,-1
464,129,407.43,145.46,54.81,193.10,0.7832,-1,-1,-1
464,127,482.79,89.48,144.63,338.69,0.8727,-1,-1,-1
464,126,49.52,0.00,195.57,480.00,0.8767,-1,-1,-1
464,98,282.63,58.18,111.85,358.44,0.8840,-1,-1,-1
465,133,240.09,169.76,34.90,105.51,0.7139,-1,-1,-1
465,132,592.01,85.74,47.82,308.63,0.7927,-1,-1,-1
465,129,407.46,141.86,55.60,190.11,0.7480,-1,-1,-1
465,127,476.77,90.56,144.40,337.14,0.8836,-1,-1,-1
465,126,47.57,0.00,195.78,480.00,0.8873,-1,-1,-1
465,98,283.78,55.96,105.13,362.81,0.8801,-1,-1,-1
466,133,242.05,164.86,34.36,112.05,0.6957,-1,-1,-1
466,132,596.42,84.46,43.48,310.76,0.8246,-1,-1,-1
466,129,406.40,141.23,55.85,191.35,0.7613,-1,-1,-1
466,127,480.86,89.67,129.72,339.93,0.8833,-1,-1,-1
466,126,46.93,0.00,195.86,480.00,0.8538,-1,-1,-1
466,98,279.87,57.63,104.69,362.31,0.8848,-1,-1,-1
467,133,243.07,168.38,35.59,108.41,0.6920,-1,-1,-1
467,132,587.34,83.01,52.58,316.66,0.8733,-1,-1,-1
467,129,397.00,141.65,67.76,192.98,0.7694,-1,-1,-1
467,127,482.36,85.89,107.63,327.21,0.8819,-1,-1,-1
467,126,45.99,0.00,199.17,480.00,0.8861,-1,-1,-1
467,98,271.29,59.25,112.36,364.59,0.8931,-1,-1,-1
468,133,237.28,167.81,36.02,105.94,0.5257,-1,-1,-1
468,132,570.03,81.64,69.84,320.22,0.8729,-1,-1,-1
468,129,402.36,141.63,62.59,192.07,0.7424,-1,-1,-1
468,127,468.97,81.03,105.69,321.18,0.8661,-1,-1,-1
468,126,42.74,0.59,200.05,479.41,0.8912,-1,-1,-1
468,98,266.90,51.86,115.06,372.20,0.8779,-1,-1,-1
469,132,557.10,83.99,82.72,318.77,0.8593,-1,-1,-1
469,129,401.12,139.72,60.84,192.98,0.7111,-1,-1,-1
469,127,440.12,81.71,127.98,328.84,0.8495,-1,-1,-1
469,126,40.15,0.19,204.47,471.73,0.8560,-1,-1,-1
469,98,254.84,43.54,126.82,361.74,0.8723,-1,-1,-1
470,132,550.62,82.66,89.22,299.92,0.8733,-1,-1,-1
470,129,400.72,139.87,62.50,187.30,0.7674,-1,-1,-1
470,127,429.86,86.18,133.80,331.22,0.8919,-1,-1,-1
470,126,40.75,0.00,210.66,480.00,0.8561,-1,-1,-1
470,98,252.94,42.02,134.78,363.82,0.8749,-1,-1,-1
471,132,549.32,78.29,90.52,307.07,0.7534,-1,-1,-1
471,129,401.48,136.98,62.62,191.65,0.5922,-1,-1,-1
471,127,435.73,87.78,132.09,329.96,0.8881,-1,-1,-1
471,126,46.42,0.07,211.35,479.93,0.8750,-1,-1,-1
471,98,255.60,40.37,139.64,365.20,0.8792,-1,-1,-1
472,132,559.61,73.51,80.22,320.15,0.8589,-1,-1,-1
472,129,400.15,132.84,65.69,194.10,0.6259,-1,-1,-1
472,127,440.03,83.06,124.81,332.64,0.8810,-1,-1,-1
472,126,52.30,0.25,211.50,479.75,0.8802,-1,-1,-1
472,98,258.60,35.70,139.17,371.13,0.8853,-1,-1,-1
473,132,572.25,71.21,67.65,324.02,0.8809,-1,-1,-1
473,129,403.42,129.88,59.73,195.01,0.6299,-1,-1,-1
473,127,443.69,77.31,110.73,325.05,0.8928,-1,-1,-1
473,126,57.40,0.50,217.61,474.92,0.8505,-1,-1,-1
473,98,264.88,33.50,127.12,385.19,0.8721,-1,-1,-1
474,132,543.19,71.53,96.69,321.12,0.8478,-1,-1,-1
474,129,406.90,131.35,55.51,196.01,0.7489,-1,-1,-1
474,127,447.71,75.70,104.29,321.10,0.8472,-1,-1,-1
474,126,66.47,0.56,219.17,479.44,0.8409,-1,-1,-1
474,98,273.68,34.18,119.81,387.13,0.8808,-1,-1,-1
475,132,525.14,73.79,114.70,296.29,0.9071,-1,-1,-1
475,129,413.34,130.20,55.02,198.31,0.3903,-1,-1,-1
475,127,452.22,74.08,109.27,330.44,0.8483,-1,-1,-1
475,126,73.03,0.35,218.50,475.04,0.8606,-1,-1,-1
475,98,278.35,36.77,119.20,388.93,0.8838,-1,-1,-1
476,132,530.44,74.02,109.56,300.71,0.9006,-1,-1,-1
476,127,453.02,78.63,116.63,331.41,0.8854,-1,-1,-1
476,126,75.92,1.60,218.68,474.08,0.8773,-1,-1,-1
476,98,282.72,40.77,119.63,389.28,0.8851,-1,-1,-1
477,132,534.09,72.00,105.90,307.87,0.9026,-1,-1,-1
477,127,448.78,82.29,120.62,334.59,0.7888,-1,-1,-1
477,126,78.56,0.76,218.37,463.44,0.7765,-1,-1,-1
477,98,281.36,39.56,122.88,392.22,0.8946,-1,-1,-1
478,132,537.96,71.92,102.04,311.54,0.8895,-1,-1,-1
478,127,445.39,79.11,118.96,340.06,0.8136,-1,-1,-1
478,126,71.17,0.27,224.75,466.36,0.7864,-1,-1,-1
478,98,281.84,34.70,121.77,389.27,0.8982,-1,-1,-1
479,132,542.65,74.71,97.25,323.78,0.9092,-1,-1,-1
479,127,443.42,86.12,114.11,330.40,0.8518,-1,-1,-1
479,126,69.94,0.15,228.84,479.85,0.8125,-1,-1,-1
479,98,278.47,38.79,122.26,371.60,0.8945,-1,-1,-1
480,135,0.04,115.94,31.88,279.06,0.3312,-1,-1,-1
480,132,549.27,76.16,88.05,329.19,0.8300,-1,-1,-1
480,129,395.09,138.71,64.68,192.74,0.4790,-1,-1,-1
480,127,441.05,86.45,115.32,319.37,0.8708,-1,-1,-1
480,126,72.68,0.00,222.91,477.47,0.8429,-1,-1,-1
480,98,275.07,39.29,122.79,383.87,0.8865,-1,-1,-1
481,132,535.07,73.19,98.47,335.17,0.8479,-1,-1,-1
481,127,434.15,82.61,107.76,318.20,0.8626,-1,-1,-1
481,126,65.36,0.44,228.59,473.87,0.8035,-1,-1,-1
481,98,272.66,33.60,116.28,390.20,0.8836,-1,-1,-1
482,135,0.36,118.05,41.46,163.09,0.3419,-1,-1,-1
482,132,514.79,76.34,119.44,338.48,0.8403,-1,-1,-1
482,127,413.34,83.56,116.07,322.91,0.8689,-1,-1,-1
482,126,55.47,0.99,234.78,465.80,0.7511,-1,-1,-1
482,98,265.80,34.37,110.97,395.08,0.8883,-1,-1,-1
483,132,509.52,84.70,115.62,334.16,0.8816,-1,-1,-1
483,127,397.09,92.15,122.03,327.01,0.8719,-1,-1,-1
483,126,47.60,2.89,240.48,473.28,0.7814,-1,-1,-1
483,98,261.06,42.71,104.68,394.64,0.8769,-1,-1,-1
484,132,510.79,85.56,109.61,334.76,0.8761,-1,-1,-1
484,127,383.27,93.98,128.55,330.18,0.8437,-1,-1,-1
484,126,37.62,7.42,244.50,472.58,0.6543,-1,-1,-1
484,98,254.56,48.36,102.61,391.06,0.8589,-1,-1,-1
485,132,510.36,85.11,94.14,323.93,0.8383,-1,-1,-1
485,127,394.58,91.59,115.17,332.71,0.8087,-1,-1,-1
485,126,32.20,1.13,249.11,478.87,0.7358,-1,-1,-1
485,98,250.20,49.14,100.96,396.40,0.8414,-1,-1,-1
486,132,503.55,83.34,85.83,318.41,0.8734,-1,-1,-1
486,127,399.30,89.11,99.24,322.89,0.8710,-1,-1,-1
486,126,26.63,0.12,253.15,479.88,0.7842,-1,-1,-1
486,98,245.06,41.49,102.53,389.98,0.8828,-1,-1,-1
487,132,489.27,85.94,91.64,327.26,0.8850,-1,-1,-1
487,127,393.69,90.13,97.93,322.41,0.8712,-1,-1,-1
487,126,23.49,0.61,257.79,479.39,0.8442,-1,-1,-1
487,98,241.33,38.71,102.65,390.07,0.8848,-1,-1,-1
488,132,458.86,88.65,120.73,332.80,0.8517,-1,-1,-1
488,127,390.70,93.35,102.04,326.70,0.8520,-1,-1,-1
488,126,27.83,1.07,258.68,478.93,0.8166,-1,-1,-1
488,98,243.84,37.74,98.58,382.98,0.8606,-1,-1,-1
489,136,556.04,86.87,83.62,147.34,0.3869,-1,-1,-1
489,132,451.47,88.28,133.46,335.38,0.8953,-1,-1,-1
489,127,390.65,95.09,102.58,331.26,0.7845,-1,-1,-1
489,126,17.43,0.55,267.40,479.45,0.6875,-1,-1,-1
489,98,245.13,35.97,91.22,376.72,0.8672,-1,-1,-1
490,136,558.84,83.01,80.97,218.07,0.3299,-1,-1,-1
490,132,456.04,91.64,133.70,331.43,0.8815,-1,-1,-1
490,127,382.88,97.10,107.92,329.34,0.8306,-1,-1,-1
490,126,3.65,0.97,277.16,479.03,0.6199,-1,-1,-1
490,98,249.58,36.97,78.78,343.63,0.6458,-1,-1,-1
491,132,460.48,94.47,117.77,323.26,0.8675,-1,-1,-1
491,127,376.08,98.53,112.85,335.70,0.8505,-1,-1,-1
491,126,0.53,0.32,282.61,477.43,0.8246,-1,-1,-1
491,98,251.41,41.66,74.65,322.17,0.8143,-1,-1,-1
492,132,466.28,89.69,99.51,317.57,0.8143,-1,-1,-1
492,127,377.15,95.12,105.81,327.36,0.8688,-1,-1,-1
492,126,0.43,0.19,276.82,476.76,0.7387,-1,-1,-1
492,98,249.69,40.48,75.38,295.67,0.8186,-1,-1,-1
493,132,469.94,88.48,100.81,327.56,0.8354,-1,-1,-1
493,127,376.97,93.06,99.92,319.17,0.8681,-1,-1,-1
493,126,0.61,0.60,276.96,476.75,0.7244,-1,-1,-1
493,98,244.81,41.63,81.15,285.06,0.8092,-1,-1,-1
494,132,468.33,90.97,94.38,332.74,0.7729,-1,-1,-1
494,127,373.69,95.20,100.76,323.27,0.8324,-1,-1,-1
494,126,0.94,0.21,279.61,479.00,0.7531,-1,-1,-1
494,98,240.58,41.85,88.90,339.61,0.8512,-1,-1,-1
495,132,462.47,89.05,97.20,337.87,0.8357,-1,-1,-1
495,127,363.62,91.20,112.26,330.57,0.8765,-1,-1,-1
495,126,0.19,0.25,273.31,478.86,0.3713,-1,-1,-1
495,98,230.63,29.32,102.60,356.87,0.8552,-1,-1,-1
496,137,343.87,136.42,57.43,211.47,0.5609,-1,-1,-1
496,132,463.96,90.72,97.87,338.17,0.8446,-1,-1,-1
496,127,365.55,93.64,110.42,334.30,0.8893,-1,-1,-1
496,126,0.02,0.10,275.14,479.90,0.4389,-1,-1,-1
496,98,230.00,28.30,106.73,355.89,0.8534,-1,-1,-1
497,137,345.66,137.56,54.60,205.92,0.6549,-1,-1,-1
497,132,465.12,89.79,103.98,341.26,0.8030,-1,-1,-1
497,127,371.88,94.03,103.06,338.95,0.8471,-1,-1,-1
497,126,0.15,0.34,274.00,477.84,0.4721,-1,-1,-1
497,98,229.56,27.53,108.13,349.32,0.8473,-1,-1,-1
498,137,337.98,139.61,62.73,202.97,0.6500,-1,-1,-1
498,136,561.37,75.66,78.43,240.83,0.3462,-1,-1,-1
498,132,468.86,89.13,93.55,335.83,0.7975,-1,-1,-1
498,127,380.91,93.97,92.10,338.02,0.8279,-1,-1,-1
498,126,0.00,0.25,275.55,479.73,0.6802,-1,-1,-1
498,98,229.51,26.46,103.71,355.36,0.8121,-1,-1,-1
499,137,340.38,141.64,60.86,198.90,0.5441,-1,-1,-1
499,132,471.37,83.80,96.88,325.42,0.7746,-1,-1,-1
499,127,380.42,88.63,94.36,332.80,0.8409,-1,-1,-1
499,126,0.08,0.00,280.46,480.00,0.6291,-1,-1,-1
499,98,231.91,24.70,97.51,317.15,0.8391,-1,-1,-1
500,137,343.64,136.40,56.47,208.27,0.6926,-1,-1,-1
500,132,472.10,84.18,85.64,329.43,0.7343,-1,-1,-1
500,127,381.71,89.53,100.38,323.59,0.8536,-1,-1,-1
500,126,0.00,0.18,282.00,477.48,0.5897,-1,-1,-1
500,98,235.38,29.10,89.72,321.40,0.8271,-1,-1,-1
501,137,351.93,136.42,50.96,210.04,0.6530,-1,-1,-1
501,132,461.62,82.37,103.06,337.11,0.7660,-1,-1,-1
501,127,385.73,88.80,104.64,329.50,0.7832,-1,-1,-1
501,126,0.24,0.11,290.80,474.62,0.7237,-1,-1,-1
501,98,241.85,30.06,82.11,321.24,0.7995,-1,-1,-1
502,137,349.03,134.64,66.29,215.72,0.6760,-1,-1,-1
502,132,456.61,84.70,134.08,345.19,0.6838,-1,-1,-1
502,127,389.23,89.27,109.50,338.30,0.7963,-1,-1,-1
502,126,5.67,0.06,293.98,479.94,0.7818,-1,-1,-1
502,98,244.85,29.68,76.55,317.94,0.6735,-1,-1,-1
503,132,466.82,81.93,128.41,341.44,0.8680,-1,-1,-1
503,127,392.13,87.71,111.19,340.13,0.8464,-1,-1,-1
503,126,13.09,0.89,300.91,479.06,0.5557,-1,-1,-1
504,137,341.08,125.78,68.10,221.58,0.4465,-1,-1,-1
504,132,475.72,77.42,120.89,343.95,0.8775,-1,-1,-1
504,127,392.92,84.96,109.69,339.25,0.8561,-1,-1,-1
504,126,0.13,0.51,315.06,479.49,0.6566,-1,-1,-1
505,137,338.00,129.56,74.20,224.15,0.5851,-1,-1,-1
505,132,482.38,77.63,113.45,334.73,0.8637,-1,-1,-1
505,127,394.85,85.37,100.68,334.63,0.8393,-1,-1,-1
505,126,11.63,1.50,320.33,478.50,0.5063,-1,-1,-1
506,137,352.73,128.43,54.43,217.47,0.6641,-1,-1,-1
506,132,485.89,73.88,111.60,331.39,0.8743,-1,-1,-1
506,127,389.96,80.70,98.13,320.04,0.8595,-1,-1,-1
506,126,15.60,1.58,319.00,472.52,0.5644,-1,-1,-1
507,137,337.71,131.03,66.44,217.15,0.6456,-1,-1,-1
507,132,484.82,76.83,112.87,338.86,0.8489,-1,-1,-1
507,127,387.24,83.32,98.37,321.24,0.8247,-1,-1,-1
507,126,41.39,0.39,299.46,478.17,0.6284,-1,-1,-1
508,137,341.85,128.12,63.19,213.11,0.7144,-1,-1,-1
508,135,0.98,94.67,80.28,201.17,0.5073,-1,-1,-1
508,132,486.24,77.83,111.33,341.03,0.8544,-1,-1,-1
508,127,377.20,82.81,110.48,328.74,0.8269,-1,-1,-1
508,126,63.51,0.32,282.56,472.68,0.6249,-1,-1,-1
509,137,344.98,123.18,60.40,213.16,0.6589,-1,-1,-1
509,135,0.00,95.39,88.79,224.24,0.5987,-1,-1,-1
509,132,487.26,75.58,104.83,344.18,0.8494,-1,-1,-1
509,127,366.09,79.96,122.10,331.60,0.8552,-1,-1,-1
509,126,74.22,0.86,275.59,471.87,0.6198,-1,-1,-1
510,137,352.36,128.17,54.29,210.68,0.5700,-1,-1,-1
510,135,0.49,77.45,106.35,258.43,0.7465,-1,-1,-1
510,132,490.28,80.76,108.64,340.12,0.8123,-1,-1,-1
510,127,370.38,84.85,116.66,337.01,0.8440,-1,-1,-1
510,126,90.25,0.26,271.38,475.52,0.3886,-1,-1,-1
511,135,3.35,62.69,126.20,284.52,0.6789,-1,-1,-1
511,132,495.30,77.99,99.35,343.11,0.7718,-1,-1,-1
511,129,380.22,116.78,43.76,291.23,0.3767,-1,-1,-1
511,127,383.97,83.85,101.85,337.25,0.8348,-1,-1,-1
511,126,107.98,1.39,205.82,476.44,0.3712,-1,-1,-1
512,135,25.01,66.72,123.12,288.15,0.7093,-1,-1,-1
512,132,502.64,81.65,94.56,330.05,0.7595,-1,-1,-1
512,127,389.32,86.13,99.87,338.00,0.8622,-1,-1,-1
512,126,124.37,1.39,271.57,478.08,0.5875,-1,-1,-1
513,138,8.88,120.29,80.40,234.21,0.8404,-1,-1,-1
513,135,70.63,71.71,99.92,326.04,0.8416,-1,-1,-1
513,132,506.36,83.91,88.25,331.50,0.8385,-1,-1,-1
513,127,405.63,91.15,89.27,320.37,0.8337,-1,-1,-1
513,126,154.91,1.26,271.81,470.95,0.6847,-1,-1,-1
514,138,3.08,114.89,82.13,238.82,0.8450,-1,-1,-1
514,135,83.80,68.75,94.00,329.56,0.8856,-1,-1,-1
514,132,502.84,79.93,94.41,335.55,0.8377,-1,-1,-1
514,127,415.43,87.83,79.14,315.55,0.8663,-1,-1,-1
514,126,158.90,1.04,275.31,470.67,0.5520,-1,-1,-1
515,138,0.94,107.65,70.75,255.73,0.8529,-1,-1,-1
515,135,92.98,75.29,109.28,328.42,0.8878,-1,-1,-1
515,132,483.90,85.89,115.48,339.42,0.8416,-1,-1,-1
515,127,430.28,93.99,65.44,189.80,0.8157,-1,-1,-1
515,126,187.02,0.53,270.62,472.58,0.7152,-1,-1,-1
516,138,0.00,103.27,61.36,269.70,0.8548,-1,-1,-1
516,135,94.24,78.98,118.10,329.24,0.8787,-1,-1,-1
516,132,482.61,88.85,132.30,344.27,0.8219,-1,-1,-1
516,126,219.93,0.34,265.34,475.54,0.7070,-1,-1,-1
517,139,191.20,78.17,78.69,303.09,0.5601,-1,-1,-1
517,138,0.29,99.06,53.53,265.64,0.8608,-1,-1,-1
517,135,96.63,86.71,111.31,322.07,0.8725,-1,-1,-1
517,132,497.91,89.57,127.59,343.03,0.8859,-1,-1,-1
517,126,243.18,0.70,273.78,470.82,0.7440,-1,-1,-1
518,139,186.39,29.40,113.23,363.59,0.8533,-1,-1,-1
518,138,0.12,93.15,43.04,275.12,0.7935,-1,-1,-1
518,135,96.43,86.85,114.59,320.83,0.8743,-1,-1,-1
518,132,514.51,94.64,108.85,338.73,0.8426,-1,-1,-1
518,126,260.60,0.99,280.87,475.43,0.7536,-1,-1,-1
519,139,180.71,26.03,121.43,401.26,0.8751,-1,-1,-1
519,135,111.38,80.65,98.85,305.09,0.8668,-1,-1,-1
519,126,276.04,0.70,299.13,477.78,0.7188,-1,-1,-1
520,139,181.34,21.20,136.69,444.19,0.8775,-1,-1,-1
520,135,127.50,76.19,85.72,310.94,0.8338,-1,-1,-1
520,126,290.89,0.52,306.28,477.88,0.8221,-1,-1,-1
521,139,180.66,16.92,152.23,440.45,0.8793,-1,-1,-1
521,135,113.12,81.86,106.83,308.19,0.8423,-1,-1,-1
521,126,325.58,0.57,313.81,474.37,0.8637,-1,-1,-1
522,139,187.99,18.74,153.73,442.54,0.8876,-1,-1,-1
522,135,112.18,88.15,109.43,311.24,0.8237,-1,-1,-1
522,126,348.06,0.63,290.39,473.05,0.7789,-1,-1,-1
523,139,192.46,16.13,149.37,451.09,0.8998,-1,-1,-1
523,135,108.65,90.65,110.95,310.32,0.7710,-1,-1,-1
523,126,361.51,0.74,277.93,476.31,0.8149,-1,-1,-1
524,139,194.09,11.63,148.29,461.92,0.8947,-1,-1,-1
524,135,107.29,83.47,113.83,307.24,0.8326,-1,-1,-1
524,126,374.35,1.01,265.12,475.99,0.8004,-1,-1,-1
525,139,204.00,16.50,147.40,463.50,0.8894,-1,-1,-1
525,135,114.74,83.81,111.46,296.13,0.8324,-1,-1,-1
525,126,391.34,0.18,248.26,479.82,0.8933,-1,-1,-1
526,139,209.31,16.04,152.55,463.96,0.8738,-1,-1,-1
526,135,137.38,77.91,96.42,286.72,0.8530,-1,-1,-1
526,126,405.12,0.76,234.67,479.24,0.8942,-1,-1,-1
527,139,203.98,13.24,160.69,466.76,0.8661,-1,-1,-1
527,135,146.14,75.06,87.45,293.93,0.8489,-1,-1,-1
527,126,416.26,0.00,223.68,480.00,0.8697,-1,-1,-1
528,139,200.04,22.37,172.26,457.37,0.8604,-1,-1,-1
528,135,162.42,89.55,76.72,293.52,0.8614,-1,-1,-1
528,129,392.05,97.59,71.10,317.14,0.6935,-1,-1,-1
528,126,437.08,0.00,202.92,480.00,0.9061,-1,-1,-1
529,140,126.18,163.69,47.75,146.53,0.7924,-1,-1,-1
529,139,203.99,26.92,170.86,451.78,0.8830,-1,-1,-1
529,135,161.95,98.26,79.83,289.28,0.8439,-1,-1,-1
529,129,382.38,106.37,87.96,315.71,0.8117,-1,-1,-1
529,126,449.01,0.47,190.80,476.30,0.8935,-1,-1,-1
530,140,119.37,160.70,47.74,152.23,0.7850,-1,-1,-1
530,139,213.14,27.35,167.53,438.15,0.8750,-1,-1,-1
530,135,158.39,101.73,87.75,285.89,0.8630,-1,-1,-1
530,129,384.90,109.98,93.19,317.76,0.7381,-1,-1,-1
530,126,468.58,0.39,171.18,478.16,0.9025,-1,-1,-1
531,140,111.45,159.67,55.12,157.73,0.8115,-1,-1,-1
531,139,219.42,28.29,161.96,448.68,0.8792,-1,-1,-1
531,135,155.57,103.46,92.97,287.53,0.8510,-1,-1,-1
531,129,385.56,112.29,96.73,323.05,0.8241,-1,-1,-1
531,126,475.53,0.25,164.19,479.09,0.8963,-1,-1,-1
532,140,93.10,158.60,64.98,164.81,0.7519,-1,-1,-1
532,139,226.23,27.18,147.35,452.82,0.8935,-1,-1,-1
532,135,165.33,100.76,84.80,275.10,0.8406,-1,-1,-1
532,129,377.73,104.78,98.41,321.80,0.8402,-1,-1,-1
532,126,485.45,1.04,154.30,478.02,0.8852,-1,-1,-1
533,141,464.66,92.26,50.77,269.23,0.5638,-1,-1,-1
533,140,74.11,153.85,74.23,169.08,0.7949,-1,-1,-1
533,139,219.43,22.11,144.39,457.89,0.8801,-1,-1,-1
533,135,172.13,93.12,74.03,277.77,0.7979,-1,-1,-1
533,129,370.93,97.54,97.83,310.57,0.8438,-1,-1,-1
533,126,482.51,0.42,157.17,478.60,0.8891,-1,-1,-1
534,141,452.91,88.18,63.18,301.41,0.7804,-1,-1,-1
534,140,55.41,146.12,66.67,181.32,0.7986,-1,-1,-1
534,139,202.71,23.07,143.93,455.77,0.8854,-1,-1,-1
534,135,148.75,88.38,88.58,282.70,0.7947,-1,-1,-1
534,129,357.69,94.51,96.47,314.13,0.7877,-1,-1,-1
534,126,485.82,1.78,153.97,476.75,0.8881,-1,-1,-1
535,141,448.20,89.04,70.33,323.96,0.8452,-1,-1,-1
535,140,41.76,138.08,68.56,191.95,0.7870,-1,-1,-1
535,139,190.20,23.28,150.56,456.66,0.8783,-1,-1,-1
535,135,137.57,89.77,93.50,294.51,0.5139,-1,-1,-1
535,129,338.48,95.59,107.31,318.73,0.7804,-1,-1,-1
535,126,492.33,2.13,147.55,474.60,0.8779,-1,-1,-1
536,141,444.81,88.79,77.78,315.41,0.8430,-1,-1,-1
536,140,29.68,131.23,75.39,201.22,0.7966,-1,-1,-1
536,139,194.12,17.58,146.05,457.00,0.8795,-1,-1,-1
536,135,137.16,126.93,80.57,159.79,0.5161,-1,-1,-1
536,129,322.88,96.72,120.13,323.64,0.8518,-1,-1,-1
536,126,499.05,0.46,140.83,477.90,0.8811,-1,-1,-1
537,141,441.57,84.37,85.27,316.42,0.8732,-1,-1,-1
537,140,9.91,117.63,83.93,211.58,0.8025,-1,-1,-1
537,139,193.01,4.21,149.62,457.03,0.8817,-1,-1,-1
537,135,134.66,120.94,78.66,169.44,0.4644,-1,-1,-1
537,129,318.26,92.50,121.95,331.20,0.8492,-1,-1,-1
537,126,504.79,7.67,135.06,471.24,0.8824,-1,-1,-1
538,143,124.04,144.84,38.36,141.61,0.6654,-1,-1,-1
538,141,439.43,85.33,91.14,336.13,0.8514,-1,-1,-1
538,140,6.40,117.17,83.54,223.76,0.8455,-1,-1,-1
538,139,195.05,2.03,154.53,453.64,0.8947,-1,-1,-1
538,135,132.94,126.08,75.23,163.27,0.5866,-1,-1,-1
538,129,328.74,90.92,108.14,334.49,0.8009,-1,-1,-1
538,126,510.91,1.32,128.83,478.17,0.8790,-1,-1,-1
539,144,409.05,126.45,50.55,222.52,0.7757,-1,-1,-1
539,143,120.81,139.79,47.21,146.59,0.7933,-1,-1,-1
539,141,448.42,83.58,92.26,321.07,0.8493,-1,-1,-1
539,140,0.04,112.70,86.52,237.58,0.8775,-1,-1,-1
539,139,197.79,1.69,162.03,467.78,0.8856,-1,-1,-1
539,135,153.67,121.81,58.68,166.04,0.6065,-1,-1,-1
539,129,337.38,87.57,98.58,327.88,0.8634,-1,-1,-1
539,126,531.65,1.96,108.17,474.40,0.8622,-1,-1,-1
540,144,412.46,128.11,51.46,222.23,0.7295,-1,-1,-1
540,143,121.48,138.40,53.86,152.20,0.7812,-1,-1,-1
540,141,451.40,77.90,99.71,337.94,0.8351,-1,-1,-1
540,140,0.00,115.36,88.08,246.47,0.8680,-1,-1,-1
540,139,203.90,1.06,161.15,476.41,0.8778,-1,-1,-1
540,135,170.22,120.90,65.61,242.81,0.7547,-1,-1,-1
540,129,343.85,88.73,94.35,323.49,0.8687,-1,-1,-1
540,126,541.69,6.85,98.20,465.54,0.8123,-1,-1,-1
541,144,422.95,125.63,48.85,234.91,0.6713,-1,-1,-1
541,143,116.78,139.81,63.44,155.70,0.8572,-1,-1,-1
541,141,456.60,73.40,113.36,344.79,0.7464,-1,-1,-1
541,140,0.01,108.70,79.23,264.93,0.8600,-1,-1,-1
541,139,215.98,0.91,159.35,472.07,0.8654,-1,-1,-1
541,135,190.09,124.64,55.30,247.19,0.7328,-1,-1,-1
541,129,352.31,83.27,92.76,337.07,0.8385,-1,-1,-1
541,126,562.42,25.45,77.41,403.13,0.7548,-1,-1,-1
542,143,106.90,139.33,73.81,161.74,0.8663,-1,-1,-1
542,141,445.80,71.35,123.26,354.16,0.6215,-1,-1,-1
542,140,0.14,97.58,71.92,282.73,0.8440,-1,-1,-1
542,139,229.93,2.31,153.53,472.41,0.8768,-1,-1,-1
542,135,207.59,122.36,44.51,251.02,0.4884,-1,-1,-1
542,129,361.92,83.97,88.95,339.99,0.7932,-1,-1,-1
542,126,590.64,46.16,49.17,379.91,0.4944,-1,-1,-1
543,145,185.42,152.61,38.75,145.28,0.5621,-1,-1,-1
543,144,431.00,124.60,51.34,281.09,0.3387,-1,-1,-1
543,143,102.01,143.50,77.18,161.66,0.8754,-1,-1,-1
543,141,438.53,76.26,123.56,361.60,0.8113,-1,-1,-1
543,140,0.19,91.05,71.67,294.27,0.8644,-1,-1,-1
543,139,235.78,8.22,158.72,469.28,0.8476,-1,-1,-1
543,135,213.47,123.40,44.20,257.12,0.5253,-1,-1,-1
543,129,368.55,90.94,85.47,342.79,0.6885,-1,-1,-1
544,145,183.32,146.30,50.06,151.41,0.7644,-1,-1,-1
544,143,98.65,135.92,79.24,168.89,0.8781,-1,-1,-1
544,141,446.54,76.28,131.90,366.29,0.8227,-1,-1,-1
544,140,0.28,85.36,55.47,301.84,0.8031,-1,-1,-1
544,139,243.58,3.39,159.19,476.61,0.8635,-1,-1,-1
544,135,218.77,131.85,45.49,245.34,0.6379,-1,-1,-1
544,129,386.95,89.42,73.20,314.98,0.5156,-1,-1,-1
545,145,185.52,148.76,52.22,151.32,0.7137,-1,-1,-1
545,144,441.72,116.97,36.92,243.14,0.3109,-1,-1,-1
545,143,102.00,134.35,78.84,170.94,0.8726,-1,-1,-1
545,141,456.59,74.70,128.74,370.61,0.8014,-1,-1,-1
545,140,0.15,112.32,61.70,275.76,0.7935,-1,-1,-1
545,139,243.62,0.65,168.17,479.09,0.8555,-1,-1,-1
545,135,226.56,144.13,43.57,231.71,0.3899,-1,-1,-1
545,129,397.58,89.10,67.37,345.48,0.5131,-1,-1,-1
546,145,193.20,149.11,51.66,153.34,0.7579,-1,-1,-1
546,143,106.35,129.96,77.78,176.71,0.8602,-1,-1,-1
546,141,473.95,71.23,118.99,371.78,0.7837,-1,-1,-1
546,140,0.12,120.21,52.97,275.10,0.7624,-1,-1,-1
546,139,253.49,0.40,174.24,478.15,0.8985,-1,-1,-1
546,129,375.83,83.86,97.67,352.27,0.5800,-1,-1,-1
547,145,192.45,141.70,55.65,160.84,0.8172,-1,-1,-1
547,143,112.84,121.13,66.63,185.08,0.7898,-1,-1,-1
547,141,488.89,66.57,118.95,363.09,0.7384,-1,-1,-1
547,140,0.13,126.27,31.68,267.33,0.5028,-1,-1,-1
547,139,247.54,0.79,192.55,479.21,0.8882,-1,-1,-1
547,129,393.71,81.77,88.88,340.34,0.6854,-1,-1,-1
548,145,195.07,138.19,62.35,166.52,0.8394,-1,-1,-1
548,143,117.54,120.97,62.60,188.25,0.8154,-1,-1,-1
548,141,505.50,64.55,117.27,375.94,0.7099,-1,-1,-1
548,139,248.69,0.00,196.89,471.14,0.8813,-1,-1,-1
548,129,402.92,82.42,82.73,349.24,0.5374,-1,-1,-1
549,148,480.06,122.79,49.75,244.87,0.6847,-1,-1,-1
549,145,194.13,134.86,64.23,171.16,0.8262,-1,-1,-1
549,143,117.35,118.39,65.13,192.67,0.8223,-1,-1,-1
549,141,515.34,62.90,123.46,387.70,0.7681,-1,-1,-1
549,139,252.47,0.45,194.92,470.60,0.8594,-1,-1,-1
549,129,430.17,89.29,61.67,330.13,0.4068,-1,-1,-1
550,148,485.17,111.10,57.48,248.93,0.7894,-1,-1,-1
550,145,195.72,117.20,63.17,178.01,0.8327,-1,-1,-1
550,143,106.75,103.93,71.42,202.11,0.7353,-1,-1,-1
550,141,528.57,48.55,111.14,399.97,0.8855,-1,-1,-1
550,139,259.86,0.16,190.43,479.67,0.7731,-1,-1,-1
550,129,405.75,63.76,83.07,370.19,0.3736,-1,-1,-1
551,148,487.97,108.37,63.54,250.77,0.7484,-1,-1,-1
551,145,194.15,112.48,62.79,182.25,0.8257,-1,-1,-1
551,143,93.19,97.63,79.39,209.14,0.8372,-1,-1,-1
551,141,533.82,44.23,106.00,406.30,0.9019,-1,-1,-1
551,139,266.47,0.41,178.77,478.08,0.7980,-1,-1,-1
551,135,255.92,123.06,55.31,210.40,0.3581,-1,-1,-1
551,129,408.30,71.07,81.23,366.00,0.5841,-1,-1,-1
552,148,493.17,115.76,58.59,248.99,0.8079,-1,-1,-1
552,145,180.30,114.98,75.95,193.74,0.8696,-1,-1,-1
552,143,77.46,102.60,84.83,217.77,0.8669,-1,-1,-1
552,141,539.71,50.04,100.16,406.95,0.8940,-1,-1,-1
552,139,262.54,0.00,214.55,458.38,0.7675,-1,-1,-1
552,135,258.52,127.97,50.42,205.86,0.3718,-1,-1,-1
552,129,420.02,66.95,61.98,243.07,0.6492,-1,-1,-1
553,148,495.06,117.92,61.03,249.12,0.8038,-1,-1,-1
553,145,169.14,117.98,81.80,196.10,0.8717,-1,-1,-1
553,143,71.00,100.32,82.49,226.76,0.8716,-1,-1,-1
553,141,544.71,52.60,95.14,408.44,0.8767,-1,-1,-1
553,139,252.91,7.57,210.69,472.43,0.8597,-1,-1,-1
553,129,411.12,68.16,68.89,247.04,0.6963,-1,-1,-1
554,148,501.73,119.02,62.01,247.92,0.7678,-1,-1,-1
554,145,167.45,117.13,81.75,204.96,0.8604,-1,-1,-1
554,143,65.10,96.88,79.27,235.27,0.8522,-1,-1,-1
554,141,550.93,51.84,88.92,400.74,0.8936,-1,-1,-1
554,139,246.84,0.32,192.28,479.68,0.8953,-1,-1,-1
554,129,428.55,116.85,49.18,210.29,0.3907,-1,-1,-1
555,148,507.63,112.38,66.44,247.46,0.7635,-1,-1,-1
555,145,168.53,110.23,75.80,215.14,0.8784,-1,-1,-1
555,143,62.40,90.45,69.91,242.01,0.8391,-1,-1,-1
555,141,559.64,46.43,80.21,397.18,0.8913,-1,-1,-1
555,139,260.18,0.47,186.09,479.53,0.9126,-1,-1,-1
555,129,406.73,113.75,66.01,247.70,0.6301,-1,-1,-1
556,148,509.25,115.60,70.70,249.12,0.7725,-1,-1,-1
556,145,165.95,111.42,75.33,220.81,0.8762,-1,-1,-1
556,143,48.27,90.11,78.15,247.76,0.8333,-1,-1,-1
556,141,564.87,47.83,74.96,399.47,0.8629,-1,-1,-1
556,139,252.62,1.51,193.38,478.49,0.9083,-1,-1,-1
556,129,413.23,115.16,66.45,252.60,0.6949,-1,-1,-1
557,148,517.36,130.07,64.00,243.26,0.8214,-1,-1,-1
557,145,156.73,111.10,78.11,232.82,0.8789,-1,-1,-1
557,143,20.82,91.31,92.67,258.94,0.8683,-1,-1,-1
557,141,550.56,61.48,89.27,387.57,0.8321,-1,-1,-1
557,139,261.46,3.83,189.07,476.09,0.9202,-1,-1,-1
557,129,420.38,120.85,78.34,284.70,0.7216,-1,-1,-1
558,148,520.80,130.40,60.75,231.50,0.8129,-1,-1,-1
558,145,152.21,106.43,80.05,237.56,0.8722,-1,-1,-1
558,143,0.19,83.24,102.62,268.42,0.8952,-1,-1,-1
558,141,546.95,60.65,92.86,377.29,0.8452,-1,-1,-1
558,139,262.04,2.97,188.13,474.94,0.9082,-1,-1,-1
558,129,419.30,115.76,90.95,292.72,0.8156,-1,-1,-1
559,148,532.83,116.49,62.14,250.92,0.7424,-1,-1,-1
559,145,149.69,94.89,87.16,245.71,0.8667,-1,-1,-1
559,143,0.00,78.87,96.15,272.81,0.9036,-1,-1,-1
559,141,556.66,49.69,83.23,370.23,0.8580,-1,-1,-1
559,139,271.49,0.87,184.78,473.81,0.9217,-1,-1,-1
559,129,429.29,101.04,109.48,320.31,0.8193,-1,-1,-1
560,148,537.90,113.12,57.99,242.49,0.7395,-1,-1,-1
560,145,144.36,89.24,91.64,262.27,0.8781,-1,-1,-1
560,143,0.00,76.74,90.62,280.96,0.9214,-1,-1,-1
560,141,574.43,44.15,65.47,378.63,0.8586,-1,-1,-1
560,139,271.75,0.00,184.45,478.48,0.9137,-1,-1,-1
560,129,445.54,88.77,104.52,341.72,0.8009,-1,-1,-1
561,148,546.23,110.60,42.26,246.18,0.6000,-1,-1,-1
561,145,125.45,78.02,96.91,281.10,0.8095,-1,-1,-1
561,143,0.00,67.62,74.82,287.29,0.8849,-1,-1,-1
561,141,572.29,39.55,67.59,388.45,0.8867,-1,-1,-1
561,139,253.11,1.64,197.89,478.36,0.8991,-1,-1,-1
561,129,447.85,68.31,110.36,367.08,0.6581,-1,-1,-1
562,145,110.97,71.82,99.90,288.78,0.8752,-1,-1,-1
562,144,406.62,79.51,62.23,261.22,0.5425,-1,-1,-1
562,143,0.00,89.34,58.11,263.32,0.8561,-1,-1,-1
562,141,567.22,34.65,72.62,398.38,0.9047,-1,-1,-1
562,139,242.80,0.82,204.12,478.11,0.8986,-1,-1,-1
562,129,455.85,54.56,113.66,380.44,0.7990,-1,-1,-1
563,145,96.01,63.85,107.54,317.65,0.8175,-1,-1,-1
563,144,410.33,80.58,73.49,271.34,0.6225,-1,-1,-1
563,143,0.00,106.87,31.68,250.70,0.5160,-1,-1,-1
563,141,578.23,41.13,61.63,406.50,0.8314,-1,-1,-1
563,139,234.12,2.37,217.46,477.63,0.9243,-1,-1,-1
563,129,473.70,42.84,129.35,430.90,0.6250,-1,-1,-1
564,145,85.61,57.23,117.06,331.53,0.8687,-1,-1,-1
564,144,412.81,79.03,73.59,280.25,0.7100,-1,-1,-1
564,141,582.41,41.19,57.28,410.60,0.6636,-1,-1,-1
564,139,232.33,1.72,216.91,478.28,0.9036,-1,-1,-1
564,129,516.47,37.55,111.19,434.60,0.5520,-1,-1,-1
565,149,0.05,174.86,15.16,76.40,0.3711,-1,-1,-1
565,145,73.61,47.63,116.55,352.10,0.8584,-1,-1,-1
565,144,413.52,73.80,83.85,299.53,0.7922,-1,-1,-1
565,139,233.71,0.80,214.01,477.53,0.9221,-1,-1,-1
565,129,480.47,25.41,159.53,454.24,0.8272,-1,-1,-1
566,145,58.13,37.91,126.75,367.64,0.8918,-1,-1,-1
566,144,421.06,63.30,82.45,318.10,0.8402,-1,-1,-1
566,139,231.64,0.78,211.63,478.66,0.9175,-1,-1,-1
566,129,501.41,79.52,138.53,400.48,0.5175,-1,-1,-1
567,145,39.86,23.13,133.85,392.77,0.9007,-1,-1,-1
567,144,424.33,52.56,90.37,337.35,0.8584,-1,-1,-1
567,139,231.46,0.91,203.70,474.34,0.9194,-1,-1,-1
567,129,530.18,75.16,109.56,403.98,0.8254,-1,-1,-1
568,149,0.03,181.01,13.21,74.83,0.3829,-1,-1,-1
568,145,21.66,14.13,144.09,410.46,0.9122,-1,-1,-1
568,144,424.20,43.12,106.27,357.95,0.8648,-1,-1,-1
568,139,228.95,0.71,201.83,471.00,0.9187,-1,-1,-1
568,129,538.94,58.82,100.93,419.39,0.6951,-1,-1,-1
569,145,0.00,0.00,149.70,447.56,0.9100,-1,-1,-1
569,144,417.18,24.37,129.35,383.01,0.8651,-1,-1,-1
569,139,219.77,0.49,202.99,475.60,0.9236,-1,-1,-1
569,129,567.77,51.98,72.16,428.02,0.4808,-1,-1,-1
570,145,0.00,0.57,140.08,432.30,0.9159,-1,-1,-1
570,144,425.73,11.12,131.48,403.13,0.8621,-1,-1,-1
570,139,210.86,0.48,209.23,476.42,0.9178,-1,-1,-1
570,129,562.57,46.43,77.28,371.62,0.6272,-1,-1,-1
571,145,0.00,0.00,122.65,446.12,0.8977,-1,-1,-1
571,144,433.84,1.09,141.95,430.23,0.8686,-1,-1,-1
571,139,191.19,0.00,229.93,477.63,0.9079,-1,-1,-1
571,129,565.42,53.80,74.58,366.14,0.8800,-1,-1,-1
572,145,0.20,1.19,109.22,455.49,0.8827,-1,-1,-1
572,144,440.74,0.33,151.26,448.83,0.8797,-1,-1,-1
572,139,182.90,0.00,236.51,476.52,0.9157,-1,-1,-1
572,129,571.20,61.20,68.66,310.90,0.7346,-1,-1,-1
573,148,591.66,71.87,48.17,317.97,0.4264,-1,-1,-1
573,145,0.22,18.31,95.44,454.71,0.8324,-1,-1,-1
573,144,443.93,0.82,178.06,478.12,0.8488,-1,-1,-1
573,139,178.75,0.03,243.55,478.96,0.9161,-1,-1,-1
574,144,457.04,0.11,178.71,479.89,0.9044,-1,-1,-1
574,139,181.15,0.00,250.07,477.98,0.9134,-1,-1,-1
575,144,466.67,0.52,173.02,478.54,0.9146,-1,-1,-1
575,139,191.92,0.00,244.67,477.19,0.9049,-1,-1,-1
576,144,481.25,0.62,158.51,479.38,0.9070,-1,-1,-1
576,139,201.05,0.00,242.51,479.73,0.9184,-1,-1,-1
577,144,495.40,0.86,144.57,477.06,0.8958,-1,-1,-1
577,139,207.33,0.00,242.78,480.00,0.9226,-1,-1,-1
578,144,519.65,1.24,120.19,478.76,0.7288,-1,-1,-1
578,139,215.86,0.24,239.49,479.76,0.9244,-1,-1,-1
579,144,501.10,220.37,125.83,190.89,0.5021,-1,-1,-1
579,139,224.67,0.27,234.98,479.73,0.9072,-1,-1,-1
580,144,501.06,65.08,126.85,348.82,0.8444,-1,-1,-1
580,139,235.80,0.43,231.40,476.12,0.9166,-1,-1,-1
581,150,216.17,147.93,47.66,135.61,0.7864,-1,-1,-1
581,144,505.75,68.55,84.92,327.86,0.7147,-1,-1,-1
581,139,253.87,0.06,234.01,478.82,0.9244,-1,-1,-1
581,129,568.56,110.27,71.14,268.41,0.5685,-1,-1,-1
582,150,210.66,150.23,54.71,136.83,0.8260,-1,-1,-1
582,144,497.77,70.28,85.80,325.56,0.6031,-1,-1,-1
582,139,257.43,0.19,238.11,476.13,0.9218,-1,-1,-1
583,150,205.87,160.04,59.34,138.37,0.7321,-1,-1,-1
583,144,499.14,81.57,77.42,322.07,0.6862,-1,-1,-1
583,143,0.15,189.46,48.23,189.66,0.3304,-1,-1,-1
583,139,261.56,0.00,253.33,477.56,0.9171,-1,-1,-1
583,129,529.82,115.17,110.07,292.82,0.6706,-1,-1,-1
584,150,203.73,159.40,58.67,143.49,0.7192,-1,-1,-1
584,145,0.39,0.00,92.80,429.46,0.3718,-1,-1,-1
584,139,265.76,0.00,270.77,476.77,0.9155,-1,-1,-1
584,129,508.42,97.50,120.50,319.60,0.5046,-1,-1,-1
585,151,544.88,117.95,61.51,236.50,0.4540,-1,-1,-1
585,150,201.25,149.29,55.89,151.24,0.7364,-1,-1,-1
585,145,0.23,0.03,111.98,473.49,0.6181,-1,-1,-1
585,139,271.27,0.20,280.34,474.59,0.9072,-1,-1,-1
586,151,534.13,121.00,69.82,259.37,0.7512,-1,-1,-1
586,150,197.60,144.20,59.33,161.47,0.8078,-1,-1,-1
586,145,0.23,0.00,116.82,475.20,0.5799,-1,-1,-1
586,144,457.13,94.25,127.37,320.05,0.3590,-1,-1,-1
586,143,0.43,152.83,62.46,326.17,0.3181,-1,-1,-1
586,139,275.47,0.00,277.09,472.97,0.9011,-1,-1,-1
587,151,521.93,117.60,69.47,255.66,0.6565,-1,-1,-1
587,150,187.90,142.80,61.12,160.70,0.8182,-1,-1,-1
587,145,0.40,0.00,110.42,477.24,0.6819,-1,-1,-1
587,144,458.24,137.79,95.97,259.76,0.5199,-1,-1,-1
587,139,277.13,0.00,260.52,471.72,0.9128,-1,-1,-1
588,151,514.83,124.00,71.35,250.91,0.7255,-1,-1,-1
588,150,180.25,146.08,59.68,164.26,0.8343,-1,-1,-1
588,145,0.44,0.00,103.36,478.11,0.6458,-1,-1,-1
588,144,456.25,177.16,72.98,214.95,0.5848,-1,-1,-1
588,139,274.14,0.00,251.50,480.00,0.9157,-1,-1,-1
589,151,471.02,128.66,95.17,244.02,0.6391,-1,-1,-1
589,150,154.31,143.82,64.66,172.52,0.7229,-1,-1,-1
589,145,0.66,0.89,96.23,476.27,0.6295,-1,-1,-1
589,139,245.44,0.00,253.21,479.73,0.9052,-1,-1,-1
590,151,458.96,125.67,97.71,245.49,0.7958,-1,-1,-1
590,150,141.12,140.23,69.43,178.54,0.8216,-1,-1,-1
590,145,0.69,2.02,99.13,469.40,0.3437,-1,-1,-1
590,143,0.15,3.30,40.37,473.51,0.3525,-1,-1,-1
590,139,232.45,0.00,256.63,478.08,0.8834,-1,-1,-1
591,151,447.53,122.77,90.81,244.16,0.6493,-1,-1,-1
591,150,124.12,140.28,66.59,183.35,0.8123,-1,-1,-1
591,145,0.28,0.00,115.57,471.16,0.6636,-1,-1,-1
591,139,202.67,0.01,267.44,479.37,0.8734,-1,-1,-1
592,151,404.59,125.89,108.14,261.15,0.7550,-1,-1,-1
592,150,104.82,143.78,72.91,196.13,0.8585,-1,-1,-1
592,143,0.05,1.25,73.09,375.33,0.7702,-1,-1,-1
592,139,186.96,0.00,261.49,478.34,0.8744,-1,-1,-1
593,151,376.20,122.91,97.89,253.82,0.3703,-1,-1,-1
593,150,84.09,131.30,76.61,208.98,0.8117,-1,-1,-1
593,145,0.21,12.58,107.22,467.02,0.4022,-1,-1,-1
593,139,193.77,0.00,252.47,479.69,0.8939,-1,-1,-1
594,150,72.69,123.61,77.46,214.82,0.8333,-1,-1,-1
594,145,0.08,28.86,96.15,449.55,0.5643,-1,-1,-1
594,139,192.63,0.43,246.30,478.64,0.8991,-1,-1,-1
595,151,404.89,125.50,68.86,240.27,0.4689,-1,-1,-1
595,150,43.32,118.18,92.68,230.40,0.7864,-1,-1,-1
595,139,193.60,0.32,240.86,479.68,0.9078,-1,-1,-1
596,151,369.65,125.60,81.10,261.09,0.5825,-1,-1,-1
596,150,35.54,110.12,91.37,238.19,0.8215,-1,-1,-1
596,143,0.39,39.61,45.21,312.24,0.4010,-1,-1,-1
596,139,192.06,0.24,234.25,479.76,0.9079,-1,-1,-1
597,152,170.50,152.87,42.03,147.05,0.7697,-1,-1,-1
597,151,360.02,138.71,85.17,243.10,0.3713,-1,-1,-1
597,150,27.48,105.05,87.92,246.25,0.7980,-1,-1,-1
597,143,0.21,57.29,37.28,297.20,0.5667,-1,-1,-1
597,139,197.62,0.00,221.99,478.38,0.9005,-1,-1,-1
598,153,611.59,224.41,28.18,116.43,0.4753,-1,-1,-1
598,152,156.19,154.47,56.18,149.72,0.7755,-1,-1,-1
598,150,15.18,105.93,86.07,251.95,0.7668,-1,-1,-1
598,143,0.39,122.02,34.83,233.17,0.4541,-1,-1,-1
598,139,200.80,0.00,218.21,478.00,0.9109,-1,-1,-1
599,153,605.22,193.74,34.57,147.63,0.6156,-1,-1,-1
599,152,149.78,152.14,60.04,151.66,0.8055,-1,-1,-1
599,151,372.55,139.18,55.15,230.16,0.4019,-1,-1,-1
599,150,0.20,100.69,92.20,281.52,0.8246,-1,-1,-1
599,139,198.62,0.00,225.47,477.09,0.9033,-1,-1,-1
600,153,596.72,143.03,43.16,208.34,0.6040,-1,-1,-1
600,152,145.67,153.45,60.81,159.77,0.8114,-1,-1,-1
600,150,0.23,95.84,70.77,274.78,0.8679,-1,-1,-1
600,139,200.05,1.00,235.28,475.13,0.9121,-1,-1,-1
601,153,594.75,131.53,45.14,224.66,0.5685,-1,-1,-1
601,152,140.42,153.15,61.95,163.76,0.8204,-1,-1,-1
601,150,0.15,134.52,54.73,238.27,0.4182,-1,-1,-1
601,139,196.17,0.59,239.71,479.26,0.9209,-1,-1,-1
602,153,590.61,114.53,49.22,244.44,0.5309,-1,-1,-1
602,152,139.51,150.68,58.52,167.53,0.8200,-1,-1,-1
602,139,190.70,0.00,246.85,480.00,0.9112,-1,-1,-1
603,153,588.60,109.23,51.29,254.72,0.5827,-1,-1,-1
603,152,131.82,152.24,63.20,173.36,0.8622,-1,-1,-1
603,143,0.23,190.56,33.23,276.20,0.3075,-1,-1,-1
603,139,191.96,0.18,238.61,479.82,0.9084,-1,-1,-1
604,153,582.44,105.93,57.44,371.17,0.4695,-1,-1,-1
604,152,130.55,147.48,68.80,179.00,0.8126,-1,-1,-1
604,151,368.27,179.18,64.27,192.53,0.3787,-1,-1,-1
604,143,0.23,222.69,50.72,212.38,0.6247,-1,-1,-1
604,139,192.79,0.00,231.52,480.00,0.9057,-1,-1,-1
605,154,198.19,161.43,47.69,211.88,0.3343,-1,-1,-1
605,153,586.68,98.83,53.30,254.70,0.5186,-1,-1,-1
605,152,128.90,143.78,68.12,183.31,0.8074,-1,-1,-1
605,151,372.76,185.24,53.34,185.33,0.3235,-1,-1,-1
605,143,0.15,216.80,63.75,201.53,0.4959,-1,-1,-1
605,139,197.79,0.00,217.33,479.31,0.9086,-1,-1,-1
606,153,592.06,98.50,47.88,379.99,0.4640,-1,-1,-1
606,152,125.17,139.66,70.06,184.73,0.8114,-1,-1,-1
606,143,0.12,215.67,68.62,264.33,0.4065,-1,-1,-1
606,139,200.85,0.00,210.36,478.42,0.9110,-1,-1,-1
607,152,115.37,132.75,77.95,195.73,0.8303,-1,-1,-1
607,143,0.24,194.28,69.10,222.51,0.4389,-1,-1,-1
607,139,196.95,1.13,211.22,478.87,0.9040,-1,-1,-1
608,154,191.35,155.32,57.83,225.55,0.3294,-1,-1,-1
608,152,95.81,131.31,92.59,203.34,0.8437,-1,-1,-1
608,150,0.28,171.09,40.47,172.09,0.4893,-1,-1,-1
608,139,193.37,0.00,215.11,480.00,0.9087,-1,-1,-1
609,154,196.30,142.84,55.21,235.89,0.5583,-1,-1,-1
609,152,93.05,124.84,95.07,213.09,0.8685,-1,-1,-1
609,139,199.12,0.27,221.98,479.73,0.9003,-1,-1,-1
610,152,93.90,122.94,84.74,221.49,0.8499,-1,-1,-1
610,139,208.80,0.00,221.66,480.00,0.7996,-1,-1,-1
611,154,196.27,148.01,59.84,237.82,0.6498,-1,-1,-1
611,152,92.48,124.44,82.01,227.69,0.8527,-1,-1,-1
611,143,0.00,21.29,68.24,444.86,0.3106,-1,-1,-1
611,139,225.75,0.00,211.96,480.00,0.8660,-1,-1,-1
612,155,161.07,167.69,38.07,122.43,0.7496,-1,-1,-1
612,154,191.30,138.96,71.77,245.40,0.4083,-1,-1,-1
612,152,78.40,115.54,85.79,239.73,0.8632,-1,-1,-1
612,143,0.00,16.87,71.20,307.17,0.5226,-1,-1,-1
612,139,230.14,0.00,222.16,480.00,0.8848,-1,-1,-1
613,155,152.33,162.24,44.63,124.95,0.7299,-1,-1,-1
613,154,184.50,136.64,85.93,231.88,0.5125,-1,-1,-1
613,152,55.59,107.70,101.01,244.60,0.8603,-1,-1,-1
613,143,0.13,19.90,75.56,304.12,0.7610,-1,-1,-1
613,139,229.23,0.00,231.10,480.00,0.8773,-1,-1,-1
614,155,139.29,158.11,48.90,131.08,0.7536,-1,-1,-1
614,154,173.57,106.09,90.99,260.87,0.8664,-1,-1,-1
614,152,48.33,98.77,92.91,267.43,0.8848,-1,-1,-1
614,143,0.00,29.97,74.68,308.31,0.7068,-1,-1,-1
614,139,246.87,0.00,228.16,477.96,0.8817,-1,-1,-1
615,155,135.58,157.22,49.73,132.92,0.7919,-1,-1,-1
615,154,180.70,106.44,83.93,265.02,0.8632,-1,-1,-1
615,152,48.84,95.04,87.39,274.24,0.8384,-1,-1,-1
615,143,0.18,20.96,71.65,387.23,0.7938,-1,-1,-1
615,139,260.37,0.07,219.69,478.01,0.8894,-1,-1,-1
616,155,128.76,151.75,53.53,139.05,0.8219,-1,-1,-1
616,154,186.40,107.50,78.48,269.80,0.8401,-1,-1,-1
616,152,51.37,89.34,75.49,266.53,0.7536,-1,-1,-1
616,143,0.20,7.22,78.85,445.26,0.6320,-1,-1,-1
616,139,273.78,0.00,222.56,480.00,0.8925,-1,-1,-1
617,156,252.97,105.28,58.09,196.41,0.6303,-1,-1,-1
617,155,126.22,144.68,55.85,143.11,0.7974,-1,-1,-1
617,154,184.30,101.77,79.52,270.59,0.8541,-1,-1,-1
617,152,45.10,76.69,75.02,203.18,0.6215,-1,-1,-1
617,143,0.18,1.88,86.86,456.86,0.4683,-1,-1,-1
617,139,278.02,0.00,225.77,479.33,0.8882,-1,-1,-1
618,156,265.10,95.83,50.38,255.66,0.7247,-1,-1,-1
618,155,108.15,138.89,66.73,149.99,0.7922,-1,-1,-1
618,154,178.71,97.48,75.70,272.31,0.8548,-1,-1,-1
618,152,35.82,56.42,64.53,166.35,0.3187,-1,-1,-1
618,143,0.08,0.00,91.45,479.00,0.8149,-1,-1,-1
618,139,275.37,0.00,229.45,478.96,0.8938,-1,-1,-1
619,157,233.79,123.59,41.81,175.00,0.5734,-1,-1,-1
619,156,259.41,93.34,58.49,262.37,0.7925,-1,-1,-1
619,155,102.23,137.03,53.43,151.40,0.8068,-1,-1,-1
619,154,170.49,96.58,75.10,267.70,0.8633,-1,-1,-1
619,143,0.28,0.17,96.69,477.63,0.8446,-1,-1,-1
619,139,272.61,0.00,230.69,480.00,0.9011,-1,-1,-1
620,157,233.48,125.07,42.04,175.35,0.6496,-1,-1,-1
620,156,257.71,91.76,64.49,267.10,0.8103,-1,-1,-1
620,155,92.85,136.16,61.60,157.72,0.8081,-1,-1,-1
620,154,168.53,94.87,72.08,262.35,0.8337,-1,-1,-1
620,143,0.27,1.49,103.85,474.37,0.8456,-1,-1,-1
620,139,273.26,0.00,226.91,480.00,0.8566,-1,-1,-1
621,157,238.05,134.54,38.89,175.98,0.7010,-1,-1,-1
621,156,259.27,102.36,66.60,262.70,0.8151,-1,-1,-1
621,155,92.77,141.20,63.20,161.82,0.7955,-1,-1,-1
621,154,171.17,104.59,70.85,264.94,0.7979,-1,-1,-1
621,143,0.07,2.59,103.27,477.34,0.8804,-1,-1,-1
621,139,293.48,0.27,200.91,477.39,0.8910,-1,-1,-1
622,157,242.74,144.36,34.06,168.29,0.6816,-1,-1,-1
622,156,265.19,112.09,60.65,267.77,0.8253,-1,-1,-1
622,155,93.32,143.80,61.17,161.81,0.8020,-1,-1,-1
622,154,175.42,112.89,70.62,266.24,0.8546,-1,-1,-1
622,143,0.06,0.00,117.49,480.00,0.8905,-1,-1,-1
622,139,310.54,0.47,187.87,479.53,0.9047,-1,-1,-1
623,157,240.67,152.06,31.92,165.07,0.7132,-1,-1,-1
623,156,263.71,119.01,60.82,265.30,0.8259,-1,-1,-1
623,155,94.12,142.80,53.79,144.31,0.7316,-1,-1,-1
623,154,172.35,118.69,72.43,267.19,0.8563,-1,-1,-1
623,143,0.21,2.88,122.08,475.49,0.8239,-1,-1,-1
623,139,310.36,0.62,185.92,479.38,0.9139,-1,-1,-1
624,157,239.54,155.67,29.85,165.39,0.5112,-1,-1,-1
624,156,258.33,121.46,67.26,262.46,0.8274,-1,-1,-1
624,155,87.27,120.40,50.05,145.76,0.4273,-1,-1,-1
624,154,167.53,122.73,77.45,266.06,0.8214,-1,-1,-1
624,143,0.00,0.68,117.75,479.32,0.6559,-1,-1,-1
624,139,306.35,0.00,186.22,478.76,0.9197,-1,-1,-1
625,156,247.08,116.34,79.54,252.50,0.8592,-1,-1,-1
625,154,164.81,116.93,83.95,267.83,0.7985,-1,-1,-1
625,145,0.00,74.04,87.69,404.41,0.6970,-1,-1,-1
625,139,306.67,0.00,188.03,479.70,0.9171,-1,-1,-1
626,156,251.81,110.39,74.91,252.62,0.8530,-1,-1,-1
626,154,157.21,113.69,99.62,266.41,0.8228,-1,-1,-1
626,145,0.31,74.36,93.75,403.87,0.6199,-1,-1,-1
626,139,308.20,0.00,198.17,479.08,0.9133,-1,-1,-1
627,156,256.65,105.42,69.58,257.44,0.8541,-1,-1,-1
627,154,177.17,106.03,79.37,258.51,0.7842,-1,-1,-1
627,143,0.21,0.72,143.71,479.28,0.6246,-1,-1,-1
627,139,311.26,0.00,212.65,478.76,0.9044,-1,-1,-1
628,156,258.29,103.06,74.64,259.69,0.8704,-1,-1,-1
628,154,177.46,99.10,82.25,261.32,0.8364,-1,-1,-1
628,143,0.41,1.08,153.42,478.92,0.6086,-1,-1,-1
628,139,318.78,0.00,229.70,479.31,0.9195,-1,-1,-1
629,156,267.83,112.32,75.82,257.32,0.8296,-1,-1,-1
629,154,187.94,107.24,80.53,262.70,0.8100,-1,-1,-1
629,143,0.42,1.77,165.46,478.12,0.6197,-1,-1,-1
629,139,329.58,0.00,253.93,477.49,0.8933,-1,-1,-1
630,158,161.91,132.71,53.78,183.87,0.7469,-1,-1,-1
630,156,276.56,114.31,74.07,257.20,0.8098,-1,-1,-1
630,154,190.21,114.07,90.29,261.76,0.7739,-1,-1,-1
630,143,0.08,1.35,179.26,477.56,0.8121,-1,-1,-1
630,139,342.82,0.00,268.65,480.00,0.8931,-1,-1,-1
631,158,167.01,129.88,58.28,192.93,0.7462,-1,-1,-1
631,156,286.56,114.12,76.78,253.63,0.8254,-1,-1,-1
631,154,216.97,116.21,70.20,262.02,0.8266,-1,-1,-1
631,143,0.74,0.30,194.49,477.11,0.8904,-1,-1,-1
631,139,354.54,0.00,271.40,475.55,0.8940,-1,-1,-1
632,158,174.95,132.06,51.87,130.27,0.4528,-1,-1,-1
632,156,290.56,116.60,75.92,243.37,0.8495,-1,-1,-1
632,154,223.62,118.86,64.42,260.50,0.8480,-1,-1,-1
632,143,1.83,0.76,196.62,478.67,0.8935,-1,-1,-1
632,139,366.54,0.00,262.62,477.61,0.9166,-1,-1,-1
633,158,177.04,130.13,51.22,246.54,0.5313,-1,-1,-1
633,156,299.04,114.60,73.74,247.01,0.8506,-1,-1,-1
633,154,230.72,116.94,62.90,253.27,0.8411,-1,-1,-1
633,150,0.28,92.10,46.84,254.41,0.6205,-1,-1,-1
633,143,22.27,0.41,188.19,479.59,0.8635,-1,-1,-1
633,139,384.89,0.00,254.62,480.00,0.9047,-1,-1,-1
634,156,307.67,113.48,71.22,248.38,0.8356,-1,-1,-1
634,154,235.53,111.98,65.34,253.03,0.8294,-1,-1,-1
634,150,0.30,65.54,56.04,315.03,0.7634,-1,-1,-1
634,143,34.26,0.00,167.94,480.00,0.7761,-1,-1,-1
634,139,401.83,0.00,237.29,476.97,0.9107,-1,-1,-1
635,156,315.90,116.55,72.18,248.16,0.8469,-1,-1,-1
635,154,242.63,114.13,63.87,249.30,0.8129,-1,-1,-1
635,143,37.64,0.61,197.61,479.39,0.8727,-1,-1,-1
635,139,417.65,0.00,221.54,480.00,0.9114,-1,-1,-1
636,159,289.42,140.94,39.36,167.29,0.4240,-1,-1,-1
636,156,314.76,115.84,71.26,244.62,0.8228,-1,-1,-1
636,154,235.35,117.10,69.92,247.03,0.7756,-1,-1,-1
636,143,36.51,1.45,207.94,477.51,0.8501,-1,-1,-1
636,139,417.84,0.00,221.98,479.02,0.9128,-1,-1,-1
637,159,291.50,140.54,36.52,166.89,0.5515,-1,-1,-1
637,156,314.27,115.73,69.44,239.94,0.8092,-1,-1,-1
637,154,244.19,118.96,60.63,240.53,0.7585,-1,-1,-1
637,143,49.21,0.39,196.53,479.61,0.8326,-1,-1,-1
637,139,419.48,0.89,220.27,479.11,0.9243,-1,-1,-1
638,156,312.67,113.82,70.28,232.70,0.8094,-1,-1,-1
638,154,248.27,117.78,59.07,229.17,0.8278,-1,-1,-1
638,143,61.75,0.00,190.71,480.00,0.8365,-1,-1,-1
638,139,417.69,1.01,221.94,478.94,0.9153,-1,-1,-1
639,159,291.61,138.02,37.26,158.96,0.3393,-1,-1,-1
639,156,309.62,111.84,73.20,236.94,0.8496,-1,-1,-1
639,154,248.52,114.19,57.36,231.98,0.8172,-1,-1,-1
639,143,65.77,0.71,181.91,479.29,0.7917,-1,-1,-1
639,139,404.41,0.66,235.37,478.32,0.8978,-1,-1,-1
640,156,302.96,113.43,78.02,237.94,0.8378,-1,-1,-1
640,154,242.93,112.93,60.81,236.11,0.8114,-1,-1,-1
640,143,19.33,0.97,224.51,479.03,0.8317,-1,-1,-1
640,139,404.75,0.99,234.92,479.01,0.8852,-1,-1,-1
641,156,297.49,118.44,75.10,236.54,0.8269,-1,-1,-1
641,154,237.63,118.78,61.65,237.78,0.7443,-1,-1,-1
641,145,1.02,61.69,123.16,346.37,0.7206,-1,-1,-1
641,143,22.90,0.59,219.50,478.92,0.8211,-1,-1,-1
641,139,414.46,0.25,225.17,478.03,0.9249,-1,-1,-1
642,156,294.41,120.86,75.85,234.96,0.8353,-1,-1,-1
642,154,237.41,122.65,60.17,239.83,0.7454,-1,-1,-1
642,150,0.15,75.32,32.27,341.26,0.4765,-1,-1,-1
642,145,10.34,46.36,89.92,333.90,0.5944,-1,-1,-1
642,143,20.58,0.01,219.41,477.35,0.8589,-1,-1,-1
642,139,406.11,0.31,231.69,479.69,0.9188,-1,-1,-1
643,156,294.37,120.11,74.25,233.52,0.8120,-1,-1,-1
643,154,234.30,122.79,61.22,237.32,0.7141,-1,-1,-1
643,145,0.18,29.07,80.88,377.92,0.7636,-1,-1,-1
643,143,33.00,2.87,203.36,477.13,0.7258,-1,-1,-1
643,139,402.08,0.31,233.79,478.79,0.9266,-1,-1,-1
644,160,275.57,150.18,28.34,154.38,0.4361,-1,-1,-1
644,156,293.48,123.11,71.66,227.00,0.8341,-1,-1,-1
644,154,216.85,127.03,71.47,234.77,0.6475,-1,-1,-1
644,145,0.29,34.75,53.69,252.27,0.6060,-1,-1,-1
644,143,17.95,6.61,211.51,472.59,0.9028,-1,-1,-1
644,139,398.13,0.34,237.33,477.18,0.9290,-1,-1,-1
645,160,270.39,145.17,30.17,160.33,0.5119,-1,-1,-1
645,156,288.67,119.92,69.46,231.67,0.8562,-1,-1,-1
645,154,222.23,125.80,57.88,228.46,0.7901,-1,-1,-1
645,150,0.06,96.90,26.59,178.09,0.3134,-1,-1,-1
645,143,42.64,0.33,181.47,479.67,0.8687,-1,-1,-1
645,139,394.16,0.15,244.86,476.97,0.9310,-1,-1,-1
646,160,264.95,145.10,27.31,112.26,0.5354,-1,-1,-1
646,156,284.51,122.17,66.19,230.79,0.7915,-1,-1,-1
646,154,221.03,124.45,54.84,208.43,0.7904,-1,-1,-1
646,143,63.96,0.00,159.01,480.00,0.8939,-1,-1,-1
646,139,388.99,0.10,250.35,474.85,0.9146,-1,-1,-1
647,160,255.31,149.75,33.50,156.12,0.6765,-1,-1,-1
647,156,280.64,125.58,66.32,230.51,0.7967,-1,-1,-1
647,154,219.17,125.67,52.26,191.67,0.8154,-1,-1,-1
647,143,66.74,0.00,155.99,479.65,0.8977,-1,-1,-1
647,139,387.45,0.53,251.88,475.88,0.9191,-1,-1,-1
648,160,255.04,151.53,33.73,152.19,0.6554,-1,-1,-1
648,156,280.08,129.60,65.71,228.27,0.7822,-1,-1,-1
648,154,218.08,130.32,50.99,194.60,0.7351,-1,-1,-1
648,143,66.83,0.43,155.27,479.57,0.9029,-1,-1,-1
648,139,389.42,0.47,250.11,475.39,0.9145,-1,-1,-1
649,160,255.32,155.29,32.42,148.91,0.6809,-1,-1,-1
649,156,278.79,132.57,66.10,226.91,0.7799,-1,-1,-1
649,154,217.42,138.17,51.91,205.27,0.7170,-1,-1,-1
649,143,63.08,2.81,157.47,477.19,0.8981,-1,-1,-1
649,139,389.68,0.64,249.70,477.55,0.9204,-1,-1,-1
650,156,274.60,130.49,70.13,221.52,0.7991,-1,-1,-1
650,154,215.44,138.71,54.20,204.73,0.8067,-1,-1,-1
650,143,58.64,6.43,161.27,473.56,0.8956,-1,-1,-1
650,139,389.82,0.28,249.41,476.81,0.9206,-1,-1,-1
651,156,259.12,121.75,76.62,219.59,0.8028,-1,-1,-1
651,154,206.69,124.64,55.99,220.26,0.7679,-1,-1,-1
651,143,36.94,0.00,173.70,479.69,0.8887,-1,-1,-1
651,139,388.63,0.00,250.63,479.63,0.8971,-1,-1,-1
652,156,258.15,127.10,75.18,221.59,0.8353,-1,-1,-1
652,154,204.30,128.27,58.52,220.87,0.8176,-1,-1,-1
652,143,38.41,1.35,172.43,476.88,0.8966,-1,-1,-1
652,139,391.81,0.00,247.45,475.95,0.9025,-1,-1,-1
653,156,259.52,135.17,71.49,223.25,0.8488,-1,-1,-1
653,154,204.25,135.53,57.69,221.30,0.8145,-1,-1,-1
653,143,39.58,5.22,173.52,474.78,0.8762,-1,-1,-1
653,139,394.76,0.64,243.80,479.06,0.8966,-1,-1,-1
654,156,260.21,130.59,69.53,223.18,0.8315,-1,-1,-1
654,154,201.71,132.55,57.57,220.94,0.7885,-1,-1,-1
654,143,32.86,0.00,180.07,480.00,0.8888,-1,-1,-1
654,139,393.94,0.08,244.74,479.01,0.9116,-1,-1,-1
655,156,263.51,131.52,68.82,222.87,0.8481,-1,-1,-1
655,154,192.88,134.62,68.10,220.28,0.8413,-1,-1,-1
655,143,19.60,0.00,196.39,480.00,0.8750,-1,-1,-1
655,139,392.01,0.00,243.88,479.21,0.9175,-1,-1,-1
656,156,266.70,129.91,66.28,219.71,0.8447,-1,-1,-1
656,154,203.89,134.17,55.78,220.19,0.7753,-1,-1,-1
656,143,10.23,0.66,208.63,479.34,0.8913,-1,-1,-1
656,139,388.31,0.05,247.28,479.95,0.8977,-1,-1,-1
657,156,271.95,120.58,69.32,213.71,0.8606,-1,-1,-1
657,154,212.22,124.80,52.09,211.09,0.7781,-1,-1,-1
657,143,15.46,5.50,207.30,471.50,0.9124,-1,-1,-1
657,139,372.41,0.53,265.08,477.47,0.8913,-1,-1,-1
658,156,275.98,119.28,68.82,213.68,0.8462,-1,-1,-1
658,154,218.01,125.37,51.85,207.55,0.8042,-1,-1,-1
658,143,29.62,9.56,196.19,467.11,0.8964,-1,-1,-1
658,139,380.95,0.74,254.66,476.99,0.8927,-1,-1,-1
659,156,281.03,120.03,68.34,215.62,0.8334,-1,-1,-1
659,154,218.57,127.69,56.69,197.15,0.7766,-1,-1,-1
659,143,61.39,8.87,164.84,471.13,0.9093,-1,-1,-1
659,139,385.53,0.25,239.37,479.58,0.9050,-1,-1,-1
660,156,275.71,130.53,68.85,213.22,0.8413,-1,-1,-1
660,154,209.47,135.71,60.57,192.09,0.7544,-1,-1,-1
660,143,79.46,9.95,142.15,465.29,0.8866,-1,-1,-1
660,139,389.73,0.19,235.77,479.22,0.8985,-1,-1,-1
661,156,274.87,131.85,69.10,208.00,0.8183,-1,-1,-1
661,154,208.86,137.80,61.44,191.15,0.6223,-1,-1,-1
661,143,86.00,4.16,139.30,474.19,0.8859,-1,-1,-1
661,139,391.32,0.09,239.24,475.97,0.9184,-1,-1,-1
662,162,43.61,136.55,56.95,198.25,0.6841,-1,-1,-1
662,156,274.16,131.40,66.65,213.34,0.8510,-1,-1,-1
662,154,217.91,138.62,54.97,161.33,0.4956,-1,-1,-1
662,143,88.39,2.66,137.53,477.34,0.8763,-1,-1,-1
662,139,388.13,0.00,250.68,479.02,0.8989,-1,-1,-1
663,162,35.30,128.61,69.88,214.00,0.7918,-1,-1,-1
663,156,274.56,130.78,67.00,205.59,0.8584,-1,-1,-1
663,154,224.45,137.12,51.37,158.69,0.5900,-1,-1,-1
663,143,89.48,4.65,145.61,475.18,0.8679,-1,-1,-1
663,139,390.77,0.24,248.51,475.23,0.8745,-1,-1,-1
664,162,2.60,124.64,99.84,219.62,0.7865,-1,-1,-1
664,156,274.17,131.02,68.22,204.14,0.8643,-1,-1,-1
664,154,223.95,135.50,52.00,157.50,0.6914,-1,-1,-1
664,143,89.55,9.49,139.86,438.48,0.8857,-1,-1,-1
664,139,392.07,0.35,247.40,474.93,0.9132,-1,-1,-1
665,162,5.93,112.89,85.29,232.91,0.8366,-1,-1,-1
665,161,82.41,151.92,32.82,185.16,0.4250,-1,-1,-1
665,156,276.98,129.41,69.73,203.62,0.8240,-1,-1,-1
665,154,225.89,132.27,52.02,163.06,0.8042,-1,-1,-1
665,143,93.95,15.47,137.99,464.53,0.8705,-1,-1,-1
665,139,402.38,0.07,237.50,479.93,0.9057,-1,-1,-1
666,162,2.62,105.76,83.61,240.01,0.8896,-1,-1,-1
666,161,80.52,155.55,35.42,182.59,0.4288,-1,-1,-1
666,156,278.27,126.75,67.24,207.06,0.8208,-1,-1,-1
666,154,227.06,131.47,52.25,164.52,0.8193,-1,-1,-1
666,143,96.73,13.57,137.73,464.67,0.8391,-1,-1,-1
666,139,415.37,0.60,224.58,477.80,0.8782,-1,-1,-1
667,162,0.12,97.07,82.57,250.39,0.8919,-1,-1,-1
667,161,76.28,94.95,47.78,243.26,0.6759,-1,-1,-1
667,156,279.64,127.89,67.20,207.06,0.8010,-1,-1,-1
667,154,234.36,133.26,45.53,160.16,0.7243,-1,-1,-1
667,143,99.46,11.73,133.79,467.91,0.8723,-1,-1,-1
667,139,432.50,0.55,207.46,478.72,0.8949,-1,-1,-1
668,163,388.44,107.02,80.46,262.14,0.4133,-1,-1,-1
668,162,0.23,96.33,75.82,259.46,0.8746,-1,-1,-1
668,161,70.11,95.85,51.33,258.48,0.7958,-1,-1,-1
668,156,284.09,131.23,66.72,204.36,0.8484,-1,-1,-1
668,154,235.79,136.68,49.66,167.06,0.7602,-1,-1,-1
668,143,110.57,11.55,133.83,468.10,0.8669,-1,-1,-1
668,139,449.41,0.79,190.23,479.21,0.9091,-1,-1,-1
669,163,381.33,100.39,99.93,271.04,0.7859,-1,-1,-1
669,162,0.20,89.58,64.29,264.71,0.8560,-1,-1,-1
669,161,60.37,89.23,60.41,268.95,0.7844,-1,-1,-1
669,156,288.07,125.05,65.15,196.93,0.8840,-1,-1,-1
669,154,233.30,131.14,55.63,157.60,0.5291,-1,-1,-1
669,143,92.60,4.19,154.15,453.11,0.8751,-1,-1,-1
669,139,457.91,0.77,181.70,479.18,0.9210,-1,-1,-1
670,163,403.15,103.60,86.29,262.94,0.8376,-1,-1,-1
670,162,0.20,92.55,53.21,266.18,0.8521,-1,-1,-1
670,161,49.17,83.78,71.92,287.03,0.6820,-1,-1,-1
670,156,290.13,123.83,65.13,198.35,0.8689,-1,-1,-1
670,154,234.36,128.89,56.81,191.12,0.7517,-1,-1,-1
670,143,86.81,6.92,165.19,459.29,0.8684,-1,-1,-1
670,139,461.75,1.09,177.86,478.91,0.9157,-1,-1,-1
671,163,392.44,113.80,94.77,267.06,0.7815,-1,-1,-1
671,162,0.08,120.37,45.15,248.41,0.8169,-1,-1,-1
671,161,37.47,85.15,83.17,307.39,0.7929,-1,-1,-1
671,156,290.31,131.66,66.58,198.95,0.8550,-1,-1,-1
671,154,244.08,136.76,46.68,192.33,0.7361,-1,-1,-1
671,143,73.04,19.57,181.53,454.24,0.8389,-1,-1,-1
671,139,465.00,1.39,174.70,477.09,0.9126,-1,-1,-1
672,163,399.74,126.73,85.08,271.08,0.8367,-1,-1,-1
672,162,0.00,129.71,25.51,259.69,0.6563,-1,-1,-1
672,161,20.67,84.14,98.37,329.75,0.8466,-1,-1,-1
672,156,291.38,142.66,64.00,201.25,0.8583,-1,-1,-1
672,154,250.53,149.05,40.55,184.97,0.7241,-1,-1,-1
672,143,100.96,40.54,153.77,438.42,0.7677,-1,-1,-1
672,139,467.04,1.13,172.62,478.17,0.8931,-1,-1,-1
673,163,403.77,111.42,89.12,275.28,0.8542,-1,-1,-1
673,161,0.56,58.56,117.15,352.12,0.8679,-1,-1,-1
673,156,295.22,134.28,63.12,198.21,0.8404,-1,-1,-1
673,154,253.88,140.62,41.96,179.35,0.7721,-1,-1,-1
673,143,111.99,30.58,141.54,449.21,0.8711,-1,-1,-1
673,139,460.44,0.00,179.17,480.00,0.8640,-1,-1,-1
674,163,400.00,102.76,82.33,270.53,0.8357,-1,-1,-1
674,161,0.04,38.54,112.74,374.68,0.8913,-1,-1,-1
674,156,292.69,127.58,59.01,197.64,0.8567,-1,-1,-1
674,154,248.89,135.01,46.20,183.05,0.7831,-1,-1,-1
674,143,86.13,23.76,158.88,456.24,0.7764,-1,-1,-1
674,139,461.45,1.41,178.29,478.59,0.8836,-1,-1,-1
675,163,393.41,108.94,81.35,265.60,0.8353,-1,-1,-1
675,161,0.03,29.54,89.46,394.58,0.8869,-1,-1,-1
675,156,287.90,135.93,57.69,187.63,0.8598,-1,-1,-1
675,154,231.24,138.81,60.38,183.81,0.6277,-1,-1,-1
675,143,96.87,21.76,139.44,458.24,0.8821,-1,-1,-1
675,139,484.35,0.94,155.27,479.06,0.9052,-1,-1,-1
676,163,383.00,116.02,89.33,264.71,0.7588,-1,-1,-1
676,161,0.08,19.69,71.03,411.08,0.8588,-1,-1,-1
676,156,282.93,138.90,57.47,189.48,0.8507,-1,-1,-1
676,154,239.82,141.58,45.37,188.76,0.8134,-1,-1,-1
676,143,96.71,23.07,140.53,447.00,0.8958,-1,-1,-1
676,139,475.53,1.64,164.04,478.36,0.8278,-1,-1,-1
677,163,388.22,115.93,86.72,269.96,0.7806,-1,-1,-1
677,161,0.14,27.69,51.32,408.04,0.7167,-1,-1,-1
677,156,284.96,138.84,58.81,189.93,0.8244,-1,-1,-1
677,154,241.93,140.31,45.59,186.90,0.8188,-1,-1,-1
677,143,95.21,19.13,147.54,449.32,0.8886,-1,-1,-1
677,139,476.36,1.03,163.27,478.57,0.8987,-1,-1,-1
678,163,386.50,113.23,87.29,274.92,0.8409,-1,-1,-1
678,162,0.00,134.05,45.41,152.08,0.3414,-1,-1,-1
678,156,281.04,136.85,60.49,191.90,0.8528,-1,-1,-1
678,154,240.02,139.92,43.52,182.16,0.8256,-1,-1,-1
678,143,105.13,17.08,134.60,457.89,0.8652,-1,-1,-1
678,139,472.53,0.76,167.15,477.19,0.9061,-1,-1,-1
679,164,80.69,161.92,44.29,159.83,0.5565,-1,-1,-1
679,163,381.80,118.65,93.52,275.41,0.7720,-1,-1,-1
679,156,281.13,142.03,59.43,192.39,0.8563,-1,-1,-1
679,154,238.56,148.08,44.36,197.07,0.7140,-1,-1,-1
679,143,107.25,29.11,128.88,450.89,0.8280,-1,-1,-1
679,139,468.50,0.75,171.00,479.25,0.8953,-1,-1,-1
680,164,74.18,156.53,52.12,171.08,0.5968,-1,-1,-1
680,163,379.57,120.69,94.36,278.65,0.7584,-1,-1,-1
680,156,280.19,144.49,59.60,192.98,0.8631,-1,-1,-1
680,154,236.89,152.92,46.94,199.29,0.7466,-1,-1,-1
680,143,104.67,38.96,132.61,417.63,0.8177,-1,-1,-1
680,139,467.62,0.97,172.01,479.03,0.9086,-1,-1,-1
681,164,61.04,133.27,58.37,195.91,0.7467,-1,-1,-1
681,163,375.57,117.52,92.02,280.27,0.8329,-1,-1,-1
681,162,5.32,180.92,69.39,124.30,0.3469,-1,-1,-1
681,156,276.06,142.73,61.47,186.83,0.8541,-1,-1,-1
681,154,235.32,149.94,44.84,176.85,0.7859,-1,-1,-1
681,143,103.51,42.00,133.60,424.53,0.7967,-1,-1,-1
681,139,468.21,1.09,171.34,478.91,0.9140,-1,-1,-1
682,164,47.51,127.50,70.81,214.68,0.7844,-1,-1,-1
682,163,371.51,113.69,90.94,272.92,0.8199,-1,-1,-1
682,156,276.08,140.14,59.09,188.37,0.8668,-1,-1,-1
682,154,230.38,146.19,46.89,181.34,0.7964,-1,-1,-1
682,143,98.72,33.78,140.77,446.22,0.8532,-1,-1,-1
682,139,474.67,0.93,165.01,478.34,0.9115,-1,-1,-1
683,164,45.15,125.38,67.02,226.11,0.7947,-1,-1,-1
683,163,348.89,113.06,103.69,273.88,0.6904,-1,-1,-1
683,156,275.74,140.94,58.21,185.38,0.8636,-1,-1,-1
683,154,235.62,146.48,40.65,181.36,0.7648,-1,-1,-1
683,143,96.91,35.88,144.36,443.83,0.8584,-1,-1,-1
683,139,481.97,1.11,157.68,476.88,0.9110,-1,-1,-1
684,164,32.16,112.44,80.10,242.22,0.7715,-1,-1,-1
684,163,351.96,108.28,99.14,282.54,0.7304,-1,-1,-1
684,156,270.70,137.83,61.72,189.59,0.8641,-1,-1,-1
684,154,226.90,143.32,47.22,185.24,0.6547,-1,-1,-1
684,143,93.54,25.63,143.32,436.97,0.8657,-1,-1,-1
684,139,490.18,0.88,149.43,479.12,0.9155,-1,-1,-1
685,164,14.53,106.59,93.23,251.66,0.5750,-1,-1,-1
685,163,349.68,111.41,103.42,280.76,0.7592,-1,-1,-1
685,156,273.08,136.60,61.32,190.00,0.8617,-1,-1,-1
685,154,210.36,141.34,64.95,203.97,0.7063,-1,-1,-1
685,143,81.93,24.03,156.75,443.98,0.8815,-1,-1,-1
685,139,495.28,1.16,144.38,478.84,0.9132,-1,-1,-1
686,164,13.80,92.24,85.82,266.18,0.7962,-1,-1,-1
686,163,357.97,111.11,92.65,284.28,0.7944,-1,-1,-1
686,156,271.00,135.72,59.44,189.47,0.8211,-1,-1,-1
686,154,220.23,142.93,53.59,193.85,0.4230,-1,-1,-1
686,143,76.14,26.23,160.83,453.77,0.8910,-1,-1,-1
686,139,495.40,1.04,144.20,478.26,0.8968,-1,-1,-1
687,164,0.00,82.23,90.10,280.52,0.8851,-1,-1,-1
687,163,361.11,108.30,89.16,289.61,0.8427,-1,-1,-1
687,156,272.15,135.82,58.68,184.16,0.8402,-1,-1,-1
687,154,234.23,143.43,40.48,141.74,0.5418,-1,-1,-1
687,143,78.17,31.91,158.96,448.09,0.8835,-1,-1,-1
687,139,496.06,0.66,143.58,479.34,0.9105,-1,-1,-1
688,164,0.00,73.49,79.94,289.40,0.8247,-1,-1,-1
688,163,357.92,103.32,93.86,287.73,0.8472,-1,-1,-1
688,156,266.65,130.66,59.19,185.08,0.7833,-1,-1,-1
688,154,229.44,138.81,37.47,139.58,0.5503,-1,-1,-1
688,143,63.51,32.57,167.34,447.43,0.8680,-1,-1,-1
688,139,491.21,0.95,148.59,478.79,0.9203,-1,-1,-1
689,166,305.48,151.81,45.27,137.93,0.6055,-1,-1,-1
689,164,0.09,69.15,69.94,292.77,0.7673,-1,-1,-1
689,163,357.96,104.84,88.92,281.17,0.8438,-1,-1,-1
689,156,264.26,132.23,59.66,185.47,0.8241,-1,-1,-1
689,154,223.62,141.31,43.50,176.09,0.7153,-1,-1,-1
689,143,88.61,33.52,139.48,446.46,0.8267,-1,-1,-1
689,139,475.85,0.00,163.75,478.84,0.8964,-1,-1,-1
690,166,307.70,151.99,48.46,139.38,0.7236,-1,-1,-1
690,164,0.08,79.59,63.51,294.36,0.6843,-1,-1,-1
690,163,357.56,102.64,84.68,278.03,0.8485,-1,-1,-1
690,156,262.10,133.60,57.12,186.45,0.8408,-1,-1,-1
690,154,217.22,141.52,48.81,178.13,0.6362,-1,-1,-1
690,143,82.15,31.67,144.77,448.33,0.8664,-1,-1,-1
690,139,441.57,0.00,198.09,479.95,0.8622,-1,-1,-1
691,166,309.09,153.58,47.09,139.69,0.8006,-1,-1,-1
691,164,0.10,90.13,51.92,181.04,0.5579,-1,-1,-1
691,163,352.66,102.29,87.66,284.04,0.8243,-1,-1,-1
691,156,260.74,137.70,59.32,187.13,0.8252,-1,-1,-1
691,154,217.41,144.43,46.42,212.53,0.4539,-1,-1,-1
691,143,105.14,30.35,126.12,442.45,0.8914,-1,-1,-1
691,139,450.74,0.00,188.96,478.80,0.8517,-1,-1,-1
692,167,52.26,134.70,61.84,183.60,0.7584,-1,-1,-1
692,166,310.87,151.85,49.68,143.43,0.7732,-1,-1,-1
692,164,0.09,88.25,39.83,201.14,0.5481,-1,-1,-1
692,163,352.87,103.60,87.05,287.28,0.8502,-1,-1,-1
692,156,259.99,141.35,59.25,184.40,0.8394,-1,-1,-1
692,154,227.13,147.14,35.00,123.07,0.4849,-1,-1,-1
692,143,109.69,29.93,124.38,435.02,0.8958,-1,-1,-1
692,139,497.03,1.69,142.83,474.86,0.8480,-1,-1,-1
693,167,40.20,128.59,70.15,192.99,0.7316,-1,-1,-1
693,166,316.69,145.08,48.54,146.79,0.6527,-1,-1,-1
693,164,0.11,109.99,39.89,201.63,0.3498,-1,-1,-1
693,163,352.11,101.21,96.96,289.71,0.7830,-1,-1,-1
693,156,262.41,131.64,59.82,186.47,0.8406,-1,-1,-1
693,154,229.65,141.77,35.10,119.27,0.3501,-1,-1,-1
693,143,115.03,23.73,126.34,448.07,0.8834,-1,-1,-1
693,139,503.17,1.02,136.47,477.68,0.8814,-1,-1,-1
694,167,19.58,125.04,82.05,196.31,0.7814,-1,-1,-1
694,166,317.95,136.43,45.26,123.92,0.4939,-1,-1,-1
694,163,349.73,95.97,93.02,291.72,0.7774,-1,-1,-1
694,156,261.35,129.01,61.88,181.09,0.8172,-1,-1,-1
694,154,226.12,137.41,37.86,138.11,0.3527,-1,-1,-1
694,143,119.86,25.23,117.43,448.25,0.8490,-1,-1,-1
694,139,423.44,1.46,216.16,474.45,0.8626,-1,-1,-1
695,169,93.58,140.48,41.74,150.03,0.7336,-1,-1,-1
695,167,10.98,120.44,79.91,210.78,0.8249,-1,-1,-1
695,166,317.82,133.65,50.67,110.75,0.4510,-1,-1,-1
695,163,337.54,94.72,98.63,292.89,0.7087,-1,-1,-1
695,156,260.90,127.20,59.62,178.09,0.8309,-1,-1,-1
695,143,123.54,27.26,132.91,452.74,0.8028,-1,-1,-1
695,139,430.88,1.05,208.95,478.95,0.8936,-1,-1,-1
696,169,93.62,144.08,42.94,154.40,0.7726,-1,-1,-1
696,167,7.28,116.22,77.76,224.37,0.8272,-1,-1,-1
696,163,342.41,98.36,91.92,289.06,0.7925,-1,-1,-1
696,156,261.12,132.95,62.87,180.02,0.7892,-1,-1,-1
696,143,117.90,40.64,142.83,439.36,0.7964,-1,-1,-1
696,139,448.04,1.28,191.56,478.72,0.8515,-1,-1,-1
697,169,92.98,142.47,42.60,158.58,0.7261,-1,-1,-1
697,167,4.69,115.32,74.10,227.39,0.8294,-1,-1,-1
697,163,344.82,96.96,87.63,280.39,0.8334,-1,-1,-1
697,156,265.54,132.91,60.15,182.81,0.8406,-1,-1,-1
697,143,124.76,40.02,139.50,439.98,0.8709,-1,-1,-1
697,139,474.91,0.89,164.77,478.74,0.9058,-1,-1,-1
698,169,85.71,139.15,44.83,160.37,0.5226,-1,-1,-1
698,167,0.05,106.45,76.26,237.79,0.8075,-1,-1,-1
698,163,329.41,92.66,99.07,284.00,0.8188,-1,-1,-1
698,156,265.67,135.06,58.61,179.53,0.8059,-1,-1,-1
698,143,141.37,33.77,126.58,432.72,0.8733,-1,-1,-1
698,139,462.73,0.77,176.95,478.16,0.9108,-1,-1,-1
699,170,102.91,169.98,51.04,186.61,0.7130,-1,-1,-1
699,169,82.99,144.41,40.58,148.05,0.5295,-1,-1,-1
699,167,0.12,108.56,72.30,242.92,0.8452,-1,-1,-1
699,163,334.45,98.33,91.64,286.97,0.8346,-1,-1,-1
699,156,268.09,141.08,53.66,179.40,0.8273,-1,-1,-1
699,143,144.78,38.26,124.71,411.48,0.8986,-1,-1,-1
699,139,458.43,0.76,181.20,479.24,0.9092,-1,-1,-1
700,170,90.23,173.67,59.51,198.46,0.6921,-1,-1,-1
700,167,0.07,110.87,63.58,261.70,0.7407,-1,-1,-1
700,163,333.30,107.12,90.62,291.21,0.8485,-1,-1,-1
700,156,274.05,147.80,49.03,173.97,0.8006,-1,-1,-1
700,143,130.95,45.74,144.54,409.80,0.8783,-1,-1,-1
700,139,455.83,1.75,183.80,478.25,0.9097,-1,-1,-1
701,171,28.53,151.48,42.30,154.84,0.6823,-1,-1,-1
701,170,76.25,157.40,62.84,212.86,0.6798,-1,-1,-1
701,167,0.00,141.17,42.38,208.69,0.3791,-1,-1,-1
701,163,326.95,101.65,91.06,292.71,0.8336,-1,-1,-1
701,156,272.49,137.82,46.48,156.07,0.7946,-1,-1,-1
701,143,129.01,35.43,151.27,422.49,0.8668,-1,-1,-1
701,139,458.76,1.04,180.88,477.16,0.9211,-1,-1,-1
702,172,112.08,125.71,49.43,213.47,0.5789,-1,-1,-1
702,171,12.88,146.29,54.99,161.27,0.7364,-1,-1,-1
702,170,63.00,156.91,63.40,220.10,0.7360,-1,-1,-1
702,163,308.13,100.53,112.29,294.96,0.7965,-1,-1,-1
702,156,268.57,137.61,47.37,154.70,0.7784,-1,-1,-1
702,143,125.93,40.72,153.52,424.64,0.8601,-1,-1,-1
702,139,449.64,1.16,190.01,475.96,0.9250,-1,-1,-1
703,172,110.73,124.72,46.99,223.66,0.5768,-1,-1,-1
703,171,3.93,148.56,58.31,156.94,0.7030,-1,-1,-1
703,170,45.89,156.47,75.96,237.38,0.8086,-1,-1,-1
703,163,317.79,102.65,91.36,292.64,0.8206,-1,-1,-1
703,156,268.51,140.35,46.10,143.95,0.7071,-1,-1,-1
703,143,120.40,49.40,159.28,428.48,0.8437,-1,-1,-1
703,139,440.27,2.83,199.72,474.86,0.9266,-1,-1,-1
704,175,383.08,114.11,67.29,219.84,0.7895,-1,-1,-1
704,172,95.10,121.57,59.93,227.00,0.7111,-1,-1,-1
704,171,0.09,150.82,54.00,162.24,0.7210,-1,-1,-1
704,170,27.79,153.37,79.83,254.00,0.7259,-1,-1,-1
704,163,316.17,101.00,84.69,286.30,0.8292,-1,-1,-1
704,156,265.16,142.96,45.92,152.72,0.6489,-1,-1,-1
704,143,120.64,52.11,155.47,424.24,0.8547,-1,-1,-1
704,139,434.83,1.20,204.73,476.94,0.9201,-1,-1,-1
705,175,382.55,110.46,62.40,219.16,0.6809,-1,-1,-1
705,172,82.33,114.99,66.68,238.00,0.7980,-1,-1,-1
705,171,0.21,174.20,41.03,138.98,0.3349,-1,-1,-1
705,170,3.23,147.55,93.64,274.25,0.8043,-1,-1,-1
705,163,311.68,96.84,87.54,280.13,0.8501,-1,-1,-1
705,156,261.23,141.60,46.93,161.36,0.6723,-1,-1,-1
705,143,130.04,47.99,141.61,428.36,0.8725,-1,-1,-1
705,139,426.25,1.01,213.41,478.40,0.9228,-1,-1,-1
706,175,378.85,101.76,56.55,233.32,0.5088,-1,-1,-1
706,172,61.39,106.61,82.45,252.94,0.8448,-1,-1,-1
706,170,0.05,141.94,79.24,289.25,0.8798,-1,-1,-1
706,163,300.37,95.82,89.28,288.61,0.8325,-1,-1,-1
706,156,257.93,140.53,44.48,122.55,0.7361,-1,-1,-1
706,143,140.27,41.39,128.46,425.88,0.8629,-1,-1,-1
706,139,414.10,1.43,225.34,477.77,0.9200,-1,-1,-1
707,175,373.99,102.39,63.21,238.93,0.6349,-1,-1,-1
707,172,37.46,103.06,98.90,269.09,0.7723,-1,-1,-1
707,170,0.34,138.02,63.57,302.80,0.8316,-1,-1,-1
707,163,297.80,98.96,87.46,290.32,0.8564,-1,-1,-1
707,156,255.52,142.16,43.53,112.10,0.6440,-1,-1,-1
707,143,136.20,40.71,130.53,407.55,0.8941,-1,-1,-1
707,139,395.70,1.25,243.93,476.89,0.8951,-1,-1,-1
708,172,10.16,97.84,111.83,276.65,0.7052,-1,-1,-1
708,170,0.06,127.73,43.68,315.97,0.7598,-1,-1,-1
708,163,288.28,100.91,90.57,293.44,0.8378,-1,-1,-1
708,156,251.92,141.30,44.09,114.77,0.6239,-1,-1,-1
708,143,131.35,35.37,128.99,414.32,0.8754,-1,-1,-1
708,139,354.17,1.39,284.09,477.35,0.8693,-1,-1,-1
709,172,0.21,90.61,107.14,349.71,0.7096,-1,-1,-1
709,163,284.34,100.41,90.59,295.55,0.8032,-1,-1,-1
709,156,249.07,139.11,45.99,124.00,0.7151,-1,-1,-1
709,143,128.51,34.93,132.13,417.71,0.8690,-1,-1,-1
709,139,376.89,0.48,254.67,479.52,0.8650,-1,-1,-1
710,172,0.00,78.61,103.15,376.81,0.6758,-1,-1,-1
710,163,277.11,96.84,97.16,297.73,0.7581,-1,-1,-1
710,156,247.82,138.61,46.21,118.11,0.7433,-1,-1,-1
710,143,126.85,38.05,132.04,429.01,0.8647,-1,-1,-1
710,139,333.99,0.31,278.33,478.03,0.8939,-1,-1,-1
711,172,0.11,58.24,97.34,323.77,0.8855,-1,-1,-1
711,163,275.20,91.40,92.38,302.40,0.7812,-1,-1,-1
711,156,246.46,138.19,40.20,117.11,0.6849,-1,-1,-1
711,143,122.44,38.54,131.79,408.57,0.8207,-1,-1,-1
711,139,310.24,0.51,284.50,479.16,0.8861,-1,-1,-1
712,172,0.20,42.74,68.67,368.08,0.7085,-1,-1,-1
712,169,35.08,127.18,57.36,207.08,0.4414,-1,-1,-1
712,163,269.00,88.03,93.64,293.35,0.8238,-1,-1,-1
712,156,243.66,142.18,40.30,112.89,0.6091,-1,-1,-1
712,143,120.50,40.88,130.95,431.82,0.8871,-1,-1,-1
712,139,298.23,0.33,288.38,476.38,0.8949,-1,-1,-1
713,172,0.11,30.51,59.82,424.12,0.7370,-1,-1,-1
713,169,27.57,97.56,62.68,235.67,0.3123,-1,-1,-1
713,163,266.96,87.14,91.64,292.51,0.8167,-1,-1,-1
713,156,244.65,141.51,35.99,108.99,0.6947,-1,-1,-1
713,143,116.40,36.77,134.92,430.78,0.9003,-1,-1,-1
713,139,337.18,0.64,259.39,475.82,0.9167,-1,-1,-1
714,169,28.25,91.40,67.24,245.02,0.5799,-1,-1,-1
714,163,267.97,89.28,94.64,295.37,0.8158,-1,-1,-1
714,156,247.79,142.05,36.38,101.91,0.7460,-1,-1,-1
714,143,109.68,35.61,143.21,419.36,0.8968,-1,-1,-1
714,139,331.88,0.46,301.87,475.35,0.9015,-1,-1,-1
715,172,0.00,82.25,69.15,253.34,0.7395,-1,-1,-1
715,169,29.28,87.36,74.51,229.11,0.7631,-1,-1,-1
715,163,272.95,89.88,94.09,298.08,0.8308,-1,-1,-1
715,156,251.05,138.98,37.04,105.23,0.6351,-1,-1,-1
715,143,106.03,32.17,151.44,400.76,0.9022,-1,-1,-1
715,139,329.92,0.57,309.10,473.02,0.9129,-1,-1,-1
716,172,0.00,66.43,70.62,272.53,0.3520,-1,-1,-1
716,169,26.02,85.85,80.90,253.84,0.8296,-1,-1,-1
716,163,274.18,92.04,96.92,309.48,0.8401,-1,-1,-1
716,156,255.66,141.96,36.39,102.93,0.6746,-1,-1,-1
716,143,101.32,34.39,159.41,404.35,0.8983,-1,-1,-1
716,139,336.48,0.27,302.52,476.17,0.8857,-1,-1,-1
717,169,8.29,80.27,99.68,266.25,0.8884,-1,-1,-1
717,163,278.56,94.46,100.03,305.45,0.8473,-1,-1,-1
717,156,260.16,142.66,39.83,101.88,0.7288,-1,-1,-1
717,143,98.92,41.98,164.25,399.93,0.8878,-1,-1,-1
717,139,350.30,0.14,288.75,477.77,0.8715,-1,-1,-1
718,169,2.55,78.95,103.66,292.00,0.8837,-1,-1,-1
718,163,288.03,97.01,97.86,307.72,0.8120,-1,-1,-1
718,156,265.43,149.19,38.80,107.14,0.7653,-1,-1,-1
718,143,97.69,51.28,169.68,411.57,0.8917,-1,-1,-1
718,139,370.65,0.52,268.32,475.76,0.8973,-1,-1,-1
719,169,0.88,76.66,112.45,295.26,0.9004,-1,-1,-1
719,163,296.16,96.45,90.74,305.11,0.5813,-1,-1,-1
719,156,272.58,150.85,36.43,108.37,0.7071,-1,-1,-1
719,143,100.90,56.61,160.79,411.30,0.8880,-1,-1,-1
719,139,381.73,0.66,257.09,475.87,0.9051,-1,-1,-1
720,177,255.47,156.75,24.18,98.05,0.4298,-1,-1,-1
720,169,3.26,72.93,111.63,311.43,0.8962,-1,-1,-1
720,163,301.11,96.07,89.61,297.65,0.8466,-1,-1,-1
720,156,276.64,149.72,36.17,117.02,0.6708,-1,-1,-1
720,143,103.33,55.15,160.68,406.01,0.8887,-1,-1,-1
720,139,387.45,0.61,251.70,477.29,0.9164,-1,-1,-1
721,177,242.59,149.09,42.61,123.60,0.5539,-1,-1,-1
721,169,0.00,56.88,110.17,338.54,0.9202,-1,-1,-1
721,163,304.99,94.72,91.33,296.38,0.8501,-1,-1,-1
721,156,282.39,147.26,37.43,105.32,0.6121,-1,-1,-1
721,143,112.56,51.06,144.92,388.24,0.8912,-1,-1,-1
721,139,394.00,0.73,245.26,477.46,0.9261,-1,-1,-1
722,177,244.44,155.14,46.14,129.92,0.5238,-1,-1,-1
722,169,0.00,49.93,108.33,349.49,0.9217,-1,-1,-1
722,163,307.21,95.42,93.79,301.20,0.8776,-1,-1,-1
722,156,288.34,148.12,33.33,99.51,0.5994,-1,-1,-1
722,143,122.10,52.00,135.91,377.09,0.9015,-1,-1,-1
722,139,399.44,0.56,240.15,477.03,0.9254,-1,-1,-1
723,177,256.19,157.80,41.39,142.56,0.6103,-1,-1,-1
723,169,0.16,44.40,108.73,363.71,0.9253,-1,-1,-1
723,163,316.04,100.03,90.54,305.33,0.6787,-1,-1,-1
723,156,294.01,153.39,33.33,99.03,0.6306,-1,-1,-1
723,143,136.71,52.94,125.29,385.37,0.8952,-1,-1,-1
723,139,395.90,0.84,243.85,479.16,0.9147,-1,-1,-1
724,177,247.74,160.89,52.15,153.26,0.5821,-1,-1,-1
724,169,0.05,37.04,107.35,375.91,0.9165,-1,-1,-1
724,163,316.77,102.35,92.42,304.08,0.8461,-1,-1,-1
724,156,298.53,154.64,31.55,101.44,0.6612,-1,-1,-1
724,143,144.04,55.53,119.42,388.66,0.8978,-1,-1,-1
724,139,391.49,1.12,248.17,478.55,0.9033,-1,-1,-1
725,180,124.84,200.69,13.09,44.00,0.5111,-1,-1,-1
725,179,140.09,197.20,15.29,46.68,0.5807,-1,-1,-1
725,178,93.29,187.43,21.55,70.06,0.5556,-1,-1,-1
725,177,260.54,156.44,43.64,154.15,0.6962,-1,-1,-1
725,169,0.04,20.21,97.99,396.10,0.9011,-1,-1,-1
725,163,314.29,99.49,97.44,305.08,0.8197,-1,-1,-1
725,156,300.98,152.02,31.24,102.67,0.4269,-1,-1,-1
725,143,149.58,56.40,114.88,394.54,0.8948,-1,-1,-1
725,139,395.78,0.86,244.02,479.14,0.8764,-1,-1,-1
726,179,146.17,197.90,13.06,48.41,0.4136,-1,-1,-1
726,178,90.84,189.39,28.01,69.03,0.7158,-1,-1,-1
726,177,264.38,155.70,42.67,151.62,0.7927,-1,-1,-1
726,169,0.09,6.74,89.52,418.87,0.8919,-1,-1,-1
726,163,319.03,98.86,90.72,303.17,0.8233,-1,-1,-1
726,156,304.92,153.11,31.92,99.83,0.5474,-1,-1,-1
726,143,157.21,62.28,107.31,396.62,0.8775,-1,-1,-1
726,139,413.56,0.41,226.31,478.55,0.9232,-1,-1,-1
727,179,146.72,196.02,12.05,47.83,0.5008,-1,-1,-1
727,178,92.90,186.77,23.88,71.12,0.6396,-1,-1,-1
727,177,266.72,152.74,41.40,151.77,0.8131,-1,-1,-1
727,169,0.20,1.38,77.72,426.48,0.8779,-1,-1,-1
727,163,318.78,93.40,89.61,299.15,0.8264,-1,-1,-1
727,156,307.15,149.58,28.58,96.81,0.5001,-1,-1,-1
727,143,160.79,60.64,105.77,394.08,0.8885,-1,-1,-1
727,139,405.60,0.25,234.08,478.59,0.9252,-1,-1,-1
728,180,124.43,197.09,16.67,46.81,0.4843,-1,-1,-1
728,179,142.33,195.65,14.53,48.42,0.5438,-1,-1,-1
728,178,90.34,187.48,22.19,70.21,0.5429,-1,-1,-1
728,177,265.86,151.88,41.53,152.12,0.8363,-1,-1,-1
728,169,0.23,36.84,57.54,397.37,0.7281,-1,-1,-1
728,163,315.61,91.87,97.80,291.30,0.8062,-1,-1,-1
728,156,305.13,148.00,29.81,88.15,0.5180,-1,-1,-1
728,143,160.23,59.13,105.58,391.22,0.8868,-1,-1,-1
728,139,392.31,0.37,246.50,477.72,0.9283,-1,-1,-1
729,180,120.53,195.34,19.06,47.90,0.4410,-1,-1,-1
729,179,139.86,195.84,14.90,46.46,0.5571,-1,-1,-1
729,178,82.39,186.10,25.16,71.22,0.5960,-1,-1,-1
729,177,265.13,152.46,42.41,150.28,0.8542,-1,-1,-1
729,163,314.96,89.70,91.51,298.75,0.8494,-1,-1,-1
729,156,305.32,148.83,26.33,83.64,0.5709,-1,-1,-1
729,143,159.54,56.13,106.51,376.84,0.8967,-1,-1,-1
729,139,383.46,0.60,255.78,475.49,0.9302,-1,-1,-1
730,180,120.80,198.20,16.06,52.04,0.3287,-1,-1,-1
730,178,85.00,192.86,21.50,71.72,0.5884,-1,-1,-1
730,177,265.56,160.95,43.10,148.97,0.8183,-1,-1,-1
730,163,314.63,100.08,92.23,301.80,0.8135,-1,-1,-1
730,156,304.95,156.56,28.49,84.67,0.4546,-1,-1,-1
730,143,159.36,62.79,107.27,365.86,0.9013,-1,-1,-1
730,139,375.23,0.52,263.88,476.82,0.9263,-1,-1,-1
731,180,122.69,205.87,15.21,48.07,0.5070,-1,-1,-1
731,178,81.84,194.20,25.78,75.78,0.6459,-1,-1,-1
731,177,268.04,165.24,40.41,145.41,0.7878,-1,-1,-1
731,163,314.80,101.83,94.17,312.13,0.8347,-1,-1,-1
731,156,306.16,161.10,32.65,83.26,0.4407,-1,-1,-1
731,143,159.32,68.07,109.94,369.09,0.9013,-1,-1,-1
731,139,372.19,0.61,267.10,476.65,0.9268,-1,-1,-1
732,180,119.57,205.52,17.26,49.77,0.5414,-1,-1,-1
732,178,75.73,194.32,27.96,77.35,0.6472,-1,-1,-1
732,177,268.71,165.60,39.84,142.79,0.7782,-1,-1,-1
732,163,314.87,110.16,94.38,308.45,0.8606,-1,-1,-1
732,156,306.54,163.21,32.85,85.72,0.4099,-1,-1,-1
732,143,151.91,73.68,117.35,374.91,0.9003,-1,-1,-1
732,139,373.45,0.49,266.05,476.44,0.9189,-1,-1,-1
733,180,112.24,203.44,23.75,54.32,0.3604,-1,-1,-1
733,178,64.82,194.39,32.53,80.83,0.6063,-1,-1,-1
733,177,265.97,165.41,40.83,141.80,0.7991,-1,-1,-1
733,163,315.84,111.55,91.06,306.49,0.8630,-1,-1,-1
733,156,311.27,164.27,29.19,90.17,0.3414,-1,-1,-1
733,143,145.40,83.48,116.60,378.25,0.8711,-1,-1,-1
733,139,382.17,0.77,257.38,477.13,0.9096,-1,-1,-1
734,178,60.72,201.83,33.08,78.52,0.6119,-1,-1,-1
734,177,265.72,170.19,41.36,134.30,0.7531,-1,-1,-1
734,163,315.89,116.72,90.21,301.52,0.8353,-1,-1,-1
734,143,137.71,90.68,117.28,378.21,0.8832,-1,-1,-1
734,139,389.51,0.69,250.23,477.64,0.9102,-1,-1,-1
735,183,240.60,160.67,33.03,124.32,0.5757,-1,-1,-1
735,178,59.26,195.07,30.52,81.17,0.6093,-1,-1,-1
735,177,265.41,165.28,42.01,140.89,0.7548,-1,-1,-1
735,163,316.41,108.45,90.12,291.37,0.8270,-1,-1,-1
735,143,129.19,84.43,121.82,374.13,0.8493,-1,-1,-1
735,139,396.18,0.42,243.28,478.24,0.9140,-1,-1,-1
736,183,239.20,157.76,31.21,109.98,0.4725,-1,-1,-1
736,178,56.63,191.48,30.40,82.32,0.5821,-1,-1,-1
736,177,264.41,165.10,41.36,141.05,0.7887,-1,-1,-1
736,163,315.65,104.00,90.41,294.98,0.8302,-1,-1,-1
736,143,151.05,78.57,106.25,361.35,0.8248,-1,-1,-1
736,139,399.72,0.41,239.26,477.59,0.8931,-1,-1,-1
737,184,109.57,137.33,53.92,185.10,0.8013,-1,-1,-1
737,183,237.20,156.73,34.24,141.70,0.3418,-1,-1,-1
737,178,46.91,189.30,31.05,84.07,0.6174,-1,-1,-1
737,177,260.73,165.79,43.09,142.72,0.7946,-1,-1,-1
737,163,314.84,105.91,89.97,297.89,0.8279,-1,-1,-1
737,143,147.50,74.38,110.15,346.42,0.8489,-1,-1,-1
737,139,401.04,0.21,238.14,475.17,0.9135,-1,-1,-1
738,184,104.67,134.10,54.34,191.65,0.7933,-1,-1,-1
738,183,236.45,154.86,34.34,146.07,0.4679,-1,-1,-1
738,178,42.53,185.87,32.15,86.06,0.7078,-1,-1,-1
738,177,258.16,164.24,45.07,144.45,0.7885,-1,-1,-1
738,163,313.09,108.66,92.34,299.29,0.8234,-1,-1,-1
738,143,144.41,73.55,110.00,351.58,0.8392,-1,-1,-1
738,139,400.23,0.74,238.94,476.24,0.9190,-1,-1,-1
739,184,92.69,131.75,61.71,196.62,0.8091,-1,-1,-1
739,183,236.10,156.50,31.10,110.53,0.5480,-1,-1,-1
739,178,36.34,184.87,30.95,87.59,0.6083,-1,-1,-1
739,177,254.52,163.05,48.76,143.55,0.7619,-1,-1,-1
739,163,309.97,111.37,92.27,301.97,0.8408,-1,-1,-1
739,143,143.50,75.94,99.19,355.81,0.8662,-1,-1,-1
739,139,397.98,0.56,241.39,476.88,0.9141,-1,-1,-1
740,184,82.97,130.74,67.39,211.81,0.8337,-1,-1,-1
740,183,237.14,157.44,30.61,134.36,0.4091,-1,-1,-1
740,178,30.54,183.50,34.18,89.67,0.7126,-1,-1,-1
740,177,255.06,162.09,54.28,144.05,0.7524,-1,-1,-1
740,163,310.44,111.91,91.11,300.88,0.8469,-1,-1,-1
740,143,142.88,83.94,104.27,357.53,0.8775,-1,-1,-1
740,139,394.60,1.08,244.99,476.82,0.9144,-1,-1,-1
741,185,0.06,190.68,18.35,77.54,0.3251,-1,-1,-1
741,184,76.08,122.71,76.73,217.71,0.8391,-1,-1,-1
741,183,236.66,153.89,30.74,138.10,0.5043,-1,-1,-1
741,178,26.28,179.75,33.77,91.10,0.6871,-1,-1,-1
741,177,255.25,160.18,52.29,144.23,0.7426,-1,-1,-1
741,163,306.31,106.18,94.08,303.61,0.8237,-1,-1,-1
741,143,143.75,85.01,101.97,357.17,0.8788,-1,-1,-1
741,139,388.72,1.08,251.08,477.74,0.8985,-1,-1,-1
742,185,0.04,183.09,18.17,75.76,0.5544,-1,-1,-1
742,184,72.41,115.26,76.80,228.49,0.8041,-1,-1,-1
742,183,235.71,152.08,32.88,137.95,0.5311,-1,-1,-1
742,178,24.02,179.23,30.24,92.53,0.6922,-1,-1,-1
742,177,260.29,161.23,46.86,142.77,0.7663,-1,-1,-1
742,163,307.86,104.86,89.21,293.04,0.8310,-1,-1,-1
742,143,142.92,88.53,102.03,346.53,0.8837,-1,-1,-1
742,139,397.57,0.89,241.79,479.11,0.9148,-1,-1,-1
743,185,0.01,187.20,15.08,68.77,0.4816,-1,-1,-1
743,184,47.10,104.68,97.21,239.77,0.6876,-1,-1,-1
743,183,236.77,152.56,31.54,137.70,0.5910,-1,-1,-1
743,178,13.88,176.17,33.49,92.21,0.6177,-1,-1,-1
743,177,259.78,161.22,47.84,142.27,0.7627,-1,-1,-1
743,163,311.21,104.88,82.07,284.54,0.8062,-1,-1,-1
743,143,138.40,84.54,107.10,348.21,0.8710,-1,-1,-1
743,139,398.24,1.07,240.06,478.93,0.9028,-1,-1,-1
744,184,42.53,97.49,93.71,253.84,0.8555,-1,-1,-1
744,183,238.36,149.52,31.63,143.19,0.5765,-1,-1,-1
744,178,9.14,173.43,35.58,97.36,0.6043,-1,-1,-1
744,177,258.48,161.94,52.82,141.68,0.7109,-1,-1,-1
744,163,306.60,103.74,87.05,292.31,0.8318,-1,-1,-1
744,143,151.94,82.48,96.20,332.78,0.8638,-1,-1,-1
744,139,389.82,0.28,238.55,478.52,0.8927,-1,-1,-1
745,186,122.20,129.40,46.44,180.42,0.7048,-1,-1,-1
745,184,15.71,94.63,114.40,265.88,0.8609,-1,-1,-1
745,183,242.27,148.86,30.79,140.89,0.6155,-1,-1,-1
745,178,7.66,171.89,34.89,133.37,0.3442,-1,-1,-1
745,177,265.53,159.09,46.61,137.97,0.6853,-1,-1,-1
745,163,308.40,99.59,93.78,299.98,0.8310,-1,-1,-1
745,143,155.86,78.89,94.28,324.88,0.8715,-1,-1,-1
745,139,400.52,0.14,229.63,477.90,0.9241,-1,-1,-1
746,186,112.93,131.03,63.13,184.75,0.8578,-1,-1,-1
746,184,0.85,91.66,114.80,289.87,0.8703,-1,-1,-1
746,183,248.70,154.17,28.80,131.83,0.5158,-1,-1,-1
746,177,269.57,158.70,50.09,139.20,0.5441,-1,-1,-1
746,163,308.12,155.46,92.46,251.79,0.7874,-1,-1,-1
746,143,160.68,82.67,97.09,329.71,0.8748,-1,-1,-1
746,139,391.24,0.41,246.52,478.62,0.9070,-1,-1,-1
747,186,112.44,126.87,63.71,191.63,0.8143,-1,-1,-1
747,184,0.05,84.93,111.65,301.21,0.8907,-1,-1,-1
747,183,251.39,153.32,27.59,126.75,0.3071,-1,-1,-1
747,177,266.67,158.07,53.69,139.82,0.6905,-1,-1,-1
747,163,311.39,107.13,93.14,301.65,0.8522,-1,-1,-1
747,143,163.32,83.54,98.23,332.03,0.8695,-1,-1,-1
747,139,390.19,0.32,248.97,477.50,0.8960,-1,-1,-1
748,186,113.03,124.06,61.30,198.83,0.8250,-1,-1,-1
748,184,0.00,75.02,92.74,316.84,0.8874,-1,-1,-1
748,183,251.63,154.13,32.20,102.93,0.4521,-1,-1,-1
748,177,270.77,160.57,52.24,140.38,0.6607,-1,-1,-1
748,163,315.55,107.69,90.14,301.16,0.8376,-1,-1,-1
748,143,164.36,88.60,102.38,335.16,0.8672,-1,-1,-1
748,139,391.00,0.32,248.70,476.77,0.9183,-1,-1,-1
749,186,107.95,121.06,65.69,209.23,0.8597,-1,-1,-1
749,184,0.02,64.32,84.02,331.67,0.8910,-1,-1,-1
749,183,251.43,155.91,39.52,139.90,0.5088,-1,-1,-1
749,177,273.59,167.01,53.00,137.75,0.6497,-1,-1,-1
749,163,318.62,108.96,93.86,298.88,0.7946,-1,-1,-1
749,143,164.15,93.90,104.77,337.67,0.8559,-1,-1,-1
749,139,393.52,0.43,245.96,477.91,0.9215,-1,-1,-1
750,186,106.37,113.76,67.50,216.50,0.8610,-1,-1,-1
750,184,0.17,47.53,77.60,368.90,0.8683,-1,-1,-1
750,183,257.53,153.15,39.60,139.67,0.6302,-1,-1,-1
750,177,281.62,164.51,53.43,139.23,0.7165,-1,-1,-1
750,163,325.85,105.77,88.65,287.54,0.8414,-1,-1,-1
750,143,170.69,92.38,104.07,328.17,0.8716,-1,-1,-1
750,139,405.18,0.84,234.50,477.01,0.9137,-1,-1,-1
751,186,101.60,105.90,81.16,222.25,0.8683,-1,-1,-1
751,184,0.17,33.27,71.14,367.89,0.7761,-1,-1,-1
751,183,263.28,146.68,42.61,143.36,0.7271,-1,-1,-1
751,177,290.55,160.09,50.49,133.24,0.7352,-1,-1,-1
751,163,335.01,97.67,87.09,290.67,0.8019,-1,-1,-1
751,143,179.16,88.11,84.45,324.22,0.8300,-1,-1,-1
751,139,414.46,1.18,225.15,478.82,0.9110,-1,-1,-1
752,186,95.36,99.18,86.96,234.82,0.8732,-1,-1,-1
752,184,0.46,6.36,79.49,396.44,0.7360,-1,-1,-1
752,183,270.15,147.04,40.79,133.23,0.6899,-1,-1,-1
752,177,295.84,160.35,52.11,126.38,0.6204,-1,-1,-1
752,163,336.50,100.69,90.57,295.29,0.8463,-1,-1,-1
752,143,185.45,85.25,100.51,304.89,0.8927,-1,-1,-1
752,139,418.39,0.83,221.12,477.46,0.9181,-1,-1,-1
753,186,90.94,94.45,90.80,246.97,0.8760,-1,-1,-1
753,184,0.00,74.84,77.44,325.21,0.4420,-1,-1,-1
753,183,274.68,150.70,39.43,127.55,0.7601,-1,-1,-1
753,177,303.65,158.89,48.28,125.20,0.4403,-1,-1,-1
753,163,339.62,102.75,93.73,297.29,0.8252,-1,-1,-1
753,143,186.89,83.04,99.86,308.97,0.8964,-1,-1,-1
753,139,411.53,0.80,228.25,478.15,0.9176,-1,-1,-1
754,186,76.13,90.07,104.56,266.58,0.8936,-1,-1,-1
754,183,283.08,149.34,39.75,137.31,0.7256,-1,-1,-1
754,178,0.20,118.25,34.04,156.74,0.3211,-1,-1,-1
754,177,320.39,160.32,38.82,105.44,0.4928,-1,-1,-1
754,163,345.56,106.32,93.62,300.06,0.7776,-1,-1,-1
754,143,195.16,84.03,98.79,314.52,0.8751,-1,-1,-1
754,139,411.94,1.26,227.67,478.49,0.9171,-1,-1,-1
755,187,31.99,166.68,38.16,88.82,0.5873,-1,-1,-1
755,186,71.38,84.57,107.77,273.50,0.9012,-1,-1,-1
755,183,285.32,152.49,40.39,131.72,0.7344,-1,-1,-1
755,178,0.01,151.11,36.90,123.67,0.4066,-1,-1,-1
755,177,326.79,161.17,34.87,107.09,0.4150,-1,-1,-1
755,163,347.59,103.27,93.09,297.89,0.8358,-1,-1,-1
755,143,202.25,86.16,92.71,313.67,0.8680,-1,-1,-1
755,139,427.61,1.99,211.83,477.60,0.9132,-1,-1,-1
756,187,40.75,171.17,31.52,86.75,0.5812,-1,-1,-1
756,186,66.82,78.88,109.95,296.27,0.9018,-1,-1,-1
756,183,292.43,151.65,35.37,133.06,0.7325,-1,-1,-1
756,178,0.18,154.99,28.51,124.39,0.7074,-1,-1,-1
756,177,329.36,161.66,37.86,112.35,0.3904,-1,-1,-1
756,163,347.82,98.69,97.37,306.71,0.7099,-1,-1,-1
756,143,211.30,89.72,89.31,316.87,0.8665,-1,-1,-1
756,139,465.12,1.90,174.52,477.75,0.9045,-1,-1,-1
757,187,41.70,167.19,33.02,91.88,0.3227,-1,-1,-1
757,186,57.66,65.72,112.44,314.00,0.8917,-1,-1,-1
757,183,296.59,148.80,36.41,130.75,0.7431,-1,-1,-1
757,178,0.16,154.20,21.74,123.81,0.6024,-1,-1,-1
757,177,329.14,158.53,38.71,113.81,0.3951,-1,-1,-1
757,163,351.89,94.95,94.01,301.10,0.8005,-1,-1,-1
757,143,206.51,90.24,99.48,313.55,0.8622,-1,-1,-1
757,139,487.80,0.97,152.02,477.19,0.8990,-1,-1,-1
758,186,45.52,50.50,115.28,333.29,0.8994,-1,-1,-1
758,183,299.86,146.09,31.02,129.67,0.5500,-1,-1,-1
758,178,0.10,159.22,15.42,90.00,0.3194,-1,-1,-1
758,177,321.56,158.03,47.41,114.22,0.3652,-1,-1,-1
758,163,348.93,92.68,97.39,297.27,0.7839,-1,-1,-1
758,143,217.10,85.94,89.56,316.09,0.8682,-1,-1,-1
759,190,190.32,162.48,33.35,116.69,0.4167,-1,-1,-1
759,186,20.56,39.85,132.23,352.31,0.9100,-1,-1,-1
759,183,302.72,149.83,33.99,133.47,0.5957,-1,-1,-1
759,163,351.23,95.51,96.44,298.04,0.7820,-1,-1,-1
759,143,203.29,87.61,105.37,300.80,0.8737,-1,-1,-1
759,139,478.97,4.17,160.61,474.04,0.4441,-1,-1,-1
760,190,181.45,162.00,45.02,120.53,0.5231,-1,-1,-1
760,186,0.00,25.03,138.68,371.71,0.9173,-1,-1,-1
760,183,304.59,145.30,32.16,131.47,0.5635,-1,-1,-1
760,179,133.63,180.76,22.40,67.34,0.6067,-1,-1,-1
760,163,348.69,91.83,99.79,304.33,0.8158,-1,-1,-1
760,143,199.37,82.78,110.43,299.88,0.8690,-1,-1,-1
760,139,494.76,3.44,144.77,475.82,0.5794,-1,-1,-1
761,190,180.39,160.19,39.52,121.83,0.5937,-1,-1,-1
761,186,0.00,9.00,117.46,391.94,0.9314,-1,-1,-1
761,183,308.62,154.30,32.17,121.94,0.5041,-1,-1,-1
761,180,106.14,177.32,21.99,71.48,0.4490,-1,-1,-1
761,179,129.67,179.78,25.50,68.49,0.6500,-1,-1,-1
761,163,350.82,95.97,98.17,306.61,0.8525,-1,-1,-1
761,143,206.07,81.85,107.94,302.21,0.8705,-1,-1,-1
761,139,505.32,1.08,134.51,477.38,0.8354,-1,-1,-1
762,190,176.39,155.11,39.45,121.50,0.6105,-1,-1,-1
762,186,0.00,0.30,103.04,403.22,0.9146,-1,-1,-1
762,183,310.51,146.50,26.99,125.40,0.6124,-1,-1,-1
762,180,108.17,175.52,19.75,73.08,0.4106,-1,-1,-1
762,179,128.78,175.74,26.02,69.74,0.6017,-1,-1,-1
762,163,354.21,94.39,95.14,307.96,0.8558,-1,-1,-1
762,143,180.51,79.44,135.95,306.69,0.8692,-1,-1,-1
762,139,492.20,1.15,147.46,478.85,0.8899,-1,-1,-1
763,191,81.09,161.22,40.76,83.15,0.7079,-1,-1,-1
763,190,167.65,143.03,37.22,126.13,0.6873,-1,-1,-1
763,188,53.15,150.37,34.51,94.75,0.5828,-1,-1,-1
763,186,0.23,25.28,82.98,379.56,0.8859,-1,-1,-1
763,183,308.03,136.23,30.00,120.21,0.5859,-1,-1,-1
763,179,124.90,166.26,25.21,72.00,0.6715,-1,-1,-1
763,163,354.40,84.72,94.33,304.45,0.8544,-1,-1,-1
763,143,189.57,75.89,126.72,308.34,0.8898,-1,-1,-1
763,139,463.63,1.59,176.09,478.41,0.8764,-1,-1,-1
764,191,84.20,163.41,38.54,86.72,0.6900,-1,-1,-1
764,190,161.69,149.10,39.34,124.44,0.7262,-1,-1,-1
764,188,52.73,158.01,41.38,92.49,0.4992,-1,-1,-1
764,186,0.34,24.71,64.96,391.41,0.7997,-1,-1,-1
764,183,308.89,139.88,32.50,121.97,0.6088,-1,-1,-1
764,179,124.52,170.53,25.11,71.33,0.6330,-1,-1,-1
764,163,358.71,90.17,90.59,296.43,0.8284,-1,-1,-1
764,143,208.07,82.82,110.95,309.11,0.8786,-1,-1,-1
764,139,457.05,0.85,182.50,450.55,0.7890,-1,-1,-1
765,192,199.26,155.32,31.77,115.79,0.6047,-1,-1,-1
765,191,93.80,168.83,30.76,85.82,0.6548,-1,-1,-1
765,190,146.49,155.32,51.62,124.94,0.7889,-1,-1,-1
765,188,60.57,160.90,40.94,96.54,0.6544,-1,-1,-1
765,183,310.34,145.33,34.73,119.82,0.6782,-1,-1,-1
765,179,125.54,175.63,23.79,72.98,0.6324,-1,-1,-1
765,163,360.58,92.56,94.66,292.88,0.8495,-1,-1,-1
765,143,217.23,87.21,105.27,303.79,0.8755,-1,-1,-1
765,139,458.50,1.36,181.17,478.64,0.8616,-1,-1,-1
766,192,198.26,156.08,34.09,119.55,0.6896,-1,-1,-1
766,191,94.96,166.94,28.82,89.73,0.6900,-1,-1,-1
766,190,139.98,154.87,54.29,127.43,0.8332,-1,-1,-1
766,188,61.85,164.69,38.92,94.30,0.6273,-1,-1,-1
766,183,310.14,147.86,30.12,120.93,0.6250,-1,-1,-1
766,179,122.90,175.11,23.63,74.12,0.6201,-1,-1,-1
766,163,360.36,92.33,93.75,292.89,0.7672,-1,-1,-1
766,143,224.39,86.30,96.80,304.29,0.8896,-1,-1,-1
766,139,457.28,1.25,182.45,478.75,0.8785,-1,-1,-1
767,192,188.11,151.29,41.27,125.33,0.8010,-1,-1,-1
767,191,91.92,164.77,26.11,90.37,0.4921,-1,-1,-1
767,190,127.71,154.39,58.45,126.32,0.8248,-1,-1,-1
767,188,57.27,160.34,35.61,96.82,0.6078,-1,-1,-1
767,183,310.50,147.28,33.66,119.53,0.4057,-1,-1,-1
767,163,354.72,91.33,97.65,297.97,0.7945,-1,-1,-1
767,143,228.29,80.14,89.37,290.79,0.8882,-1,-1,-1
767,139,457.75,1.32,181.89,477.92,0.9012,-1,-1,-1
768,192,184.97,155.14,41.95,126.70,0.8357,-1,-1,-1
768,191,90.86,165.63,34.76,92.42,0.4598,-1,-1,-1
768,190,120.82,157.70,57.41,125.85,0.8013,-1,-1,-1
768,188,51.35,161.64,35.95,98.56,0.6307,-1,-1,-1
768,163,351.53,94.49,97.95,303.78,0.7888,-1,-1,-1
768,143,226.11,81.84,89.91,290.30,0.8781,-1,-1,-1
768,139,457.46,1.30,182.20,478.70,0.8852,-1,-1,-1
769,192,183.09,154.83,44.98,130.22,0.8511,-1,-1,-1
769,191,87.89,167.12,30.20,92.28,0.4930,-1,-1,-1
769,190,116.69,154.94,45.68,129.76,0.7335,-1,-1,-1
769,188,54.37,161.10,31.06,100.20,0.6627,-1,-1,-1
769,163,351.83,98.18,94.53,304.86,0.7864,-1,-1,-1
769,143,226.45,83.65,88.69,295.41,0.8835,-1,-1,-1
769,139,463.57,1.99,176.05,478.01,0.8711,-1,-1,-1
770,192,179.93,152.79,47.14,132.62,0.8408,-1,-1,-1
770,191,87.47,164.78,25.70,93.69,0.4093,-1,-1,-1
770,190,111.56,153.13,41.59,129.39,0.5493,-1,-1,-1
770,188,53.14,160.65,35.55,100.69,0.6277,-1,-1,-1
770,163,350.47,94.22,95.85,305.67,0.7879,-1,-1,-1
770,143,225.58,84.50,92.61,297.80,0.8877,-1,-1,-1
770,139,477.16,1.12,162.41,478.32,0.8330,-1,-1,-1
771,192,167.46,149.55,51.03,140.00,0.8300,-1,-1,-1
771,191,80.74,161.61,32.44,98.21,0.4976,-1,-1,-1
771,190,101.08,152.40,37.51,133.74,0.5532,-1,-1,-1
771,188,48.09,159.62,36.66,103.34,0.6870,-1,-1,-1
771,163,347.73,93.30,89.70,301.85,0.8294,-1,-1,-1
771,143,220.81,89.72,93.03,300.80,0.8731,-1,-1,-1
771,139,503.61,0.75,136.03,473.60,0.8517,-1,-1,-1
772,192,163.32,144.71,52.05,141.31,0.8313,-1,-1,-1
772,190,83.03,151.63,49.64,133.15,0.7167,-1,-1,-1
772,188,45.75,156.11,37.79,104.29,0.6340,-1,-1,-1
772,163,343.86,92.63,89.94,293.69,0.8170,-1,-1,-1
772,143,211.25,89.68,100.43,297.44,0.8953,-1,-1,-1
772,139,494.22,0.00,145.64,475.16,0.8109,-1,-1,-1
773,192,148.68,140.06,61.76,147.18,0.8454,-1,-1,-1
773,190,72.93,151.47,47.36,132.57,0.7889,-1,-1,-1
773,188,42.95,155.55,38.41,103.04,0.6625,-1,-1,-1
773,163,338.12,87.43,96.43,291.24,0.8605,-1,-1,-1
773,143,212.79,89.38,97.95,293.78,0.8925,-1,-1,-1
773,139,493.37,0.00,146.49,474.77,0.7822,-1,-1,-1
774,192,154.03,136.58,51.65,154.45,0.8336,-1,-1,-1
774,190,66.14,150.31,49.44,134.49,0.6663,-1,-1,-1
774,188,44.68,158.47,38.46,93.43,0.4211,-1,-1,-1
774,163,335.43,87.84,97.24,294.96,0.8506,-1,-1,-1
774,143,219.23,87.39,93.90,287.07,0.8911,-1,-1,-1
774,139,494.51,4.74,145.49,472.38,0.8450,-1,-1,-1
775,192,152.10,138.33,52.07,159.26,0.8540,-1,-1,-1
775,191,88.79,156.81,37.69,103.98,0.4665,-1,-1,-1
775,190,66.19,153.90,42.11,132.79,0.4789,-1,-1,-1
775,188,43.43,155.07,39.43,110.04,0.4450,-1,-1,-1
775,163,337.51,88.49,94.56,300.39,0.7958,-1,-1,-1
775,143,215.23,87.03,99.47,277.72,0.8735,-1,-1,-1
775,139,463.66,18.46,124.42,433.72,0.7888,-1,-1,-1
776,194,496.76,0.00,143.09,479.78,0.8019,-1,-1,-1
776,192,144.95,139.51,54.48,161.56,0.8229,-1,-1,-1
776,191,89.72,172.90,34.82,91.59,0.6757,-1,-1,-1
776,190,43.90,152.04,52.12,135.74,0.6140,-1,-1,-1
776,163,338.74,94.33,92.64,302.66,0.8507,-1,-1,-1
776,143,212.16,87.96,103.86,280.47,0.8759,-1,-1,-1
776,139,412.76,22.59,166.24,419.11,0.7639,-1,-1,-1
777,194,495.30,0.00,144.58,479.92,0.7787,-1,-1,-1
777,192,142.16,138.29,54.37,167.08,0.8225,-1,-1,-1
777,191,93.60,170.48,31.25,94.11,0.6623,-1,-1,-1
777,190,38.58,150.88,52.17,138.86,0.5965,-1,-1,-1
777,163,337.32,95.69,91.45,302.21,0.8431,-1,-1,-1
777,143,208.70,91.38,107.98,280.92,0.8753,-1,-1,-1
777,139,400.24,32.34,170.28,407.09,0.7581,-1,-1,-1
778,194,515.86,0.00,123.98,476.19,0.7289,-1,-1,-1
778,192,132.42,134.75,63.32,175.81,0.8303,-1,-1,-1
778,191,92.48,164.98,39.82,101.87,0.6742,-1,-1,-1
778,190,26.36,153.04,61.36,139.60,0.7983,-1,-1,-1
778,163,342.26,96.14,88.08,300.89,0.8533,-1,-1,-1
778,143,208.16,97.61,114.24,283.04,0.8376,-1,-1,-1
778,139,407.51,26.47,155.96,423.79,0.8357,-1,-1,-1
779,196,209.75,136.94,47.16,184.02,0.7214,-1,-1,-1
779,194,508.15,5.27,131.08,474.73,0.7734,-1,-1,-1
779,192,137.94,133.57,59.14,182.32,0.8354,-1,-1,-1
779,190,23.38,157.83,58.94,138.28,0.8344,-1,-1,-1
779,179,106.29,168.46,29.68,102.14,0.7605,-1,-1,-1
779,163,349.63,98.17,87.98,268.05,0.6222,-1,-1,-1
779,143,234.13,106.77,93.91,278.94,0.8142,-1,-1,-1
779,139,416.01,26.28,145.76,451.75,0.8537,-1,-1,-1
780,197,72.86,160.46,29.56,111.95,0.6270,-1,-1,-1
780,196,212.17,135.73,47.15,188.87,0.7478,-1,-1,-1
780,194,494.05,1.15,145.58,478.85,0.8530,-1,-1,-1
780,192,131.52,130.09,67.42,185.77,0.8557,-1,-1,-1
780,191,108.35,166.59,31.37,105.22,0.7850,-1,-1,-1
780,190,19.25,156.60,62.26,139.55,0.7969,-1,-1,-1
780,163,351.38,95.48,86.06,286.16,0.5688,-1,-1,-1
780,143,236.35,107.20,93.22,273.58,0.8388,-1,-1,-1
780,139,419.50,20.61,119.67,451.61,0.7415,-1,-1,-1
781,197,69.04,159.94,42.84,113.33,0.6693,-1,-1,-1
781,196,210.46,129.62,48.28,200.54,0.7601,-1,-1,-1
781,194,466.21,1.62,173.37,476.58,0.8816,-1,-1,-1
781,192,126.58,125.66,70.00,198.14,0.8483,-1,-1,-1
781,191,110.38,165.15,24.76,103.85,0.6567,-1,-1,-1
781,190,17.73,153.61,60.03,142.04,0.7576,-1,-1,-1
781,163,353.97,95.49,78.63,194.06,0.4015,-1,-1,-1
781,143,238.68,102.77,93.60,268.03,0.8507,-1,-1,-1
781,139,388.57,16.56,135.96,454.36,0.7431,-1,-1,-1
782,197,71.59,160.11,46.17,113.95,0.7200,-1,-1,-1
782,196,200.77,125.63,59.26,207.04,0.8035,-1,-1,-1
782,194,450.34,1.93,189.23,478.07,0.8590,-1,-1,-1
782,192,114.25,125.83,80.77,201.19,0.8544,-1,-1,-1
782,191,110.89,168.50,23.24,101.29,0.3550,-1,-1,-1
782,190,13.12,152.04,57.46,144.70,0.8251,-1,-1,-1
782,143,244.49,102.88,88.22,264.13,0.8662,-1,-1,-1
782,139,392.28,26.57,109.60,435.86,0.6728,-1,-1,-1
783,197,75.19,161.35,45.31,114.03,0.7134,-1,-1,-1
783,196,199.88,121.90,59.67,212.49,0.8242,-1,-1,-1
783,194,452.45,1.57,187.14,478.16,0.7671,-1,-1,-1
783,192,110.11,125.24,82.60,210.52,0.8766,-1,-1,-1
783,190,9.65,150.87,51.29,146.04,0.7799,-1,-1,-1
783,163,347.47,141.07,79.95,295.94,0.4370,-1,-1,-1
783,143,252.41,103.58,79.81,257.19,0.8780,-1,-1,-1
783,139,390.79,28.96,111.88,443.03,0.6800,-1,-1,-1
784,197,77.85,158.42,38.72,119.88,0.6723,-1,-1,-1
784,196,194.60,120.61,67.17,219.53,0.8474,-1,-1,-1
784,194,457.06,1.10,182.30,477.83,0.8212,-1,-1,-1
784,192,107.49,123.12,77.93,220.02,0.8514,-1,-1,-1
784,190,8.55,152.98,48.64,148.52,0.7229,-1,-1,-1
784,143,257.74,107.52,76.82,256.54,0.8734,-1,-1,-1
784,139,355.24,33.54,132.08,416.55,0.7993,-1,-1,-1
785,196,180.80,115.43,78.50,230.91,0.8658,-1,-1,-1
785,194,465.16,1.42,174.32,441.35,0.6822,-1,-1,-1
785,192,90.65,116.00,86.25,232.11,0.8835,-1,-1,-1
785,190,0.38,156.78,39.18,145.57,0.6694,-1,-1,-1
785,188,27.59,166.49,26.68,104.41,0.3077,-1,-1,-1
785,143,256.40,109.68,71.68,257.92,0.8593,-1,-1,-1
785,139,353.34,32.83,135.61,444.63,0.8156,-1,-1,-1
786,196,162.47,113.80,85.01,242.22,0.8596,-1,-1,-1
786,194,480.87,1.07,158.75,445.72,0.6974,-1,-1,-1
786,192,65.65,109.01,99.44,240.27,0.8669,-1,-1,-1
786,190,0.20,157.85,24.52,145.24,0.5808,-1,-1,-1
786,188,12.63,169.60,34.26,102.92,0.4373,-1,-1,-1
786,187,50.67,172.42,26.90,101.10,0.3666,-1,-1,-1
786,143,252.19,117.84,73.92,249.74,0.8585,-1,-1,-1
786,139,347.15,34.77,134.52,419.55,0.5777,-1,-1,-1
787,196,152.23,112.51,92.09,249.10,0.8751,-1,-1,-1
787,194,494.90,0.62,144.70,476.80,0.6917,-1,-1,-1
787,192,54.00,105.40,102.16,247.74,0.8494,-1,-1,-1
787,190,0.14,160.15,19.19,143.00,0.4147,-1,-1,-1
787,188,10.33,170.06,30.48,104.42,0.3968,-1,-1,-1
787,143,254.24,120.33,70.47,247.65,0.8670,-1,-1,-1
787,139,340.85,33.75,162.84,421.57,0.7764,-1,-1,-1
788,199,455.00,27.24,78.80,421.80,0.5085,-1,-1,-1
788,196,138.50,106.13,97.79,272.75,0.8488,-1,-1,-1
788,194,502.44,0.39,137.18,476.86,0.7232,-1,-1,-1
788,192,37.89,99.99,108.96,267.47,0.8610,-1,-1,-1
788,188,0.16,169.02,37.88,108.60,0.4610,-1,-1,-1
788,143,252.72,119.15,72.65,249.98,0.8296,-1,-1,-1
788,139,333.37,34.02,191.59,433.08,0.8443,-1,-1,-1
789,199,433.49,27.79,106.10,429.83,0.7556,-1,-1,-1
789,196,128.60,100.55,90.78,288.75,0.8426,-1,-1,-1
789,194,500.97,1.27,138.67,475.95,0.8183,-1,-1,-1
789,192,15.57,97.89,117.60,278.77,0.8860,-1,-1,-1
789,143,249.68,117.40,72.10,239.62,0.8372,-1,-1,-1
789,139,324.10,45.72,115.85,430.85,0.6932,-1,-1,-1
790,199,434.50,37.30,102.95,426.54,0.7759,-1,-1,-1
790,196,120.02,94.25,84.77,306.36,0.8756,-1,-1,-1
790,194,497.49,1.66,142.06,436.00,0.7150,-1,-1,-1
790,192,2.83,97.22,112.22,299.96,0.8843,-1,-1,-1
790,143,241.19,121.56,79.14,233.18,0.8173,-1,-1,-1
790,139,316.94,48.82,171.01,431.18,0.8289,-1,-1,-1
791,199,430.92,43.34,104.29,427.97,0.7952,-1,-1,-1
791,196,104.24,85.75,91.20,318.53,0.8661,-1,-1,-1
791,194,490.21,0.68,149.39,478.51,0.8342,-1,-1,-1
791,192,0.00,90.36,111.99,325.06,0.8881,-1,-1,-1
791,143,232.46,123.81,83.57,228.57,0.8097,-1,-1,-1
791,139,310.77,56.85,146.39,421.49,0.8427,-1,-1,-1
792,201,193.53,194.07,29.86,89.31,0.6557,-1,-1,-1
792,199,418.76,49.73,115.30,423.26,0.8231,-1,-1,-1
792,196,77.87,80.26,106.44,338.94,0.8886,-1,-1,-1
792,194,492.98,4.33,146.76,472.94,0.7424,-1,-1,-1
792,192,0.33,81.62,89.38,341.07,0.8758,-1,-1,-1
792,143,227.12,130.01,84.26,240.54,0.7872,-1,-1,-1
792,139,307.98,62.66,151.96,414.95,0.7625,-1,-1,-1
793,201,186.28,192.80,29.32,87.11,0.4397,-1,-1,-1
793,199,415.86,43.02,120.01,396.91,0.8426,-1,-1,-1
793,196,16.33,67.38,152.52,374.58,0.8861,-1,-1,-1
793,194,506.01,1.91,133.68,477.09,0.8545,-1,-1,-1
793,192,0.11,62.81,74.42,359.51,0.8355,-1,-1,-1
793,143,218.26,129.50,90.44,242.93,0.7211,-1,-1,-1
793,139,301.34,59.80,186.17,392.27,0.6977,-1,-1,-1
794,201,180.73,179.48,31.71,91.99,0.5682,-1,-1,-1
794,199,405.47,30.12,133.68,411.35,0.8678,-1,-1,-1
794,196,0.40,48.23,153.03,395.26,0.8853,-1,-1,-1
794,194,518.53,2.09,121.12,476.86,0.8626,-1,-1,-1
794,192,0.03,73.65,57.07,348.97,0.7251,-1,-1,-1
794,143,219.48,123.75,83.22,235.09,0.7995,-1,-1,-1
794,139,296.51,51.52,128.50,384.12,0.6653,-1,-1,-1
795,201,171.84,180.86,45.30,94.99,0.6757,-1,-1,-1
795,199,401.93,32.35,131.22,404.98,0.8396,-1,-1,-1
795,196,0.00,31.99,125.12,443.10,0.8588,-1,-1,-1
795,194,517.19,0.78,122.65,476.43,0.7896,-1,-1,-1
795,143,219.37,126.06,77.48,211.36,0.7972,-1,-1,-1
795,139,294.04,60.13,132.60,388.92,0.8353,-1,-1,-1
796,204,123.04,176.48,39.04,99.66,0.7286,-1,-1,-1
796,201,173.49,184.93,41.11,95.31,0.3719,-1,-1,-1
796,199,409.27,40.47,123.50,406.17,0.8703,-1,-1,-1
796,196,0.15,20.63,110.92,440.94,0.6840,-1,-1,-1
796,194,525.61,0.78,114.24,476.05,0.7073,-1,-1,-1
796,143,218.66,128.90,79.16,220.06,0.8279,-1,-1,-1
796,139,292.57,67.61,172.44,390.71,0.6594,-1,-1,-1
797,204,111.56,170.58,46.20,101.29,0.7067,-1,-1,-1
797,201,170.01,181.41,25.40,95.96,0.6548,-1,-1,-1
797,199,402.95,36.19,126.09,410.88,0.8408,-1,-1,-1
797,196,0.16,0.47,83.83,437.69,0.4560,-1,-1,-1
797,194,541.75,1.82,97.97,474.20,0.7932,-1,-1,-1
797,179,74.58,162.08,27.16,118.67,0.5695,-1,-1,-1
797,143,227.48,120.58,67.54,223.75,0.8223,-1,-1,-1
797,139,285.53,63.66,127.08,395.88,0.6531,-1,-1,-1
798,204,110.11,171.67,45.40,103.46,0.7267,-1,-1,-1
798,201,165.41,180.98,30.91,97.96,0.5264,-1,-1,-1
798,199,406.08,38.16,121.24,415.84,0.8135,-1,-1,-1
798,196,0.18,9.67,57.61,300.33,0.5533,-1,-1,-1
798,194,512.18,0.54,127.50,477.34,0.8714,-1,-1,-1
798,179,69.21,160.04,34.35,121.77,0.7031,-1,-1,-1
798,143,228.99,120.51,64.89,227.45,0.8255,-1,-1,-1
798,139,280.77,65.49,135.38,399.12,0.5834,-1,-1,-1
799,206,211.62,187.31,25.16,79.67,0.4529,-1,-1,-1
799,204,107.37,169.43,46.97,106.96,0.7091,-1,-1,-1
799,201,164.05,179.43,36.56,100.86,0.5621,-1,-1,-1
799,199,382.47,39.41,140.65,372.00,0.7048,-1,-1,-1
799,194,477.45,1.54,162.17,474.39,0.8824,-1,-1,-1
799,187,30.20,152.68,40.98,110.72,0.4342,-1,-1,-1
799,179,67.49,159.43,35.18,123.84,0.7399,-1,-1,-1
799,143,229.92,122.40,62.25,226.19,0.7990,-1,-1,-1
799,139,282.94,64.57,134.83,399.83,0.5660,-1,-1,-1
800,206,207.97,181.88,25.36,80.71,0.6076,-1,-1,-1
800,204,98.18,163.04,47.78,109.86,0.7175,-1,-1,-1
800,201,157.26,173.84,43.54,103.73,0.7337,-1,-1,-1
800,199,406.67,31.27,106.73,387.15,0.8384,-1,-1,-1
800,194,454.84,1.58,184.87,474.57,0.8550,-1,-1,-1
800,187,24.60,147.01,42.41,90.68,0.4870,-1,-1,-1
800,179,61.90,155.39,35.94,124.16,0.7691,-1,-1,-1
800,143,227.33,123.44,59.72,221.09,0.8195,-1,-1,-1
800,139,275.50,55.72,181.39,363.42,0.7999,-1,-1,-1
801,206,201.85,188.20,31.13,79.08,0.3896,-1,-1,-1
801,204,95.85,165.91,28.92,111.58,0.6881,-1,-1,-1
801,201,156.07,177.76,37.70,103.59,0.6911,-1,-1,-1
801,199,402.75,33.20,104.99,409.58,0.7886,-1,-1,-1
801,194,446.96,1.30,192.62,477.48,0.5280,-1,-1,-1
801,187,22.17,149.71,34.68,95.36,0.4141,-1,-1,-1
801,179,58.84,159.11,34.54,125.05,0.7559,-1,-1,-1
801,143,228.09,129.63,56.09,225.35,0.8158,-1,-1,-1
801,139,276.14,56.72,189.07,385.19,0.7668,-1,-1,-1
802,206,201.13,187.34,31.03,83.40,0.6412,-1,-1,-1
802,204,89.74,163.56,30.19,116.57,0.6543,-1,-1,-1
802,201,156.01,176.37,45.43,107.97,0.6897,-1,-1,-1
802,199,401.58,31.89,105.02,404.41,0.7723,-1,-1,-1
802,194,455.54,1.62,184.26,474.32,0.6794,-1,-1,-1
802,187,21.97,154.93,30.35,91.76,0.5381,-1,-1,-1
802,179,58.02,159.24,35.24,125.62,0.7424,-1,-1,-1
802,143,229.85,131.76,56.12,214.84,0.7732,-1,-1,-1
802,139,275.24,57.19,125.54,380.04,0.6436,-1,-1,-1
803,206,200.62,189.14,31.37,83.11,0.7222,-1,-1,-1
803,204,89.58,165.79,28.41,111.16,0.5836,-1,-1,-1
803,201,157.01,178.82,38.37,108.77,0.6216,-1,-1,-1
803,199,399.77,33.95,107.19,402.41,0.7494,-1,-1,-1
803,194,461.38,1.54,178.44,478.46,0.6628,-1,-1,-1
803,179,57.84,159.71,38.40,128.12,0.7007,-1,-1,-1
803,143,232.55,131.31,51.30,191.06,0.8262,-1,-1,-1
803,139,276.32,58.98,122.00,384.61,0.5340,-1,-1,-1
804,206,205.46,189.91,28.49,84.93,0.5806,-1,-1,-1
804,204,91.97,167.38,28.31,116.44,0.4929,-1,-1,-1
804,201,161.37,181.95,34.64,109.70,0.5430,-1,-1,-1
804,199,411.84,33.23,128.89,412.59,0.7167,-1,-1,-1
804,194,478.36,1.35,161.47,478.65,0.7693,-1,-1,-1
804,187,25.14,149.03,42.28,121.37,0.4969,-1,-1,-1
804,179,61.98,162.29,38.48,128.77,0.7041,-1,-1,-1
804,143,234.47,132.89,58.83,203.27,0.7565,-1,-1,-1
804,139,282.66,63.07,194.53,390.21,0.8301,-1,-1,-1
805,204,66.92,158.23,54.45,130.16,0.4994,-1,-1,-1
805,201,163.14,177.46,33.92,112.35,0.5987,-1,-1,-1
805,200,208.23,185.51,31.23,87.12,0.7205,-1,-1,-1
805,199,420.59,32.83,114.35,423.83,0.8362,-1,-1,-1
805,194,494.17,0.28,145.66,435.74,0.6381,-1,-1,-1
805,187,28.03,144.55,39.91,133.95,0.4514,-1,-1,-1
805,143,238.25,129.19,63.29,206.04,0.7943,-1,-1,-1
805,139,290.52,59.40,203.42,404.57,0.7453,-1,-1,-1
806,204,70.74,159.23,54.56,130.49,0.7622,-1,-1,-1
806,201,167.94,176.05,37.70,115.12,0.4665,-1,-1,-1
806,200,214.79,185.77,29.10,88.93,0.7032,-1,-1,-1
806,199,429.10,36.08,124.49,429.57,0.8650,-1,-1,-1
806,194,516.92,0.71,122.91,272.52,0.5462,-1,-1,-1
806,187,27.32,145.88,51.23,152.34,0.6766,-1,-1,-1
806,143,240.85,129.85,72.16,207.04,0.8301,-1,-1,-1
806,139,298.61,62.55,214.93,409.56,0.7820,-1,-1,-1
807,204,75.80,156.99,52.26,131.67,0.7757,-1,-1,-1
807,201,172.68,174.71,44.17,118.39,0.7468,-1,-1,-1
807,200,218.22,187.06,29.20,88.58,0.6867,-1,-1,-1
807,199,440.48,39.42,127.24,424.47,0.7900,-1,-1,-1
807,194,540.52,30.31,99.35,267.03,0.5782,-1,-1,-1
807,187,32.50,144.08,49.08,151.16,0.6956,-1,-1,-1
807,143,244.14,131.58,77.96,200.14,0.8393,-1,-1,-1
807,139,309.53,58.82,216.29,409.80,0.6332,-1,-1,-1
808,204,79.40,154.24,48.83,131.90,0.7697,-1,-1,-1
808,201,177.39,170.77,48.01,120.05,0.7063,-1,-1,-1
808,200,222.36,183.79,27.60,91.00,0.7181,-1,-1,-1
808,199,450.58,35.20,130.52,422.26,0.8551,-1,-1,-1
808,194,567.34,88.58,72.54,197.31,0.8133,-1,-1,-1
808,187,42.78,140.47,41.15,154.32,0.6286,-1,-1,-1
808,143,253.62,131.31,74.99,192.90,0.8166,-1,-1,-1
808,139,323.01,53.04,212.05,408.64,0.8348,-1,-1,-1
809,204,91.57,157.41,37.65,131.24,0.7445,-1,-1,-1
809,201,185.78,172.34,49.87,124.11,0.8301,-1,-1,-1
809,200,233.37,186.21,28.91,91.25,0.7444,-1,-1,-1
809,199,468.54,31.87,142.64,419.85,0.8561,-1,-1,-1
809,187,56.81,143.70,36.90,149.82,0.6199,-1,-1,-1
809,143,264.18,136.42,75.90,198.47,0.8219,-1,-1,-1
809,139,336.31,50.12,220.88,394.20,0.5775,-1,-1,-1
810,204,97.69,158.03,36.50,136.40,0.7165,-1,-1,-1
810,201,190.49,174.44,51.62,126.68,0.7032,-1,-1,-1
810,200,238.67,188.48,28.82,91.83,0.7076,-1,-1,-1
810,199,471.72,30.64,151.00,412.99,0.8274,-1,-1,-1
810,187,64.46,145.83,38.98,156.40,0.7108,-1,-1,-1
810,143,277.33,138.36,70.22,202.82,0.8346,-1,-1,-1
810,139,342.05,49.79,158.38,396.07,0.6032,-1,-1,-1
811,207,268.81,191.80,21.26,85.24,0.7301,-1,-1,-1
811,204,100.06,152.76,38.20,139.30,0.5742,-1,-1,-1
811,201,189.37,171.42,52.92,129.49,0.7865,-1,-1,-1
811,200,242.03,184.08,30.23,93.46,0.7311,-1,-1,-1
811,199,487.39,23.62,144.96,427.37,0.8637,-1,-1,-1
811,187,66.29,147.58,42.25,150.29,0.4998,-1,-1,-1
811,143,286.38,132.62,66.39,214.99,0.8327,-1,-1,-1
811,139,358.13,44.29,116.63,406.82,0.6246,-1,-1,-1
812,207,270.19,191.96,24.38,86.93,0.6399,-1,-1,-1
812,204,101.30,150.33,39.60,143.58,0.7203,-1,-1,-1
812,201,190.34,171.36,54.77,133.17,0.8086,-1,-1,-1
812,200,242.61,180.99,32.89,98.06,0.6974,-1,-1,-1
812,199,491.01,24.90,147.96,435.06,0.8061,-1,-1,-1
812,187,67.69,145.88,40.81,157.13,0.6799,-1,-1,-1
812,143,293.36,129.83,64.63,209.44,0.8549,-1,-1,-1
812,139,371.05,42.75,138.06,419.74,0.5675,-1,-1,-1
813,207,264.46,195.53,30.26,86.09,0.6113,-1,-1,-1
813,204,101.19,152.82,42.06,143.30,0.6553,-1,-1,-1
813,201,187.11,168.69,57.96,136.90,0.8113,-1,-1,-1
813,200,240.72,180.01,35.86,101.86,0.6363,-1,-1,-1
813,199,505.11,30.22,134.41,441.20,0.8334,-1,-1,-1
813,187,51.89,145.38,54.14,154.05,0.6671,-1,-1,-1
813,143,298.24,130.65,60.78,210.65,0.8460,-1,-1,-1
813,139,376.12,40.48,138.27,431.17,0.8389,-1,-1,-1
814,207,269.44,194.89,26.78,85.73,0.6238,-1,-1,-1
814,204,103.44,149.05,38.22,145.44,0.7006,-1,-1,-1
814,201,186.11,162.37,59.67,142.67,0.8207,-1,-1,-1
814,200,237.75,177.03,39.53,104.53,0.7300,-1,-1,-1
814,199,510.71,30.74,129.28,442.60,0.8385,-1,-1,-1
814,187,48.49,138.89,58.34,160.70,0.7064,-1,-1,-1
814,143,302.07,129.97,63.07,210.64,0.8487,-1,-1,-1
814,139,365.50,34.88,157.35,445.12,0.5978,-1,-1,-1
815,207,270.29,194.21,26.47,89.08,0.6751,-1,-1,-1
815,204,100.74,148.23,41.73,149.82,0.6536,-1,-1,-1
815,201,183.34,161.81,61.72,146.24,0.7415,-1,-1,-1
815,200,240.29,179.05,35.72,105.48,0.6982,-1,-1,-1
815,199,516.51,30.67,123.45,442.65,0.8576,-1,-1,-1
815,187,49.04,142.43,55.84,161.35,0.6798,-1,-1,-1
815,143,305.96,134.14,62.62,211.64,0.8165,-1,-1,-1
815,139,377.18,25.20,220.73,454.80,0.6128,-1,-1,-1
816,207,269.46,191.52,25.65,90.84,0.6538,-1,-1,-1
816,204,99.73,149.19,41.50,147.26,0.6951,-1,-1,-1
816,201,175.91,159.07,65.18,150.07,0.7009,-1,-1,-1
816,200,237.30,174.95,35.85,110.00,0.7415,-1,-1,-1
816,199,519.42,26.73,120.56,425.80,0.8744,-1,-1,-1
816,198,60.06,138.86,45.78,160.10,0.5148,-1,-1,-1
816,187,43.81,170.06,28.17,130.11,0.3199,-1,-1,-1
816,143,311.36,136.03,56.93,210.45,0.7723,-1,-1,-1
816,139,383.09,25.13,130.57,454.02,0.6097,-1,-1,-1
817,207,268.79,192.03,23.57,87.25,0.6621,-1,-1,-1
817,204,98.18,147.61,39.36,148.11,0.7006,-1,-1,-1
817,201,168.61,156.84,69.26,154.31,0.7468,-1,-1,-1
817,200,235.93,173.33,35.70,109.89,0.6609,-1,-1,-1
817,199,521.94,22.24,118.03,432.88,0.8915,-1,-1,-1
817,198,59.70,135.92,46.59,168.61,0.4929,-1,-1,-1
817,187,30.09,145.34,37.62,155.05,0.4433,-1,-1,-1
817,143,312.97,134.54,60.52,210.27,0.8088,-1,-1,-1
817,139,382.46,5.90,165.34,455.93,0.7704,-1,-1,-1
818,208,288.13,177.73,30.01,92.16,0.7279,-1,-1,-1
818,207,266.52,187.29,26.80,95.74,0.6996,-1,-1,-1
818,204,96.27,145.83,39.16,151.11,0.7057,-1,-1,-1
818,201,172.54,156.95,65.33,161.44,0.7518,-1,-1,-1
818,200,231.05,168.92,38.52,115.44,0.7656,-1,-1,-1
818,199,527.96,11.58,111.90,442.78,0.8194,-1,-1,-1
818,198,56.71,133.64,48.89,172.38,0.3481,-1,-1,-1
818,187,13.04,135.70,55.01,168.12,0.6367,-1,-1,-1
818,143,317.57,132.03,61.48,210.26,0.8178,-1,-1,-1
818,139,387.82,9.07,146.96,457.79,0.7855,-1,-1,-1
819,208,288.84,179.02,29.08,92.22,0.6382,-1,-1,-1
819,207,265.53,188.54,28.08,97.95,0.6750,-1,-1,-1
819,204,93.70,145.97,40.12,153.71,0.7342,-1,-1,-1
819,201,167.59,157.92,69.23,164.32,0.7694,-1,-1,-1
819,200,228.28,167.94,39.80,118.70,0.7897,-1,-1,-1
819,199,538.01,9.47,101.95,452.72,0.8776,-1,-1,-1
819,198,54.43,133.16,44.89,114.54,0.3446,-1,-1,-1
819,187,0.40,138.46,60.33,168.13,0.7191,-1,-1,-1
819,143,318.56,129.86,61.83,205.64,0.8328,-1,-1,-1
819,139,407.25,7.85,137.05,460.63,0.8688,-1,-1,-1
820,208,282.77,182.86,30.21,91.97,0.6392,-1,-1,-1
820,207,260.41,190.27,28.70,101.52,0.7277,-1,-1,-1
820,204,82.95,146.69,43.52,159.27,0.7492,-1,-1,-1
820,201,150.58,154.60,78.82,174.36,0.7142,-1,-1,-1
820,200,221.46,170.92,41.92,123.09,0.7660,-1,-1,-1
820,199,548.63,11.51,91.23,468.49,0.8740,-1,-1,-1
820,198,44.28,134.55,42.13,118.47,0.4479,-1,-1,-1
820,187,0.18,143.90,48.87,166.39,0.7159,-1,-1,-1
820,143,312.94,131.18,66.79,207.43,0.8128,-1,-1,-1
820,139,411.68,9.25,160.76,470.20,0.8325,-1,-1,-1
821,208,277.82,177.26,31.02,95.95,0.6406,-1,-1,-1
821,207,253.50,187.32,28.43,103.50,0.6724,-1,-1,-1
821,204,75.53,143.05,45.72,157.89,0.7890,-1,-1,-1
821,201,145.16,147.87,74.92,179.80,0.7665,-1,-1,-1
821,200,214.68,166.41,42.05,125.82,0.7414,-1,-1,-1
821,199,553.39,10.95,86.48,469.05,0.8854,-1,-1,-1
821,198,34.47,128.82,50.18,186.52,0.7403,-1,-1,-1
821,187,0.11,136.81,37.38,171.71,0.7423,-1,-1,-1
821,143,308.28,128.92,68.79,205.08,0.8151,-1,-1,-1
821,139,409.34,4.81,152.49,475.19,0.8161,-1,-1,-1
822,208,270.45,177.21,33.51,97.19,0.6780,-1,-1,-1
822,207,247.58,189.17,29.28,104.79,0.7226,-1,-1,-1
822,204,65.40,141.33,46.62,162.60,0.7522,-1,-1,-1
822,201,134.16,143.91,77.54,187.90,0.8066,-1,-1,-1
822,200,207.36,166.70,43.13,128.47,0.8001,-1,-1,-1
822,199,565.30,12.40,74.70,467.60,0.8535,-1,-1,-1
822,198,23.14,122.23,44.87,118.99,0.4545,-1,-1,-1
822,143,305.49,130.72,80.22,206.55,0.8355,-1,-1,-1
822,139,417.00,5.49,154.27,474.51,0.8657,-1,-1,-1
823,209,379.02,119.38,70.17,165.31,0.4690,-1,-1,-1
823,208,272.03,175.25,34.06,105.14,0.6375,-1,-1,-1
823,207,248.22,184.28,31.32,115.46,0.7212,-1,-1,-1
823,204,64.17,142.64,46.31,166.56,0.8119,-1,-1,-1
823,201,127.56,144.49,81.30,193.00,0.8536,-1,-1,-1
823,200,205.35,168.35,45.32,133.85,0.7767,-1,-1,-1
823,199,574.56,14.60,65.28,465.40,0.7657,-1,-1,-1
823,198,19.69,128.63,48.35,122.24,0.4754,-1,-1,-1
823,143,305.47,138.02,82.52,206.76,0.8051,-1,-1,-1
823,139,431.79,3.28,149.69,470.94,0.8634,-1,-1,-1
824,209,379.59,114.31,82.20,288.67,0.6826,-1,-1,-1
824,208,264.89,174.76,34.92,102.72,0.7264,-1,-1,-1
824,207,242.54,179.12,33.16,117.58,0.7710,-1,-1,-1
824,204,57.42,141.79,45.95,167.41,0.7655,-1,-1,-1
824,201,115.54,138.39,84.30,203.68,0.8517,-1,-1,-1
824,200,197.41,163.73,44.79,139.22,0.7687,-1,-1,-1
824,199,570.77,7.55,69.04,456.79,0.7307,-1,-1,-1
824,198,10.05,125.69,54.61,195.11,0.5978,-1,-1,-1
824,143,309.12,137.19,76.05,207.20,0.7840,-1,-1,-1
824,139,445.02,1.11,162.67,478.89,0.8451,-1,-1,-1
825,209,379.58,113.01,87.36,229.04,0.6575,-1,-1,-1
825,208,262.36,173.68,34.62,105.66,0.6914,-1,-1,-1
825,207,236.66,181.24,38.14,120.38,0.7781,-1,-1,-1
825,204,49.38,138.02,48.33,172.44,0.7612,-1,-1,-1
825,201,93.06,136.44,102.54,215.16,0.8595,-1,-1,-1
825,200,188.52,158.77,48.18,144.23,0.7695,-1,-1,-1
825,199,584.76,3.48,55.10,444.52,0.3490,-1,-1,-1
825,198,1.29,120.43,46.82,125.10,0.3726,-1,-1,-1
825,143,310.46,136.30,76.34,206.36,0.7867,-1,-1,-1
825,139,454.32,0.32,182.91,479.68,0.8729,-1,-1,-1
826,210,294.69,169.71,26.24,100.51,0.4902,-1,-1,-1
826,209,380.72,106.63,87.70,262.62,0.5902,-1,-1,-1
826,208,261.07,171.19,32.87,104.23,0.6681,-1,-1,-1
826,207,231.49,174.76,38.29,126.49,0.7522,-1,-1,-1
826,204,42.85,131.26,50.13,177.77,0.7052,-1,-1,-1
826,201,83.80,129.91,109.53,226.95,0.8858,-1,-1,-1
826,200,180.67,151.73,50.41,148.52,0.8043,-1,-1,-1
826,198,0.00,112.02,49.52,206.63,0.4646,-1,-1,-1
826,143,311.51,130.19,73.07,205.11,0.8163,-1,-1,-1
826,139,465.32,0.51,174.50,479.15,0.9122,-1,-1,-1
827,210,287.25,175.24,30.07,99.71,0.5400,-1,-1,-1
827,209,373.71,112.26,93.27,269.25,0.8235,-1,-1,-1
827,208,251.57,174.34,34.09,108.41,0.6818,-1,-1,-1
827,207,218.99,180.00,40.88,131.26,0.7613,-1,-1,-1
827,204,29.96,129.99,47.64,182.06,0.6743,-1,-1,-1
827,201,67.08,123.86,100.76,242.66,0.8609,-1,-1,-1
827,200,157.16,156.24,64.10,154.87,0.8151,-1,-1,-1
827,143,310.23,131.19,68.68,203.68,0.8228,-1,-1,-1
827,139,473.06,0.80,166.84,479.20,0.8848,-1,-1,-1
828,210,286.95,175.97,29.22,100.03,0.6319,-1,-1,-1
828,209,372.60,113.78,96.41,272.04,0.7754,-1,-1,-1
828,208,248.81,173.20,36.36,110.33,0.7179,-1,-1,-1
828,207,217.45,178.03,39.54,135.31,0.7915,-1,-1,-1
828,204,25.41,130.40,59.45,184.51,0.6806,-1,-1,-1
828,201,61.81,116.16,99.21,251.95,0.8610,-1,-1,-1
828,200,151.39,153.91,67.21,158.35,0.7979,-1,-1,-1
828,198,0.00,109.55,32.89,214.97,0.4913,-1,-1,-1
828,143,312.41,131.78,66.06,204.30,0.8256,-1,-1,-1
828,139,487.02,1.13,152.92,478.27,0.9011,-1,-1,-1
829,210,288.21,172.09,33.54,101.63,0.6968,-1,-1,-1
829,209,376.93,113.29,104.22,275.77,0.7909,-1,-1,-1
829,208,245.37,168.14,41.01,116.20,0.6904,-1,-1,-1
829,207,213.13,175.14,43.39,139.15,0.7384,-1,-1,-1
829,204,22.64,127.22,52.35,187.20,0.7468,-1,-1,-1
829,201,56.92,109.79,98.48,263.96,0.8515,-1,-1,-1
829,200,152.65,149.09,59.86,169.09,0.8736,-1,-1,-1
829,143,317.46,130.67,63.33,206.53,0.8098,-1,-1,-1
829,139,507.70,0.82,132.30,479.18,0.8759,-1,-1,-1
830,210,291.88,175.59,33.06,102.24,0.7841,-1,-1,-1
830,209,380.31,119.11,102.32,272.26,0.8316,-1,-1,-1
830,208,247.01,176.15,38.29,112.72,0.6784,-1,-1,-1
830,207,209.79,176.21,44.54,146.04,0.7119,-1,-1,-1
830,201,21.44,108.60,124.19,278.94,0.8580,-1,-1,-1
830,200,150.08,151.71,59.84,174.23,0.8621,-1,-1,-1
830,198,0.08,115.83,22.53,134.78,0.3357,-1,-1,-1
830,143,320.55,139.23,62.87,203.15,0.8560,-1,-1,-1
830,139,521.18,0.00,118.62,480.00,0.8588,-1,-1,-1
831,210,286.64,174.26,36.25,101.87,0.7749,-1,-1,-1
831,209,377.82,115.64,102.85,277.37,0.8370,-1,-1,-1
831,208,242.92,170.51,35.70,119.37,0.7146,-1,-1,-1
831,207,204.85,170.49,44.80,153.54,0.7439,-1,-1,-1
831,201,8.90,104.50,125.42,293.05,0.8524,-1,-1,-1
831,200,140.44,144.45,61.86,183.15,0.8518,-1,-1,-1
831,143,320.82,139.29,59.58,206.24,0.8277,-1,-1,-1
831,139,531.36,0.19,108.41,478.04,0.8641,-1,-1,-1
832,210,279.26,166.20,37.84,104.20,0.7867,-1,-1,-1
832,209,372.25,107.95,95.57,274.20,0.8540,-1,-1,-1
832,208,229.67,162.02,44.11,125.24,0.7618,-1,-1,-1
832,207,188.84,161.33,46.42,164.91,0.7895,-1,-1,-1
832,201,0.06,86.07,112.92,327.90,0.8790,-1,-1,-1
832,200,120.51,132.04,69.39,192.49,0.8306,-1,-1,-1
832,143,312.62,133.81,63.45,205.43,0.8395,-1,-1,-1
832,139,553.11,0.76,86.74,477.57,0.8523,-1,-1,-1
833,210,273.63,166.27,39.26,104.81,0.7796,-1,-1,-1
833,209,369.32,106.63,94.75,270.35,0.8535,-1,-1,-1
833,208,226.90,162.16,41.22,127.56,0.8046,-1,-1,-1
833,207,179.44,162.02,52.14,166.70,0.8041,-1,-1,-1
833,201,0.28,81.80,102.20,322.72,0.8577,-1,-1,-1
833,200,109.81,129.82,73.17,203.45,0.8620,-1,-1,-1
833,143,312.29,133.06,63.31,206.08,0.8311,-1,-1,-1
833,139,561.11,0.77,78.83,477.36,0.8371,-1,-1,-1
834,210,271.88,167.57,38.55,103.73,0.8089,-1,-1,-1
834,209,372.48,104.10,91.34,271.66,0.8748,-1,-1,-1
834,208,224.39,158.07,43.66,133.73,0.7558,-1,-1,-1
834,207,173.50,160.14,53.43,176.64,0.8353,-1,-1,-1
834,201,0.14,78.41,84.70,321.05,0.8877,-1,-1,-1
834,200,99.59,126.69,78.88,208.96,0.8690,-1,-1,-1
834,143,313.04,128.98,66.81,200.54,0.8309,-1,-1,-1
834,139,578.22,18.77,61.63,461.23,0.4665,-1,-1,-1
835,210,273.55,167.75,39.04,101.23,0.7932,-1,-1,-1
835,209,372.48,104.40,92.67,276.14,0.8717,-1,-1,-1
835,208,220.40,158.34,47.39,136.92,0.7635,-1,-1,-1
835,207,164.11,156.08,62.00,187.74,0.8137,-1,-1,-1
835,201,0.02,108.49,67.95,295.44,0.7038,-1,-1,-1
835,200,88.20,121.72,82.91,230.16,0.8827,-1,-1,-1
835,143,312.69,126.21,68.21,201.39,0.7936,-1,-1,-1
835,139,595.14,41.62,44.71,435.34,0.3294,-1,-1,-1
836,210,272.03,167.66,41.38,99.29,0.7786,-1,-1,-1
836,209,375.07,105.44,94.15,278.26,0.8711,-1,-1,-1
836,208,221.27,153.94,51.31,141.00,0.8356,-1,-1,-1
836,207,165.19,150.51,57.32,196.82,0.8415,-1,-1,-1
836,204,0.12,107.37,52.19,216.34,0.7724,-1,-1,-1
836,200,78.63,115.47,90.03,242.81,0.8688,-1,-1,-1
836,143,318.63,124.63,69.38,196.00,0.8521,-1,-1,-1
837,210,273.94,168.21,43.95,101.19,0.8121,-1,-1,-1
837,209,380.43,110.15,95.04,278.58,0.8626,-1,-1,-1
837,208,223.73,151.11,52.36,148.59,0.8127,-1,-1,-1
837,207,161.90,145.08,57.94,208.91,0.8649,-1,-1,-1
837,204,0.14,110.54,38.05,217.74,0.6794,-1,-1,-1
837,200,72.21,111.74,93.86,254.00,0.8548,-1,-1,-1
837,143,326.74,128.52,69.87,188.10,0.8314,-1,-1,-1
